date,value
2005-04-08,34.99091145157102
2005-04-09,34.99091145157102
2005-04-10,34.99091145157102
2005-04-11,30.38171903401714
2005-04-12,23.565307712282525
2005-04-13,28.369254739028825
2005-04-14,22.604518306933265
2005-04-15,20.462217605816672
2005-04-16,20.462217605816672
2005-04-17,20.462217605816672
2005-04-18,32.34224876655414
2005-04-19,36.08153726304856
2005-04-20,40.26226954037912
2005-04-21,41.067255258374445
2005-04-22,36.847572059205405
2005-04-23,36.847572059205405
2005-04-24,36.847572059205405
2005-04-25,36.445079200207736
2005-04-26,45.44274214489743
2005-04-27,45.91015320695923
2005-04-28,49.90911451571021
2005-04-29,41.586600882887566
2005-04-30,41.586600882887566
2005-05-01,41.586600882887566
2005-05-02,41.586600882887566
2005-05-03,41.586600882887566
2005-05-04,41.586600882887566
2005-05-05,41.586600882887566
2005-05-06,41.586600882887566
2005-05-07,41.586600882887566
2005-05-08,41.586600882887566
2005-05-09,38.989872760321994
2005-05-10,39.41833290054531
2005-05-11,43.52116333419891
2005-05-12,41.45676447675928
2005-05-13,43.53414697481174
2005-05-14,43.53414697481174
2005-05-15,43.53414697481174
2005-05-16,41.4178135549208
2005-05-17,43.53414697481174
2005-05-18,45.59854583225136
2005-05-19,45.02726564528694
2005-05-20,43.53414697481174
2005-05-21,43.53414697481174
2005-05-22,43.53414697481174
2005-05-23,38.09400155803687
2005-05-24,41.33991171124383
2005-05-25,41.92417553882108
2005-05-26,39.83380940015581
2005-05-27,38.691249026226956
2005-05-28,38.691249026226956
2005-05-29,38.691249026226956
2005-05-30,40.7166969618281
2005-05-31,40.132433134250846
2005-06-01,35.873799013243314
2005-06-02,32.80965982861594
2005-06-03,31.108802908335498
2005-06-04,31.108802908335498
2005-06-05,31.108802908335498
2005-06-06,35.315502466891715
2005-06-07,35.65307712282524
2005-06-08,49.18203064139185
2005-06-09,51.10360945209037
2005-06-10,47.66294468969099
2005-06-11,47.66294468969099
2005-06-12,47.66294468969099
2005-06-13,48.10438847052714
2005-06-14,44.55985458322513
2005-06-15,39.83380940015581
2005-06-16,40.911451571020514
2005-06-17,40.366138665281746
2005-06-18,40.366138665281746
2005-06-19,40.366138665281746
2005-06-20,45.624513113477015
2005-06-21,43.3783432874578
2005-06-22,44.06647623993768
2005-06-23,41.76837185146715
2005-06-24,42.521423007011165
2005-06-25,42.521423007011165
2005-06-26,42.521423007011165
2005-06-27,46.85795897169566
2005-06-28,43.33939236561932
2005-06-29,42.72916125681641
2005-06-30,38.45754349519605
2005-07-01,18.826278888600363
2005-07-02,18.826278888600363
2005-07-03,18.826278888600363
2005-07-04,15.658270579070372
2005-07-05,13.658789924694883
2005-07-06,12.386393144637758
2005-07-07,13.178395222020253
2005-07-08,9.36120488184887
2005-07-09,9.36120488184887
2005-07-10,9.36120488184887
2005-07-11,8.16670994546871
2005-07-12,11.503505582965463
2005-07-13,10.412879771487924
2005-07-14,10.555699818229032
2005-07-15,8.88081017917424
2005-07-16,8.88081017917424
2005-07-17,8.88081017917424
2005-07-18,7.43962607115035
2005-07-19,7.907037133212152
2005-07-20,8.335497273435472
2005-07-21,8.309529992209816
2005-07-22,11.010127239678006
2005-07-23,11.010127239678006
2005-07-24,11.010127239678006
2005-07-25,10.880290833549727
2005-07-26,14.47675928330304
2005-07-27,18.462736951441183
2005-07-28,17.540898467930408
2005-07-29,16.63204362503246
2005-07-30,16.63204362503246
2005-07-31,16.63204362503246
2005-08-01,17.60581667099455
2005-08-02,22.79927291612568
2005-08-03,25.75954297585043
2005-08-04,24.30537522721371
2005-08-05,30.19994806543755
2005-08-06,30.19994806543755
2005-08-07,30.19994806543755
2005-08-08,31.368475720592055
2005-08-09,33.05634900025967
2005-08-10,35.65307712282524
2005-08-11,37.89924694884446
2005-08-12,33.44585821864451
2005-08-13,33.44585821864451
2005-08-14,33.44585821864451
2005-08-15,38.01609971435991
2005-08-16,37.82134510516749
2005-08-17,40.56089327447416
2005-08-18,30.81017917424046
2005-08-19,31.770968579589713
2005-08-20,31.770968579589713
2005-08-21,31.770968579589713
2005-08-22,33.90028564009348
2005-08-23,31.68008309529992
2005-08-24,34.64035315502467
2005-08-25,30.628408205660868
2005-08-26,32.34224876655414
2005-08-27,32.34224876655414
2005-08-28,32.34224876655414
2005-08-29,19.228771747598024
2005-08-30,19.228771747598024
2005-08-31,19.228771747598024
2005-09-01,24.863671773565308
2005-09-02,26.759283303038174
2005-09-03,26.759283303038174
2005-09-04,26.759283303038174
2005-09-05,29.498831472344843
2005-09-06,22.79927291612568
2005-09-07,28.56400934822124
2005-09-08,29.083354972734355
2005-09-09,26.62944689690989
2005-09-10,26.62944689690989
2005-09-11,26.62944689690989
2005-09-12,18.904180732277332
2005-09-13,23.850947805764736
2005-09-14,26.20098675668657
2005-09-15,27.20072708387432
2005-09-16,26.434692287717475
2005-09-17,26.434692287717475
2005-09-18,26.434692287717475
2005-09-19,29.083354972734355
2005-09-20,25.99324850688133
2005-09-21,21.994287198130355
2005-09-22,10.283043365359648
2005-09-23,13.840560893274473
2005-09-24,13.840560893274473
2005-09-25,13.840560893274473
2005-09-26,9.828615943910672
2005-09-27,7.894053492599324
2005-09-28,7.491560633601662
2005-09-29,8.76395741365879
2005-09-30,8.556219163853545
2005-10-01,8.556219163853545
2005-10-02,8.556219163853545
2005-10-03,8.556219163853545
2005-10-04,8.556219163853545
2005-10-05,8.556219163853545
2005-10-06,8.556219163853545
2005-10-07,8.556219163853545
2005-10-08,8.556219163853545
2005-10-09,8.556219163853545
2005-10-10,7.387691508699039
2005-10-11,8.997662944689692
2005-10-12,9.750714100233706
2005-10-13,8.88081017917424
2005-10-14,7.7772007270838746
2005-10-15,7.7772007270838746
2005-10-16,7.7772007270838746
2005-10-17,7.387691508699039
2005-10-18,8.244611789145678
2005-10-19,7.673331602181252
2005-10-20,7.907037133212152
2005-10-21,8.40041547649961
2005-10-22,8.40041547649961
2005-10-23,8.40041547649961
2005-10-24,9.906517787587639
2005-10-25,7.9849389768891195
2005-10-26,6.387951181511296
2005-10-27,5.907556478836666
2005-10-28,4.674110620618022
2005-10-29,4.674110620618022
2005-10-30,4.674110620618022
2005-10-31,5.725785510257076
2005-11-01,6.128278369254739
2005-11-02,7.270838743183589
2005-11-03,6.374967540898469
2005-11-04,7.02414957153986
2005-11-05,7.02414957153986
2005-11-06,7.02414957153986
2005-11-07,7.128018696442482
2005-11-08,7.309789665022072
2005-11-09,7.218904180732277
2005-11-10,5.258374448195274
2005-11-11,5.440145416774864
2005-11-12,5.440145416774864
2005-11-13,5.440145416774864
2005-11-14,5.634900025967282
2005-11-15,5.063619839002857
2005-11-16,5.634900025967282
2005-11-17,5.634900025967282
2005-11-18,7.166969618280966
2005-11-19,7.166969618280966
2005-11-20,7.166969618280966
2005-11-21,7.257855102570761
2005-11-22,5.816670994546871
2005-11-23,6.258114775383017
2005-11-24,6.712542196831992
2005-11-25,6.712542196831992
2005-11-26,6.712542196831992
2005-11-27,6.712542196831992
2005-11-28,6.1412620098675665
2005-11-29,5.440145416774864
2005-11-30,5.414178135549208
2005-12-01,4.946767073487406
2005-12-02,4.816930667359127
2005-12-03,4.816930667359127
2005-12-04,4.816930667359127
2005-12-05,3.6484030122046223
2005-12-06,3.908075824461179
2005-12-07,4.5962087769410545
2005-12-08,4.5962087769410545
2005-12-09,5.1804726045183065
2005-12-10,5.1804726045183065
2005-12-11,5.1804726045183065
2005-12-12,5.686834588418592
2005-12-13,5.634900025967282
2005-12-14,6.361983900285641
2005-12-15,6.024409244352117
2005-12-16,6.634640353155024
2005-12-17,6.634640353155024
2005-12-18,6.634640353155024
2005-12-19,6.634640353155024
2005-12-20,6.842378602960269
2005-12-21,6.271098415995844
2005-12-22,6.894313165411581
2005-12-23,7.309789665022072
2005-12-24,7.309789665022072
2005-12-25,7.309789665022072
2005-12-26,7.816151648922358
2005-12-27,7.543495196052974
2005-12-28,7.56946247727863
2005-12-29,8.40041547649961
2005-12-30,7.6863152427940795
2005-12-31,7.6863152427940795
2006-01-01,7.6863152427940795
2006-01-02,7.6863152427940795
2006-01-03,7.6863152427940795
2006-01-04,9.529992209815633
2006-01-05,11.152947286419113
2006-01-06,12.282524019735133
2006-01-07,12.282524019735133
2006-01-08,12.282524019735133
2006-01-09,14.139184627369513
2006-01-10,14.6455466112698
2006-01-11,14.139184627369513
2006-01-12,17.34614385873799
2006-01-13,17.190340171384054
2006-01-14,17.190340171384054
2006-01-15,17.190340171384054
2006-01-16,14.087250064918203
2006-01-17,14.749415736172422
2006-01-18,18.35886782653856
2006-01-19,20.11165930927032
2006-01-20,21.033497792781095
2006-01-21,21.033497792781095
2006-01-22,21.033497792781095
2006-01-23,21.13736691768372
2006-01-24,21.643728901584
2006-01-25,22.890158400415476
2006-01-26,22.890158400415476
2006-01-27,22.890158400415476
2006-01-28,22.890158400415476
2006-01-29,22.890158400415476
2006-01-30,22.890158400415476
2006-01-31,22.890158400415476
2006-02-01,22.890158400415476
2006-02-02,22.890158400415476
2006-02-03,22.890158400415476
2006-02-04,22.890158400415476
2006-02-05,22.890158400415476
2006-02-06,28.719813035575175
2006-02-07,28.057647364320953
2006-02-08,29.446896909893532
2006-02-09,24.772786289275516
2006-02-10,28.304336535964687
2006-02-11,28.304336535964687
2006-02-12,28.304336535964687
2006-02-13,27.694105427161773
2006-02-14,32.290314204102835
2006-02-15,32.58893793819787
2006-02-16,26.20098675668657
2006-02-17,23.565307712282525
2006-02-18,23.565307712282525
2006-02-19,23.565307712282525
2006-02-20,21.83848351077642
2006-02-21,26.759283303038174
2006-02-22,25.99324850688133
2006-02-23,25.62970656972215
2006-02-24,27.330563490002596
2006-02-25,27.330563490002596
2006-02-26,27.330563490002596
2006-02-27,25.75954297585043
2006-02-28,26.759283303038174
2006-03-01,28.304336535964687
2006-03-02,22.07218904180732
2006-03-03,22.383796416515192
2006-03-04,22.383796416515192
2006-03-05,22.383796416515192
2006-03-06,21.513892495455725
2006-03-07,14.554661126980006
2006-03-08,13.658789924694883
2006-03-09,12.594131394443
2006-03-10,13.178395222020253
2006-03-11,13.178395222020253
2006-03-12,13.178395222020253
2006-03-13,14.554661126980006
2006-03-14,14.749415736172422
2006-03-15,16.476239937678525
2006-03-16,15.995845235003895
2006-03-17,15.061023110880292
2006-03-18,15.061023110880292
2006-03-19,15.061023110880292
2006-03-20,30.148013502986238
2006-03-21,30.148013502986238
2006-03-22,33.27707089067775
2006-03-23,34.73123863931447
2006-03-24,22.253960010386912
2006-03-25,22.253960010386912
2006-03-26,22.253960010386912
2006-03-27,31.303557517527913
2006-03-28,24.513113477018955
2006-03-29,24.448195273954816
2006-03-30,31.27759023630226
2006-03-31,31.576213970397298
2006-04-01,31.576213970397298
2006-04-02,31.576213970397298
2006-04-03,34.99091145157102
2006-04-04,30.005193456245134
2006-04-05,31.770968579589713
2006-04-06,33.56271098415996
2006-04-07,34.99091145157102
2006-04-08,34.99091145157102
2006-04-09,34.99091145157102
2006-04-10,38.45754349519605
2006-04-11,42.6772266943651
2006-04-12,40.197351337314984
2006-04-13,41.92417553882108
2006-04-14,44.58582186445079
2006-04-15,44.58582186445079
2006-04-16,44.58582186445079
2006-04-17,44.87146195793301
2006-04-18,49.28589976629446
2006-04-19,47.7148792521423
2006-04-20,50.168787327966754
2006-04-21,52.427940794598804
2006-04-22,52.427940794598804
2006-04-23,52.427940794598804
2006-04-24,53.414697481173725
2006-04-25,55.67385094780577
2006-04-26,54.06387951181512
2006-04-27,59.244352116333424
2006-04-28,58.56920280446637
2006-04-29,58.56920280446637
2006-04-30,58.56920280446637
2006-05-01,58.56920280446637
2006-05-02,58.56920280446637
2006-05-03,58.56920280446637
2006-05-04,58.56920280446637
2006-05-05,58.56920280446637
2006-05-06,58.56920280446637
2006-05-07,58.56920280446637
2006-05-08,60.64658530251883
2006-05-09,54.752012464294985
2006-05-10,53.142041028304334
2006-05-11,52.32407166969618
2006-05-12,60.04933783432874
2006-05-13,60.04933783432874
2006-05-14,60.04933783432874
2006-05-15,64.74941573617242
2006-05-16,58.45235003895092
2006-05-17,66.32043625032459
2006-05-18,67.68371851467151
2006-05-19,67.06050376525577
2006-05-20,67.06050376525577
2006-05-21,67.06050376525577
2006-05-22,69.63126460659569
2006-05-23,59.491041287977154
2006-05-24,55.81667099454687
2006-05-25,56.80342768112179
2006-05-26,60.828356271098414
2006-05-27,60.828356271098414
2006-05-28,60.828356271098414
2006-05-29,66.03479615684238
2006-05-30,69.47546091924175
2006-05-31,68.47572059205402
2006-06-01,72.6694365099974
2006-06-02,72.35782913528953
2006-06-03,72.35782913528953
2006-06-04,72.35782913528953
2006-06-05,73.47442222799273
2006-06-06,73.20176577512333
2006-06-07,68.24201506102311
2006-06-08,71.33212152687614
2006-06-09,68.0083095299922
2006-06-10,68.0083095299922
2006-06-11,68.0083095299922
2006-06-12,71.3580888081018
2006-06-13,68.38483510776422
2006-06-14,67.1124383277071
2006-06-15,66.34640353155025
2006-06-16,65.24279407945987
2006-06-17,65.24279407945987
2006-06-18,65.24279407945987
2006-06-19,68.24201506102311
2006-06-20,68.47572059205402
2006-06-21,67.28122565567385
2006-06-22,66.34640353155025
2006-06-23,68.94313165411582
2006-06-24,68.94313165411582
2006-06-25,68.94313165411582
2006-06-26,66.22955076603479
2006-06-27,66.63204362503245
2006-06-28,66.34640353155025
2006-06-29,70.46221760581666
2006-06-30,69.95585562191638
2006-07-01,69.95585562191638
2006-07-02,69.95585562191638
2006-07-03,65.73617242274734
2006-07-04,65.24279407945987
2006-07-05,63.451051674889634
2006-07-06,68.2809659828616
2006-07-07,67.51493118670476
2006-07-08,67.51493118670476
2006-07-09,67.51493118670476
2006-07-10,67.72266943651
2006-07-11,69.35860815372631
2006-07-12,69.38457543495196
2006-07-13,56.34900025967281
2006-07-14,58.361464554661126
2006-07-15,58.361464554661126
2006-07-16,58.361464554661126
2006-07-17,60.828356271098414
2006-07-18,62.10075305115554
2006-07-19,55.67385094780577
2006-07-20,56.920280446637236
2006-07-21,57.46559335237601
2006-07-22,57.46559335237601
2006-07-23,57.46559335237601
2006-07-24,57.46559335237601
2006-07-25,60.42586341210075
2006-07-26,59.322253960010386
2006-07-27,56.72552583744482
2006-07-28,53.960010386912494
2006-07-29,53.960010386912494
2006-07-30,53.960010386912494
2006-07-31,46.935860815372635
2006-08-01,43.92365619319657
2006-08-02,42.72916125681641
2006-08-03,41.391846273695144
2006-08-04,36.00363541937159
2006-08-05,36.00363541937159
2006-08-06,36.00363541937159
2006-08-07,31.732017657751232
2006-08-08,36.26330823162815
2006-08-09,35.84783173201766
2006-08-10,38.262788886003634
2006-08-11,36.26330823162815
2006-08-12,36.26330823162815
2006-08-13,36.26330823162815
2006-08-14,29.498831472344843
2006-08-15,33.09529992209816
2006-08-16,39.49623474422228
2006-08-17,39.02882368216048
2006-08-18,38.84705271358089
2006-08-19,38.84705271358089
2006-08-20,38.84705271358089
2006-08-21,40.911451571020514
2006-08-22,40.586860555699815
2006-08-23,39.67800571280187
2006-08-24,40.47000779018437
2006-08-25,41.145157102051414
2006-08-26,41.145157102051414
2006-08-27,41.145157102051414
2006-08-28,45.7543495196053
2006-08-29,46.07894053492599
2006-08-30,45.06621656712542
2006-08-31,45.624513113477015
2006-09-01,42.32666839781875
2006-09-02,42.32666839781875
2006-09-03,42.32666839781875
2006-09-04,44.9623474422228
2006-09-05,45.702414957153984
2006-09-06,46.40353155024669
2006-09-07,43.3783432874578
2006-09-08,43.76785250584263
2006-09-09,43.76785250584263
2006-09-10,43.76785250584263
2006-09-11,44.31316541158141
2006-09-12,44.87146195793301
2006-09-13,42.755128538042065
2006-09-14,43.313425084393664
2006-09-15,45.78031680083095
2006-09-16,45.78031680083095
2006-09-17,45.78031680083095
2006-09-18,48.55881589197611
2006-09-19,48.40301220462217
2006-09-20,48.68865229810439
2006-09-21,49.18203064139185
2006-09-22,47.97455206439886
2006-09-23,47.97455206439886
2006-09-24,47.97455206439886
2006-09-25,47.805764736432096
2006-09-26,46.442482472085175
2006-09-27,47.97455206439886
2006-09-28,49.18203064139185
2006-09-29,50.61023110880291
2006-09-30,50.61023110880291
2006-10-01,50.61023110880291
2006-10-02,50.61023110880291
2006-10-03,50.61023110880291
2006-10-04,50.61023110880291
2006-10-05,50.61023110880291
2006-10-06,50.61023110880291
2006-10-07,50.61023110880291
2006-10-08,50.61023110880291
2006-10-09,54.46637237081278
2006-10-10,55.154505323292646
2006-10-11,55.011685276551546
2006-10-12,53.25889379381978
2006-10-13,58.69903921059465
2006-10-14,58.69903921059465
2006-10-15,58.69903921059465
2006-10-16,57.36172422747339
2006-10-17,56.18021293170605
2006-10-18,58.99766294468969
2006-10-19,58.99766294468969
2006-10-20,57.21890418073228
2006-10-21,57.21890418073228
2006-10-22,57.21890418073228
2006-10-23,50.40249285899766
2006-10-24,51.06465853025188
2006-10-25,49.6754089846793
2006-10-26,48.299143079719556
2006-10-27,44.443001817709685
2006-10-28,44.443001817709685
2006-10-29,44.443001817709685
2006-10-30,47.403271877434435
2006-10-31,47.403271877434435
2006-11-01,48.45494676707349
2006-11-02,53.27187743443261
2006-11-03,48.94832511036095
2006-11-04,48.94832511036095
2006-11-05,48.94832511036095
2006-11-06,49.03921059465074
2006-11-07,48.62373409504025
2006-11-08,51.869644248247205
2006-11-09,48.844455985458325
2006-11-10,49.6754089846793
2006-11-11,49.6754089846793
2006-11-12,49.6754089846793
2006-11-13,45.02726564528694
2006-11-14,47.805764736432096
2006-11-15,50.97377304596209
2006-11-16,49.311867047520124
2006-11-17,51.869644248247205
2006-11-18,51.869644248247205
2006-11-19,51.869644248247205
2006-11-20,52.38898987276032
2006-11-21,54.46637237081278
2006-11-22,57.17995325889379
2006-11-23,57.73824980524539
2006-11-24,49.14307971955336
2006-11-25,49.14307971955336
2006-11-26,49.14307971955336
2006-11-27,57.60841339911711
2006-11-28,51.93456245131135
2006-11-29,54.41443780836146
2006-11-30,58.45235003895092
2006-12-01,60.828356271098414
2006-12-02,60.828356271098414
2006-12-03,60.828356271098414
2006-12-04,60.64658530251883
2006-12-05,68.68345884185926
2006-12-06,66.82679823422487
2006-12-07,70.48818488704232
2006-12-08,68.0083095299922
2006-12-09,68.0083095299922
2006-12-10,68.0083095299922
2006-12-11,70.04674110620618
2006-12-12,69.82601921578811
2006-12-13,70.22851207478577
2006-12-14,72.00727083874318
2006-12-15,73.69514411841081
2006-12-16,73.69514411841081
2006-12-17,73.69514411841081
2006-12-18,75.68164113217347
2006-12-19,73.88989872760322
2006-12-20,75.26616463256298
2006-12-21,73.01999480654375
2006-12-22,71.81251622955077
2006-12-23,71.81251622955077
2006-12-24,71.81251622955077
2006-12-25,73.4614385873799
2006-12-26,77.42144897429239
2006-12-27,78.60296027005973
2006-12-28,77.4733835367437
2006-12-29,79.0573876915087
2006-12-30,79.0573876915087
2006-12-31,79.0573876915087
2007-01-01,79.0573876915087
2007-01-02,79.0573876915087
2007-01-03,79.0573876915087
2007-01-04,78.22643469228771
2007-01-05,80.19994806543755
2007-01-06,80.19994806543755
2007-01-07,80.19994806543755
2007-01-08,82.19942871981304
2007-01-09,82.17346143858738
2007-01-10,84.52350038950922
2007-01-11,84.51051674889639
2007-01-12,83.90028564009349
2007-01-13,83.90028564009349
2007-01-14,83.90028564009349
2007-01-15,85.36743702934302
2007-01-16,86.78265385614127
2007-01-17,86.8865229810439
2007-01-18,88.11996883926253
2007-01-19,88.7561672292911
2007-01-20,88.7561672292911
2007-01-21,88.7561672292911
2007-01-22,91.1841080238899
2007-01-23,90.74266424305375
2007-01-24,91.24902622695403
2007-01-25,89.48325110360945
2007-01-26,89.14567644767592
2007-01-27,89.14567644767592
2007-01-28,89.14567644767592
2007-01-29,91.23604258634121
2007-01-30,90.45702414957154
2007-01-31,86.97740846533368
2007-02-01,87.56167229291093
2007-02-02,86.13347182549987
2007-02-03,86.13347182549987
2007-02-04,86.13347182549987
2007-02-05,86.35419371591794
2007-02-06,87.19813035575176
2007-02-07,88.49649441703453
2007-02-08,89.54816930667359
2007-02-09,89.76889119709166
2007-02-10,89.76889119709166
2007-02-11,89.76889119709166
2007-02-12,90.97636977408466
2007-02-13,91.54764996104909
2007-02-14,92.92391586600883
2007-02-15,93.45624513113478
2007-02-16,93.85873799013244
2007-02-17,93.85873799013244
2007-02-18,93.85873799013244
2007-02-19,93.85873799013244
2007-02-20,93.85873799013244
2007-02-21,93.85873799013244
2007-02-22,93.85873799013244
2007-02-23,93.85873799013244
2007-02-24,93.85873799013244
2007-02-25,93.85873799013244
2007-02-26,94.45598545832252
2007-02-27,91.37886263308232
2007-02-28,93.48221241236043
2007-03-01,92.07997922617503
2007-03-02,92.9628667878473
2007-03-03,92.9628667878473
2007-03-04,92.9628667878473
2007-03-05,92.79407945988055
2007-03-06,93.04076863152429
2007-03-07,94.00155803687355
2007-03-08,94.23526356790444
2007-03-09,94.10542716177616
2007-03-10,94.10542716177616
2007-03-11,94.10542716177616
2007-03-12,94.2612308491301
2007-03-13,94.20929628667879
2007-03-14,94.09244352116333
2007-03-15,94.85847831732018
2007-03-16,94.33913269280706
2007-03-17,94.33913269280706
2007-03-18,94.33913269280706
2007-03-19,94.62477278628928
2007-03-20,94.78057647364321
2007-03-21,95.22202025447936
2007-03-22,95.17008569202804
2007-03-23,94.7286419111919
2007-03-24,94.7286419111919
2007-03-25,94.7286419111919
2007-03-26,95.40379122305895
2007-03-27,95.61152947286419
2007-03-28,95.3778239418333
2007-03-29,94.66372370812776
2007-03-30,94.92339652038432
2007-03-31,94.92339652038432
2007-04-01,94.92339652038432
2007-04-02,94.79356011425604
2007-04-03,95.24798753570501
2007-04-04,95.4297585042846
2007-04-05,95.62451311347702
2007-04-06,95.54661126980005
2007-04-07,95.54661126980005
2007-04-08,95.54661126980005
2007-04-09,95.9880550506362
2007-04-10,96.52038431576214
2007-04-11,96.65022072189042
2007-04-12,96.79304076863153
2007-04-13,96.71513892495456
2007-04-14,96.71513892495456
2007-04-15,96.71513892495456
2007-04-16,97.208517268242
2007-04-17,96.7800571280187
2007-04-18,96.63723708127759
2007-04-19,96.48143339392365
2007-04-20,97.14359906517788
2007-04-21,97.14359906517788
2007-04-22,97.14359906517788
2007-04-23,97.32537003375747
2007-04-24,97.41625551804725
2007-04-25,96.67618800311607
2007-04-26,96.59828615943911
2007-04-27,96.3645806284082
2007-04-28,96.3645806284082
2007-04-29,96.3645806284082
2007-04-30,96.94884445598547
2007-05-01,96.94884445598547
2007-05-02,96.94884445598547
2007-05-03,96.94884445598547
2007-05-04,96.94884445598547
2007-05-05,96.94884445598547
2007-05-06,96.94884445598547
2007-05-07,96.94884445598547
2007-05-08,97.74084653336796
2007-05-09,97.3902882368216
2007-05-10,97.72786289275513
2007-05-11,97.54609192417554
2007-05-12,97.54609192417554
2007-05-13,97.54609192417554
2007-05-14,97.59802648662685
2007-05-15,96.81900804985717
2007-05-16,97.64996104907816
2007-05-17,97.92261750194756
2007-05-18,98.03947026746299
2007-05-19,98.03947026746299
2007-05-20,98.03947026746299
2007-05-21,98.3640612827837
2007-05-22,98.5068813295248
2007-05-23,98.64970137626591
2007-05-24,98.53284861075046
2007-05-25,98.76655414178136
2007-05-26,98.76655414178136
2007-05-27,98.76655414178136
2007-05-28,99.2079979226175
2007-05-29,99.53258893793819
2007-05-30,98.28615943910673
2007-05-31,98.35107764217086
2007-06-01,97.83173201765774
2007-06-02,97.83173201765774
2007-06-03,97.83173201765774
2007-06-04,95.97507141002338
2007-06-05,96.70215528434173
2007-06-06,97.07868086211374
2007-06-07,97.71487925214231
2007-06-08,97.75383017398079
2007-06-09,97.75383017398079
2007-06-10,97.75383017398079
2007-06-11,98.22124123604259
2007-06-12,98.66268501687874
2007-06-13,98.85743962607116
2007-06-14,98.67566865749156
2007-06-15,98.55881589197611
2007-06-16,98.55881589197611
2007-06-17,98.55881589197611
2007-06-18,99.01324331342508
2007-06-19,99.24694884445599
2007-06-20,98.7405868605557
2007-06-21,98.84445598545832
2007-06-22,98.29914307971956
2007-06-23,98.29914307971956
2007-06-24,98.29914307971956
2007-06-25,97.52012464294988
2007-06-26,97.81874837704493
2007-06-27,98.16930667359128
2007-06-28,97.61101012723968
2007-06-29,96.84497533108284
2007-06-30,96.84497533108284
2007-07-01,96.84497533108284
2007-07-02,97.18254998701636
2007-07-03,97.58504284601402
2007-07-04,96.89690989353414
2007-07-05,95.80628408205662
2007-07-06,97.10464814333939
2007-07-07,97.10464814333939
2007-07-08,97.10464814333939
2007-07-09,97.44222279927291
2007-07-10,97.22150090885484
2007-07-11,96.83199169047
2007-07-12,97.46819008049857
2007-07-13,97.4811737211114
2007-07-14,97.4811737211114
2007-07-15,97.4811737211114
2007-07-16,96.66320436250324
2007-07-17,97.2474681900805
2007-07-18,97.31238639314464
2007-07-19,97.41625551804725
2007-07-20,97.64996104907816
2007-07-21,97.64996104907816
2007-07-22,97.64996104907816
2007-07-23,98.19527395481693
2007-07-24,98.1822903142041
2007-07-25,98.48091404829914
2007-07-26,98.72760321994288
2007-07-27,98.87042326668399
2007-07-28,98.87042326668399
2007-07-29,98.87042326668399
2007-07-30,99.24694884445599
2007-07-31,99.3897688911971
2007-08-01,98.54583225136328
2007-08-02,99.09114515710206
2007-08-03,99.4417034536484
2007-08-04,99.4417034536484
2007-08-05,99.4417034536484
2007-08-06,99.79226175019475
2007-08-07,99.83121267203325
2007-08-08,99.48065437548689
2007-08-09,99.68839262529214
2007-08-10,99.40275253180992
2007-08-11,99.40275253180992
2007-08-12,99.40275253180992
2007-08-13,99.32485068813295
2007-08-14,99.55855621916385
2007-08-15,99.33783432874577
2007-08-16,99.03921059465074
2007-08-17,98.61075045442742
2007-08-18,98.61075045442742
2007-08-19,98.61075045442742
2007-08-20,99.28589976629448
2007-08-21,99.29888340690731
2007-08-22,99.36380160997143
2007-08-23,99.51960529732537
2007-08-24,99.59750714100234
2007-08-25,99.59750714100234
2007-08-26,99.59750714100234
2007-08-27,99.50662165671254
2007-08-28,99.14307971955336
2007-08-29,98.67566865749156
2007-08-30,98.90937418852246
2007-08-31,98.76655414178136
2007-09-01,98.76655414178136
2007-09-02,98.76655414178136
2007-09-03,99.22098156323032
2007-09-04,99.02622695403791
2007-09-05,99.15606336016619
2007-09-06,99.31186704752012
2007-09-07,98.96130875097377
2007-09-08,98.96130875097377
2007-09-09,98.96130875097377
2007-09-10,99.27291612568165
2007-09-11,98.75357050116853
2007-09-12,99.05219423526357
2007-09-13,99.00025967281225
2007-09-14,99.16904700077902
2007-09-15,99.16904700077902
2007-09-16,99.16904700077902
2007-09-17,99.70137626590497
2007-09-18,99.67540898467931
2007-09-19,99.49363801609972
2007-09-20,99.80524539080758
2007-09-21,99.72734354713062
2007-09-22,99.72734354713062
2007-09-23,99.72734354713062
2007-09-24,99.57153985977668
2007-09-25,99.3508179693586
2007-09-26,99.37678525058426
2007-09-27,99.54557257855102
2007-09-28,99.85717995325889
2007-09-29,99.85717995325889
2007-09-30,99.85717995325889
2007-10-01,99.85717995325889
2007-10-02,99.85717995325889
2007-10-03,99.85717995325889
2007-10-04,99.85717995325889
2007-10-05,99.85717995325889
2007-10-06,99.85717995325889
2007-10-07,99.85717995325889
2007-10-08,99.7662944689691
2007-10-09,99.84419631264606
2007-10-10,99.77927810958192
2007-10-11,99.98701635938717
2007-10-12,99.63645806284082
2007-10-13,99.63645806284082
2007-10-14,99.63645806284082
2007-10-15,99.80524539080758
2007-10-16,99.71435990651779
2007-10-17,99.58452350038951
2007-10-18,99.23396520384316
2007-10-19,99.10412879771488
2007-10-20,99.10412879771488
2007-10-21,99.10412879771488
2007-10-22,98.59776681381459
2007-10-23,98.51986497013763
2007-10-24,98.33809400155803
2007-10-25,97.53310828356271
2007-10-26,97.3383536743703
2007-10-27,97.3383536743703
2007-10-28,97.3383536743703
2007-10-29,97.40327187743443
2007-10-30,96.94884445598547
2007-10-31,97.63697740846533
2007-11-01,96.84497533108284
2007-11-02,96.32562970656973
2007-11-03,96.32562970656973
2007-11-04,96.32562970656973
2007-11-05,96.45546611269799
2007-11-06,96.46844975331082
2007-11-07,96.49441703453648
2007-11-08,95.53362762918722
2007-11-09,95.32588937938198
2007-11-10,95.32588937938198
2007-11-11,95.32588937938198
2007-11-12,94.7286419111919
2007-11-13,94.71565827057907
2007-11-14,95.59854583225136
2007-11-15,95.36484030122047
2007-11-16,95.18306933264087
2007-11-17,95.18306933264087
2007-11-18,95.18306933264087
2007-11-19,95.50766034796156
2007-11-20,95.74136587899247
2007-11-21,95.52064398857439
2007-11-22,94.494936380161
2007-11-23,94.87146195793301
2007-11-24,94.87146195793301
2007-11-25,94.87146195793301
2007-11-26,94.65074006751493
2007-11-27,94.91041287977148
2007-11-28,94.59880550506362
2007-11-29,95.26097117631784
2007-11-30,94.79356011425604
2007-12-01,94.79356011425604
2007-12-02,94.79356011425604
2007-12-03,94.58582186445079
2007-12-04,94.63775642690211
2007-12-05,95.31290573876915
2007-12-06,95.44274214489744
2007-12-07,95.63749675408985
2007-12-08,95.63749675408985
2007-12-09,95.63749675408985
2007-12-10,96.28667878473124
2007-12-11,96.5463515969878
2007-12-12,96.76707348740587
2007-12-13,95.83225136328227
2007-12-14,96.01402233186185
2007-12-15,96.01402233186185
2007-12-16,96.01402233186185
2007-12-17,96.26071150350558
2007-12-18,96.05297325370033
2007-12-19,96.57231887821345
2007-12-20,96.58530251882628
2007-12-21,96.90989353414697
2007-12-22,96.90989353414697
2007-12-23,96.90989353414697
2007-12-24,97.70189561152948
2007-12-25,97.8057647364321
2007-12-26,98.00051934562451
2007-12-27,98.01350298623734
2007-12-28,97.93560114256037
2007-12-29,97.93560114256037
2007-12-30,97.93560114256037
2007-12-31,97.93560114256037
2008-01-01,97.93560114256037
2008-01-02,98.1303557517528
2008-01-03,98.14333939236562
2008-01-04,98.24720851726825
2008-01-05,98.24720851726825
2008-01-06,98.24720851726825
2008-01-07,98.39002856400934
2008-01-08,98.15632303297845
2008-01-09,98.49389768891197
2008-01-10,98.71461957933005
2008-01-11,98.9223578291353
2008-01-12,98.9223578291353
2008-01-13,98.9223578291353
2008-01-14,99.0651778758764
2008-01-15,99.07816151648923
2008-01-16,98.70163593871722
2008-01-17,98.23422487665542
2008-01-18,98.40301220462217
2008-01-19,98.40301220462217
2008-01-20,98.40301220462217
2008-01-21,97.61101012723968
2008-01-22,95.84523500389508
2008-01-23,96.59828615943911
2008-01-24,97.23448454946767
2008-01-25,97.27343547130616
2008-01-26,97.27343547130616
2008-01-27,97.27343547130616
2008-01-28,95.81926772266944
2008-01-29,96.06595689431316
2008-01-30,96.00103869124904
2008-01-31,95.49467670734873
2008-02-01,95.00129836406128
2008-02-02,95.00129836406128
2008-02-03,95.00129836406128
2008-02-04,96.09192417553882
2008-02-05,96.15684237860296
2008-02-06,96.15684237860296
2008-02-07,96.15684237860296
2008-02-08,96.15684237860296
2008-02-09,96.15684237860296
2008-02-10,96.15684237860296
2008-02-11,96.15684237860296
2008-02-12,96.15684237860296
2008-02-13,95.7543495196053
2008-02-14,96.07894053492599
2008-02-15,95.76733316021813
2008-02-16,95.76733316021813
2008-02-17,95.76733316021813
2008-02-18,96.53336795637497
2008-02-19,97.19553362762919
2008-02-20,96.6891716437289
2008-02-21,96.75408984679305
2008-02-22,96.09192417553882
2008-02-23,96.09192417553882
2008-02-24,96.09192417553882
2008-02-25,95.39080758244612
2008-02-26,95.27395481693067
2008-02-27,95.72838223837964
2008-02-28,95.71539859776681
2008-02-29,95.93612048818488
2008-03-01,95.93612048818488
2008-03-02,95.93612048818488
2008-03-03,96.59828615943911
2008-03-04,96.2736951441184
2008-03-05,96.14385873799013
2008-03-06,96.50740067514931
2008-03-07,95.85821864450791
2008-03-08,95.85821864450791
2008-03-09,95.85821864450791
2008-03-10,95.40379122305895
2008-03-11,95.48169306673591
2008-03-12,95.15710205141522
2008-03-13,94.44300181770969
2008-03-14,94.1703453648403
2008-03-15,94.1703453648403
2008-03-16,94.1703453648403
2008-03-17,92.70319397559076
2008-03-18,87.8732796676188
2008-03-19,89.70397299402752
2008-03-20,90.09348221241235
2008-03-21,92.70319397559076
2008-03-22,92.70319397559076
2008-03-23,92.70319397559076
2008-03-24,90.10646585302518
2008-03-25,89.54816930667359
2008-03-26,88.95092183848351
2008-03-27,87.1721630745261
2008-03-28,88.02908335497274
2008-03-29,88.02908335497274
2008-03-30,88.02908335497274
2008-03-31,86.2373409504025
2008-04-01,83.22513632822644
2008-04-02,79.52479875357051
2008-04-03,82.22539600103869
2008-04-04,82.22539600103869
2008-04-05,82.22539600103869
2008-04-06,82.22539600103869
2008-04-07,85.70501168527656
2008-04-08,86.83458841859257
2008-04-09,84.40664762399376
2008-04-10,85.22461698260192
2008-04-11,85.64009348221241
2008-04-12,85.64009348221241
2008-04-13,85.64009348221241
2008-04-14,80.86211373669177
2008-04-15,82.99143079719553
2008-04-16,82.5110360945209
2008-04-17,78.6419111918982
2008-04-18,76.42170864710465
2008-04-19,76.42170864710465
2008-04-20,76.42170864710465
2008-04-21,73.73409504024929
2008-04-22,71.29317060503764
2008-04-23,73.3705531030901
2008-04-24,78.18748377044923
2008-04-25,82.01765775123344
2008-04-26,82.01765775123344
2008-04-27,82.01765775123344
2008-04-28,78.71981303557517
2008-04-29,79.47286419111919
2008-04-30,83.64061282783692
2008-05-01,83.64061282783692
2008-05-02,83.64061282783692
2008-05-03,83.64061282783692
2008-05-04,83.64061282783692
2008-05-05,85.3544533887302
2008-05-06,85.09478057647364
2008-05-07,83.64061282783692
2008-05-08,85.25058426382758
2008-05-09,84.97792781095819
2008-05-10,84.97792781095819
2008-05-11,84.97792781095819
2008-05-12,85.39340431056868
2008-05-13,84.93897688911971
2008-05-14,85.30251882627888
2008-05-15,85.10776421708647
2008-05-16,85.51025707608413
2008-05-17,85.51025707608413
2008-05-18,85.51025707608413
2008-05-19,85.34146974811738
2008-05-20,81.3425084393664
2008-05-21,83.27707089067775
2008-05-22,81.97870682939497
2008-05-23,80.4076863152428
2008-05-24,80.4076863152428
2008-05-25,80.4076863152428
2008-05-26,77.42144897429239
2008-05-27,78.18748377044923
2008-05-28,81.06985198649701
2008-05-29,78.25240197351337
2008-05-30,78.94053492599325
2008-05-31,78.94053492599325
2008-06-01,78.94053492599325
2008-06-02,79.62866787847312
2008-06-03,79.47286419111919
2008-06-04,77.97974552064399
2008-06-05,77.04492339652037
2008-06-06,76.61646325629707
2008-06-07,76.61646325629707
2008-06-08,76.61646325629707
2008-06-09,76.61646325629707
2008-06-10,65.19085951700858
2008-06-11,59.244352116333424
2008-06-12,56.47883666580109
2008-06-13,48.62373409504025
2008-06-14,48.62373409504025
2008-06-15,48.62373409504025
2008-06-16,44.9623474422228
2008-06-17,35.562191638535445
2008-06-18,45.50766034796157
2008-06-19,29.252142300701117
2008-06-20,35.562191638535445
2008-06-21,35.562191638535445
2008-06-22,35.562191638535445
2008-06-23,31.68008309529992
2008-06-24,37.52272137107245
2008-06-25,46.07894053492599
2008-06-26,48.299143079719556
2008-06-27,36.847572059205405
2008-06-28,36.847572059205405
2008-06-29,36.847572059205405
2008-06-30,37.250064918203066
2008-07-01,18.904180732277332
2008-07-02,21.9683199169047
2008-07-03,31.732017657751232
2008-07-04,30.628408205660868
2008-07-05,30.628408205660868
2008-07-06,30.628408205660868
2008-07-07,40.197351337314984
2008-07-08,42.6772266943651
2008-07-09,48.16930667359127
2008-07-10,44.80654375486887
2008-07-11,43.7029343027785
2008-07-12,43.7029343027785
2008-07-13,43.7029343027785
2008-07-14,46.364580628408206
2008-07-15,40.119449493638015
2008-07-16,30.122046221760584
2008-07-17,26.071150350558298
2008-07-18,34.51051674889639
2008-07-19,34.51051674889639
2008-07-20,34.51051674889639
2008-07-21,41.33991171124383
2008-07-22,41.391846273695144
2008-07-23,39.41833290054531
2008-07-24,43.482212412360425
2008-07-25,41.00233705531031
2008-07-26,41.00233705531031
2008-07-27,41.00233705531031
2008-07-28,42.521423007011165
2008-07-29,39.05479096338613
2008-07-30,37.89924694884446
2008-07-31,31.381459361204882
2008-08-01,33.718514671513894
2008-08-02,33.718514671513894
2008-08-03,33.718514671513894
2008-08-04,26.759283303038174
2008-08-05,18.008309529992207
2008-08-06,19.15086990392106
2008-08-07,20.11165930927032
2008-08-08,9.192417553882109
2008-08-09,9.192417553882109
2008-08-10,9.192417553882109
2008-08-11,4.0119449493638015
2008-08-12,3.401713840560893
2008-08-13,3.4796156842378605
2008-08-14,4.375486886522982
2008-08-15,3.908075824461179
2008-08-16,3.908075824461179
2008-08-17,3.908075824461179
2008-08-18,1.3892495455725784
2008-08-19,1.765775123344586
2008-08-20,4.894832511036094
2008-08-21,2.934302778499091
2008-08-22,2.1552843417294207
2008-08-23,2.1552843417294207
2008-08-24,2.1552843417294207
2008-08-25,2.960270059724747
2008-08-26,2.3110880290833546
2008-08-27,2.5058426382757726
2008-08-28,1.9085951700856922
2008-08-29,3.4796156842378605
2008-08-30,3.4796156842378605
2008-08-31,3.4796156842378605
2008-09-01,2.3500389509218387
2008-09-02,2.337055310309011
2008-09-03,2.1033497792781097
2008-09-04,2.2981043884705272
2008-09-05,1.4022331861854065
2008-09-06,1.4022331861854065
2008-09-07,1.4022331861854065
2008-09-08,0.9867566865749156
2008-09-09,1.1685276551545054
2008-09-10,1.2334458582186445
2008-09-11,1.038691249026227
2008-09-12,1.0516748896390549
2008-09-13,1.0516748896390549
2008-09-14,1.0516748896390549
2008-09-15,1.0516748896390549
2008-09-16,0.9088548428979486
2008-09-17,0.7530511555440146
2008-09-18,0.5453129057387691
2008-09-19,1.2594131394443002
2008-09-20,1.2594131394443002
2008-09-21,1.2594131394443002
2008-09-22,2.4149571539859775
2008-09-23,1.2594131394443002
2008-09-24,1.4801350298623734
2008-09-25,2.1033497792781097
2008-09-26,2.5318099195014283
2008-09-27,2.5318099195014283
2008-09-28,2.5318099195014283
2008-09-29,2.5318099195014283
2008-09-30,2.5318099195014283
2008-10-01,2.5318099195014283
2008-10-02,2.5318099195014283
2008-10-03,2.5318099195014283
2008-10-04,2.5318099195014283
2008-10-05,2.5318099195014283
2008-10-06,1.5061023110880292
2008-10-07,1.363282264346923
2008-10-08,1.1685276551545054
2008-10-09,0.9607894053492599
2008-10-10,0.5712801869644248
2008-10-11,0.5712801869644248
2008-10-12,0.5712801869644248
2008-10-13,0.882887561672293
2008-10-14,0.6232147494157362
2008-10-15,0.558296546351597
2008-10-16,0.22072189041807325
2008-10-17,0.27265645286938456
2008-10-18,0.27265645286938456
2008-10-19,0.27265645286938456
2008-10-20,0.4544274214489743
2008-10-21,0.4414437808361465
2008-10-22,0.3245910153206959
2008-10-23,0.3116073747078681
2008-10-24,0.23370553103090105
2008-10-25,0.23370553103090105
2008-10-26,0.23370553103090105
2008-10-27,0.1428200467411062
2008-10-28,0.16878732796676188
2008-10-29,0.012983640612827837
2008-10-30,0.15580368735393405
2008-10-31,0.10386912490262269
2008-11-01,0.10386912490262269
2008-11-02,0.10386912490262269
2008-11-03,0.03895092183848351
2008-11-04,0.0
2008-11-05,0.09088548428979486
2008-11-06,0.025967281225655673
2008-11-07,0.051934562451311346
2008-11-08,0.051934562451311346
2008-11-09,0.051934562451311346
2008-11-10,0.19475460919241755
2008-11-11,0.16878732796676188
2008-11-12,0.20773824980524538
2008-11-13,0.3245910153206959
2008-11-14,0.6491820306413918
2008-11-15,0.6491820306413918
2008-11-16,0.6491820306413918
2008-11-17,0.9218384835107764
2008-11-18,0.3505582965463516
2008-11-19,0.8439366398338094
2008-11-20,0.8439366398338094
2008-11-21,0.7920020773824982
2008-11-22,0.7920020773824982
2008-11-23,0.7920020773824982
2008-11-24,0.3765255777720073
2008-11-25,0.36354193715917943
2008-11-26,0.3765255777720073
2008-11-27,0.5323292651259413
2008-11-28,0.40249285899766296
2008-11-29,0.40249285899766296
2008-11-30,0.40249285899766296
2008-12-01,0.636198390028564
2008-12-02,0.7660347961568423
2008-12-03,1.1555440145416773
2008-12-04,1.2074785769929888
2008-12-05,1.3243313425084395
2008-12-06,1.3243313425084395
2008-12-07,1.3243313425084395
2008-12-08,2.2461698260192158
2008-12-09,1.7398078421189302
2008-12-10,2.142300701116593
2008-12-11,1.5320695923136847
2008-12-12,1.103609452090366
2008-12-13,1.103609452090366
2008-12-14,1.103609452090366
2008-12-15,1.2204622176058166
2008-12-16,1.2464294988314724
2008-12-17,1.3762659049597508
2008-12-18,1.752791482731758
2008-12-19,1.7917424045702415
2008-12-20,1.7917424045702415
2008-12-21,1.7917424045702415
2008-12-22,1.7268242015061022
2008-12-23,0.9348221241236042
2008-12-24,0.8309529992209815
2008-12-25,0.7790184367696702
2008-12-26,0.6881329524798754
2008-12-27,0.6881329524798754
2008-12-28,0.6881329524798754
2008-12-29,0.7270838743183589
2008-12-30,0.6102311088029083
2008-12-31,0.4674110620618021
2009-01-01,0.4674110620618021
2009-01-02,0.4674110620618021
2009-01-03,0.4674110620618021
2009-01-04,0.4674110620618021
2009-01-05,0.7400675149311867
2009-01-06,0.9478057647364322
2009-01-07,0.9737730459620878
2009-01-08,0.8699039210594651
2009-01-09,0.9867566865749156
2009-01-10,0.9867566865749156
2009-01-11,0.9867566865749156
2009-01-12,1.1425603739288497
2009-01-13,0.8958712022851207
2009-01-14,1.1944949363801611
2009-01-15,1.2594131394443002
2009-01-16,1.4411841080238899
2009-01-17,1.4411841080238899
2009-01-18,1.4411841080238899
2009-01-19,1.4931186704752013
2009-01-20,1.6878732796676188
2009-01-21,1.6878732796676188
2009-01-22,1.9345624513113477
2009-01-23,1.5450532329265128
2009-01-24,1.5450532329265128
2009-01-25,1.5450532329265128
2009-01-26,1.5450532329265128
2009-01-27,1.5450532329265128
2009-01-28,1.5450532329265128
2009-01-29,1.5450532329265128
2009-01-30,1.5450532329265128
2009-01-31,1.5450532329265128
2009-02-01,1.5450532329265128
2009-02-02,2.1033497792781097
2009-02-03,2.960270059724747
2009-02-04,3.96001038691249
2009-02-05,3.323811996883926
2009-02-06,5.816670994546871
2009-02-07,5.816670994546871
2009-02-08,5.816670994546871
2009-02-09,8.40041547649961
2009-02-10,10.490781615164892
2009-02-11,10.958192677226695
2009-02-12,12.723967800571282
2009-02-13,19.774084653336796
2009-02-14,19.774084653336796
2009-02-15,19.774084653336796
2009-02-16,24.64294988314723
2009-02-17,16.87873279667619
2009-02-18,10.542716177616205
2009-02-19,13.697740846533367
2009-02-20,21.448974292391586
2009-02-21,21.448974292391586
2009-02-22,21.448974292391586
2009-02-23,30.19994806543755
2009-02-24,19.31965723188782
2009-02-25,18.462736951441183
2009-02-26,9.893534146974812
2009-02-27,6.907296806024409
2009-02-28,6.907296806024409
2009-03-01,6.907296806024409
2009-03-02,8.854842897948584
2009-03-03,11.76317839522202
2009-03-04,24.513113477018955
2009-03-05,26.071150350558298
2009-03-06,30.19994806543755
2009-03-07,30.19994806543755
2009-03-08,30.19994806543755
2009-03-09,19.31965723188782
2009-03-10,32.80965982861594
2009-03-11,32.121526876136066
2009-03-12,33.874318358867825
2009-03-13,31.381459361204882
2009-03-14,31.381459361204882
2009-03-15,31.381459361204882
2009-03-16,34.73123863931447
2009-03-17,42.054011944949366
2009-03-18,44.14437808361464
2009-03-19,48.62373409504025
2009-03-20,49.93508179693586
2009-03-21,49.93508179693586
2009-03-22,49.93508179693586
2009-03-23,53.817190340171386
2009-03-24,55.011685276551546
2009-03-25,51.37626590495975
2009-03-26,59.78966502207219
2009-03-27,64.74941573617242
2009-03-28,64.74941573617242
2009-03-29,64.74941573617242
2009-03-30,71.0854323552324
2009-03-31,72.9031420410283
2009-04-01,75.24019735133732
2009-04-02,72.9031420410283
2009-04-03,72.35782913528953
2009-04-04,72.35782913528953
2009-04-05,72.35782913528953
2009-04-06,72.35782913528953
2009-04-07,71.43599065177875
2009-04-08,66.22955076603479
2009-04-09,70.73487405868606
2009-04-10,74.9545572578551
2009-04-11,74.9545572578551
2009-04-12,74.9545572578551
2009-04-13,77.65515450532328
2009-04-14,76.57751233445859
2009-04-15,76.85016878732796
2009-04-16,77.55128538042067
2009-04-17,76.75928330303817
2009-04-18,76.75928330303817
2009-04-19,76.75928330303817
2009-04-20,81.14775383017398
2009-04-21,82.69280706310049
2009-04-22,75.13632822643469
2009-04-23,79.2910932225396
2009-04-24,80.00519345624512
2009-04-25,80.00519345624512
2009-04-26,80.00519345624512
2009-04-27,80.55050636198389
2009-04-28,78.09659828615943
2009-04-29,84.75720592054013
2009-04-30,85.56219163853544
2009-05-01,85.56219163853544
2009-05-02,85.56219163853544
2009-05-03,85.56219163853544
2009-05-04,87.10724487146196
2009-05-05,87.65255777720073
2009-05-06,88.63931446377565
2009-05-07,88.48351077642171
2009-05-08,88.53544533887302
2009-05-09,88.53544533887302
2009-05-10,88.53544533887302
2009-05-11,86.74370293430277
2009-05-12,88.21085432355233
2009-05-13,88.49649441703453
2009-05-14,88.52246169826019
2009-05-15,88.58737990132434
2009-05-16,88.58737990132434
2009-05-17,88.58737990132434
2009-05-18,88.70423266683977
2009-05-19,89.366398338094
2009-05-20,88.92495455725785
2009-05-21,88.31472344845494
2009-05-22,88.23682160477799
2009-05-23,88.23682160477799
2009-05-24,88.23682160477799
2009-05-25,89.60010386912491
2009-05-26,88.96390547909634
2009-05-27,89.28849649441703
2009-05-28,89.28849649441703
2009-05-29,89.28849649441703
2009-05-30,89.28849649441703
2009-05-31,89.28849649441703
2009-06-01,89.67800571280186
2009-06-02,90.13243313425085
2009-06-03,91.32692807063101
2009-06-04,91.35289535185666
2009-06-05,90.97636977408466
2009-06-06,90.97636977408466
2009-06-07,90.97636977408466
2009-06-08,90.59984419631265
2009-06-09,90.70371332121528
2009-06-10,91.5086990392106
2009-06-11,90.65177875876395
2009-06-12,89.23656193196572
2009-06-13,89.23656193196572
2009-06-14,89.23656193196572
2009-06-15,89.96364580628409
2009-06-16,90.04154764996105
2009-06-17,89.96364580628409
2009-06-18,90.50895871202285
2009-06-19,90.80758244611789
2009-06-20,90.80758244611789
2009-06-21,90.80758244611789
2009-06-22,90.67774603998961
2009-06-23,90.22331861854063
2009-06-24,91.8852246169826
2009-06-25,91.52168267982343
2009-06-26,91.71643728901584
2009-06-27,91.71643728901584
2009-06-28,91.71643728901584
2009-06-29,92.32666839781875
2009-06-30,92.00207738249804
2009-07-01,89.87276032199428
2009-07-02,90.52194235263568
2009-07-03,91.26200986756686
2009-07-04,91.26200986756686
2009-07-05,91.26200986756686
2009-07-06,91.91119189820826
2009-07-07,91.62555180472604
2009-07-08,91.14515710205141
2009-07-09,92.05401194494937
2009-07-10,92.46948844455986
2009-07-11,92.46948844455986
2009-07-12,92.46948844455986
2009-07-13,92.19683199169047
2009-07-14,93.43027784990912
2009-07-15,93.68995066216567
2009-07-16,93.6509997403272
2009-07-17,93.72890158400415
2009-07-18,93.72890158400415
2009-07-19,93.72890158400415
2009-07-20,94.32614905219422
2009-07-21,94.04050895871202
2009-07-22,94.41703453648404
2009-07-23,94.57283822383796
2009-07-24,94.53388730199947
2009-07-25,94.53388730199947
2009-07-26,94.53388730199947
2009-07-27,95.22202025447936
2009-07-28,95.1051674889639
2009-07-29,94.15736172422747
2009-07-30,94.43001817709685
2009-07-31,95.11815112957673
2009-08-01,95.11815112957673
2009-08-02,95.11815112957673
2009-08-03,95.29992209815632
2009-08-04,95.46870942612308
2009-08-05,95.28693845754349
2009-08-06,94.79356011425604
2009-08-07,94.05349259932485
2009-08-08,94.05349259932485
2009-08-09,94.05349259932485
2009-08-10,94.61178914567645
2009-08-11,94.52090366138665
2009-08-12,93.78083614645547
2009-08-13,94.14437808361464
2009-08-14,93.13165411581407
2009-08-15,93.13165411581407
2009-08-16,93.13165411581407
2009-08-17,88.18488704232666
2009-08-18,87.88626330823163
2009-08-19,85.62710984159958
2009-08-20,87.14619579330044
2009-08-21,87.30199948065437
2009-08-22,87.30199948065437
2009-08-23,87.30199948065437
2009-08-24,88.65229810438848
2009-08-25,87.80836146455466
2009-08-26,87.25006491820307
2009-08-27,89.67800571280186
2009-08-28,89.44430018177097
2009-08-29,89.44430018177097
2009-08-30,89.44430018177097
2009-08-31,85.97766813814593
2009-09-01,85.75694624772787
2009-09-02,86.198390028564
2009-09-03,88.79511815112959
2009-09-04,89.71695663464035
2009-09-05,89.71695663464035
2009-09-06,89.71695663464035
2009-09-07,90.18436769670215
2009-09-08,90.19735133731498
2009-09-09,92.26175019475461
2009-09-10,90.0155803687354
2009-09-11,91.1841080238899
2009-09-12,91.1841080238899
2009-09-13,91.1841080238899
2009-09-14,92.63827577252661
2009-09-15,92.88496494417035
2009-09-16,92.56037392884964
2009-09-17,92.57335756946247
2009-09-18,91.93715917943392
2009-09-19,91.93715917943392
2009-09-20,91.93715917943392
2009-09-21,92.41755388210854
2009-09-22,90.72968060244092
2009-09-23,90.1584004154765
2009-09-24,89.91171124383277
2009-09-25,89.40534925993249
2009-09-26,89.40534925993249
2009-09-27,89.40534925993249
2009-09-28,87.86029602700597
2009-09-29,87.2240976369774
2009-09-30,87.91223058945728
2009-10-01,87.91223058945728
2009-10-02,87.91223058945728
2009-10-03,87.91223058945728
2009-10-04,87.91223058945728
2009-10-05,87.91223058945728
2009-10-06,87.91223058945728
2009-10-07,87.91223058945728
2009-10-08,87.91223058945728
2009-10-09,90.75564788366658
2009-10-10,90.75564788366658
2009-10-11,90.75564788366658
2009-10-12,90.97636977408466
2009-10-13,91.87224097636978
2009-10-14,90.62581147753829
2009-10-15,90.70371332121528
2009-10-16,91.10620618021294
2009-10-17,91.10620618021294
2009-10-18,91.10620618021294
2009-10-19,92.0280446637237
2009-10-20,93.02778499091146
2009-10-21,92.75512853804206
2009-10-22,91.52168267982343
2009-10-23,93.06673591274993
2009-10-24,93.06673591274993
2009-10-25,93.06673591274993
2009-10-26,91.62555180472604
2009-10-27,88.65229810438848
2009-10-28,88.30173980784211
2009-10-29,86.198390028564
2009-10-30,87.61360685536225
2009-10-31,87.61360685536225
2009-11-01,87.61360685536225
2009-11-02,88.28875616722928
2009-11-03,88.73019994806543
2009-11-04,88.92495455725785
2009-11-05,89.54816930667359
2009-11-06,90.05453129057388
2009-11-07,90.05453129057388
2009-11-08,90.05453129057388
2009-11-09,90.52194235263568
2009-11-10,90.61282783692548
2009-11-11,90.69072968060244
2009-11-12,90.79459880550506
2009-11-13,91.05427161776161
2009-11-14,91.05427161776161
2009-11-15,91.05427161776161
2009-11-16,92.76811217865489
2009-11-17,92.85899766294469
2009-11-18,92.93689950662166
2009-11-19,93.32640872500649
2009-11-20,93.27447416255518
2009-11-21,93.27447416255518
2009-11-22,93.27447416255518
2009-11-23,93.67696702155285
2009-11-24,91.66450272656454
2009-11-25,93.22253960010387
2009-11-26,91.04128797714878
2009-11-27,88.97688911970917
2009-11-28,88.97688911970917
2009-11-29,88.97688911970917
2009-11-30,91.91119189820826
2009-12-01,92.87198130355752
2009-12-02,93.45624513113478
2009-12-03,92.76811217865489
2009-12-04,92.20981563230329
2009-12-05,92.20981563230329
2009-12-06,92.20981563230329
2009-12-07,93.20955595949104
2009-12-08,92.91093222539601
2009-12-09,92.94988314723447
2009-12-10,93.27447416255518
2009-12-11,92.07997922617503
2009-12-12,92.07997922617503
2009-12-13,92.07997922617503
2009-12-14,92.69021033497793
2009-12-15,93.32640872500649
2009-12-16,93.01480135029863
2009-12-17,91.4178135549208
2009-12-18,89.18462736951442
2009-12-19,89.18462736951442
2009-12-20,89.18462736951442
2009-12-21,89.65203843157622
2009-12-22,88.17190340171383
2009-12-23,88.69124902622696
2009-12-24,90.45702414957154
2009-12-25,90.41807322773306
2009-12-26,90.41807322773306
2009-12-27,90.41807322773306
2009-12-28,91.62555180472604
2009-12-29,91.9761101012724
2009-12-30,92.0669955855622
2009-12-31,92.5863412100753
2010-01-01,92.5863412100753
2010-01-02,92.5863412100753
2010-01-03,92.5863412100753
2010-01-04,92.9628667878473
2010-01-05,93.26149052194235
2010-01-06,92.01506102311087
2010-01-07,90.65177875876395
2010-01-08,92.27473383536744
2010-01-09,92.27473383536744
2010-01-10,92.27473383536744
2010-01-11,92.43053752272137
2010-01-12,92.40457024149572
2010-01-13,92.27473383536744
2010-01-14,93.35237600623215
2010-01-15,93.54713061542456
2010-01-16,93.54713061542456
2010-01-17,93.54713061542456
2010-01-18,93.71591794339132
2010-01-19,93.7029343027785
2010-01-20,92.45650480394703
2010-01-21,92.66424305375227
2010-01-22,90.93741885224617
2010-01-23,90.93741885224617
2010-01-24,90.93741885224617
2010-01-25,90.0155803687354
2010-01-26,88.36665801090626
2010-01-27,88.74318358867826
2010-01-28,89.37938197870683
2010-01-29,89.48325110360945
2010-01-30,89.48325110360945
2010-01-31,89.48325110360945
2010-02-01,88.4315762139704
2010-02-02,88.18488704232666
2010-02-03,87.66554141781356
2010-02-04,88.79511815112959
2010-02-05,87.56167229291093
2010-02-06,87.56167229291093
2010-02-07,87.56167229291093
2010-02-08,88.82108543235523
2010-02-09,89.10672552583745
2010-02-10,88.7172163074526
2010-02-11,88.09400155803687
2010-02-12,87.66554141781356
2010-02-13,87.66554141781356
2010-02-14,87.66554141781356
2010-02-15,87.66554141781356
2010-02-16,87.66554141781356
2010-02-17,87.66554141781356
2010-02-18,87.66554141781356
2010-02-19,87.66554141781356
2010-02-20,87.66554141781356
2010-02-21,87.66554141781356
2010-02-22,86.50999740327188
2010-02-23,86.52298104388471
2010-02-24,87.27603219942873
2010-02-25,88.40560893274474
2010-02-26,87.8213451051675
2010-02-27,87.8213451051675
2010-02-28,87.8213451051675
2010-03-01,88.08101791742405
2010-03-02,87.36691768371851
2010-03-03,88.39262529213191
2010-03-04,86.43209555959491
2010-03-05,88.13295247987536
2010-03-06,88.13295247987536
2010-03-07,88.13295247987536
2010-03-08,87.30199948065437
2010-03-09,87.2630485588159
2010-03-10,87.21111399636457
2010-03-11,86.7047520124643
2010-03-12,85.80888081017918
2010-03-13,85.80888081017918
2010-03-14,85.80888081017918
2010-03-15,87.88626330823163
2010-03-16,86.7566865749156
2010-03-17,86.76967021552844
2010-03-18,86.41911191898208
2010-03-19,87.02934302778499
2010-03-20,87.02934302778499
2010-03-21,87.02934302778499
2010-03-22,87.14619579330044
2010-03-23,87.09426123084913
2010-03-24,87.02934302778499
2010-03-25,87.37990132433134
2010-03-26,88.32770708906777
2010-03-27,88.32770708906777
2010-03-28,88.32770708906777
2010-03-29,88.22383796416516
2010-03-30,88.88600363541937
2010-03-31,89.10672552583745
2010-04-01,89.10672552583745
2010-04-02,90.22331861854063
2010-04-03,90.22331861854063
2010-04-04,90.22331861854063
2010-04-05,90.22331861854063
2010-04-06,90.14541677486368
2010-04-07,90.21033497792781
2010-04-08,89.84679304076863
2010-04-09,90.80758244611789
2010-04-10,90.80758244611789
2010-04-11,90.80758244611789
2010-04-12,90.52194235263568
2010-04-13,89.80784211893015
2010-04-14,90.28823682160477
2010-04-15,91.31394443001818
2010-04-16,90.52194235263568
2010-04-17,90.52194235263568
2010-04-18,90.52194235263568
2010-04-19,86.8865229810439
2010-04-20,87.1721630745261
2010-04-21,87.00337574655933
2010-04-22,85.56219163853544
2010-04-23,84.21189301480135
2010-04-24,84.21189301480135
2010-04-25,84.21189301480135
2010-04-26,81.13477018956115
2010-04-27,77.99272916125682
2010-04-28,76.09711763178395
2010-04-29,72.11113996364581
2010-04-30,66.63204362503245
2010-05-01,66.63204362503245
2010-05-02,66.63204362503245
2010-05-03,66.63204362503245
2010-05-04,64.82731757984939
2010-05-05,67.78758763957413
2010-05-06,59.244352116333424
2010-05-07,54.336535964684494
2010-05-08,54.336535964684494
2010-05-09,54.336535964684494
2010-05-10,59.21838483510776
2010-05-11,54.54427421448974
2010-05-12,52.53180991950143
2010-05-13,57.46559335237601
2010-05-14,56.920280446637236
2010-05-15,56.920280446637236
2010-05-16,56.920280446637236
2010-05-17,45.9880550506362
2010-05-18,48.72760321994287
2010-05-19,48.45494676707349
2010-05-20,45.06621656712542
2010-05-21,48.351077642170864
2010-05-22,48.351077642170864
2010-05-23,48.351077642170864
2010-05-24,55.81667099454687
2010-05-25,53.60945209036614
2010-05-26,53.84315762139704
2010-05-27,58.16670994546871
2010-05-28,58.01090625811478
2010-05-29,58.01090625811478
2010-05-30,58.01090625811478
2010-05-31,51.75279148273175
2010-06-01,49.75331082835627
2010-06-02,51.24642949883147
2010-06-03,49.6754089846793
2010-06-04,50.48039470267462
2010-06-05,50.48039470267462
2010-06-06,50.48039470267462
2010-06-07,48.88340690729681
2010-06-08,50.31160737470787
2010-06-09,54.687094261230854
2010-06-10,53.75227213710725
2010-06-11,54.06387951181512
2010-06-12,54.06387951181512
2010-06-13,54.06387951181512
2010-06-14,54.06387951181512
2010-06-15,54.06387951181512
2010-06-16,54.06387951181512
2010-06-17,52.505842638275766
2010-06-18,47.90963386133472
2010-06-19,47.90963386133472
2010-06-20,47.90963386133472
2010-06-21,52.38898987276032
2010-06-22,53.19397559075565
2010-06-23,51.59698779537783
2010-06-24,51.10360945209037
2010-06-25,49.18203064139185
2010-06-26,49.18203064139185
2010-06-27,49.18203064139185
2010-06-28,47.11763178395222
2010-06-29,37.41885224616983
2010-06-30,32.88756167229291
2010-07-01,21.384056089327448
2010-07-02,20.28044663723708
2010-07-03,20.28044663723708
2010-07-04,20.28044663723708
2010-07-05,17.852505842638276
2010-07-06,24.032718774344325
2010-07-07,27.694105427161773
2010-07-08,26.759283303038174
2010-07-09,32.64087250064918
2010-07-10,32.64087250064918
2010-07-11,32.64087250064918
2010-07-12,35.18566606076344
2010-07-13,30.888081017917422
2010-07-14,33.05634900025967
2010-07-15,28.51207478576993
2010-07-16,29.446896909893532
2010-07-17,29.446896909893532
2010-07-18,29.446896909893532
2010-07-19,35.74396260711504
2010-07-20,41.00233705531031
2010-07-21,41.586600882887566
2010-07-22,43.76785250584263
2010-07-23,43.98857439626071
2010-07-24,43.98857439626071
2010-07-25,43.98857439626071
2010-07-26,46.104907816151645
2010-07-27,45.624513113477015
2010-07-28,49.311867047520124
2010-07-29,50.441443780836146
2010-07-30,50.31160737470787
2010-07-31,50.31160737470787
2010-08-01,50.31160737470787
2010-08-02,53.60945209036614
2010-08-03,49.46767073487406
2010-08-04,50.53232926512594
2010-08-05,51.10360945209037
2010-08-06,54.6221760581667
2010-08-07,54.6221760581667
2010-08-08,54.6221760581667
2010-08-09,57.29680602440924
2010-08-10,50.441443780836146
2010-08-11,51.75279148273175
2010-08-12,49.62347442222799
2010-08-13,52.59672812256557
2010-08-14,52.59672812256557
2010-08-15,52.59672812256557
2010-08-16,57.10205141521683
2010-08-17,57.66034796156843
2010-08-18,54.46637237081278
2010-08-19,55.67385094780577
2010-08-20,53.414697481173725
2010-08-21,53.414697481173725
2010-08-22,53.414697481173725
2010-08-23,48.45494676707349
2010-08-24,51.493118670475205
2010-08-25,47.64996104907816
2010-08-26,49.46767073487406
2010-08-27,49.50662165671254
2010-08-28,49.50662165671254
2010-08-29,49.50662165671254
2010-08-30,52.59672812256557
2010-08-31,50.97377304596209
2010-09-01,49.28589976629446
2010-09-02,51.63593871721631
2010-09-03,52.33705531030901
2010-09-04,52.33705531030901
2010-09-05,52.33705531030901
2010-09-06,54.85588158919761
2010-09-07,56.47883666580109
2010-09-08,58.06284082056609
2010-09-09,55.11555440145417
2010-09-10,56.21916385354453
2010-09-11,56.21916385354453
2010-09-12,56.21916385354453
2010-09-13,59.491041287977154
2010-09-14,59.95845235003895
2010-09-15,57.10205141521683
2010-09-16,53.34977927810958
2010-09-17,53.84315762139704
2010-09-18,53.84315762139704
2010-09-19,53.84315762139704
2010-09-20,52.103349779278105
2010-09-21,51.93456245131135
2010-09-22,51.93456245131135
2010-09-23,51.93456245131135
2010-09-24,51.93456245131135
2010-09-25,51.93456245131135
2010-09-26,51.93456245131135
2010-09-27,56.59568943131654
2010-09-28,56.18021293170605
2010-09-29,54.85588158919761
2010-09-30,58.99766294468969
2010-10-01,58.99766294468969
2010-10-02,58.99766294468969
2010-10-03,58.99766294468969
2010-10-04,58.99766294468969
2010-10-05,58.99766294468969
2010-10-06,58.99766294468969
2010-10-07,58.99766294468969
2010-10-08,66.87873279667619
2010-10-09,66.87873279667619
2010-10-10,66.87873279667619
2010-10-11,70.63100493378343
2010-10-12,71.55284341729421
2010-10-13,72.16307452609712
2010-10-14,71.29317060503764
2010-10-15,73.47442222799273
2010-10-16,73.47442222799273
2010-10-17,73.47442222799273
2010-10-18,71.72163074526097
2010-10-19,75.22721371072448
2010-10-20,74.6689171643729
2010-10-21,75.17527914827318
2010-10-22,74.59101532069592
2010-10-23,74.59101532069592
2010-10-24,74.59101532069592
2010-10-25,78.05764736432096
2010-10-26,78.33030381719034
2010-10-27,76.70734874058685
2010-10-28,75.94131394443002
2010-10-29,74.30537522721372
2010-10-30,74.30537522721372
2010-10-31,74.30537522721372
2010-11-01,77.07089067774604
2010-11-02,77.1877434432615
2010-11-03,75.24019735133732
2010-11-04,77.21371072448716
2010-11-05,78.42118930148013
2010-11-06,78.42118930148013
2010-11-07,78.42118930148013
2010-11-08,79.62866787847312
2010-11-09,79.71955336276292
2010-11-10,79.88834069072968
2010-11-11,79.01843676967022
2010-11-12,72.00727083874318
2010-11-13,72.00727083874318
2010-11-14,72.00727083874318
2010-11-15,73.20176577512333
2010-11-16,66.9826019215788
2010-11-17,59.95845235003895
2010-11-18,63.451051674889634
2010-11-19,66.87873279667619
2010-11-20,66.87873279667619
2010-11-21,66.87873279667619
2010-11-22,67.85250584263828
2010-11-23,61.73721111399636
2010-11-24,67.6317839522202
2010-11-25,70.30641391846274
2010-11-26,69.00804985717996
2010-11-27,69.00804985717996
2010-11-28,69.00804985717996
2010-11-29,68.2809659828616
2010-11-30,63.801609971435994
2010-12-01,63.28226434692288
2010-12-02,64.55466112698001
2010-12-03,64.28200467411061
2010-12-04,64.28200467411061
2010-12-05,64.28200467411061
2010-12-06,62.67203323811997
2010-12-07,65.50246689171644
2010-12-08,64.4118410802389
2010-12-09,60.16619059984419
2010-12-10,63.02259153466632
2010-12-11,63.02259153466632
2010-12-12,63.02259153466632
2010-12-13,70.09867566865749
2010-12-14,71.0854323552324
2010-12-15,70.73487405868606
2010-12-16,70.25447935601143
2010-12-17,70.25447935601143
2010-12-18,70.25447935601143
2010-12-19,70.25447935601143
2010-12-20,68.47572059205402
2010-12-21,70.82575954297585
2010-12-22,69.87795377823942
2010-12-23,66.9826019215788
2010-12-24,63.892495455725786
2010-12-25,63.892495455725786
2010-12-26,63.892495455725786
2010-12-27,58.06284082056609
2010-12-28,54.25863412100753
2010-12-29,56.59568943131654
2010-12-30,57.36172422747339
2010-12-31,62.81485328486107
2011-01-01,62.81485328486107
2011-01-02,62.81485328486107
2011-01-03,62.81485328486107
2011-01-04,69.82601921578811
2011-01-05,69.44949363801611
2011-01-06,68.72240976369774
2011-01-07,67.3980784211893
2011-01-08,67.3980784211893
2011-01-09,67.3980784211893
2011-01-10,62.32147494157362
2011-01-11,62.24357309789666
2011-01-12,63.28226434692288
2011-01-13,62.516229550766035
2011-01-14,58.06284082056609
2011-01-15,58.06284082056609
2011-01-16,58.06284082056609
2011-01-17,50.06491820306414
2011-01-18,50.06491820306414
2011-01-19,54.752012464294985
2011-01-20,48.79252142300701
2011-01-21,50.168787327966754
2011-01-22,50.168787327966754
2011-01-23,50.168787327966754
2011-01-24,48.16930667359127
2011-01-25,46.364580628408206
2011-01-26,48.72760321994287
2011-01-27,51.93456245131135
2011-01-28,53.414697481173725
2011-01-29,53.414697481173725
2011-01-30,53.414697481173725
2011-01-31,56.34900025967281
2011-02-01,56.01142560373928
2011-02-02,56.01142560373928
2011-02-03,56.01142560373928
2011-02-04,56.01142560373928
2011-02-05,56.01142560373928
2011-02-06,56.01142560373928
2011-02-07,56.01142560373928
2011-02-08,56.01142560373928
2011-02-09,54.388470527135816
2011-02-10,59.322253960010386
2011-02-11,60.451830693326414
2011-02-12,60.451830693326414
2011-02-13,60.451830693326414
2011-02-14,66.34640353155025
2011-02-15,67.12542196831993
2011-02-16,69.69618280965982
2011-02-17,70.30641391846274
2011-02-18,68.64450792002077
2011-02-19,68.64450792002077
2011-02-20,68.64450792002077
2011-02-21,71.52687613606855
2011-02-22,68.24201506102311
2011-02-23,69.5923136847572
2011-02-24,70.47520124642949
2011-02-25,70.34536484030122
2011-02-26,70.34536484030122
2011-02-27,70.34536484030122
2011-02-28,71.25421968319917
2011-03-01,73.29265125941315
2011-03-02,72.30589457283823
2011-03-03,70.77382498052454
2011-03-04,71.66969618280966
2011-03-05,71.66969618280966
2011-03-06,71.66969618280966
2011-03-07,73.73409504024929
2011-03-08,73.60425863412101
2011-03-09,73.60425863412101
2011-03-10,71.66969618280966
2011-03-11,71.02051415216827
2011-03-12,71.02051415216827
2011-03-13,71.02051415216827
2011-03-14,71.25421968319917
2011-03-15,69.69618280965982
2011-03-16,71.33212152687614
2011-03-17,69.15086990392106
2011-03-18,69.72215009088548
2011-03-19,69.72215009088548
2011-03-20,69.72215009088548
2011-03-21,69.2157881069852
2011-03-22,69.60529732537003
2011-03-23,71.02051415216827
2011-03-24,70.09867566865749
2011-03-25,70.98156323032978
2011-03-26,70.98156323032978
2011-03-27,70.98156323032978
2011-03-28,73.00701116593092
2011-03-29,71.37107244871463
2011-03-30,71.29317060503764
2011-03-31,68.77434432614905
2011-04-01,68.77434432614905
2011-04-02,68.77434432614905
2011-04-03,68.77434432614905
2011-04-04,68.77434432614905
2011-04-05,68.77434432614905
2011-04-06,71.02051415216827
2011-04-07,71.17631783952221
2011-04-08,71.76058166709946
2011-04-09,71.76058166709946
2011-04-10,71.76058166709946
2011-04-11,68.47572059205402
2011-04-12,71.25421968319917
2011-04-13,69.72215009088548
2011-04-14,69.15086990392106
2011-04-15,70.91664502726564
2011-04-16,70.91664502726564
2011-04-17,70.91664502726564
2011-04-18,71.13736691768372
2011-04-19,71.50090885484289
2011-04-20,70.91664502726564
2011-04-21,71.11139963645806
2011-04-22,69.95585562191638
2011-04-23,69.95585562191638
2011-04-24,69.95585562191638
2011-04-25,62.34744222279927
2011-04-26,59.78966502207219
2011-04-27,64.11321734614386
2011-04-28,58.919761101012725
2011-04-29,62.94468969098935
2011-04-30,62.94468969098935
2011-05-01,62.94468969098935
2011-05-02,62.94468969098935
2011-05-03,59.95845235003895
2011-05-04,60.828356271098414
2011-05-05,61.165930927031944
2011-05-06,60.97117631783953
2011-05-07,60.97117631783953
2011-05-08,60.97117631783953
2011-05-09,62.02285120747858
2011-05-10,64.11321734614386
2011-05-11,63.28226434692288
2011-05-12,59.568943131654116
2011-05-13,62.02285120747858
2011-05-14,62.02285120747858
2011-05-15,62.02285120747858
2011-05-16,60.04933783432874
2011-05-17,60.529732537003376
2011-05-18,61.69826019215788
2011-05-19,60.04933783432874
2011-05-20,60.529732537003376
2011-05-21,60.529732537003376
2011-05-22,60.529732537003376
2011-05-23,53.32381199688393
2011-05-24,54.06387951181512
2011-05-25,52.181251622955074
2011-05-26,50.97377304596209
2011-05-27,48.88340690729681
2011-05-28,48.88340690729681
2011-05-29,48.88340690729681
2011-05-30,47.23448454946767
2011-05-31,49.6754089846793
2011-06-01,46.26071150350558
2011-06-02,44.222279927291616
2011-06-03,51.24642949883147
2011-06-04,51.24642949883147
2011-06-05,51.24642949883147
2011-06-06,51.24642949883147
2011-06-07,48.415995845235
2011-06-08,44.24824720851726
2011-06-09,46.104907816151645
2011-06-10,51.24642949883147
2011-06-11,51.24642949883147
2011-06-12,51.24642949883147
2011-06-13,46.663204362503244
2011-06-14,48.68865229810439
2011-06-15,46.96182809659828
2011-06-16,43.33939236561932
2011-06-17,45.50766034796157
2011-06-18,45.50766034796157
2011-06-19,45.50766034796157
2011-06-20,43.67696702155284
2011-06-21,45.02726564528694
2011-06-22,44.702674629966246
2011-06-23,47.805764736432096
2011-06-24,47.23448454946767
2011-06-25,47.23448454946767
2011-06-26,47.23448454946767
2011-06-27,48.831472344845494
2011-06-28,49.57153985977668
2011-06-29,47.403271877434435
2011-06-30,49.50662165671254
2011-07-01,53.57050116852765
2011-07-02,53.57050116852765
2011-07-03,53.57050116852765
2011-07-04,58.99766294468969
2011-07-05,59.633861334718254
2011-07-06,60.04933783432874
2011-07-07,59.45209036613866
2011-07-08,59.568943131654116
2011-07-09,59.568943131654116
2011-07-10,59.568943131654116
2011-07-11,60.529732537003376
2011-07-12,61.76317839522202
2011-07-13,65.47649961049078
2011-07-14,61.555440145416775
2011-07-15,57.21890418073228
2011-07-16,57.21890418073228
2011-07-17,57.21890418073228
2011-07-18,63.28226434692288
2011-07-19,61.490521942352636
2011-07-20,61.11399636458062
2011-07-21,64.20410283043365
2011-07-22,64.61957933004415
2011-07-23,64.61957933004415
2011-07-24,64.61957933004415
2011-07-25,56.47883666580109
2011-07-26,57.46559335237601
2011-07-27,60.04933783432874
2011-07-28,59.633861334718254
2011-07-29,56.621656712542205
2011-07-30,56.621656712542205
2011-07-31,56.621656712542205
2011-08-01,59.82861594391067
2011-08-02,58.16670994546871
2011-08-03,58.16670994546871
2011-08-04,58.4913009607894
2011-08-05,54.25863412100753
2011-08-06,54.25863412100753
2011-08-07,54.25863412100753
2011-08-08,45.78031680083095
2011-08-09,44.507920020773824
2011-08-10,46.85795897169566
2011-08-11,49.37678525058426
2011-08-12,51.66190599844196
2011-08-13,51.66190599844196
2011-08-14,51.66190599844196
2011-08-15,58.45235003895092
2011-08-16,56.12827836925474
2011-08-17,54.687094261230854
2011-08-18,51.42820046741107
2011-08-19,50.168787327966754
2011-08-20,50.168787327966754
2011-08-21,50.168787327966754
2011-08-22,49.03921059465074
2011-08-23,48.55881589197611
2011-08-24,47.97455206439886
2011-08-25,53.05115554401454
2011-08-26,54.54427421448974
2011-08-27,54.54427421448974
2011-08-28,54.54427421448974
2011-08-29,52.661646325629704
2011-08-30,53.414697481173725
2011-08-31,56.37496754089847
2011-09-01,54.85588158919761
2011-09-02,53.05115554401454
2011-09-03,53.05115554401454
2011-09-04,53.05115554401454
2011-09-05,48.844455985458325
2011-09-06,47.481173721111396
2011-09-07,50.81796935860815
2011-09-08,49.46767073487406
2011-09-09,49.0651778758764
2011-09-10,49.0651778758764
2011-09-11,49.0651778758764
2011-09-12,49.0651778758764
2011-09-13,46.104907816151645
2011-09-14,47.805764736432096
2011-09-15,47.97455206439886
2011-09-16,47.97455206439886
2011-09-17,47.97455206439886
2011-09-18,47.97455206439886
2011-09-19,44.06647623993768
2011-09-20,44.87146195793301
2011-09-21,50.06491820306414
2011-09-22,44.58582186445079
2011-09-23,43.3783432874578
2011-09-24,43.3783432874578
2011-09-25,43.3783432874578
2011-09-26,40.366138665281746
2011-09-27,41.586600882887566
2011-09-28,39.639054790963385
2011-09-29,35.74396260711504
2011-09-30,34.31576213970397
2011-10-01,34.31576213970397
2011-10-02,34.31576213970397
2011-10-03,34.31576213970397
2011-10-04,34.31576213970397
2011-10-05,34.31576213970397
2011-10-06,34.31576213970397
2011-10-07,34.31576213970397
2011-10-08,34.31576213970397
2011-10-09,34.31576213970397
2011-10-10,32.73175798493897
2011-10-11,31.68008309529992
2011-10-12,38.45754349519605
2011-10-13,40.26226954037912
2011-10-14,39.41833290054531
2011-10-15,39.41833290054531
2011-10-16,39.41833290054531
2011-10-17,40.677746039989614
2011-10-18,34.588418592573355
2011-10-19,33.56271098415996
2011-10-20,26.071150350558298
2011-10-21,22.604518306933265
2011-10-22,22.604518306933265
2011-10-23,22.604518306933265
2011-10-24,20.89067774603999
2011-10-25,26.759283303038174
2011-10-26,32.88756167229291
2011-10-27,30.420669955855622
2011-10-28,29.34302778499091
2011-10-29,29.34302778499091
2011-10-30,29.34302778499091
2011-10-31,15.658270579070372
2011-11-01,15.554401454167749
2011-11-02,19.15086990392106
2011-11-03,20.39729940275253
2011-11-04,23.240716696961826
2011-11-05,23.240716696961826
2011-11-06,23.240716696961826
2011-11-07,21.513892495455725
2011-11-08,19.839002856400935
2011-11-09,22.604518306933265
2011-11-10,18.904180732277332
2011-11-11,18.462736951441183
2011-11-12,18.462736951441183
2011-11-13,18.462736951441183
2011-11-14,24.032718774344325
2011-11-15,24.96754089846793
2011-11-16,18.60555699818229
2011-11-17,18.35886782653856
2011-11-18,13.541937159179435
2011-11-19,13.541937159179435
2011-11-20,13.541937159179435
2011-11-21,13.658789924694883
2011-11-22,13.490002596728123
2011-11-23,12.477278628927552
2011-11-24,12.386393144637758
2011-11-25,11.620358348480913
2011-11-26,11.620358348480913
2011-11-27,11.620358348480913
2011-11-28,11.82809659828616
2011-11-29,14.372890158400415
2011-11-30,9.140482991430797
2011-12-01,11.28278369254739
2011-12-02,9.322253960010386
2011-12-03,9.322253960010386
2011-12-04,9.322253960010386
2011-12-05,7.56946247727863
2011-12-06,7.543495196052974
2011-12-07,7.764217086471047
2011-12-08,7.491560633601662
2011-12-09,6.972215009088549
2011-12-10,6.972215009088549
2011-12-11,6.972215009088549
2011-12-12,5.88158919761101
2011-12-13,3.895092183848351
2011-12-14,3.155024668917164
2011-12-15,1.986497013762659
2011-12-16,2.713580888081018
2011-12-17,2.713580888081018
2011-12-18,2.713580888081018
2011-12-19,2.6746299662425344
2011-12-20,2.4279407945988054
2011-12-21,3.0511555440145415
2011-12-22,4.752012464294989
2011-12-23,4.946767073487406
2011-12-24,4.946767073487406
2011-12-25,4.946767073487406
2011-12-26,4.726045183069333
2011-12-27,3.4146974811737207
2011-12-28,3.3757465593352376
2011-12-29,3.3757465593352376
2011-12-30,4.375486886522982
2011-12-31,4.375486886522982
2012-01-01,4.375486886522982
2012-01-02,4.375486886522982
2012-01-03,4.375486886522982
2012-01-04,4.583225136328227
2012-01-05,2.843417294209296
2012-01-06,3.1030901064658534
2012-01-07,3.1030901064658534
2012-01-08,3.1030901064658534
2012-01-09,5.154505323292651
2012-01-10,7.9849389768891195
2012-01-11,8.062840820566086
2012-01-12,7.829135289535186
2012-01-13,6.1412620098675665
2012-01-14,6.1412620098675665
2012-01-15,6.1412620098675665
2012-01-16,4.167748636717736
2012-01-17,8.114775383017397
2012-01-18,7.153985977668138
2012-01-19,8.062840820566086
2012-01-20,9.529992209815633
2012-01-21,9.529992209815633
2012-01-22,9.529992209815633
2012-01-23,9.529992209815633
2012-01-24,9.529992209815633
2012-01-25,9.529992209815633
2012-01-26,9.529992209815633
2012-01-27,9.529992209815633
2012-01-28,9.529992209815633
2012-01-29,9.529992209815633
2012-01-30,8.335497273435472
2012-01-31,8.40041547649961
2012-02-01,7.426642430537522
2012-02-02,8.997662944689692
2012-02-03,10.153206959231369
2012-02-04,10.153206959231369
2012-02-05,10.153206959231369
2012-02-06,10.425863412100753
2012-02-07,8.971695663464036
2012-02-08,12.282524019735133
2012-02-09,12.503245910153208
2012-02-10,9.140482991430797
2012-02-11,9.140482991430797
2012-02-12,9.140482991430797
2012-02-13,9.958452350038952
2012-02-14,9.880550506361983
2012-02-15,11.28278369254739
2012-02-16,10.854323552324072
2012-02-17,10.594650740067516
2012-02-18,10.594650740067516
2012-02-19,10.594650740067516
2012-02-20,10.672552583744482
2012-02-21,11.983900285640093
2012-02-22,15.151908595170086
2012-02-23,14.749415736172422
2012-02-24,17.47598026486627
2012-02-25,17.47598026486627
2012-02-26,17.47598026486627
2012-02-27,18.60555699818229
2012-02-28,12.269540379122306
2012-02-29,16.580109062581148
2012-03-01,16.07374707868086
2012-03-02,20.11165930927032
2012-03-03,20.11165930927032
2012-03-04,20.11165930927032
2012-03-05,19.423526356790443
2012-03-06,15.995845235003895
2012-03-07,15.061023110880292
2012-03-08,19.579330044144378
2012-03-09,22.383796416515192
2012-03-10,22.383796416515192
2012-03-11,22.383796416515192
2012-03-12,16.63204362503246
2012-03-13,27.20072708387432
2012-03-14,17.41106206180213
2012-03-15,15.333679563749675
2012-03-16,19.15086990392106
2012-03-17,19.15086990392106
2012-03-18,19.15086990392106
2012-03-19,20.39729940275253
2012-03-20,24.35730978966502
2012-03-21,25.954297585042845
2012-03-22,24.35730978966502
2012-03-23,19.92988834069073
2012-03-24,19.92988834069073
2012-03-25,19.92988834069073
2012-03-26,20.462217605816672
2012-03-27,20.462217605816672
2012-03-28,13.256297065697224
2012-03-29,14.515710205141522
2012-03-30,16.774863671773566
2012-03-31,16.774863671773566
2012-04-01,16.774863671773566
2012-04-02,16.774863671773566
2012-04-03,16.774863671773566
2012-04-04,16.774863671773566
2012-04-05,24.032718774344325
2012-04-06,25.071410023370554
2012-04-07,25.071410023370554
2012-04-08,25.071410023370554
2012-04-09,23.500389509218387
2012-04-10,25.99324850688133
2012-04-11,27.08387431835887
2012-04-12,31.381459361204882
2012-04-13,32.73175798493897
2012-04-14,32.73175798493897
2012-04-15,32.73175798493897
2012-04-16,31.576213970397298
2012-04-17,32.05660867307193
2012-04-18,39.41833290054531
2012-04-19,32.80965982861594
2012-04-20,36.367177356530775
2012-04-21,36.367177356530775
2012-04-22,36.367177356530775
2012-04-23,35.873799013243314
2012-04-24,37.52272137107245
2012-04-25,41.76837185146715
2012-04-26,41.4178135549208
2012-04-27,41.45676447675928
2012-04-28,41.45676447675928
2012-04-29,41.45676447675928
2012-04-30,41.45676447675928
2012-05-01,41.45676447675928
2012-05-02,48.415995845235
2012-05-03,49.311867047520124
2012-05-04,50.57128018696443
2012-05-05,50.57128018696443
2012-05-06,50.57128018696443
2012-05-07,51.75279148273175
2012-05-08,51.63593871721631
2012-05-09,48.299143079719556
2012-05-10,48.94832511036095
2012-05-11,47.481173721111396
2012-05-12,47.481173721111396
2012-05-13,47.481173721111396
2012-05-14,46.01402233186185
2012-05-15,45.29992209815632
2012-05-16,42.6772266943651
2012-05-17,45.59854583225136
2012-05-18,42.755128538042065
2012-05-19,42.755128538042065
2012-05-20,42.755128538042065
2012-05-21,43.05375227213711
2012-05-22,45.78031680083095
2012-05-23,45.144118410802385
2012-05-24,43.89768891197092
2012-05-25,42.07997922617502
2012-05-26,42.07997922617502
2012-05-27,42.07997922617502
2012-05-28,44.32614905219424
2012-05-29,48.299143079719556
2012-05-30,47.97455206439886
2012-05-31,48.10438847052714
2012-06-01,47.61101012723968
2012-06-02,47.61101012723968
2012-06-03,47.61101012723968
2012-06-04,41.31394443001818
2012-06-05,40.74266424305375
2012-06-06,39.83380940015581
2012-06-07,38.39262529213192
2012-06-08,38.01609971435991
2012-06-09,38.01609971435991
2012-06-10,38.01609971435991
2012-06-11,40.7166969618281
2012-06-12,39.56115294728642
2012-06-13,42.17086471046482
2012-06-14,40.677746039989614
2012-06-15,40.586860555699815
2012-06-16,40.586860555699815
2012-06-17,40.586860555699815
2012-06-18,41.963126460659566
2012-06-19,40.197351337314984
2012-06-20,39.67800571280187
2012-06-21,35.873799013243314
2012-06-22,35.873799013243314
2012-06-23,35.873799013243314
2012-06-24,35.873799013243314
2012-06-25,29.34302778499091
2012-06-26,29.252142300701117
2012-06-27,27.590236302259154
2012-06-28,23.695144118410802
2012-06-29,28.369254739028825
2012-06-30,28.369254739028825
2012-07-01,28.369254739028825
2012-07-02,29.498831472344843
2012-07-03,29.252142300701117
2012-07-04,28.109581926772265
2012-07-05,21.708647104648144
2012-07-06,28.109581926772265
2012-07-07,28.109581926772265
2012-07-08,28.109581926772265
2012-07-09,21.241236042586344
2012-07-10,20.59205401194495
2012-07-11,22.046221760581666
2012-07-12,26.071150350558298
2012-07-13,24.772786289275516
2012-07-14,24.772786289275516
2012-07-15,24.772786289275516
2012-07-16,18.008309529992207
2012-07-17,19.579330044144378
2012-07-18,21.163334198909375
2012-07-19,22.383796416515192
2012-07-20,20.669955855621915
2012-07-21,20.669955855621915
2012-07-22,20.669955855621915
2012-07-23,18.229031420410283
2012-07-24,19.579330044144378
2012-07-25,17.34614385873799
2012-07-26,15.995845235003895
2012-07-27,15.398597766813815
2012-07-28,15.398597766813815
2012-07-29,15.398597766813815
2012-07-30,12.516229550766035
2012-07-31,11.76317839522202
2012-08-01,14.139184627369513
2012-08-02,12.516229550766035
2012-08-03,15.229810438847052
2012-08-04,15.229810438847052
2012-08-05,15.229810438847052
2012-08-06,19.644248247208516
2012-08-07,23.850947805764736
2012-08-08,24.448195273954816
2012-08-09,27.330563490002596
2012-08-10,28.109581926772265
2012-08-11,28.109581926772265
2012-08-12,28.109581926772265
2012-08-13,21.448974292391586
2012-08-14,22.07218904180732
2012-08-15,20.202544793560115
2012-08-16,18.735393404310567
2012-08-17,19.423526356790443
2012-08-18,19.423526356790443
2012-08-19,19.423526356790443
2012-08-20,19.839002856400935
2012-08-21,24.30537522721371
2012-08-22,21.643728901584
2012-08-23,24.253440664762397
2012-08-24,25.99324850688133
2012-08-25,25.99324850688133
2012-08-26,25.99324850688133
2012-08-27,18.099195014282003
2012-08-28,21.163334198909375
2012-08-29,18.164113217346145
2012-08-30,20.59205401194495
2012-08-31,25.24019735133731
2012-09-01,25.24019735133731
2012-09-02,25.24019735133731
2012-09-03,29.083354972734355
2012-09-04,25.24019735133731
2012-09-05,25.824461178914564
2012-09-06,29.083354972734355
2012-09-07,39.794858478317316
2012-09-08,39.794858478317316
2012-09-09,39.794858478317316
2012-09-10,42.07997922617502
2012-09-11,41.33991171124383
2012-09-12,42.755128538042065
2012-09-13,40.26226954037912
2012-09-14,41.145157102051414
2012-09-15,41.145157102051414
2012-09-16,41.145157102051414
2012-09-17,36.367177356530775
2012-09-18,33.90028564009348
2012-09-19,35.84783173201766
2012-09-20,28.719813035575175
2012-09-21,28.252401973513376
2012-09-22,28.252401973513376
2012-09-23,28.252401973513376
2012-09-24,30.978966502207218
2012-09-25,29.34302778499091
2012-09-26,24.863671773565308
2012-09-27,32.49805245390808
2012-09-28,36.45806284082057
2012-09-29,36.45806284082057
2012-09-30,36.45806284082057
2012-10-01,36.45806284082057
2012-10-02,36.45806284082057
2012-10-03,36.45806284082057
2012-10-04,36.45806284082057
2012-10-05,36.45806284082057
2012-10-06,36.45806284082057
2012-10-07,36.45806284082057
2012-10-08,34.51051674889639
2012-10-09,39.49623474422228
2012-10-10,40.132433134250846
2012-10-11,37.548688652298104
2012-10-12,37.27603219942872
2012-10-13,37.27603219942872
2012-10-14,37.27603219942872
2012-10-15,34.7961568423786
2012-10-16,34.7961568423786
2012-10-17,35.13373149831212
2012-10-18,30.485588158919764
2012-10-19,32.49805245390808
2012-10-20,32.49805245390808
2012-10-21,32.49805245390808
2012-10-22,32.58893793819787
2012-10-23,30.420669955855622
2012-10-24,29.34302778499091
2012-10-25,27.694105427161773
2012-10-26,21.760581667099455
2012-10-27,21.760581667099455
2012-10-28,21.760581667099455
2012-10-29,25.071410023370554
2012-10-30,24.35730978966502
2012-10-31,9.789665022072189
2012-11-01,11.76317839522202
2012-11-02,12.035834848091405
2012-11-03,12.035834848091405
2012-11-04,12.035834848091405
2012-11-05,11.620358348480913
2012-11-06,11.334718254998702
2012-11-07,11.152947286419113
2012-11-08,8.712022851207477
2012-11-09,8.478317320176577
2012-11-10,8.478317320176577
2012-11-11,8.478317320176577
2012-11-12,8.958712022851207
2012-11-13,7.309789665022072
2012-11-14,7.660347961568424
2012-11-15,6.8293949623474415
2012-11-16,5.920540119449494
2012-11-17,5.920540119449494
2012-11-18,5.920540119449494
2012-11-19,6.1412620098675665
2012-11-20,5.816670994546871
2012-11-21,6.907296806024409
2012-11-22,6.024409244352117
2012-11-23,6.271098415995844
2012-11-24,6.271098415995844
2012-11-25,6.271098415995844
2012-11-26,5.310309010646586
2012-11-27,4.024928589976629
2012-11-28,3.2329265125941316
2012-11-29,2.5058426382757726
2012-11-30,2.856400934822124
2012-12-01,2.856400934822124
2012-12-02,2.856400934822124
2012-12-03,2.1552843417294207
2012-12-04,2.687613606855362
2012-12-05,4.726045183069333
2012-12-06,4.479356011425604
2012-12-07,5.310309010646586
2012-12-08,5.310309010646586
2012-12-09,5.310309010646586
2012-12-10,6.530771228252402
2012-12-11,6.232147494157362
2012-12-12,6.336016619059985
2012-12-13,5.310309010646586
2012-12-14,8.802908335497275
2012-12-15,8.802908335497275
2012-12-16,8.802908335497275
2012-12-17,9.101532069592313
2012-12-18,9.529992209815633
2012-12-19,9.77668138145936
2012-12-20,10.880290833549727
2012-12-21,10.425863412100753
2012-12-22,10.425863412100753
2012-12-23,10.425863412100753
2012-12-24,11.724227473383536
2012-12-25,15.398597766813815
2012-12-26,16.917683718514674
2012-12-27,15.853025188262789
2012-12-28,18.826278888600363
2012-12-29,18.826278888600363
2012-12-30,18.826278888600363
2012-12-31,22.07218904180732
2013-01-01,22.07218904180732
2013-01-02,22.07218904180732
2013-01-03,22.07218904180732
2013-01-04,21.384056089327448
2013-01-05,21.384056089327448
2013-01-06,21.384056089327448
2013-01-07,22.721371072448715
2013-01-08,16.55414178135549
2013-01-09,24.35730978966502
2013-01-10,24.863671773565308
2013-01-11,20.462217605816672
2013-01-12,20.462217605816672
2013-01-13,20.462217605816672
2013-01-14,30.81017917424046
2013-01-15,34.925993248506884
2013-01-16,35.536224357309784
2013-01-17,32.80965982861594
2013-01-18,35.44533887301999
2013-01-19,35.44533887301999
2013-01-20,35.44533887301999
2013-01-21,35.65307712282524
2013-01-22,32.49805245390808
2013-01-23,33.393923656193195
2013-01-24,33.56271098415996
2013-01-25,32.64087250064918
2013-01-26,32.64087250064918
2013-01-27,32.64087250064918
2013-01-28,38.39262529213192
2013-01-29,39.02882368216048
2013-01-30,40.06751493118671
2013-01-31,40.26226954037912
2013-02-01,42.89794858478317
2013-02-02,42.89794858478317
2013-02-03,42.89794858478317
2013-02-04,42.833030381719034
2013-02-05,43.89768891197092
2013-02-06,43.76785250584263
2013-02-07,44.80654375486887
2013-02-08,46.96182809659828
2013-02-09,46.96182809659828
2013-02-10,46.96182809659828
2013-02-11,46.96182809659828
2013-02-12,46.96182809659828
2013-02-13,46.96182809659828
2013-02-14,46.96182809659828
2013-02-15,46.96182809659828
2013-02-16,46.96182809659828
2013-02-17,46.96182809659828
2013-02-18,44.87146195793301
2013-02-19,41.067255258374445
2013-02-20,43.482212412360425
2013-02-21,37.548688652298104
2013-02-22,37.548688652298104
2013-02-23,37.548688652298104
2013-02-24,37.548688652298104
2013-02-25,38.32770708906777
2013-02-26,36.26330823162815
2013-02-27,37.70449233965204
2013-02-28,45.29992209815632
2013-03-01,45.78031680083095
2013-03-02,45.78031680083095
2013-03-03,45.78031680083095
2013-03-04,39.05479096338613
2013-03-05,43.20955595949104
2013-03-06,44.702674629966246
2013-03-07,43.33939236561932
2013-03-08,41.45676447675928
2013-03-09,41.45676447675928
2013-03-10,41.45676447675928
2013-03-11,43.3783432874578
2013-03-12,41.00233705531031
2013-03-13,39.56115294728642
2013-03-14,39.75590755647884
2013-03-15,40.26226954037912
2013-03-16,40.26226954037912
2013-03-17,40.26226954037912
2013-03-18,37.13321215268761
2013-03-19,38.989872760321994
2013-03-20,44.11841080238899
2013-03-21,45.29992209815632
2013-03-22,45.06621656712542
2013-03-23,45.06621656712542
2013-03-24,45.06621656712542
2013-03-25,44.507920020773824
2013-03-26,43.7029343027785
2013-03-27,44.443001817709685
2013-03-28,36.769670215528436
2013-03-29,37.0812775902363
2013-03-30,37.0812775902363
2013-03-31,37.0812775902363
2013-04-01,41.76837185146715
2013-04-02,41.093222539600106
2013-04-03,39.93767852505843
2013-04-04,39.93767852505843
2013-04-05,39.93767852505843
2013-04-06,39.93767852505843
2013-04-07,39.93767852505843
2013-04-08,40.41807322773306
2013-04-09,41.963126460659566
2013-04-10,39.78187483770449
2013-04-11,38.32770708906777
2013-04-12,35.873799013243314
2013-04-13,35.873799013243314
2013-04-14,35.873799013243314
2013-04-15,36.66580109062581
2013-04-16,38.53544533887302
2013-04-17,39.32744741625552
2013-04-18,41.145157102051414
2013-04-19,45.50766034796157
2013-04-20,45.50766034796157
2013-04-21,45.50766034796157
2013-04-22,48.79252142300701
2013-04-23,43.313425084393664
2013-04-24,53.24591015320696
2013-04-25,47.28641911191898
2013-04-26,38.691249026226956
2013-04-27,38.691249026226956
2013-04-28,38.691249026226956
2013-04-29,38.691249026226956
2013-04-30,38.691249026226956
2013-05-01,38.691249026226956
2013-05-02,27.20072708387432
2013-05-03,30.628408205660868
2013-05-04,30.628408205660868
2013-05-05,30.628408205660868
2013-05-06,35.18566606076344
2013-05-07,35.315502466891715
2013-05-08,36.43209555959491
2013-05-09,36.18540638795118
2013-05-10,37.27603219942872
2013-05-11,37.27603219942872
2013-05-12,37.27603219942872
2013-05-13,37.470786808621135
2013-05-14,34.64035315502467
2013-05-15,36.45806284082057
2013-05-16,39.75590755647884
2013-05-17,42.521423007011165
2013-05-18,42.521423007011165
2013-05-19,42.521423007011165
2013-05-20,44.06647623993768
2013-05-21,45.78031680083095
2013-05-22,45.67644767592833
2013-05-23,43.83277070890678
2013-05-24,46.104907816151645
2013-05-25,46.104907816151645
2013-05-26,46.104907816151645
2013-05-27,47.28641911191898
2013-05-28,48.818488704232664
2013-05-29,49.40275253180992
2013-05-30,49.0651778758764
2013-05-31,46.72812256556739
2013-06-01,46.72812256556739
2013-06-02,46.72812256556739
2013-06-03,46.442482472085175
2013-06-04,42.97585042846014
2013-06-05,43.3783432874578
2013-06-06,41.31394443001818
2013-06-07,37.89924694884446
2013-06-08,37.89924694884446
2013-06-09,37.89924694884446
2013-06-10,37.89924694884446
2013-06-11,37.89924694884446
2013-06-12,37.89924694884446
2013-06-13,30.19994806543755
2013-06-14,33.160218125162295
2013-06-15,33.160218125162295
2013-06-16,33.160218125162295
2013-06-17,32.87457803168009
2013-06-18,33.640612827836925
2013-06-19,33.41989093741885
2013-06-20,24.253440664762397
2013-06-21,22.487665541417815
2013-06-22,22.487665541417815
2013-06-23,22.487665541417815
2013-06-24,10.14022331861854
2013-06-25,9.36120488184887
2013-06-26,10.360945209036613
2013-06-27,8.932744741625552
2013-06-28,9.413139444300182
2013-06-29,9.413139444300182
2013-06-30,9.413139444300182
2013-07-01,11.39963645806284
2013-07-02,13.360166190599845
2013-07-03,12.477278628927552
2013-07-04,14.139184627369513
2013-07-05,13.697740846533367
2013-07-06,13.697740846533367
2013-07-07,13.697740846533367
2013-07-08,8.997662944689692
2013-07-09,9.114515710205142
2013-07-10,12.736951441184107
2013-07-11,20.462217605816672
2013-07-12,17.41106206180213
2013-07-13,17.41106206180213
2013-07-14,17.41106206180213
2013-07-15,21.994287198130355
2013-07-16,24.96754089846793
2013-07-17,20.59205401194495
2013-07-18,18.164113217346145
2013-07-19,13.399117112438327
2013-07-20,13.399117112438327
2013-07-21,13.399117112438327
2013-07-22,16.424305375227213
2013-07-23,22.890158400415476
2013-07-24,23.12386393144638
2013-07-25,20.89067774603999
2013-07-26,14.970137626590496
2013-07-27,14.970137626590496
2013-07-28,14.970137626590496
2013-07-29,12.035834848091405
2013-07-30,8.76395741365879
2013-07-31,9.114515710205142
2013-08-01,11.983900285640093
2013-08-02,12.035834848091405
2013-08-03,12.035834848091405
2013-08-04,12.035834848091405
2013-08-05,15.151908595170086
2013-08-06,16.917683718514674
2013-08-07,15.061023110880292
2013-08-08,15.333679563749675
2013-08-09,17.774603998961307
2013-08-10,17.774603998961307
2013-08-11,17.774603998961307
2013-08-12,23.928849649441702
2013-08-13,23.240716696961826
2013-08-14,22.487665541417815
2013-08-15,15.697221500908856
2013-08-16,11.451571020514152
2013-08-17,11.451571020514152
2013-08-18,11.451571020514152
2013-08-19,12.970656972215009
2013-08-20,14.087250064918203
2013-08-21,15.80109062581148
2013-08-22,15.333679563749675
2013-08-23,14.6455466112698
2013-08-24,14.6455466112698
2013-08-25,14.6455466112698
2013-08-26,23.928849649441702
2013-08-27,24.30537522721371
2013-08-28,24.162555180472605
2013-08-29,22.79927291612568
2013-08-30,19.31965723188782
2013-08-31,19.31965723188782
2013-09-01,19.31965723188782
2013-09-02,16.87873279667619
2013-09-03,19.51441184108024
2013-09-04,19.92988834069073
2013-09-05,18.735393404310567
2013-09-06,21.033497792781095
2013-09-07,21.033497792781095
2013-09-08,21.033497792781095
2013-09-09,26.20098675668657
2013-09-10,29.498831472344843
2013-09-11,29.940275253180992
2013-09-12,30.420669955855622
2013-09-13,29.498831472344843
2013-09-14,29.498831472344843
2013-09-15,29.498831472344843
2013-09-16,29.252142300701117
2013-09-17,23.928849649441702
2013-09-18,25.824461178914564
2013-09-19,25.824461178914564
2013-09-20,25.824461178914564
2013-09-21,25.824461178914564
2013-09-22,25.824461178914564
2013-09-23,31.303557517527913
2013-09-24,30.978966502207218
2013-09-25,29.8493897688912
2013-09-26,24.448195273954816
2013-09-27,25.34406647623994
2013-09-28,25.34406647623994
2013-09-29,25.34406647623994
2013-09-30,27.784990911451573
2013-10-01,27.784990911451573
2013-10-02,27.784990911451573
2013-10-03,27.784990911451573
2013-10-04,27.784990911451573
2013-10-05,27.784990911451573
2013-10-06,27.784990911451573
2013-10-07,27.784990911451573
2013-10-08,31.108802908335498
2013-10-09,32.80965982861594
2013-10-10,30.420669955855622
2013-10-11,33.718514671513894
2013-10-12,33.718514671513894
2013-10-13,33.718514671513894
2013-10-14,34.73123863931447
2013-10-15,34.21189301480135
2013-10-16,27.447416255518046
2013-10-17,27.447416255518046
2013-10-18,28.641911191898206
2013-10-19,28.641911191898206
2013-10-20,28.641911191898206
2013-10-21,32.121526876136066
2013-10-22,28.51207478576993
2013-10-23,23.12386393144638
2013-10-24,23.12386393144638
2013-10-25,18.229031420410283
2013-10-26,18.229031420410283
2013-10-27,18.229031420410283
2013-10-28,16.55414178135549
2013-10-29,13.256297065697224
2013-10-30,15.229810438847052
2013-10-31,14.554661126980006
2013-11-01,14.372890158400415
2013-11-02,14.372890158400415
2013-11-03,14.372890158400415
2013-11-04,14.515710205141522
2013-11-05,15.995845235003895
2013-11-06,13.905479096338613
2013-11-07,11.983900285640093
2013-11-08,10.153206959231369
2013-11-09,10.153206959231369
2013-11-10,10.153206959231369
2013-11-11,10.360945209036613
2013-11-12,11.334718254998702
2013-11-13,9.413139444300182
2013-11-14,11.010127239678006
2013-11-15,14.230070111659309
2013-11-16,14.230070111659309
2013-11-17,14.230070111659309
2013-11-18,19.423526356790443
2013-11-19,18.293949623474422
2013-11-20,20.89067774603999
2013-11-21,20.11165930927032
2013-11-22,18.904180732277332
2013-11-23,18.904180732277332
2013-11-24,18.904180732277332
2013-11-25,18.423786029602702
2013-11-26,19.51441184108024
2013-11-27,23.928849649441702
2013-11-28,26.434692287717475
2013-11-29,27.61620358348481
2013-11-30,27.61620358348481
2013-12-01,27.61620358348481
2013-12-02,20.462217605816672
2013-12-03,24.513113477018955
2013-12-04,28.057647364320953
2013-12-05,27.99272916125682
2013-12-06,25.62970656972215
2013-12-07,25.62970656972215
2013-12-08,25.62970656972215
2013-12-09,26.759283303038174
2013-12-10,26.62944689690989
2013-12-11,22.046221760581666
2013-12-12,22.487665541417815
2013-12-13,22.253960010386912
2013-12-14,22.253960010386912
2013-12-15,22.253960010386912
2013-12-16,21.643728901584
2013-12-17,20.39729940275253
2013-12-18,20.08569202804466
2013-12-19,18.099195014282003
2013-12-20,14.6455466112698
2013-12-21,14.6455466112698
2013-12-22,14.6455466112698
2013-12-23,14.47675928330304
2013-12-24,14.749415736172422
2013-12-25,16.917683718514674
2013-12-26,13.399117112438327
2013-12-27,16.63204362503246
2013-12-28,16.63204362503246
2013-12-29,16.63204362503246
2013-12-30,16.774863671773566
2013-12-31,18.462736951441183
2014-01-01,18.462736951441183
2014-01-02,20.28044663723708
2014-01-03,18.462736951441183
2014-01-04,18.462736951441183
2014-01-05,18.462736951441183
2014-01-06,13.399117112438327
2014-01-07,13.905479096338613
2014-01-08,14.749415736172422
2014-01-09,12.594131394443
2014-01-10,10.490781615164892
2014-01-11,10.490781615164892
2014-01-12,10.490781615164892
2014-01-13,9.945468709426123
2014-01-14,11.308750973773046
2014-01-15,11.983900285640093
2014-01-16,11.893014801350299
2014-01-17,10.036354193715919
2014-01-18,10.036354193715919
2014-01-19,10.036354193715919
2014-01-20,9.29628667878473
2014-01-21,10.360945209036613
2014-01-22,13.80160997143599
2014-01-23,13.541937159179435
2014-01-24,15.229810438847052
2014-01-25,15.229810438847052
2014-01-26,15.229810438847052
2014-01-27,13.256297065697224
2014-01-28,13.308231628148533
2014-01-29,17.190340171384054
2014-01-30,16.07374707868086
2014-01-31,16.07374707868086
2014-02-01,16.07374707868086
2014-02-02,16.07374707868086
2014-02-03,16.07374707868086
2014-02-04,16.07374707868086
2014-02-05,16.07374707868086
2014-02-06,16.07374707868086
2014-02-07,19.008049857179955
2014-02-08,19.008049857179955
2014-02-09,19.008049857179955
2014-02-10,25.824461178914564
2014-02-11,25.824461178914564
2014-02-12,27.694105427161773
2014-02-13,23.850947805764736
2014-02-14,27.447416255518046
2014-02-15,27.447416255518046
2014-02-16,27.447416255518046
2014-02-17,30.563490002596726
2014-02-18,28.51207478576993
2014-02-19,29.187224097636978
2014-02-20,25.551804726045184
2014-02-21,22.604518306933265
2014-02-22,22.604518306933265
2014-02-23,22.604518306933265
2014-02-24,19.981822903142042
2014-02-25,12.516229550766035
2014-02-26,15.061023110880292
2014-02-27,15.658270579070372
2014-02-28,21.513892495455725
2014-03-01,21.513892495455725
2014-03-02,21.513892495455725
2014-03-03,24.96754089846793
2014-03-04,24.96754089846793
2014-03-05,23.500389509218387
2014-03-06,23.39652038431576
2014-03-07,22.79927291612568
2014-03-08,22.79927291612568
2014-03-09,22.79927291612568
2014-03-10,22.487665541417815
2014-03-11,23.500389509218387
2014-03-12,21.513892495455725
2014-03-13,16.917683718514674
2014-03-14,22.253960010386912
2014-03-15,22.253960010386912
2014-03-16,22.253960010386912
2014-03-17,17.47598026486627
2014-03-18,16.917683718514674
2014-03-19,16.190599844196313
2014-03-20,18.164113217346145
2014-03-21,16.63204362503246
2014-03-22,16.63204362503246
2014-03-23,16.63204362503246
2014-03-24,20.28044663723708
2014-03-25,19.981822903142042
2014-03-26,19.31965723188782
2014-03-27,15.80109062581148
2014-03-28,12.386393144637758
2014-03-29,12.386393144637758
2014-03-30,12.386393144637758
2014-03-31,10.672552583744482
2014-04-01,11.620358348480913
2014-04-02,12.035834848091405
2014-04-03,11.750194754609193
2014-04-04,13.541937159179435
2014-04-05,13.541937159179435
2014-04-06,13.541937159179435
2014-04-07,13.541937159179435
2014-04-08,17.34614385873799
2014-04-09,18.60555699818229
2014-04-10,20.28044663723708
2014-04-11,19.644248247208516
2014-04-12,19.644248247208516
2014-04-13,19.644248247208516
2014-04-14,21.708647104648144
2014-04-15,25.577772007270838
2014-04-16,24.863671773565308
2014-04-17,23.240716696961826
2014-04-18,28.719813035575175
2014-04-19,28.719813035575175
2014-04-20,28.719813035575175
2014-04-21,25.34406647623994
2014-04-22,23.240716696961826
2014-04-23,25.071410023370554
2014-04-24,23.565307712282525
2014-04-25,21.903401713840562
2014-04-26,21.903401713840562
2014-04-27,21.903401713840562
2014-04-28,25.62970656972215
2014-04-29,30.888081017917422
2014-04-30,34.03012204622176
2014-05-01,34.03012204622176
2014-05-02,34.03012204622176
2014-05-03,34.03012204622176
2014-05-04,34.03012204622176
2014-05-05,36.08153726304856
2014-05-06,36.96442482472085
2014-05-07,33.56271098415996
2014-05-08,33.874318358867825
2014-05-09,33.718514671513894
2014-05-10,33.718514671513894
2014-05-11,33.718514671513894
2014-05-12,40.132433134250846
2014-05-13,39.716956634640354
2014-05-14,39.145676447675925
2014-05-15,35.26356790444041
2014-05-16,35.13373149831212
2014-05-17,35.13373149831212
2014-05-18,35.13373149831212
2014-05-19,33.27707089067775
2014-05-20,32.88756167229291
2014-05-21,35.536224357309784
2014-05-22,34.263827577252655
2014-05-23,35.65307712282524
2014-05-24,35.65307712282524
2014-05-25,35.65307712282524
2014-05-26,37.470786808621135
2014-05-27,36.00363541937159
2014-05-28,38.01609971435991
2014-05-29,35.65307712282524
2014-05-30,36.66580109062581
2014-05-31,36.66580109062581
2014-06-01,36.66580109062581
2014-06-02,36.66580109062581
2014-06-03,36.45806284082057
2014-06-04,33.965203843157624
2014-06-05,36.00363541937159
2014-06-06,34.31576213970397
2014-06-07,34.31576213970397
2014-06-08,34.31576213970397
2014-06-09,33.44585821864451
2014-06-10,36.367177356530775
2014-06-11,36.66580109062581
2014-06-12,36.26330823162815
2014-06-13,38.09400155803687
2014-06-14,38.09400155803687
2014-06-15,38.09400155803687
2014-06-16,43.53414697481174
2014-06-17,41.963126460659566
2014-06-18,41.963126460659566
2014-06-19,38.01609971435991
2014-06-20,39.32744741625552
2014-06-21,39.32744741625552
2014-06-22,39.32744741625552
2014-06-23,40.41807322773306
2014-06-24,41.92417553882108
2014-06-25,40.74266424305375
2014-06-26,42.40457024149571
2014-06-27,42.97585042846014
2014-06-28,42.97585042846014
2014-06-29,42.97585042846014
2014-06-30,44.209296286678786
2014-07-01,45.29992209815632
2014-07-02,47.58504284601402
2014-07-03,48.23422487665541
2014-07-04,47.403271877434435
2014-07-05,47.403271877434435
2014-07-06,47.403271877434435
2014-07-07,46.611269800051936
2014-07-08,47.31238639314464
2014-07-09,44.14437808361464
2014-07-10,43.3783432874578
2014-07-11,44.37808361464555
2014-07-12,44.37808361464555
2014-07-13,44.37808361464555
2014-07-14,46.72812256556739
2014-07-15,47.11763178395222
2014-07-16,45.624513113477015
2014-07-17,44.58582186445079
2014-07-18,44.80654375486887
2014-07-19,44.80654375486887
2014-07-20,44.80654375486887
2014-07-21,44.9623474422228
2014-07-22,47.90963386133472
2014-07-23,46.611269800051936
2014-07-24,48.351077642170864
2014-07-25,50.363541937159184
2014-07-26,50.363541937159184
2014-07-27,50.363541937159184
2014-07-28,53.960010386912494
2014-07-29,55.11555440145417
2014-07-30,55.16748896390548
2014-07-31,57.387691508699035
2014-08-01,54.90781615164892
2014-08-02,54.90781615164892
2014-08-03,54.90781615164892
2014-08-04,59.322253960010386
2014-08-05,59.95845235003895
2014-08-06,62.02285120747858
2014-08-07,59.78966502207219
2014-08-08,60.19215788106985
2014-08-09,60.19215788106985
2014-08-10,60.19215788106985
2014-08-11,63.19137886263309
2014-08-12,64.11321734614386
2014-08-13,63.074526097117634
2014-08-14,60.19215788106985
2014-08-15,63.451051674889634
2014-08-16,63.451051674889634
2014-08-17,63.451051674889634
2014-08-18,65.98286159439107
2014-08-19,70.09867566865749
2014-08-20,69.87795377823942
2014-08-21,69.2157881069852
2014-08-22,60.97117631783953
2014-08-23,60.97117631783953
2014-08-24,60.97117631783953
2014-08-25,57.556478836665804
2014-08-26,54.90781615164892
2014-08-27,55.42716177616204
2014-08-28,51.93456245131135
2014-08-29,49.93508179693586
2014-08-30,49.93508179693586
2014-08-31,49.93508179693586
2014-09-01,53.27187743443261
2014-09-02,56.21916385354453
2014-09-03,58.16670994546871
2014-09-04,59.633861334718254
2014-09-05,60.97117631783953
2014-09-06,60.97117631783953
2014-09-07,60.97117631783953
2014-09-08,60.97117631783953
2014-09-09,62.42534406647624
2014-09-10,62.32147494157362
2014-09-11,61.957933004414436
2014-09-12,63.541937159179426
2014-09-13,63.541937159179426
2014-09-14,63.541937159179426
2014-09-15,65.02207218904181
2014-09-16,59.1924175538821
2014-09-17,60.38691249026227
2014-09-18,61.11399636458062
2014-09-19,62.67203323811997
2014-09-20,62.67203323811997
2014-09-21,62.67203323811997
2014-09-22,58.919761101012725
2014-09-23,61.165930927031944
2014-09-24,65.45053232926512
2014-09-25,65.03505582965462
2014-09-26,65.59335237600624
2014-09-27,65.59335237600624
2014-09-28,65.59335237600624
2014-09-29,67.68371851467151
2014-09-30,68.47572059205402
2014-10-01,68.47572059205402
2014-10-02,68.47572059205402
2014-10-03,68.47572059205402
2014-10-04,68.47572059205402
2014-10-05,68.47572059205402
2014-10-06,68.47572059205402
2014-10-07,68.47572059205402
2014-10-08,70.48818488704232
2014-10-09,70.55310309010646
2014-10-10,69.63126460659569
2014-10-11,69.63126460659569
2014-10-12,69.63126460659569
2014-10-13,70.09867566865749
2014-10-14,69.44949363801611
2014-10-15,70.04674110620618
2014-10-16,67.28122565567385
2014-10-17,67.15138924954557
2014-10-18,67.15138924954557
2014-10-19,67.15138924954557
2014-10-20,68.72240976369774
2014-10-21,65.84004154764996
2014-10-22,63.65878992469488
2014-10-23,60.451830693326414
2014-10-24,59.633861334718254
2014-10-25,59.633861334718254
2014-10-26,59.633861334718254
2014-10-27,59.40015580368735
2014-10-28,65.30771228252402
2014-10-29,69.38457543495196
2014-10-30,63.541937159179426
2014-10-31,58.30952999220982
2014-11-01,58.30952999220982
2014-11-02,58.30952999220982
2014-11-03,55.89457283822383
2014-11-04,55.76473643209556
2014-11-05,54.687094261230854
2014-11-06,55.67385094780577
2014-11-07,53.75227213710725
2014-11-08,53.75227213710725
2014-11-09,53.75227213710725
2014-11-10,57.387691508699035
2014-11-11,58.69903921059465
2014-11-12,62.29550766034796
2014-11-13,60.451830693326414
2014-11-14,60.68553622435731
2014-11-15,60.68553622435731
2014-11-16,60.68553622435731
2014-11-17,60.7764217086471
2014-11-18,60.19215788106985
2014-11-19,60.828356271098414
2014-11-20,59.95845235003895
2014-11-21,63.28226434692288
2014-11-22,63.28226434692288
2014-11-23,63.28226434692288
2014-11-24,61.957933004414436
2014-11-25,66.03479615684238
2014-11-26,67.85250584263828
2014-11-27,69.35860815372631
2014-11-28,69.2157881069852
2014-11-29,69.2157881069852
2014-11-30,69.2157881069852
2014-12-01,69.63126460659569
2014-12-02,71.72163074526097
2014-12-03,74.9545572578551
2014-12-04,77.68112178654894
2014-12-05,76.90210334977928
2014-12-06,76.90210334977928
2014-12-07,76.90210334977928
2014-12-08,79.43391326928071
2014-12-09,76.09711763178395
2014-12-10,79.0573876915087
2014-12-11,78.732796676188
2014-12-12,79.90132433134251
2014-12-13,79.90132433134251
2014-12-14,79.90132433134251
2014-12-15,81.7190340171384
2014-12-16,82.75772526616463
2014-12-17,81.900804985718
2014-12-18,81.68008309529992
2014-12-19,82.01765775123344
2014-12-20,82.01765775123344
2014-12-21,82.01765775123344
2014-12-22,79.71955336276292
2014-12-23,79.49883147234485
2014-12-24,78.94053492599325
2014-12-25,79.16125681641132
2014-12-26,81.49831212672034
2014-12-27,81.49831212672034
2014-12-28,81.49831212672034
2014-12-29,80.99195014282004
2014-12-30,79.16125681641132
2014-12-31,80.7842118930148
2015-01-01,80.7842118930148
2015-01-02,80.7842118930148
2015-01-03,80.7842118930148
2015-01-04,80.7842118930148
2015-01-05,83.56271098415996
2015-01-06,84.53648403012205
2015-01-07,84.5624513113477
2015-01-08,83.56271098415996
2015-01-09,82.82264346922878
2015-01-10,82.82264346922878
2015-01-11,82.82264346922878
2015-01-12,81.86185406387952
2015-01-13,82.44611789145677
2015-01-14,83.25110360945209
2015-01-15,82.75772526616463
2015-01-16,83.80940015580369
2015-01-17,83.80940015580369
2015-01-18,83.80940015580369
2015-01-19,80.57647364320955
2015-01-20,83.09529992209815
2015-01-21,84.0041547649961
2015-01-22,84.84809140482992
2015-01-23,84.40664762399376
2015-01-24,84.40664762399376
2015-01-25,84.40664762399376
2015-01-26,85.06881329524799
2015-01-27,85.25058426382758
2015-01-28,84.70527135808881
2015-01-29,84.01713840560893
2015-01-30,82.86159439106726
2015-01-31,82.86159439106726
2015-02-01,82.86159439106726
2015-02-02,81.7190340171384
2015-02-03,83.26408725006492
2015-02-04,82.79667618800312
2015-02-05,83.78343287457804
2015-02-06,82.12152687613606
2015-02-07,82.12152687613606
2015-02-08,82.12152687613606
2015-02-09,82.12152687613606
2015-02-10,83.56271098415996
2015-02-11,84.4715658270579
2015-02-12,84.66632043625032
2015-02-13,84.90002596728122
2015-02-14,84.90002596728122
2015-02-15,84.90002596728122
2015-02-16,84.97792781095819
2015-02-17,85.97766813814593
2015-02-18,85.97766813814593
2015-02-19,85.97766813814593
2015-02-20,85.97766813814593
2015-02-21,85.97766813814593
2015-02-22,85.97766813814593
2015-02-23,85.97766813814593
2015-02-24,85.97766813814593
2015-02-25,84.95196052973255
2015-02-26,85.7309789665022
2015-02-27,85.75694624772787
2015-02-28,85.75694624772787
2015-03-01,85.75694624772787
2015-03-02,87.23708127759024
2015-03-03,86.48403012204622
2015-03-04,87.1332121526876
2015-03-05,85.9646844975331
2015-03-06,86.38016099714359
2015-03-07,86.38016099714359
2015-03-08,86.38016099714359
2015-03-09,86.73071929368994
2015-03-10,86.8475720592054
2015-03-11,86.6138665281745
2015-03-12,86.87353934043107
2015-03-13,87.47078680862114
2015-03-14,87.47078680862114
2015-03-15,87.47078680862114
2015-03-16,88.83406907296806
2015-03-17,89.53518566606077
2015-03-18,89.61308750973774
2015-03-19,89.75590755647883
2015-03-20,91.4178135549208
2015-03-21,91.4178135549208
2015-03-22,91.4178135549208
2015-03-23,90.45702414957154
2015-03-24,91.32692807063101
2015-03-25,92.13191378862633
2015-03-26,90.63879511815112
2015-03-27,92.46948844455986
2015-03-28,92.46948844455986
2015-03-29,92.46948844455986
2015-03-30,92.63827577252661
2015-03-31,92.84601402233186
2015-04-01,93.43027784990912
2015-04-02,93.11867047520124
2015-04-03,93.3783432874578
2015-04-04,93.3783432874578
2015-04-05,93.3783432874578
2015-04-06,93.3783432874578
2015-04-07,93.98857439626072
2015-04-08,93.36535964684496
2015-04-09,92.66424305375227
2015-04-10,93.48221241236043
2015-04-11,93.48221241236043
2015-04-12,93.48221241236043
2015-04-13,93.78083614645547
2015-04-14,94.01454167748636
2015-04-15,93.59906517787587
2015-04-16,93.0537522721371
2015-04-17,93.17060503765255
2015-04-18,93.17060503765255
2015-04-19,93.17060503765255
2015-04-20,93.76785250584264
2015-04-21,94.22227992729161
2015-04-22,94.98831472344845
2015-04-23,95.06621656712542
2015-04-24,94.67670734874059
2015-04-25,94.67670734874059
2015-04-26,94.67670734874059
2015-04-27,95.05323292651259
2015-04-28,94.48195273954816
2015-04-29,94.96234744222279
2015-04-30,93.78083614645547
2015-05-01,93.78083614645547
2015-05-02,93.78083614645547
2015-05-03,93.78083614645547
2015-05-04,94.0275253180992
2015-05-05,93.58608153726304
2015-05-06,92.39158660088289
2015-05-07,92.18384835107764
2015-05-08,93.6120488184887
2015-05-09,93.6120488184887
2015-05-10,93.6120488184887
2015-05-11,94.45598545832252
2015-05-12,94.24824720851727
2015-05-13,95.06621656712542
2015-05-14,94.97533108283562
2015-05-15,94.37808361464555
2015-05-16,94.37808361464555
2015-05-17,94.37808361464555
2015-05-18,94.494936380161
2015-05-19,95.09218384835107
2015-05-20,95.04024928589978
2015-05-21,95.44274214489744
2015-05-22,95.67644767592833
2015-05-23,95.67644767592833
2015-05-24,95.67644767592833
2015-05-25,96.29966242534407
2015-05-26,97.09166450272656
2015-05-27,97.37730459620877
2015-05-28,95.58556219163854
2015-05-29,95.85821864450791
2015-05-30,95.85821864450791
2015-05-31,95.85821864450791
2015-06-01,97.26045183069333
2015-06-02,97.87068293949623
2015-06-03,97.88366658010906
2015-06-04,97.90963386133473
2015-06-05,98.07842118930148
2015-06-06,98.07842118930148
2015-06-07,98.07842118930148
2015-06-08,98.02648662685017
2015-06-09,97.8966502207219
2015-06-10,98.19527395481693
2015-06-11,98.37704492339651
2015-06-12,98.44196312646066
2015-06-13,98.44196312646066
2015-06-14,98.44196312646066
2015-06-15,98.11737211113997
2015-06-16,97.44222279927291
2015-06-17,97.79278109581927
2015-06-18,96.80602440924434
2015-06-19,96.3645806284082
2015-06-20,96.3645806284082
2015-06-21,96.3645806284082
2015-06-22,96.3645806284082
2015-06-23,96.55933523760062
2015-06-24,97.06569722150091
2015-06-25,96.3126460659569
2015-06-26,94.27421448974293
2015-06-27,94.27421448974293
2015-06-28,94.27421448974293
2015-06-29,93.22253960010387
2015-06-30,94.31316541158141
2015-07-01,93.53414697481173
2015-07-02,91.37886263308232
2015-07-03,91.54764996104909
2015-07-04,91.54764996104909
2015-07-05,91.54764996104909
2015-07-06,91.75538821085432
2015-07-07,88.37964165151908
2015-07-08,85.71799532588939
2015-07-09,88.40560893274474
2015-07-10,91.4697481173721
2015-07-11,91.4697481173721
2015-07-12,91.4697481173721
2015-07-13,93.66398338094002
2015-07-14,93.24850688132953
2015-07-15,91.61256816411321
2015-07-16,89.28849649441703
2015-07-17,90.36613866528175
2015-07-18,90.36613866528175
2015-07-19,90.36613866528175
2015-07-20,90.00259672812257
2015-07-21,91.8852246169826
2015-07-22,92.20981563230329
2015-07-23,92.88496494417035
2015-07-24,92.80706310049338
2015-07-25,92.80706310049338
2015-07-26,92.80706310049338
2015-07-27,91.05427161776161
2015-07-28,89.85977668138146
2015-07-29,93.06673591274993
2015-07-30,91.37886263308232
2015-07-31,90.89846793040769
2015-08-01,90.89846793040769
2015-08-02,90.89846793040769
2015-08-03,89.93767852505843
2015-08-04,89.23656193196572
2015-08-05,89.09374188522462
2015-08-06,89.8338094001558
2015-08-07,89.05479096338613
2015-08-08,89.05479096338613
2015-08-09,89.05479096338613
2015-08-10,90.88548428979486
2015-08-11,92.04102830433654
2015-08-12,91.17112438327707
2015-08-13,92.4435211633342
2015-08-14,92.13191378862633
2015-08-15,92.13191378862633
2015-08-16,92.13191378862633
2015-08-17,92.33965203843158
2015-08-18,88.91197091664502
2015-08-19,90.10646585302518
2015-08-20,89.37938197870683
2015-08-21,87.39288496494417
2015-08-22,87.39288496494417
2015-08-23,87.39288496494417
2015-08-24,85.05582965463516
2015-08-25,78.56400934822125
2015-08-26,74.25344066476241
2015-08-27,78.21345105167488
2015-08-28,83.00441443780836
2015-08-29,83.00441443780836
2015-08-30,83.00441443780836
2015-08-31,84.95196052973255
2015-09-01,83.99117112438329
2015-09-02,82.6019215788107
2015-09-03,82.6019215788107
2015-09-04,82.6019215788107
2015-09-05,82.6019215788107
2015-09-06,82.6019215788107
2015-09-07,80.88808101791743
2015-09-08,83.51077642170864
2015-09-09,84.45858218644507
2015-09-10,84.4715658270579
2015-09-11,84.32874578031681
2015-09-12,84.32874578031681
2015-09-13,84.32874578031681
2015-09-14,81.19968839262529
2015-09-15,77.1877434432615
2015-09-16,81.97870682939497
2015-09-17,79.35601142560374
2015-09-18,80.4596208776941
2015-09-19,80.4596208776941
2015-09-20,80.4596208776941
2015-09-21,83.43287457803169
2015-09-22,84.30277849909115
2015-09-23,82.75772526616463
2015-09-24,83.73149831212672
2015-09-25,78.36925473902883
2015-09-26,78.36925473902883
2015-09-27,78.36925473902883
2015-09-28,80.00519345624512
2015-09-29,77.68112178654894
2015-09-30,78.46014022331862
2015-10-01,78.46014022331862
2015-10-02,78.46014022331862
2015-10-03,78.46014022331862
2015-10-04,78.46014022331862
2015-10-05,78.46014022331862
2015-10-06,78.46014022331862
2015-10-07,78.46014022331862
2015-10-08,82.40716696961829
2015-10-09,83.80940015580369
2015-10-10,83.80940015580369
2015-10-11,83.80940015580369
2015-10-12,85.25058426382758
2015-10-13,85.49727343547131
2015-10-14,85.0298623734095
2015-10-15,86.198390028564
2015-10-16,86.79563749675408
2015-10-17,86.79563749675408
2015-10-18,86.79563749675408
2015-10-19,85.89976629446898
2015-10-20,86.7047520124643
2015-10-21,85.04284601402233
2015-10-22,86.25032459101533
2015-10-23,87.43183588678265
2015-10-24,87.43183588678265
2015-10-25,87.43183588678265
2015-10-26,86.97740846533368
2015-10-27,86.44507920020774
2015-10-28,84.78317320176578
2015-10-29,84.66632043625032
2015-10-30,85.39340431056868
2015-10-31,85.39340431056868
2015-11-01,85.39340431056868
2015-11-02,81.86185406387952
2015-11-03,81.86185406387952
2015-11-04,85.15969877953779
2015-11-05,85.32848610750455
2015-11-06,86.30225915346664
2015-11-07,86.30225915346664
2015-11-08,86.30225915346664
2015-11-09,86.69176837185147
2015-11-10,86.91249026226954
2015-11-11,87.10724487146196
2015-11-12,86.92547390288237
2015-11-13,85.86081537263048
2015-11-14,85.86081537263048
2015-11-15,85.86081537263048
2015-11-16,86.45806284082057
2015-11-17,86.17242274733835
2015-11-18,85.48428979485848
2015-11-19,86.30225915346664
2015-11-20,86.574915606336
2015-11-21,86.574915606336
2015-11-22,86.574915606336
2015-11-23,86.49701376265905
2015-11-24,86.54894832511036
2015-11-25,87.01635938717216
2015-11-26,86.56193196572319
2015-11-27,83.56271098415996
2015-11-28,83.56271098415996
2015-11-29,83.56271098415996
2015-11-30,83.43287457803169
2015-12-01,83.96520384315762
2015-12-02,84.71825499870164
2015-12-03,85.28953518566607
2015-12-04,84.80914048299142
2015-12-05,84.80914048299142
2015-12-06,84.80914048299142
2015-12-07,85.30251882627888
2015-12-08,84.36769670215529
2015-12-09,84.27681121786549
2015-12-10,83.88730199948066
2015-12-11,83.47182549987016
2015-12-12,83.47182549987016
2015-12-13,83.47182549987016
2015-12-14,83.21215268761361
2015-12-15,83.75746559335238
2015-12-16,83.73149831212672
2015-12-17,85.08179693586082
2015-12-18,85.10776421708647
2015-12-19,85.10776421708647
2015-12-20,85.10776421708647
2015-12-21,85.6790444040509
2015-12-22,85.84783173201765
2015-12-23,85.36743702934302
2015-12-24,85.23760062321475
2015-12-25,85.18566606076344
2015-12-26,85.18566606076344
2015-12-27,85.18566606076344
2015-12-28,83.75746559335238
2015-12-29,84.49753310828356
2015-12-30,84.7961568423786
2015-12-31,84.13399117112438
2016-01-01,84.13399117112438
2016-01-02,84.13399117112438
2016-01-03,84.13399117112438
2016-01-04,76.23993767852507
2016-01-05,75.13632822643469
2016-01-06,77.2396780057128
2016-01-07,70.90366138665281
2016-01-08,70.59205401194495
2016-01-09,70.59205401194495
2016-01-10,70.59205401194495
2016-01-11,63.19137886263309
2016-01-12,70.51415216826798
2016-01-13,64.0353155024669
2016-01-14,70.52713580888081
2016-01-15,62.81485328486107
2016-01-16,62.81485328486107
2016-01-17,62.81485328486107
2016-01-18,65.32069592313685
2016-01-19,65.32069592313685
2016-01-20,69.87795377823942
2016-01-21,61.52947286419111
2016-01-22,64.82731757984939
2016-01-23,64.82731757984939
2016-01-24,64.82731757984939
2016-01-25,67.34614385873799
2016-01-26,51.37626590495975
2016-01-27,50.96078940534926
2016-01-28,43.98857439626071
2016-01-29,49.93508179693586
2016-01-30,49.93508179693586
2016-01-31,49.93508179693586
2016-02-01,48.23422487665541
2016-02-02,52.999220981563234
2016-02-03,52.999220981563234
2016-02-04,57.17995325889379
2016-02-05,55.51804726045183
2016-02-06,55.51804726045183
2016-02-07,55.51804726045183
2016-02-08,55.51804726045183
2016-02-09,55.51804726045183
2016-02-10,55.51804726045183
2016-02-11,55.51804726045183
2016-02-12,55.51804726045183
2016-02-13,55.51804726045183
2016-02-14,55.51804726045183
2016-02-15,55.49207997922617
2016-02-16,63.65878992469488
2016-02-17,66.07374707868087
2016-02-18,65.42456504803947
2016-02-19,65.84004154764996
2016-02-20,65.84004154764996
2016-02-21,65.84004154764996
2016-02-22,70.30641391846274
2016-02-23,68.68345884185926
2016-02-24,69.60529732537003
2016-02-25,52.661646325629704
2016-02-26,53.53155024668917
2016-02-27,53.53155024668917
2016-02-28,53.53155024668917
2016-02-29,54.46637237081278
2016-03-01,59.867566865749154
2016-03-02,64.74941573617242
2016-03-03,64.82731757984939
2016-03-04,55.89457283822383
2016-03-05,55.89457283822383
2016-03-06,55.89457283822383
2016-03-07,59.867566865749154
2016-03-08,65.73617242274734
2016-03-09,60.7764217086471
2016-03-10,56.73850947805765
2016-03-11,56.37496754089847
2016-03-12,56.37496754089847
2016-03-13,56.37496754089847
2016-03-14,63.02259153466632
2016-03-15,61.555440145416775
2016-03-16,59.76369774084653
2016-03-17,65.42456504803947
2016-03-18,65.84004154764996
2016-03-19,65.84004154764996
2016-03-20,65.84004154764996
2016-03-21,64.20410283043365
2016-03-22,63.12646065956894
2016-03-23,64.50272656452869
2016-03-24,67.34614385873799
2016-03-25,62.10075305115554
2016-03-26,62.10075305115554
2016-03-27,62.10075305115554
2016-03-28,59.1924175538821
2016-03-29,58.8158919761101
2016-03-30,65.19085951700858
2016-03-31,62.34744222279927
2016-04-01,68.13814593612048
2016-04-02,68.13814593612048
2016-04-03,68.13814593612048
2016-04-04,68.13814593612048
2016-04-05,66.63204362503245
2016-04-06,66.63204362503245
2016-04-07,62.62009867566866
2016-04-08,61.165930927031944
2016-04-09,61.165930927031944
2016-04-10,61.165930927031944
2016-04-11,64.95715398597767
2016-04-12,64.11321734614386
2016-04-13,67.74863671773565
2016-04-14,68.86522981043885
2016-04-15,66.73591274993508
2016-04-16,66.73591274993508
2016-04-17,66.73591274993508
2016-04-18,64.61957933004415
2016-04-19,64.74941573617242
2016-04-20,63.074526097117634
2016-04-21,60.68553622435731
2016-04-22,63.65878992469488
2016-04-23,63.65878992469488
2016-04-24,63.65878992469488
2016-04-25,64.38587379901324
2016-04-26,63.892495455725786
2016-04-27,62.34744222279927
2016-04-28,64.34692287717476
2016-04-29,70.3843157621397
2016-04-30,70.3843157621397
2016-05-01,70.3843157621397
2016-05-02,70.3843157621397
2016-05-03,73.30563490002596
2016-05-04,72.95507660347963
2016-05-05,73.53934043105687
2016-05-06,69.87795377823942
2016-05-07,69.87795377823942
2016-05-08,69.87795377823942
2016-05-09,62.905738769150865
2016-05-10,62.67203323811997
2016-05-11,62.67203323811997
2016-05-12,62.62009867566866
2016-05-13,61.60737470786809
2016-05-14,61.60737470786809
2016-05-15,61.60737470786809
2016-05-16,64.0353155024669
2016-05-17,64.11321734614386
2016-05-18,60.42586341210075
2016-05-19,61.11399636458062
2016-05-20,62.34744222279927
2016-05-21,62.34744222279927
2016-05-22,62.34744222279927
2016-05-23,64.0353155024669
2016-05-24,61.957933004414436
2016-05-25,60.283043365359646
2016-05-26,62.269540379122304
2016-05-27,62.516229550766035
2016-05-28,62.516229550766035
2016-05-29,62.516229550766035
2016-05-30,60.38691249026227
2016-05-31,69.15086990392106
2016-06-01,69.72215009088548
2016-06-02,70.55310309010646
2016-06-03,70.63100493378343
2016-06-04,70.63100493378343
2016-06-05,70.63100493378343
2016-06-06,70.82575954297585
2016-06-07,70.7608413399117
2016-06-08,70.1506102311088
2016-06-09,70.1506102311088
2016-06-10,70.1506102311088
2016-06-11,70.1506102311088
2016-06-12,70.1506102311088
2016-06-13,70.87769410542715
2016-06-14,70.43625032459101
2016-06-15,72.59153466632043
2016-06-16,68.86522981043885
2016-06-17,72.26694365099974
2016-06-18,72.26694365099974
2016-06-19,72.26694365099974
2016-06-20,72.05920540119449
2016-06-21,71.37107244871463
2016-06-22,73.18878213451052
2016-06-23,72.61750194754609
2016-06-24,67.85250584263828
2016-06-25,67.85250584263828
2016-06-26,67.85250584263828
2016-06-27,70.96857958971695
2016-06-28,71.72163074526097
2016-06-29,71.85146715138924
2016-06-30,72.2020254479356
2016-07-01,72.05920540119449
2016-07-02,72.05920540119449
2016-07-03,72.05920540119449
2016-07-04,75.09737730459621
2016-07-05,75.46091924175539
2016-07-06,76.1230849130096
2016-07-07,75.94131394443002
2016-07-08,75.53882108543235
2016-07-09,75.53882108543235
2016-07-10,75.53882108543235
2016-07-11,76.29187224097636
2016-07-12,75.8893793819787
2016-07-13,76.46065956894313
2016-07-14,78.36925473902883
2016-07-15,78.1225655673851
2016-07-16,78.1225655673851
2016-07-17,78.1225655673851
2016-07-18,77.99272916125682
2016-07-19,78.07063100493379
2016-07-20,77.99272916125682
2016-07-21,78.17450012983642
2016-07-22,77.94079459880551
2016-07-23,77.94079459880551
2016-07-24,77.94079459880551
2016-07-25,78.22643469228771
2016-07-26,79.43391326928071
2016-07-27,76.34380680342768
2016-07-28,76.22695403791224
2016-07-29,75.46091924175539
2016-07-30,75.46091924175539
2016-07-31,75.46091924175539
2016-08-01,76.59049597507142
2016-08-02,76.95403791223059
2016-08-03,77.08387431835887
2016-08-04,77.4733835367437
2016-08-05,77.2396780057128
2016-08-06,77.2396780057128
2016-08-07,77.2396780057128
2016-08-08,78.56400934822125
2016-08-09,79.1482731757985
2016-08-10,78.70682939496236
2016-08-11,77.86289275512854
2016-08-12,79.62866787847312
2016-08-13,79.62866787847312
2016-08-14,79.62866787847312
2016-08-15,82.69280706310049
2016-08-16,82.73175798493898
2016-08-17,82.86159439106726
2016-08-18,82.69280706310049
2016-08-19,81.42041028304337
2016-08-20,81.42041028304337
2016-08-21,81.42041028304337
2016-08-22,79.01843676967022
2016-08-23,78.94053492599325
2016-08-24,80.30381719034018
2016-08-25,79.62866787847312
2016-08-26,84.03012204622175
2016-08-27,84.03012204622175
2016-08-28,84.03012204622175
2016-08-29,83.78343287457804
2016-08-30,83.19916904700078
2016-08-31,82.96546351596987
2016-09-01,82.27733056349
2016-09-02,82.31628148532849
2016-09-03,82.31628148532849
2016-09-04,82.31628148532849
2016-09-05,80.0830952999221
2016-09-06,81.32952479875357
2016-09-07,83.14723448454947
2016-09-08,83.13425084393664
2016-09-09,82.4591015320696
2016-09-10,82.4591015320696
2016-09-11,82.4591015320696
2016-09-12,79.52479875357051
2016-09-13,79.74552064398857
2016-09-14,79.36899506621657
2016-09-15,79.36899506621657
2016-09-16,79.36899506621657
2016-09-17,79.36899506621657
2016-09-18,79.36899506621657
2016-09-19,80.19994806543755
2016-09-20,80.07011165930928
2016-09-21,80.30381719034018
2016-09-22,80.64139184627369
2016-09-23,80.0830952999221
2016-09-24,80.0830952999221
2016-09-25,80.0830952999221
2016-09-26,78.0316800830953
2016-09-27,78.62892755128537
2016-09-28,78.27836925473903
2016-09-29,78.56400934822125
2016-09-30,78.732796676188
2016-10-01,78.732796676188
2016-10-02,78.732796676188
2016-10-03,78.732796676188
2016-10-04,78.732796676188
2016-10-05,78.732796676188
2016-10-06,78.732796676188
2016-10-07,78.732796676188
2016-10-08,78.732796676188
2016-10-09,78.732796676188
2016-10-10,80.56349000259672
2016-10-11,81.31654115814074
2016-10-12,80.99195014282004
2016-10-13,81.29057387691509
2016-10-14,81.19968839262529
2016-10-15,81.19968839262529
2016-10-16,81.19968839262529
2016-10-17,80.18696442482472
2016-10-18,81.92677226694364
2016-10-19,81.900804985718
2016-10-20,82.00467411062063
2016-10-21,79.2910932225396
2016-10-22,79.2910932225396
2016-10-23,79.2910932225396
2016-10-24,80.64139184627369
2016-10-25,79.2391586600883
2016-10-26,77.55128538042067
2016-10-27,77.87587639574136
2016-10-28,73.33160218125163
2016-10-29,73.33160218125163
2016-10-30,73.33160218125163
2016-10-31,72.17605816670995
2016-11-01,72.96806024409244
2016-11-02,72.13710724487146
2016-11-03,73.01999480654375
2016-11-04,72.53960010386913
2016-11-05,72.53960010386913
2016-11-06,72.53960010386913
2016-11-07,72.5266164632563
2016-11-08,73.9288496494417
2016-11-09,72.96806024409244
2016-11-10,74.4871461957933
2016-11-11,75.03245910153207
2016-11-12,75.03245910153207
2016-11-13,75.03245910153207
2016-11-14,75.8374448195274
2016-11-15,75.82446117891458
2016-11-16,75.91534666320436
2016-11-17,76.34380680342768
2016-11-18,75.17527914827318
2016-11-19,75.17527914827318
2016-11-20,75.17527914827318
2016-11-21,75.46091924175539
2016-11-22,76.31783952220202
2016-11-23,75.94131394443002
2016-11-24,75.90236302259153
2016-11-25,76.36977408465334
2016-11-26,76.36977408465334
2016-11-27,76.36977408465334
2016-11-28,76.74629966242534
2016-11-29,76.66839781874837
2016-11-30,76.23993767852507
2016-12-01,76.75928330303817
2016-12-02,75.57777200727084
2016-12-03,75.57777200727084
2016-12-04,75.57777200727084
2016-12-05,74.53908075824461
2016-12-06,73.9288496494417
2016-12-07,74.88963905479096
2016-12-08,74.4871461957933
2016-12-09,74.3443261490522
2016-12-10,74.3443261490522
2016-12-11,74.3443261490522
2016-12-12,75.01947546091924
2016-12-13,74.81173721111399
2016-12-14,74.0197351337315
2016-12-15,74.25344066476241
2016-12-16,74.53908075824461
2016-12-17,74.53908075824461
2016-12-18,74.53908075824461
2016-12-19,74.22747338353675
2016-12-20,73.65619319657232
2016-12-21,74.85068813295248
2016-12-22,74.81173721111399
2016-12-23,73.53934043105687
2016-12-24,73.53934043105687
2016-12-25,73.53934043105687
2016-12-26,73.82498052453909
2016-12-27,73.43547130615424
2016-12-28,72.9031420410283
2016-12-29,72.6694365099974
2016-12-30,72.73435471306155
2016-12-31,72.73435471306155
2017-01-01,72.73435471306155
2017-01-02,72.73435471306155
2017-01-03,73.88989872760322
2017-01-04,74.88963905479096
2017-01-05,75.13632822643469
2017-01-06,74.40924435211633
2017-01-07,74.40924435211633
2017-01-08,74.40924435211633
2017-01-09,75.12334458582185
2017-01-10,74.81173721111399
2017-01-11,73.79901324331342
2017-01-12,72.59153466632043
2017-01-13,71.44897429239158
2017-01-14,71.44897429239158
2017-01-15,71.44897429239158
2017-01-16,70.21552843417295
2017-01-17,70.8517268242015
2017-01-18,70.7089067774604
2017-01-19,70.43625032459101
2017-01-20,71.21526876136069
2017-01-21,71.21526876136069
2017-01-22,71.21526876136069
2017-01-23,71.8774344326149
2017-01-24,71.51389249545572
2017-01-25,72.11113996364581
2017-01-26,73.01999480654375
2017-01-27,73.01999480654375
2017-01-28,73.01999480654375
2017-01-29,73.01999480654375
2017-01-30,73.01999480654375
2017-01-31,73.01999480654375
2017-02-01,73.01999480654375
2017-02-02,73.01999480654375
2017-02-03,72.6694365099974
2017-02-04,72.6694365099974
2017-02-05,72.6694365099974
2017-02-06,73.30563490002596
2017-02-07,72.9031420410283
2017-02-08,73.88989872760322
2017-02-09,74.3962607115035
2017-02-10,74.59101532069592
2017-02-11,74.59101532069592
2017-02-12,74.59101532069592
2017-02-13,75.29213191378862
2017-02-14,76.59049597507142
2017-02-15,75.6556738509478
2017-02-16,76.17501947546091
2017-02-17,75.68164113217347
2017-02-18,75.68164113217347
2017-02-19,75.68164113217347
2017-02-20,76.72033238119968
2017-02-21,77.42144897429239
2017-02-22,77.4733835367437
2017-02-23,77.30459620877694
2017-02-24,77.34354713061542
2017-02-25,77.34354713061542
2017-02-26,77.34354713061542
2017-02-27,76.95403791223059
2017-02-28,76.36977408465334
2017-03-01,76.69436509997404
2017-03-02,76.05816670994547
2017-03-03,75.8374448195274
2017-03-04,75.8374448195274
2017-03-05,75.8374448195274
2017-03-06,76.51259413139444
2017-03-07,76.48662685016878
2017-03-08,75.57777200727084
2017-03-09,74.73383536743702
2017-03-10,74.6689171643729
2017-03-11,74.6689171643729
2017-03-12,74.6689171643729
2017-03-13,75.66865749156064
2017-03-14,75.94131394443002
2017-03-15,75.92833030381719
2017-03-16,76.01921578810699
2017-03-17,74.88963905479096
2017-03-18,74.88963905479096
2017-03-19,74.88963905479096
2017-03-20,76.05816670994547
2017-03-21,76.56452869384576
2017-03-22,76.01921578810699
2017-03-23,76.20098675668658
2017-03-24,77.38249805245391
2017-03-25,77.38249805245391
2017-03-26,77.38249805245391
2017-03-27,76.98000519345625
2017-03-28,76.87613606855362
2017-03-29,76.82420150610231
2017-03-30,74.73383536743702
2017-03-31,75.29213191378862
2017-04-01,75.29213191378862
2017-04-02,75.29213191378862
2017-04-03,75.29213191378862
2017-04-04,75.29213191378862
2017-04-05,75.78551025707608
2017-04-06,75.94131394443002
2017-04-07,76.13606855362244
2017-04-08,76.13606855362244
2017-04-09,76.13606855362244
2017-04-10,75.68164113217347
2017-04-11,76.00623214749416
2017-04-12,76.81121786548948
2017-04-13,77.83692547390288
2017-04-14,76.99298883406908
2017-04-15,76.99298883406908
2017-04-16,76.99298883406908
2017-04-17,76.27888860036353
2017-04-18,75.43495196052973
2017-04-19,73.79901324331342
2017-04-20,74.25344066476241
2017-04-21,73.3705531030901
2017-04-22,73.3705531030901
2017-04-23,73.3705531030901
2017-04-24,73.20176577512333
2017-04-25,74.3443261490522
2017-04-26,75.08439366398338
2017-04-27,75.57777200727084
2017-04-28,74.14957153985978
2017-04-29,74.14957153985978
2017-04-30,74.14957153985978
2017-05-01,74.14957153985978
2017-05-02,67.85250584263828
2017-05-03,66.96961828096597
2017-05-04,65.45053232926512
2017-05-05,62.67203323811997
2017-05-06,62.67203323811997
2017-05-07,62.67203323811997
2017-05-08,59.82861594391067
2017-05-09,60.16619059984419
2017-05-10,55.79070371332121
2017-05-11,54.687094261230854
2017-05-12,54.752012464294985
2017-05-13,54.752012464294985
2017-05-14,54.752012464294985
2017-05-15,55.51804726045183
2017-05-16,58.4913009607894
2017-05-17,58.4913009607894
2017-05-18,57.73824980524539
2017-05-19,57.73824980524539
2017-05-20,57.73824980524539
2017-05-21,57.73824980524539
2017-05-22,55.89457283822383
2017-05-23,53.32381199688393
2017-05-24,53.960010386912494
2017-05-25,56.73850947805765
2017-05-26,56.21916385354453
2017-05-27,56.21916385354453
2017-05-28,56.21916385354453
2017-05-29,56.21916385354453
2017-05-30,56.21916385354453
2017-05-31,57.73824980524539
2017-06-01,55.67385094780577
2017-06-02,56.37496754089847
2017-06-03,56.37496754089847
2017-06-04,56.37496754089847
2017-06-05,56.80342768112179
2017-06-06,57.73824980524539
2017-06-07,61.308750973773044
2017-06-08,61.52947286419111
2017-06-09,61.76317839522202
2017-06-10,61.76317839522202
2017-06-11,61.76317839522202
2017-06-12,54.90781615164892
2017-06-13,56.73850947805765
2017-06-14,55.79070371332121
2017-06-15,57.17995325889379
2017-06-16,57.02414957153986
2017-06-17,57.02414957153986
2017-06-18,57.02414957153986
2017-06-19,58.40041547649961
2017-06-20,58.27057907037133
2017-06-21,59.95845235003895
2017-06-22,58.69903921059465
2017-06-23,59.52999220981563
2017-06-24,59.52999220981563
2017-06-25,59.52999220981563
2017-06-26,62.67203323811997
2017-06-27,62.94468969098935
2017-06-28,61.555440145416775
2017-06-29,63.19137886263309
2017-06-30,63.28226434692288
2017-07-01,63.28226434692288
2017-07-02,63.28226434692288
2017-07-03,64.34692287717476
2017-07-04,63.412100753051156
2017-07-05,65.09997403271878
2017-07-06,65.11295767333161
2017-07-07,60.68553622435731
2017-07-08,60.68553622435731
2017-07-09,60.68553622435731
2017-07-10,60.283043365359646
2017-07-11,64.2690210334978
2017-07-12,57.945988055050634
2017-07-13,58.919761101012725
2017-07-14,58.69903921059465
2017-07-15,58.69903921059465
2017-07-16,58.69903921059465
2017-07-17,52.41495715398597
2017-07-18,53.388730199948064
2017-07-19,58.27057907037133
2017-07-20,58.8158919761101
2017-07-21,58.4913009607894
2017-07-22,58.4913009607894
2017-07-23,58.4913009607894
2017-07-24,59.244352116333424
2017-07-25,57.8810698519865
2017-07-26,58.16670994546871
2017-07-27,60.036354193715916
2017-07-28,60.283043365359646
2017-07-29,60.283043365359646
2017-07-30,60.283043365359646
2017-07-31,61.490521942352636
2017-08-01,61.555440145416775
2017-08-02,61.11399636458062
2017-08-03,61.3347182549987
2017-08-04,61.165930927031944
2017-08-05,61.165930927031944
2017-08-06,61.165930927031944
2017-08-07,62.62009867566866
2017-08-08,63.892495455725786
2017-08-09,64.20410283043365
2017-08-10,64.0353155024669
2017-08-11,58.99766294468969
2017-08-12,58.99766294468969
2017-08-13,58.99766294468969
2017-08-14,64.0872500649182
2017-08-15,64.38587379901324
2017-08-16,65.03505582965462
2017-08-17,66.87873279667619
2017-08-18,64.95715398597767
2017-08-19,64.95715398597767
2017-08-20,64.95715398597767
2017-08-21,67.51493118670476
2017-08-22,65.35964684497533
2017-08-23,65.19085951700858
2017-08-24,63.12646065956894
2017-08-25,66.34640353155025
2017-08-26,66.34640353155025
2017-08-27,66.34640353155025
2017-08-28,69.56634640353155
2017-08-29,65.24279407945987
2017-08-30,65.59335237600624
2017-08-31,64.82731757984939
2017-09-01,66.22955076603479
2017-09-02,66.22955076603479
2017-09-03,66.22955076603479
2017-09-04,68.13814593612048
2017-09-05,67.51493118670476
2017-09-06,67.96935860815373
2017-09-07,66.03479615684238
2017-09-08,65.68423786029602
2017-09-09,65.68423786029602
2017-09-10,65.68423786029602
2017-09-11,67.3980784211893
2017-09-12,67.96935860815373
2017-09-13,68.38483510776422
2017-09-14,67.51493118670476
2017-09-15,66.82679823422487
2017-09-16,66.82679823422487
2017-09-17,66.82679823422487
2017-09-18,68.38483510776422
2017-09-19,67.28122565567385
2017-09-20,68.77434432614905
2017-09-21,67.15138924954557
2017-09-22,65.84004154764996
2017-09-23,65.84004154764996
2017-09-24,65.84004154764996
2017-09-25,63.65878992469488
2017-09-26,64.11321734614386
2017-09-27,65.11295767333161
2017-09-28,65.16489223578292
2017-09-29,66.34640353155025
2017-09-30,66.34640353155025
2017-10-01,66.34640353155025
2017-10-02,66.34640353155025
2017-10-03,66.34640353155025
2017-10-04,66.34640353155025
2017-10-05,66.34640353155025
2017-10-06,66.34640353155025
2017-10-07,66.34640353155025
2017-10-08,66.34640353155025
2017-10-09,69.11191898208257
2017-10-10,69.82601921578811
2017-10-11,69.33264087250065
2017-10-12,69.11191898208257
2017-10-13,69.72215009088548
2017-10-14,69.72215009088548
2017-10-15,69.72215009088548
2017-10-16,68.0083095299922
2017-10-17,67.3980784211893
2017-10-18,67.15138924954557
2017-10-19,64.51571020514152
2017-10-20,65.59335237600624
2017-10-21,65.59335237600624
2017-10-22,65.59335237600624
2017-10-23,65.84004154764996
2017-10-24,66.22955076603479
2017-10-25,67.28122565567385
2017-10-26,68.2809659828616
2017-10-27,66.34640353155025
2017-10-28,66.34640353155025
2017-10-29,66.34640353155025
2017-10-30,68.91716437289016
2017-10-31,67.51493118670476
2017-11-01,67.34614385873799
2017-11-02,68.44975331082836
2017-11-03,67.15138924954557
2017-11-04,67.15138924954557
2017-11-05,67.15138924954557
2017-11-06,68.91716437289016
2017-11-07,70.7089067774604
2017-11-08,70.87769410542715
2017-11-09,71.18930148013503
2017-11-10,71.37107244871463
2017-11-11,71.37107244871463
2017-11-12,71.37107244871463
2017-11-13,71.85146715138924
2017-11-14,71.13736691768372
2017-11-15,69.95585562191638
2017-11-16,69.82601921578811
2017-11-17,65.762139703973
2017-11-18,65.762139703973
2017-11-19,65.762139703973
2017-11-20,67.74863671773565
2017-11-21,69.47546091924175
2017-11-22,70.04674110620618
2017-11-23,64.51571020514152
2017-11-24,69.51441184108023
2017-11-25,69.51441184108023
2017-11-26,69.51441184108023
2017-11-27,66.07374707868087
2017-11-28,69.00804985717996
2017-11-29,68.72240976369774
2017-11-30,66.21656712542196
2017-12-01,67.78758763957413
2017-12-02,67.78758763957413
2017-12-03,67.78758763957413
2017-12-04,66.73591274993508
2017-12-05,63.412100753051156
2017-12-06,64.4118410802389
2017-12-07,63.074526097117634
2017-12-08,64.61957933004415
2017-12-09,64.61957933004415
2017-12-10,64.61957933004415
2017-12-11,65.16489223578292
2017-12-12,63.12646065956894
2017-12-13,64.28200467411061
2017-12-14,63.412100753051156
2017-12-15,61.76317839522202
2017-12-16,61.76317839522202
2017-12-17,61.76317839522202
2017-12-18,61.47753830173981
2017-12-19,57.66034796156843
2017-12-20,61.73721111399636
2017-12-21,62.905738769150865
2017-12-22,62.10075305115554
2017-12-23,62.10075305115554
2017-12-24,62.10075305115554
2017-12-25,59.82861594391067
2017-12-26,60.7764217086471
2017-12-27,59.45209036613866
2017-12-28,61.490521942352636
2017-12-29,62.516229550766035
2017-12-30,62.516229550766035
2017-12-31,62.516229550766035
2018-01-01,62.516229550766035
2018-01-02,65.11295767333161
2018-01-03,67.51493118670476
2018-01-04,68.13814593612048
2018-01-05,68.0083095299922
2018-01-06,68.0083095299922
2018-01-07,68.0083095299922
2018-01-08,68.94313165411582
2018-01-09,69.33264087250065
2018-01-10,63.451051674889634
2018-01-11,64.51571020514152
2018-01-12,63.60685536224358
2018-01-13,63.60685536224358
2018-01-14,63.60685536224358
2018-01-15,64.82731757984939
2018-01-16,60.828356271098414
2018-01-17,66.22955076603479
2018-01-18,66.32043625032459
2018-01-19,67.85250584263828
2018-01-20,67.85250584263828
2018-01-21,67.85250584263828
2018-01-22,64.82731757984939
2018-01-23,66.34640353155025
2018-01-24,68.38483510776422
2018-01-25,67.72266943651
2018-01-26,67.3980784211893
2018-01-27,67.3980784211893
2018-01-28,67.3980784211893
2018-01-29,64.20410283043365
2018-01-30,62.29550766034796
2018-01-31,60.529732537003376
2018-02-01,60.451830693326414
2018-02-02,63.19137886263309
2018-02-03,63.19137886263309
2018-02-04,63.19137886263309
2018-02-05,62.23058945728383
2018-02-06,52.59672812256557
2018-02-07,51.75279148273175
2018-02-08,52.427940794598804
2018-02-09,44.702674629966246
2018-02-10,44.702674629966246
2018-02-11,44.702674629966246
2018-02-12,48.72760321994287
2018-02-13,52.051415216826804
2018-02-14,52.687613606855365
2018-02-15,52.687613606855365
2018-02-16,52.687613606855365
2018-02-17,52.687613606855365
2018-02-18,52.687613606855365
2018-02-19,52.687613606855365
2018-02-20,52.687613606855365
2018-02-21,52.687613606855365
2018-02-22,57.634380680342765
2018-02-23,58.06284082056609
2018-02-24,58.06284082056609
2018-02-25,58.06284082056609
2018-02-26,61.86704752012464
2018-02-27,61.308750973773044
2018-02-28,58.8158919761101
2018-03-01,55.76473643209556
2018-03-02,59.867566865749154
2018-03-03,59.867566865749154
2018-03-04,59.867566865749154
2018-03-05,56.621656712542205
2018-03-06,58.919761101012725
2018-03-07,63.074526097117634
2018-03-08,58.984679304076856
2018-03-09,61.86704752012464
2018-03-10,61.86704752012464
2018-03-11,61.86704752012464
2018-03-12,64.4118410802389
2018-03-13,62.24357309789666
2018-03-14,60.38691249026227
2018-03-15,60.34796156842379
2018-03-16,54.90781615164892
2018-03-17,54.90781615164892
2018-03-18,54.90781615164892
2018-03-19,55.20643988574396
2018-03-20,55.67385094780577
2018-03-21,54.687094261230854
2018-03-22,53.34977927810958
2018-03-23,51.66190599844196
2018-03-24,51.66190599844196
2018-03-25,51.66190599844196
2018-03-26,50.48039470267462
2018-03-27,54.752012464294985
2018-03-28,52.505842638275766
2018-03-29,53.27187743443261
2018-03-30,55.42716177616204
2018-03-31,55.42716177616204
2018-04-01,55.42716177616204
2018-04-02,55.51804726045183
2018-04-03,53.3108283562711
2018-04-04,52.103349779278105
2018-04-05,52.103349779278105
2018-04-06,52.103349779278105
2018-04-07,52.103349779278105
2018-04-08,52.103349779278105
2018-04-09,52.999220981563234
2018-04-10,54.06387951181512
2018-04-11,54.84289794858478
2018-04-12,53.84315762139704
2018-04-13,52.843417294209296
2018-04-14,52.843417294209296
2018-04-15,52.843417294209296
2018-04-16,51.59698779537783
2018-04-17,47.805764736432096
2018-04-18,49.311867047520124
2018-04-19,50.11685276551545
2018-04-20,46.85795897169566
2018-04-21,46.85795897169566
2018-04-22,46.85795897169566
2018-04-23,46.01402233186185
2018-04-24,49.13009607894053
2018-04-25,49.18203064139185
2018-04-26,43.98857439626071
2018-04-27,47.31238639314464
2018-04-28,47.31238639314464
2018-04-29,47.31238639314464
2018-04-30,47.31238639314464
2018-05-01,47.31238639314464
2018-05-02,46.52038431576214
2018-05-03,48.19527395481693
2018-05-04,42.833030381719034
2018-05-05,42.833030381719034
2018-05-06,42.833030381719034
2018-05-07,45.44274214489743
2018-05-08,46.40353155024669
2018-05-09,45.78031680083095
2018-05-10,51.10360945209037
2018-05-11,45.44274214489743
2018-05-12,45.44274214489743
2018-05-13,45.44274214489743
2018-05-14,50.06491820306414
2018-05-15,51.869644248247205
2018-05-16,50.61023110880291
2018-05-17,49.88314723448455
2018-05-18,51.10360945209037
2018-05-19,51.10360945209037
2018-05-20,51.10360945209037
2018-05-21,52.687613606855365
2018-05-22,53.05115554401454
2018-05-23,51.24642949883147
2018-05-24,50.40249285899766
2018-05-25,49.40275253180992
2018-05-26,49.40275253180992
2018-05-27,49.40275253180992
2018-05-28,48.844455985458325
2018-05-29,46.72812256556739
2018-05-30,42.521423007011165
2018-05-31,45.29992209815632
2018-06-01,43.83277070890678
2018-06-02,43.83277070890678
2018-06-03,43.83277070890678
2018-06-04,42.89794858478317
2018-06-05,45.29992209815632
2018-06-06,45.702414957153984
2018-06-07,44.443001817709685
2018-06-08,41.76837185146715
2018-06-09,41.76837185146715
2018-06-10,41.76837185146715
2018-06-11,31.303557517527913
2018-06-12,33.09529992209816
2018-06-13,29.34302778499091
2018-06-14,28.719813035575175
2018-06-15,24.64294988314723
2018-06-16,24.64294988314723
2018-06-17,24.64294988314723
2018-06-18,24.64294988314723
2018-06-19,12.918722409763697
2018-06-20,13.905479096338613
2018-06-21,11.075045442742145
2018-06-22,12.282524019735133
2018-06-23,12.282524019735133
2018-06-24,12.282524019735133
2018-06-25,11.529472864191119
2018-06-26,11.76317839522202
2018-06-27,10.296027005972475
2018-06-28,9.789665022072189
2018-06-29,12.918722409763697
2018-06-30,12.918722409763697
2018-07-01,12.918722409763697
2018-07-02,10.555699818229032
2018-07-03,11.594391067255257
2018-07-04,10.075305115554402
2018-07-05,8.335497273435472
2018-07-06,8.712022851207477
2018-07-07,8.712022851207477
2018-07-08,8.712022851207477
2018-07-09,10.854323552324072
2018-07-10,11.529472864191119
2018-07-11,9.504024928589978
2018-07-12,12.17865489483251
2018-07-13,12.814853284861075
2018-07-14,12.814853284861075
2018-07-15,12.814853284861075
2018-07-16,13.334198909374189
2018-07-17,12.814853284861075
2018-07-18,12.152687613606854
2018-07-19,11.152947286419113
2018-07-20,12.594131394443
2018-07-21,12.594131394443
2018-07-22,12.594131394443
2018-07-23,14.087250064918203
2018-07-24,17.099454687094262
2018-07-25,17.138405608932743
2018-07-26,15.151908595170086
2018-07-27,13.905479096338613
2018-07-28,13.905479096338613
2018-07-29,13.905479096338613
2018-07-30,13.243313425084393
2018-07-31,12.736951441184107
2018-08-01,15.398597766813815
2018-08-02,11.594391067255257
2018-08-03,9.828615943910672
2018-08-04,9.828615943910672
2018-08-05,9.828615943910672
2018-08-06,7.881069851986497
2018-08-07,9.906517787587639
2018-08-08,8.28356271098416
2018-08-09,10.425863412100753
2018-08-10,11.152947286419113
2018-08-11,11.152947286419113
2018-08-12,11.152947286419113
2018-08-13,11.39963645806284
2018-08-14,10.360945209036613
2018-08-15,8.335497273435472
2018-08-16,7.413658789924694
2018-08-17,6.024409244352117
2018-08-18,6.024409244352117
2018-08-19,6.024409244352117
2018-08-20,6.803427681121786
2018-08-21,9.29628667878473
2018-08-22,6.634640353155024
2018-08-23,7.1150350558296545
2018-08-24,7.02414957153986
2018-08-25,7.02414957153986
2018-08-26,7.02414957153986
2018-08-27,8.309529992209816
2018-08-28,8.114775383017397
2018-08-29,7.647364320955596
2018-08-30,5.686834588418592
2018-08-31,5.115554401454168
2018-09-01,5.115554401454168
2018-09-02,5.115554401454168
2018-09-03,5.167488963905479
2018-09-04,6.206180212931707
2018-09-05,5.1804726045183065
2018-09-06,4.946767073487406
2018-09-07,4.946767073487406
2018-09-08,4.946767073487406
2018-09-09,4.946767073487406
2018-09-10,3.765255777720073
2018-09-11,4.180732277330564
2018-09-12,3.8042066995585566
2018-09-13,4.557257855102571
2018-09-14,3.96001038691249
2018-09-15,3.96001038691249
2018-09-16,3.96001038691249
2018-09-17,3.2978447156582704
2018-09-18,4.375486886522982
2018-09-19,4.946767073487406
2018-09-20,4.868865229810439
2018-09-21,5.920540119449494
2018-09-22,5.920540119449494
2018-09-23,5.920540119449494
2018-09-24,5.920540119449494
2018-09-25,5.764736432095559
2018-09-26,6.336016619059985
2018-09-27,5.764736432095559
2018-09-28,6.387951181511296
2018-09-29,6.387951181511296
2018-09-30,6.387951181511296
2018-10-01,6.387951181511296
2018-10-02,6.387951181511296
2018-10-03,6.387951181511296
2018-10-04,6.387951181511296
2018-10-05,6.387951181511296
2018-10-06,6.387951181511296
2018-10-07,6.387951181511296
2018-10-08,4.375486886522982
2018-10-09,4.219683199169047
2018-10-10,4.024928589976629
2018-10-11,2.778499091145157
2018-10-12,2.778499091145157
2018-10-13,2.778499091145157
2018-10-14,2.778499091145157
2018-10-15,2.453908075824461
2018-10-16,1.9605297325370035
2018-10-17,2.090366138665282
2018-10-18,1.5190859517008568
2018-10-19,2.0514152168267983
2018-10-20,2.0514152168267983
2018-10-21,2.0514152168267983
2018-10-22,4.518306933264087
2018-10-23,3.3108283562710983
2018-10-24,2.3630225915346665
2018-10-25,2.4928589976629447
2018-10-26,2.2591534666320436
2018-10-27,2.2591534666320436
2018-10-28,2.2591534666320436
2018-10-29,2.0384315762139704
2018-10-30,1.9085951700856922
2018-10-31,2.6616463256297065
2018-11-01,2.960270059724747
2018-11-02,4.752012464294989
2018-11-03,4.752012464294989
2018-11-04,4.752012464294989
2018-11-05,4.5962087769410545
2018-11-06,4.219683199169047
2018-11-07,3.6873539340431054
2018-11-08,3.271877434432615
2018-11-09,3.0641391846273693
2018-11-10,3.0641391846273693
2018-11-11,3.0641391846273693
2018-11-12,4.2066995585562195
2018-11-13,4.92079979226175
2018-11-14,4.648143339392365
2018-11-15,5.414178135549208
2018-11-16,6.089327447416255
2018-11-17,6.089327447416255
2018-11-18,6.089327447416255
2018-11-19,7.02414957153986
2018-11-20,5.089587120228512
2018-11-21,5.1804726045183065
2018-11-22,5.1804726045183065
2018-11-23,3.4796156842378605
2018-11-24,3.4796156842378605
2018-11-25,3.4796156842378605
2018-11-26,3.336795637496754
2018-11-27,3.6743702934302775
2018-11-28,4.674110620618022
2018-11-29,3.4146974811737207
2018-11-30,4.050895871202285
2018-12-01,4.050895871202285
2018-12-02,4.050895871202285
2018-12-03,5.738769150869904
2018-12-04,6.011425603739289
2018-12-05,5.738769150869904
2018-12-06,4.479356011425604
2018-12-07,4.050895871202285
2018-12-08,4.050895871202285
2018-12-09,4.050895871202285
2018-12-10,3.8691249026226955
2018-12-11,4.505323292651259
2018-12-12,4.570241495715399
2018-12-13,5.0766034796156845
2018-12-14,3.830173980784212
2018-12-15,3.830173980784212
2018-12-16,3.830173980784212
2018-12-17,3.349779278109582
2018-12-18,2.9083354972734354
2018-12-19,2.4409244352116333
2018-12-20,2.479875357050117
2018-12-21,2.1552843417294207
2018-12-22,2.1552843417294207
2018-12-23,2.1552843417294207
2018-12-24,2.3110880290833546
2018-12-25,1.973513373149831
2018-12-26,1.830693326408725
2018-12-27,1.765775123344586
2018-12-28,1.8436769670215527
2018-12-29,1.8436769670215527
2018-12-30,1.8436769670215527
2018-12-31,1.8436769670215527
2019-01-01,1.8436769670215527
2019-01-02,1.6878732796676188
2019-01-03,1.674889639054791
2019-01-04,2.3630225915346665
2019-01-05,2.3630225915346665
2019-01-06,2.3630225915346665
2019-01-07,2.8953518566606076
2019-01-08,2.778499091145157
2019-01-09,2.9083354972734354
2019-01-10,2.765515450532329
2019-01-11,2.960270059724747
2019-01-12,2.960270059724747
2019-01-13,2.960270059724747
2019-01-14,2.7525318099195015
2019-01-15,3.349779278109582
2019-01-16,3.2588937938197873
2019-01-17,2.947286419111919
2019-01-18,3.6094520903661387
2019-01-19,3.6094520903661387
2019-01-20,3.6094520903661387
2019-01-21,3.8691249026226955
2019-01-22,3.2459101532069594
2019-01-23,3.4406647623993765
2019-01-24,3.8042066995585566
2019-01-25,3.6873539340431054
2019-01-26,3.6873539340431054
2019-01-27,3.6873539340431054
2019-01-28,4.180732277330564
2019-01-29,3.6873539340431054
2019-01-30,3.1030901064658534
2019-01-31,3.0381719034017136
2019-02-01,4.245650480394703
2019-02-02,4.245650480394703
2019-02-03,4.245650480394703
2019-02-04,4.245650480394703
2019-02-05,4.245650480394703
2019-02-06,4.245650480394703
2019-02-07,4.245650480394703
2019-02-08,4.245650480394703
2019-02-09,4.245650480394703
2019-02-10,4.245650480394703
2019-02-11,5.686834588418592
2019-02-12,6.530771228252402
2019-02-13,8.140742664243055
2019-02-14,8.244611789145678
2019-02-15,7.56946247727863
2019-02-16,7.56946247727863
2019-02-17,7.56946247727863
2019-02-18,10.698519864970137
2019-02-19,10.880290833549727
2019-02-20,11.152947286419113
2019-02-21,11.451571020514152
2019-02-22,17.190340171384054
2019-02-23,17.190340171384054
2019-02-24,17.190340171384054
2019-02-25,26.62944689690989
2019-02-26,25.62970656972215
2019-02-27,25.24019735133731
2019-02-28,32.17346143858738
2019-03-01,36.18540638795118
2019-03-02,36.18540638795118
2019-03-03,36.18540638795118
2019-03-04,39.61308750973773
2019-03-05,41.963126460659566
2019-03-06,45.7543495196053
2019-03-07,47.18254998701636
2019-03-08,43.13165411581407
2019-03-09,43.13165411581407
2019-03-10,43.13165411581407
2019-03-11,42.6772266943651
2019-03-12,45.001298364061284
2019-03-13,40.96338613347182
2019-03-14,37.02934302778499
2019-03-15,39.145676447675925
2019-03-16,39.145676447675925
2019-03-17,39.145676447675925
2019-03-18,44.32614905219424
2019-03-19,44.37808361464555
2019-03-20,43.05375227213711
2019-03-21,44.507920020773824
2019-03-22,44.14437808361464
2019-03-23,44.14437808361464
2019-03-24,44.14437808361464
2019-03-25,40.82056608673072
2019-03-26,37.74344326149052
2019-03-27,38.989872760321994
2019-03-28,38.691249026226956
2019-03-29,47.11763178395222
2019-03-30,47.11763178395222
2019-03-31,47.11763178395222
2019-04-01,53.05115554401454
2019-04-02,52.92131913788626
2019-04-03,55.67385094780577
2019-04-04,56.80342768112179
2019-04-05,56.80342768112179
2019-04-06,56.80342768112179
2019-04-07,56.80342768112179
2019-04-08,54.54427421448974
2019-04-09,54.54427421448974
2019-04-10,53.51856660607635
2019-04-11,49.75331082835627
2019-04-12,50.168787327966754
2019-04-13,50.168787327966754
2019-04-14,50.168787327966754
2019-04-15,41.45676447675928
2019-04-16,46.29966242534407
2019-04-17,46.85795897169566
2019-04-18,46.26071150350558
2019-04-19,46.104907816151645
2019-04-20,46.104907816151645
2019-04-21,46.104907816151645
2019-04-22,38.84705271358089
2019-04-23,37.41885224616983
2019-04-24,38.691249026226956
2019-04-25,28.369254739028825
2019-04-26,22.176058166709943
2019-04-27,22.176058166709943
2019-04-28,22.176058166709943
2019-04-29,15.333679563749675
2019-04-30,15.554401454167749
2019-05-01,15.554401454167749
2019-05-02,15.554401454167749
2019-05-03,15.554401454167749
2019-05-04,15.554401454167749
2019-05-05,15.554401454167749
2019-05-06,10.101272396780058
2019-05-07,11.360685536224358
2019-05-08,7.634380680342769
2019-05-09,6.868345884185925
2019-05-10,9.192417553882109
2019-05-11,9.192417553882109
2019-05-12,9.192417553882109
2019-05-13,8.153726304855882
2019-05-14,7.6863152427940795
2019-05-15,9.036613866528175
2019-05-16,9.958452350038952
2019-05-17,10.231108802908336
2019-05-18,10.231108802908336
2019-05-19,10.231108802908336
2019-05-20,7.218904180732277
2019-05-21,8.28356271098416
2019-05-22,8.062840820566086
2019-05-23,9.504024928589978
2019-05-24,9.036613866528175
2019-05-25,9.036613866528175
2019-05-26,9.036613866528175
2019-05-27,11.152947286419113
2019-05-28,11.82809659828616
2019-05-29,11.685276551545053
2019-05-30,10.594650740067516
2019-05-31,10.763438068034278
2019-06-01,10.763438068034278
2019-06-02,10.763438068034278
2019-06-03,10.231108802908336
2019-06-04,9.192417553882109
2019-06-05,9.036613866528175
2019-06-06,7.933004414437808
2019-06-07,7.933004414437808
2019-06-08,7.933004414437808
2019-06-09,7.933004414437808
2019-06-10,8.686055569981823
2019-06-11,11.867047520124643
2019-06-12,11.1010127239678
2019-06-13,11.308750973773046
2019-06-14,9.984419631264608
2019-06-15,9.984419631264608
2019-06-16,9.984419631264608
2019-06-17,19.774084653336796
2019-06-18,20.202544793560115
2019-06-19,23.928849649441702
2019-06-20,23.12386393144638
2019-06-21,26.62944689690989
2019-06-22,26.62944689690989
2019-06-23,26.62944689690989
2019-06-24,34.15995845235004
2019-06-25,26.759283303038174
2019-06-26,32.64087250064918
2019-06-27,26.434692287717475
2019-06-28,33.44585821864451
2019-06-29,33.44585821864451
2019-06-30,33.44585821864451
2019-07-01,32.73175798493897
2019-07-02,32.58893793819787
2019-07-03,31.68008309529992
2019-07-04,30.148013502986238
2019-07-05,30.511555440145415
2019-07-06,30.511555440145415
2019-07-07,30.511555440145415
2019-07-08,31.576213970397298
2019-07-09,23.799013243313425
2019-07-10,22.07218904180732
2019-07-11,30.563490002596726
2019-07-12,31.108802908335498
2019-07-13,31.108802908335498
2019-07-14,31.108802908335498
2019-07-15,34.21189301480135
2019-07-16,25.824461178914564
2019-07-17,25.954297585042845
2019-07-18,30.563490002596726
2019-07-19,25.34406647623994
2019-07-20,25.34406647623994
2019-07-21,25.34406647623994
2019-07-22,29.8493897688912
2019-07-23,31.732017657751232
2019-07-24,25.75954297585043
2019-07-25,27.08387431835887
2019-07-26,27.20072708387432
2019-07-27,27.20072708387432
2019-07-28,27.20072708387432
2019-07-29,25.954297585042845
2019-07-30,27.447416255518046
2019-07-31,34.263827577252655
2019-08-01,32.17346143858738
2019-08-02,28.91456764476759
2019-08-03,28.91456764476759
2019-08-04,28.91456764476759
2019-08-05,25.24019735133731
2019-08-06,21.241236042586344
2019-08-07,20.39729940275253
2019-08-08,23.12386393144638
2019-08-09,19.981822903142042
2019-08-10,19.981822903142042
2019-08-11,19.981822903142042
2019-08-12,23.500389509218387
2019-08-13,21.903401713840562
2019-08-14,23.39652038431576
2019-08-15,23.928849649441702
2019-08-16,25.071410023370554
2019-08-17,25.071410023370554
2019-08-18,25.071410023370554
2019-08-19,31.770968579589713
2019-08-20,30.888081017917422
2019-08-21,26.759283303038174
2019-08-22,26.759283303038174
2019-08-23,26.434692287717475
2019-08-24,26.434692287717475
2019-08-25,26.434692287717475
2019-08-26,23.928849649441702
2019-08-27,26.20098675668657
2019-08-28,27.447416255518046
2019-08-29,29.34302778499091
2019-08-30,32.34224876655414
2019-08-31,32.34224876655414
2019-09-01,32.34224876655414
2019-09-02,36.26330823162815
2019-09-03,36.66580109062581
2019-09-04,38.32770708906777
2019-09-05,40.41807322773306
2019-09-06,40.586860555699815
2019-09-07,40.586860555699815
2019-09-08,40.586860555699815
2019-09-09,43.482212412360425
2019-09-10,43.300441443780834
2019-09-11,41.76837185146715
2019-09-12,43.05375227213711
2019-09-13,43.05375227213711
2019-09-14,43.05375227213711
2019-09-15,43.05375227213711
2019-09-16,42.89794858478317
2019-09-17,39.32744741625552
2019-09-18,39.28849649441703
2019-09-19,40.35315502466892
2019-09-20,40.74266424305375
2019-09-21,40.74266424305375
2019-09-22,40.74266424305375
2019-09-23,39.716956634640354
2019-09-24,40.06751493118671
2019-09-25,37.35393404310569
2019-09-26,32.34224876655414
2019-09-27,33.27707089067775
2019-09-28,33.27707089067775
2019-09-29,33.27707089067775
2019-09-30,30.978966502207218
2019-10-01,30.978966502207218
2019-10-02,30.978966502207218
2019-10-03,30.978966502207218
2019-10-04,30.978966502207218
2019-10-05,30.978966502207218
2019-10-06,30.978966502207218
2019-10-07,30.978966502207218
2019-10-08,30.122046221760584
2019-10-09,31.576213970397298
2019-10-10,34.73123863931447
2019-10-11,35.74396260711504
2019-10-12,35.74396260711504
2019-10-13,35.74396260711504
2019-10-14,39.56115294728642
2019-10-15,37.67852505842638
2019-10-16,37.250064918203066
2019-10-17,37.39288496494417
2019-10-18,34.15995845235004
2019-10-19,34.15995845235004
2019-10-20,34.15995845235004
2019-10-21,32.73175798493897
2019-10-22,34.588418592573355
2019-10-23,32.290314204102835
2019-10-24,33.718514671513894
2019-10-25,37.13321215268761
2019-10-26,37.13321215268761
2019-10-27,37.13321215268761
2019-10-28,39.32744741625552
2019-10-29,36.45806284082057
2019-10-30,31.303557517527913
2019-10-31,28.87561672292911
2019-11-01,31.381459361204882
2019-11-02,31.381459361204882
2019-11-03,31.381459361204882
2019-11-04,33.56271098415996
2019-11-05,34.64035315502467
2019-11-06,33.160218125162295
2019-11-07,33.90028564009348
2019-11-08,32.93949623474422
2019-11-09,32.93949623474422
2019-11-10,32.93949623474422
2019-11-11,28.369254739028825
2019-11-12,28.641911191898206
2019-11-13,28.719813035575175
2019-11-14,30.19994806543755
2019-11-15,27.784990911451573
2019-11-16,27.784990911451573
2019-11-17,27.784990911451573
2019-11-18,29.8493897688912
2019-11-19,33.160218125162295
2019-11-20,31.27759023630226
2019-11-21,30.771228252401972
2019-11-22,28.369254739028825
2019-11-23,28.369254739028825
2019-11-24,28.369254739028825
2019-11-25,27.694105427161773
2019-11-26,29.498831472344843
2019-11-27,28.51207478576993
2019-11-28,27.447416255518046
2019-11-29,26.330823162814852
2019-11-30,26.330823162814852
2019-12-01,26.330823162814852
2019-12-02,26.20098675668657
2019-12-03,27.99272916125682
2019-12-04,28.641911191898206
2019-12-05,30.563490002596726
2019-12-06,32.17346143858738
2019-12-07,32.17346143858738
2019-12-08,32.17346143858738
2019-12-09,31.303557517527913
2019-12-10,32.05660867307193
2019-12-11,32.17346143858738
2019-12-12,32.290314204102835
2019-12-13,36.08153726304856
2019-12-14,36.08153726304856
2019-12-15,36.08153726304856
2019-12-16,37.41885224616983
2019-12-17,40.06751493118671
2019-12-18,40.132433134250846
2019-12-19,39.56115294728642
2019-12-20,38.39262529213192
2019-12-21,38.39262529213192
2019-12-22,38.39262529213192
2019-12-23,34.925993248506884
2019-12-24,37.62659049597507
2019-12-25,38.223837964165156
2019-12-26,39.93767852505843
2019-12-27,38.61334718254999
2019-12-28,38.61334718254999
2019-12-29,38.61334718254999
2019-12-30,41.093222539600106
2019-12-31,42.40457024149571
2020-01-01,42.40457024149571
2020-01-02,45.67644767592833
2020-01-03,46.29966242534407
2020-01-04,46.29966242534407
2020-01-05,46.29966242534407
2020-01-06,47.58504284601402
2020-01-07,48.415995845235
2020-01-08,46.52038431576214
2020-01-09,48.49389768891197
2020-01-10,48.55881589197611
2020-01-11,48.55881589197611
2020-01-12,48.55881589197611
2020-01-13,50.441443780836146
2020-01-14,50.168787327966754
2020-01-15,49.62347442222799
2020-01-16,49.37678525058426
2020-01-17,49.57153985977668
2020-01-18,49.57153985977668
2020-01-19,49.57153985977668
2020-01-20,51.06465853025188
2020-01-21,48.88340690729681
2020-01-22,50.129836406128284
2020-01-23,45.144118410802385
2020-01-24,45.144118410802385
2020-01-25,45.144118410802385
2020-01-26,45.144118410802385
2020-01-27,45.144118410802385
2020-01-28,45.144118410802385
2020-01-29,45.144118410802385
2020-01-30,45.144118410802385
2020-01-31,45.144118410802385
2020-02-01,45.144118410802385
2020-02-02,45.144118410802385
2020-02-03,34.21189301480135
2020-02-04,38.53544533887302
2020-02-05,42.32666839781875
2020-02-06,47.481173721111396
2020-02-07,52.92131913788626
2020-02-08,52.92131913788626
2020-02-09,52.92131913788626
2020-02-10,49.311867047520124
2020-02-11,49.40275253180992
2020-02-12,52.33705531030901
2020-02-13,57.02414957153986
2020-02-14,53.19397559075565
2020-02-15,53.19397559075565
2020-02-16,53.19397559075565
2020-02-17,58.919761101012725
2020-02-18,59.568943131654116
2020-02-19,57.945988055050634
2020-02-20,57.8810698519865
2020-02-21,60.529732537003376
2020-02-22,60.529732537003376
2020-02-23,60.529732537003376
2020-02-24,67.51493118670476
2020-02-25,68.13814593612048
2020-02-26,61.957933004414436
2020-02-27,57.60841339911711
2020-02-28,46.663204362503244
2020-02-29,46.663204362503244
2020-03-01,46.663204362503244
2020-03-02,53.60945209036614
2020-03-03,55.81667099454687
2020-03-04,56.80342768112179
2020-03-05,54.32355232407167
2020-03-06,57.10205141521683
2020-03-07,57.10205141521683
2020-03-08,57.10205141521683
2020-03-09,49.50662165671254
2020-03-10,54.25863412100753
2020-03-11,51.584004154765
2020-03-12,48.19527395481693
2020-03-13,46.442482472085175
2020-03-14,46.442482472085175
2020-03-15,46.442482472085175
2020-03-16,37.67852505842638
2020-03-17,37.35393404310569
2020-03-18,33.41989093741885
2020-03-19,33.718514671513894
2020-03-20,36.45806284082057
2020-03-21,36.45806284082057
2020-03-22,36.45806284082057
2020-03-23,25.75954297585043
2020-03-24,31.576213970397298
2020-03-25,37.65255777720073
2020-03-26,35.74396260711504
2020-03-27,28.91456764476759
2020-03-28,28.91456764476759
2020-03-29,28.91456764476759
2020-03-30,30.19994806543755
2020-03-31,31.108802908335498
2020-04-01,32.121526876136066
2020-04-02,36.78265385614126
2020-04-03,34.84809140482991
2020-04-04,34.84809140482991
2020-04-05,34.84809140482991
2020-04-06,34.84809140482991
2020-04-07,40.82056608673072
2020-04-08,35.315502466891715
2020-04-09,36.78265385614126
2020-04-10,38.84705271358089
2020-04-11,38.84705271358089
2020-04-12,38.84705271358089
2020-04-13,42.97585042846014
2020-04-14,42.054011944949366
2020-04-15,35.41937159179434
2020-04-16,38.32770708906777
2020-04-17,39.145676447675925
2020-04-18,39.145676447675925
2020-04-19,39.145676447675925
2020-04-20,39.89872760321994
2020-04-21,41.30096078940535
2020-04-22,43.53414697481174
2020-04-23,43.92365619319657
2020-04-24,44.702674629966246
2020-04-25,44.702674629966246
2020-04-26,44.702674629966246
2020-04-27,46.63723708127759
2020-04-28,50.129836406128284
2020-04-29,53.142041028304334
2020-04-30,53.661386652817455
2020-05-01,53.661386652817455
2020-05-02,53.661386652817455
2020-05-03,53.661386652817455
2020-05-04,53.661386652817455
2020-05-05,53.661386652817455
2020-05-06,56.73850947805765
2020-05-07,56.14126200986757
2020-05-08,58.8158919761101
2020-05-09,58.8158919761101
2020-05-10,58.8158919761101
2020-05-11,58.27057907037133
2020-05-12,58.30952999220982
2020-05-13,59.76369774084653
2020-05-14,57.73824980524539
2020-05-15,57.73824980524539
2020-05-16,57.73824980524539
2020-05-17,57.73824980524539
2020-05-18,57.8810698519865
2020-05-19,60.34796156842379
2020-05-20,57.8810698519865
2020-05-21,56.01142560373928
2020-05-22,51.75279148273175
2020-05-23,51.75279148273175
2020-05-24,51.75279148273175
2020-05-25,50.53232926512594
2020-05-26,53.90807582446118
2020-05-27,52.07738249805245
2020-05-28,52.181251622955074
2020-05-29,53.90807582446118
2020-05-30,53.90807582446118
2020-05-31,53.90807582446118
2020-06-01,60.19215788106985
2020-06-02,59.633861334718254
2020-06-03,59.40015580368735
2020-06-04,59.244352116333424
2020-06-05,61.165930927031944
2020-06-06,61.165930927031944
2020-06-07,61.165930927031944
2020-06-08,60.7764217086471
2020-06-09,62.94468969098935
2020-06-10,63.541937159179426
2020-06-11,62.269540379122304
2020-06-12,62.42534406647624
2020-06-13,62.42534406647624
2020-06-14,62.42534406647624
2020-06-15,71.12438327707089
2020-06-16,73.01999480654375
2020-06-17,70.78680862113737
2020-06-18,71.16333419890938
2020-06-19,73.20176577512333
2020-06-20,73.20176577512333
2020-06-21,73.20176577512333
2020-06-22,74.25344066476241
2020-06-23,75.26616463256298
2020-06-24,75.29213191378862
2020-06-25,75.29213191378862
2020-06-26,75.29213191378862
2020-06-27,75.29213191378862
2020-06-28,75.29213191378862
2020-06-29,74.52609711763178
2020-06-30,76.48662685016878
2020-07-01,77.42144897429239
2020-07-02,79.01843676967022
2020-07-03,81.55024668917164
2020-07-04,81.55024668917164
2020-07-05,81.55024668917164
2020-07-06,82.30329784471566
2020-07-07,82.9784471565827
2020-07-08,84.77018956115295
2020-07-09,85.69202804466373
2020-07-10,85.39340431056868
2020-07-11,85.39340431056868
2020-07-12,85.39340431056868
2020-07-13,86.45806284082057
2020-07-14,86.17242274733835
2020-07-15,84.54946767073488
2020-07-16,81.42041028304337
2020-07-17,81.74500129836406
2020-07-18,81.74500129836406
2020-07-19,81.74500129836406
2020-07-20,84.38068034276812
2020-07-21,84.13399117112438
2020-07-22,84.71825499870164
2020-07-23,83.27707089067775
2020-07-24,80.32978447156583
2020-07-25,80.32978447156583
2020-07-26,80.32978447156583
2020-07-27,83.10828356271098
2020-07-28,81.74500129836406
2020-07-29,84.38068034276812
2020-07-30,83.96520384315762
2020-07-31,82.91352895351856
2020-08-01,82.91352895351856
2020-08-02,82.91352895351856
2020-08-03,84.6533367956375
2020-08-04,84.12100753051156
2020-08-05,84.62736951441184
2020-08-06,84.61438587379901
2020-08-07,84.86107504544275
2020-08-08,84.86107504544275
2020-08-09,84.86107504544275
2020-08-10,84.26382757725266
2020-08-11,82.91352895351856
2020-08-12,81.03090106465854
2020-08-13,80.57647364320955
2020-08-14,82.3682160477798
2020-08-15,82.3682160477798
2020-08-16,82.3682160477798
2020-08-17,84.30277849909115
2020-08-18,84.28979485847832
2020-08-19,82.54998701635938
2020-08-20,80.86211373669177
2020-08-21,80.64139184627369
2020-08-22,80.64139184627369
2020-08-23,80.64139184627369
2020-08-24,80.90106465853026
2020-08-25,79.77148792521423
2020-08-26,82.6019215788107
2020-08-27,80.97896650220721
2020-08-28,81.14775383017398
2020-08-29,81.14775383017398
2020-08-30,81.14775383017398
2020-08-31,85.54920799792262
2020-09-01,83.93923656193196
2020-09-02,83.93923656193196
2020-09-03,83.41989093741886
2020-09-04,84.57543495196053
2020-09-05,84.57543495196053
2020-09-06,84.57543495196053
2020-09-07,82.5110360945209
2020-09-08,82.53700337574656
2020-09-09,81.6670994546871
2020-09-10,80.90106465853026
2020-09-11,79.77148792521423
2020-09-12,79.77148792521423
2020-09-13,79.77148792521423
2020-09-14,80.4985717995326
2020-09-15,78.88860036354194
2020-09-16,78.33030381719034
2020-09-17,80.60244092443521
2020-09-18,82.54998701635938
2020-09-19,82.54998701635938
2020-09-20,82.54998701635938
2020-09-21,81.96572318878214
2020-09-22,80.4076863152428
2020-09-23,81.42041028304337
2020-09-24,78.732796676188
2020-09-25,79.18722409763697
2020-09-26,79.18722409763697
2020-09-27,79.18722409763697
2020-09-28,78.94053492599325
2020-09-29,77.92781095819268
2020-09-30,77.7070890677746
2020-10-01,77.7070890677746
2020-10-02,77.7070890677746
2020-10-03,77.7070890677746
2020-10-04,77.7070890677746
2020-10-05,77.7070890677746
2020-10-06,77.7070890677746
2020-10-07,77.7070890677746
2020-10-08,77.7070890677746
2020-10-09,79.90132433134251
2020-10-10,79.90132433134251
2020-10-11,79.90132433134251
2020-10-12,83.08231628148532
2020-10-13,82.79667618800312
2020-10-14,82.09555959491041
2020-10-15,81.55024668917164
2020-10-16,80.90106465853026
2020-10-17,80.90106465853026
2020-10-18,80.90106465853026
2020-10-19,79.2910932225396
2020-10-20,80.32978447156583
2020-10-21,80.60244092443521
2020-10-22,80.13502986237341
2020-10-23,77.55128538042067
2020-10-24,77.55128538042067
2020-10-25,77.55128538042067
2020-10-26,77.08387431835887
2020-10-27,75.78551025707608
2020-10-28,74.85068813295248
2020-10-29,76.17501947546091
2020-10-30,77.4733835367437
2020-10-31,77.4733835367437
2020-11-01,77.4733835367437
2020-11-02,76.46065956894313
2020-11-03,77.83692547390288
2020-11-04,78.0836146455466
2020-11-05,79.74552064398857
2020-11-06,79.56374967540899
2020-11-07,79.56374967540899
2020-11-08,79.56374967540899
2020-11-09,82.49805245390807
2020-11-10,78.9145676447676
2020-11-11,79.18722409763697
2020-11-12,79.87535705011686
2020-11-13,79.77148792521423
2020-11-14,79.77148792521423
2020-11-15,79.77148792521423
2020-11-16,78.33030381719034
2020-11-17,80.13502986237341
2020-11-18,77.16177616203584
2020-11-19,80.00519345624512
2020-11-20,78.27836925473903
2020-11-21,78.27836925473903
2020-11-22,78.27836925473903
2020-11-23,77.0579070371332
2020-11-24,76.83718514671514
2020-11-25,77.2396780057128
2020-11-26,77.16177616203584
2020-11-27,77.87587639574136
2020-11-28,77.87587639574136
2020-11-29,77.87587639574136
2020-11-30,78.04466372370813
2020-12-01,79.77148792521423
2020-12-02,79.49883147234485
2020-12-03,79.62866787847312
2020-12-04,80.26486626850169
2020-12-05,80.26486626850169
2020-12-06,80.26486626850169
2020-12-07,79.52479875357051
2020-12-08,77.31757984938977
2020-12-09,80.13502986237341
2020-12-10,79.90132433134251
2020-12-11,78.66787847312386
2020-12-12,78.66787847312386
2020-12-13,78.66787847312386
2020-12-14,85.74396260711504
2020-12-15,86.09452090366139
2020-12-16,85.95170085692028
2020-12-17,86.35419371591794
2020-12-18,86.26330823162814
2020-12-19,86.26330823162814
2020-12-20,86.26330823162814
2020-12-21,87.08127759023631
2020-12-22,86.10750454427422
2020-12-23,86.63983380940016
2020-12-24,86.52298104388471
2020-12-25,86.92547390288237
2020-12-26,86.92547390288237
2020-12-27,86.92547390288237
2020-12-28,86.8475720592054
2020-12-29,86.6138665281745
2020-12-30,87.35393404310568
2020-12-31,87.50973773045962
2021-01-01,87.50973773045962
2021-01-02,87.50973773045962
2021-01-03,87.50973773045962
2021-01-04,88.67826538561413
2021-01-05,89.63905479096339
2021-01-06,89.65203843157622
2021-01-07,90.35315502466892
2021-01-08,90.31420410283043
2021-01-09,90.31420410283043
2021-01-10,90.31420410283043
2021-01-11,89.61308750973774
2021-01-12,91.30096078940535
2021-01-13,91.14515710205141
2021-01-14,89.80784211893015
2021-01-15,89.01584004154765
2021-01-16,89.01584004154765
2021-01-17,89.01584004154765
2021-01-18,89.98961308750974
2021-01-19,88.8989872760322
2021-01-20,89.93767852505843
2021-01-21,91.35289535185666
2021-01-22,91.66450272656454
2021-01-23,91.66450272656454
2021-01-24,91.66450272656454
2021-01-25,91.98909374188521
2021-01-26,90.1584004154765
2021-01-27,90.28823682160477
2021-01-28,88.62633082316282
2021-01-29,88.44455985458323
2021-01-30,88.44455985458323
2021-01-31,88.44455985458323
2021-02-01,89.54816930667359
2021-02-02,90.45702414957154
2021-02-03,89.87276032199428
2021-02-04,89.22357829135291
2021-02-05,88.8470527135809
2021-02-06,88.8470527135809
2021-02-07,88.8470527135809
2021-02-08,89.89872760321994
2021-02-09,91.54764996104909
2021-02-10,91.75538821085432
2021-02-11,91.75538821085432
2021-02-12,91.75538821085432
2021-02-13,91.75538821085432
2021-02-14,91.75538821085432
2021-02-15,91.75538821085432
2021-02-16,91.75538821085432
2021-02-17,91.75538821085432
2021-02-18,92.54739028823681
2021-02-19,92.33965203843158
2021-02-20,92.33965203843158
2021-02-21,92.33965203843158
2021-02-22,90.36613866528175
2021-02-23,89.91171124383277
2021-02-24,88.57439626071151
2021-02-25,88.23682160477799
2021-02-26,86.63983380940016
2021-02-27,86.63983380940016
2021-02-28,86.63983380940016
2021-03-01,88.09400155803687
2021-03-02,87.28901584004156
2021-03-03,88.06803427681122
2021-03-04,86.10750454427422
2021-03-05,85.89976629446898
2021-03-06,85.89976629446898
2021-03-07,85.89976629446898
2021-03-08,84.0950402492859
2021-03-09,81.55024668917164
2021-03-10,82.17346143858738
2021-03-11,83.43287457803169
2021-03-12,83.27707089067775
2021-03-13,83.27707089067775
2021-03-14,83.27707089067775
2021-03-15,81.04388470527137
2021-03-16,81.42041028304337
2021-03-17,82.42015061023112
2021-03-18,83.12126720332381
2021-03-19,81.3425084393664
2021-03-20,81.3425084393664
2021-03-21,81.3425084393664
2021-03-22,82.35523240716697
2021-03-23,81.29057387691509
2021-03-24,78.9145676447676
2021-03-25,78.88860036354194
2021-03-26,80.64139184627369
2021-03-27,80.64139184627369
2021-03-28,80.64139184627369
2021-03-29,80.32978447156583
2021-03-30,80.39470267462997
2021-03-31,78.60296027005973
2021-04-01,80.19994806543755
2021-04-02,81.74500129836406
2021-04-03,81.74500129836406
2021-04-04,81.74500129836406
2021-04-05,81.74500129836406
2021-04-06,81.84887042326669
2021-04-07,81.3425084393664
2021-04-08,81.68008309529992
2021-04-09,80.4985717995326
2021-04-10,80.4985717995326
2021-04-11,80.4985717995326
2021-04-12,77.10984159958453
2021-04-13,76.86315242794079
2021-04-14,78.6419111918982
2021-04-15,77.7070890677746
2021-04-16,77.6162035834848
2021-04-17,77.6162035834848
2021-04-18,77.6162035834848
2021-04-19,81.92677226694364
2021-04-20,80.60244092443521
2021-04-21,81.06985198649701
2021-04-22,79.43391326928071
2021-04-23,77.10984159958453
2021-04-24,77.10984159958453
2021-04-25,77.10984159958453
2021-04-26,76.20098675668658
2021-04-27,75.03245910153207
2021-04-28,74.73383536743702
2021-04-29,70.8517268242015
2021-04-30,63.801609971435994
2021-05-01,63.801609971435994
2021-05-02,63.801609971435994
2021-05-03,63.801609971435994
2021-05-04,63.801609971435994
2021-05-05,63.801609971435994
2021-05-06,61.76317839522202
2021-05-07,57.66034796156843
2021-05-08,57.66034796156843
2021-05-09,57.66034796156843
2021-05-10,58.16670994546871
2021-05-11,59.867566865749154
2021-05-12,61.60737470786809
2021-05-13,60.04933783432874
2021-05-14,65.50246689171644
2021-05-15,65.50246689171644
2021-05-16,65.50246689171644
2021-05-17,69.00804985717996
2021-05-18,69.2157881069852
2021-05-19,69.15086990392106
2021-05-20,69.47546091924175
2021-05-21,66.9826019215788
2021-05-22,66.9826019215788
2021-05-23,66.9826019215788
2021-05-24,68.70942612308491
2021-05-25,71.8774344326149
2021-05-26,71.52687613606855
2021-05-27,72.65645286938458
2021-05-28,71.8774344326149
2021-05-29,71.8774344326149
2021-05-30,71.8774344326149
2021-05-31,73.01999480654375
2021-06-01,73.66917683718515
2021-06-02,71.94235263567904
2021-06-03,71.18930148013503
2021-06-04,71.9683199169047
2021-06-05,71.9683199169047
2021-06-06,71.9683199169047
2021-06-07,72.61750194754609
2021-06-08,71.44897429239158
2021-06-09,71.76058166709946
2021-06-10,72.96806024409244
2021-06-11,71.61776162035835
2021-06-12,71.61776162035835
2021-06-13,71.61776162035835
2021-06-14,71.61776162035835
2021-06-15,80.99195014282004
2021-06-16,78.1225655673851
2021-06-17,79.56374967540899
2021-06-18,80.64139184627369
2021-06-19,80.64139184627369
2021-06-20,80.64139184627369
2021-06-21,81.3425084393664
2021-06-22,81.92677226694364
2021-06-23,82.67982342248766
2021-06-24,82.10854323552324
2021-06-25,83.35497273435472
2021-06-26,83.35497273435472
2021-06-27,83.35497273435472
2021-06-28,84.13399117112438
2021-06-29,83.23811996883926
2021-06-30,84.25084393663982
2021-07-01,83.40690729680603
2021-07-02,81.19968839262529
2021-07-03,81.19968839262529
2021-07-04,81.19968839262529
2021-07-05,82.42015061023112
2021-07-06,81.65411581407427
2021-07-07,83.35497273435472
2021-07-08,83.27707089067775
2021-07-09,83.14723448454947
2021-07-10,83.14723448454947
2021-07-11,83.14723448454947
2021-07-12,84.7442222799273
2021-07-13,84.66632043625032
2021-07-14,84.03012204622175
2021-07-15,84.62736951441184
2021-07-16,83.51077642170864
2021-07-17,83.51077642170864
2021-07-18,83.51077642170864
2021-07-19,83.64061282783692
2021-07-20,84.03012204622175
2021-07-21,85.15969877953779
2021-07-22,84.10802388989873
2021-07-23,83.00441443780836
2021-07-24,83.00441443780836
2021-07-25,83.00441443780836
2021-07-26,79.90132433134251
2021-07-27,76.90210334977928
2021-07-28,76.66839781874837
2021-07-29,79.56374967540899
2021-07-30,79.25214230070111
2021-07-31,79.25214230070111
2021-08-01,79.25214230070111
2021-08-02,81.70605037652557
2021-08-03,80.96598286159438
2021-08-04,82.74474162555181
2021-08-05,82.27733056349
2021-08-06,81.06985198649701
2021-08-07,81.06985198649701
2021-08-08,81.06985198649701
2021-08-09,81.49831212672034
2021-08-10,82.21241236042587
2021-08-11,81.04388470527137
2021-08-12,80.17398078421189
2021-08-13,81.55024668917164
2021-08-14,81.55024668917164
2021-08-15,81.55024668917164
2021-08-16,80.7842118930148
2021-08-17,78.09659828615943
2021-08-18,78.2653856141262
2021-08-19,77.22669436509997
2021-08-20,75.68164113217347
2021-08-21,75.68164113217347
2021-08-22,75.68164113217347
2021-08-23,77.3305634900026
2021-08-24,77.66813814593611
2021-08-25,76.87613606855362
2021-08-26,75.44793560114256
2021-08-27,72.8122565567385
2021-08-28,72.8122565567385
2021-08-29,72.8122565567385
2021-08-30,76.05816670994547
2021-08-31,74.4871461957933
2021-09-01,74.6689171643729
2021-09-02,73.60425863412101
2021-09-03,72.2020254479356
2021-09-04,72.2020254479356
2021-09-05,72.2020254479356
2021-09-06,75.57777200727084
2021-09-07,76.31783952220202
2021-09-08,76.04518306933265
2021-09-09,76.29187224097636
2021-09-10,76.51259413139444
2021-09-11,76.51259413139444
2021-09-12,76.51259413139444
2021-09-13,75.46091924175539
2021-09-14,74.85068813295248
2021-09-15,74.14957153985978
2021-09-16,72.13710724487146
2021-09-17,73.9288496494417
2021-09-18,73.9288496494417
2021-09-19,73.9288496494417
2021-09-20,73.9288496494417
2021-09-21,73.9288496494417
2021-09-22,74.0197351337315
2021-09-23,72.35782913528953
2021-09-24,72.31887821345106
2021-09-25,72.31887821345106
2021-09-26,72.31887821345106
2021-09-27,75.11036094520904
2021-09-28,74.9545572578551
2021-09-29,72.51363282264347
2021-09-30,74.0197351337315
2021-10-01,74.0197351337315
2021-10-02,74.0197351337315
2021-10-03,74.0197351337315
2021-10-04,74.0197351337315
2021-10-05,74.0197351337315
2021-10-06,74.0197351337315
2021-10-07,74.0197351337315
2021-10-08,74.73383536743702
2021-10-09,74.73383536743702
2021-10-10,74.73383536743702
2021-10-11,74.21448974292392
2021-10-12,71.94235263567904
2021-10-13,73.66917683718515
2021-10-14,73.27966761880032
2021-10-15,73.73409504024929
2021-10-16,73.73409504024929
2021-10-17,73.73409504024929
2021-10-18,72.35782913528953
2021-10-19,73.52635679044404
2021-10-20,73.60425863412101
2021-10-21,72.73435471306155
2021-10-22,72.851207478577
2021-10-23,72.851207478577
2021-10-24,72.851207478577
2021-10-25,74.24045702414958
2021-10-26,72.851207478577
2021-10-27,70.81277590236303
2021-10-28,67.3980784211893
2021-10-29,65.98286159439107
2021-10-30,65.98286159439107
2021-10-31,65.98286159439107
2021-11-01,65.11295767333161
2021-11-02,65.32069592313685
2021-11-03,64.4118410802389
2021-11-04,67.15138924954557
2021-11-05,65.50246689171644
2021-11-06,65.50246689171644
2021-11-07,65.50246689171644
2021-11-08,65.35964684497533
2021-11-09,66.9826019215788
2021-11-10,66.63204362503245
2021-11-11,68.72240976369774
2021-11-12,69.00804985717996
2021-11-13,69.00804985717996
2021-11-14,69.00804985717996
2021-11-15,68.94313165411582
2021-11-16,68.86522981043885
2021-11-17,69.56634640353155
2021-11-18,67.96935860815373
2021-11-19,69.2157881069852
2021-11-20,69.2157881069852
2021-11-21,69.2157881069852
2021-11-22,70.63100493378343
2021-11-23,70.54011944949364
2021-11-24,70.22851207478577
2021-11-25,69.51441184108023
2021-11-26,68.3329005453129
2021-11-27,68.3329005453129
2021-11-28,68.3329005453129
2021-11-29,67.78758763957413
2021-11-30,68.44975331082836
2021-12-01,67.74863671773565
2021-12-02,67.34614385873799
2021-12-03,69.38457543495196
2021-12-04,69.38457543495196
2021-12-05,69.38457543495196
2021-12-06,67.68371851467151
2021-12-07,67.15138924954557
2021-12-08,70.63100493378343
2021-12-09,72.2020254479356
2021-12-10,71.55284341729421
2021-12-11,71.55284341729421
2021-12-12,71.55284341729421
2021-12-13,76.99298883406908
2021-12-14,76.72033238119968
2021-12-15,75.78551025707608
2021-12-16,76.23993767852507
2021-12-17,74.40924435211633
2021-12-18,74.40924435211633
2021-12-19,74.40924435211633
2021-12-20,71.55284341729421
2021-12-21,72.73435471306155
2021-12-22,73.01999480654375
2021-12-23,73.43547130615424
2021-12-24,72.35782913528953
2021-12-25,72.35782913528953
2021-12-26,72.35782913528953
2021-12-27,72.61750194754609
2021-12-28,73.53934043105687
2021-12-29,72.17605816670995
2021-12-30,73.3705531030901
2021-12-31,73.82498052453909
2022-01-01,73.82498052453909
2022-01-02,73.82498052453909
2022-01-03,73.82498052453909
2022-01-04,72.53960010386913
2022-01-05,70.55310309010646
2022-01-06,69.15086990392106
2022-01-07,67.6317839522202
2022-01-08,67.6317839522202
2022-01-09,67.6317839522202
2022-01-10,68.38483510776422
2022-01-11,64.82731757984939
2022-01-12,68.2809659828616
2022-01-13,64.34692287717476
2022-01-14,63.65878992469488
2022-01-15,63.65878992469488
2022-01-16,63.65878992469488
2022-01-17,67.12542196831993
2022-01-18,68.13814593612048
2022-01-19,64.82731757984939
2022-01-20,64.20410283043365
2022-01-21,61.3347182549987
2022-01-22,61.3347182549987
2022-01-23,61.3347182549987
2022-01-24,62.62009867566866
2022-01-25,57.02414957153986
2022-01-26,58.04985717995326
2022-01-27,52.92131913788626
2022-01-28,50.81796935860815
2022-01-29,50.81796935860815
2022-01-30,50.81796935860815
2022-01-31,50.81796935860815
2022-02-01,50.81796935860815
2022-02-02,50.81796935860815
2022-02-03,50.81796935860815
2022-02-04,50.81796935860815
2022-02-05,50.81796935860815
2022-02-06,50.81796935860815
2022-02-07,53.34977927810958
2022-02-08,50.97377304596209
2022-02-09,52.92131913788626
2022-02-10,51.23344585821864
2022-02-11,52.53180991950143
2022-02-12,52.53180991950143
2022-02-13,52.53180991950143
2022-02-14,51.402233186185406
2022-02-15,50.129836406128284
2022-02-16,55.16748896390548
2022-02-17,56.18021293170605
2022-02-18,55.89457283822383
2022-02-19,55.89457283822383
2022-02-20,55.89457283822383
2022-02-21,55.81667099454687
2022-02-22,53.60945209036614
2022-02-23,52.29810438847052
2022-02-24,48.72760321994287
2022-02-25,50.61023110880291
2022-02-26,50.61023110880291
2022-02-27,50.61023110880291
2022-02-28,52.181251622955074
2022-03-01,52.427940794598804
2022-03-02,50.61023110880291
2022-03-03,48.68865229810439
2022-03-04,46.72812256556739
2022-03-05,46.72812256556739
2022-03-06,46.72812256556739
2022-03-07,40.41807322773306
2022-03-08,36.08153726304856
2022-03-09,33.44585821864451
2022-03-10,37.548688652298104
2022-03-11,37.74344326149052
2022-03-12,37.74344326149052
2022-03-13,37.74344326149052
2022-03-14,30.355751752791484
2022-03-15,18.735393404310567
2022-03-16,28.87561672292911
2022-03-17,32.93949623474422
2022-03-18,32.93949623474422
2022-03-19,32.93949623474422
2022-03-20,32.93949623474422
2022-03-21,37.74344326149052
2022-03-22,35.44533887301999
2022-03-23,37.41885224616983
2022-03-24,35.873799013243314
2022-03-25,35.562191638535445
2022-03-26,35.562191638535445
2022-03-27,35.562191638535445
2022-03-28,33.640612827836925
2022-03-29,33.05634900025967
2022-03-30,39.32744741625552
2022-03-31,36.00363541937159
2022-04-01,37.13321215268761
2022-04-02,37.13321215268761
2022-04-03,37.13321215268761
2022-04-04,37.13321215268761
2022-04-05,37.13321215268761
2022-04-06,35.41937159179434
2022-04-07,32.01765775123345
2022-04-08,32.05660867307193
2022-04-09,32.05660867307193
2022-04-10,32.05660867307193
2022-04-11,22.176058166709943
2022-04-12,29.187224097636978
2022-04-13,24.35730978966502
2022-04-14,27.590236302259154
2022-04-15,27.784990911451573
2022-04-16,27.784990911451573
2022-04-17,27.784990911451573
2022-04-18,28.56400934822124
2022-04-19,25.473902882368215
2022-04-20,28.91456764476759
2022-04-21,21.513892495455725
2022-04-22,20.669955855621915
2022-04-23,20.669955855621915
2022-04-24,20.669955855621915
2022-04-25,23.12386393144638
2022-04-26,25.824461178914564
2022-04-27,33.640612827836925
2022-04-28,30.81017917424046
2022-04-29,23.695144118410802
2022-04-30,23.695144118410802
2022-05-01,23.695144118410802
2022-05-02,23.695144118410802
2022-05-03,23.695144118410802
2022-05-04,23.695144118410802
2022-05-05,31.108802908335498
2022-05-06,25.473902882368215
2022-05-07,25.473902882368215
2022-05-08,25.473902882368215
2022-05-09,23.565307712282525
2022-05-10,27.694105427161773
2022-05-11,32.17346143858738
2022-05-12,32.93949623474422
2022-05-13,34.03012204622176
2022-05-14,34.03012204622176
2022-05-15,34.03012204622176
2022-05-16,32.121526876136066
2022-05-17,34.5624513113477
2022-05-18,34.263827577252655
2022-05-19,34.64035315502467
2022-05-20,38.45754349519605
2022-05-21,38.45754349519605
2022-05-22,38.45754349519605
2022-05-23,38.262788886003634
2022-05-24,32.01765775123345
2022-05-25,34.21189301480135
2022-05-26,35.18566606076344
2022-05-27,34.925993248506884
2022-05-28,34.925993248506884
2022-05-29,34.925993248506884
2022-05-30,37.62659049597507
2022-05-31,41.145157102051414
2022-06-01,40.82056608673072
2022-06-02,42.40457024149571
2022-06-03,42.40457024149571
2022-06-04,42.40457024149571
2022-06-05,42.40457024149571
2022-06-06,46.35159698779538
2022-06-07,46.364580628408206
2022-06-08,48.15632303297845
2022-06-09,44.222279927291616
2022-06-10,47.7148792521423
2022-06-11,47.7148792521423
2022-06-12,47.7148792521423
2022-06-13,51.42820046741107
2022-06-14,51.42820046741107
2022-06-15,52.53180991950143
2022-06-16,53.05115554401454
2022-06-17,56.55673850947805
2022-06-18,56.55673850947805
2022-06-19,56.55673850947805
2022-06-20,58.8158919761101
2022-06-21,57.46559335237601
2022-06-22,54.518306933264086
2022-06-23,59.322253960010386
2022-06-24,62.10075305115554
2022-06-25,62.10075305115554
2022-06-26,62.10075305115554
2022-06-27,64.55466112698001
2022-06-28,66.34640353155025
2022-06-29,62.67203323811997
2022-06-30,65.72318878213451
2022-07-01,64.61957933004415
2022-07-02,64.61957933004415
2022-07-03,64.61957933004415
2022-07-04,67.06050376525577
2022-07-05,65.35964684497533
2022-07-06,63.892495455725786
2022-07-07,65.35964684497533
2022-07-08,64.4118410802389
2022-07-09,64.4118410802389
2022-07-10,64.4118410802389
2022-07-11,60.04933783432874
2022-07-12,56.47883666580109
2022-07-13,57.10205141521683
2022-07-14,59.38717216307453
2022-07-15,57.29680602440924
2022-07-16,57.29680602440924
2022-07-17,57.29680602440924
2022-07-18,59.40015580368735
2022-07-19,58.16670994546871
2022-07-20,60.34796156842379
2022-07-21,58.99766294468969
2022-07-22,57.556478836665804
2022-07-23,57.556478836665804
2022-07-24,57.556478836665804
2022-07-25,55.16748896390548
2022-07-26,56.920280446637236
2022-07-27,56.47883666580109
2022-07-28,57.29680602440924
2022-07-29,54.06387951181512
2022-07-30,54.06387951181512
2022-07-31,54.06387951181512
2022-08-01,56.621656712542205
2022-08-02,52.999220981563234
2022-08-03,52.07738249805245
2022-08-04,53.142041028304334
2022-08-05,56.621656712542205
2022-08-06,56.621656712542205
2022-08-07,56.621656712542205
2022-08-08,56.37496754089847
2022-08-09,56.80342768112179
2022-08-10,53.817190340171386
2022-08-11,56.73850947805765
2022-08-12,55.011685276551546
2022-08-13,55.011685276551546
2022-08-14,55.011685276551546
2022-08-15,54.6221760581667
2022-08-16,53.661386652817455
2022-08-17,55.42716177616204
2022-08-18,55.20643988574396
2022-08-19,52.843417294209296
2022-08-20,52.843417294209296
2022-08-21,52.843417294209296
2022-08-22,50.5582965463516
2022-08-23,50.051934562451315
2022-08-24,49.84419631264607
2022-08-25,49.75331082835627
2022-08-26,48.94832511036095
2022-08-27,48.94832511036095
2022-08-28,48.94832511036095
2022-08-29,47.66294468969099
2022-08-30,44.32614905219424
2022-08-31,47.7148792521423
2022-09-01,46.40353155024669
2022-09-02,45.91015320695923
2022-09-03,45.91015320695923
2022-09-04,45.91015320695923
2022-09-05,45.001298364061284
2022-09-06,46.935860815372635
2022-09-07,47.90963386133472
2022-09-08,46.63723708127759
2022-09-09,48.49389768891197
2022-09-10,48.49389768891197
2022-09-11,48.49389768891197
2022-09-12,48.49389768891197
2022-09-13,49.18203064139185
2022-09-14,48.10438847052714
2022-09-15,44.11841080238899
2022-09-16,40.47000779018437
2022-09-17,40.47000779018437
2022-09-18,40.47000779018437
2022-09-19,39.05479096338613
2022-09-20,39.89872760321994
2022-09-21,38.31472344845495
2022-09-22,37.35393404310569
2022-09-23,35.315502466891715
2022-09-24,35.315502466891715
2022-09-25,35.315502466891715
2022-09-26,34.64035315502467
2022-09-27,38.223837964165156
2022-09-28,34.03012204622176
2022-09-29,34.588418592573355
2022-09-30,31.770968579589713
2022-10-01,31.770968579589713
2022-10-02,31.770968579589713
2022-10-03,31.770968579589713
2022-10-04,31.770968579589713
2022-10-05,31.770968579589713
2022-10-06,31.770968579589713
2022-10-07,31.770968579589713
2022-10-08,31.770968579589713
2022-10-09,31.770968579589713
2022-10-10,24.772786289275516
2022-10-11,23.565307712282525
2022-10-12,30.19994806543755
2022-10-13,30.628408205660868
2022-10-14,37.02934302778499
2022-10-15,37.02934302778499
2022-10-16,37.02934302778499
2022-10-17,37.82134510516749
2022-10-18,37.470786808621135
2022-10-19,34.588418592573355
2022-10-20,34.84809140482991
2022-10-21,32.34224876655414
2022-10-22,32.34224876655414
2022-10-23,32.34224876655414
2022-10-24,27.694105427161773
2022-10-25,19.839002856400935
2022-10-26,25.24019735133731
2022-10-27,24.772786289275516
2022-10-28,27.20072708387432
2022-10-29,27.20072708387432
2022-10-30,27.20072708387432
2022-10-31,17.3980784211893
2022-11-01,16.476239937678525
2022-11-02,19.981822903142042
2022-11-03,19.51441184108024
2022-11-04,27.04492339652038
2022-11-05,27.04492339652038
2022-11-06,27.04492339652038
2022-11-07,26.071150350558298
2022-11-08,23.928849649441702
2022-11-09,21.760581667099455
2022-11-10,18.60555699818229
2022-11-11,24.032718774344325
2022-11-12,24.032718774344325
2022-11-13,24.032718774344325
2022-11-14,24.032718774344325
2022-11-15,30.19994806543755
2022-11-16,28.87561672292911
2022-11-17,28.91456764476759
2022-11-18,27.99272916125682
2022-11-19,27.99272916125682
2022-11-20,27.99272916125682
2022-11-21,24.96754089846793
2022-11-22,22.487665541417815
2022-11-23,21.83848351077642
2022-11-24,21.163334198909375
2022-11-25,20.669955855621915
2022-11-26,20.669955855621915
2022-11-27,20.669955855621915
2022-11-28,19.008049857179955
2022-11-29,24.513113477018955
2022-11-30,24.448195273954816
2022-12-01,28.109581926772265
2022-12-02,26.071150350558298
2022-12-03,26.071150350558298
2022-12-04,26.071150350558298
2022-12-05,30.005193456245134
2022-12-06,31.108802908335498
2022-12-07,30.563490002596726
2022-12-08,30.38171903401714
2022-12-09,31.381459361204882
2022-12-10,31.381459361204882
2022-12-11,31.381459361204882
2022-12-12,16.580109062581148
2022-12-13,15.333679563749675
2022-12-14,23.12386393144638
2022-12-15,15.775123344585824
2022-12-16,14.970137626590496
2022-12-17,14.970137626590496
2022-12-18,14.970137626590496
2022-12-19,26.62944689690989
2022-12-20,22.890158400415476
2022-12-21,21.83848351077642
2022-12-22,21.83848351077642
2022-12-23,21.163334198909375
2022-12-24,21.163334198909375
2022-12-25,21.163334198909375
2022-12-26,24.64294988314723
2022-12-27,28.369254739028825
2022-12-28,26.330823162814852
2022-12-29,26.330823162814852
2022-12-30,26.759283303038174
2022-12-31,26.759283303038174
2023-01-01,26.759283303038174
2023-01-02,26.759283303038174
2023-01-03,28.91456764476759
2023-01-04,28.109581926772265
2023-01-05,32.34224876655414
2023-01-06,33.160218125162295
2023-01-07,33.160218125162295
2023-01-08,33.160218125162295
2023-01-09,34.31576213970397
2023-01-10,35.44533887301999
2023-01-11,33.56271098415996
2023-01-12,33.44585821864451
2023-01-13,29.187224097636978
2023-01-14,29.187224097636978
2023-01-15,29.187224097636978
2023-01-16,39.716956634640354
2023-01-17,40.184367696702154
2023-01-18,33.90028564009348
2023-01-19,28.719813035575175
2023-01-20,29.498831472344843
2023-01-21,29.498831472344843
2023-01-22,29.498831472344843
2023-01-23,29.498831472344843
2023-01-24,29.498831472344843
2023-01-25,29.498831472344843
2023-01-26,29.498831472344843
2023-01-27,29.498831472344843
2023-01-28,29.498831472344843
2023-01-29,29.498831472344843
2023-01-30,30.628408205660868
2023-01-31,28.057647364320953
2023-02-01,30.771228252401972
2023-02-02,30.888081017917422
2023-02-03,30.005193456245134
2023-02-04,30.005193456245134
2023-02-05,30.005193456245134
2023-02-06,27.317579849389766
2023-02-07,27.08387431835887
2023-02-08,25.551804726045184
2023-02-09,30.355751752791484
2023-02-10,28.56400934822124
2023-02-11,28.56400934822124
2023-02-12,28.56400934822124
2023-02-13,30.628408205660868
2023-02-14,30.771228252401972
2023-02-15,30.420669955855622
2023-02-16,34.7961568423786
2023-02-17,30.888081017917422
2023-02-18,30.888081017917422
2023-02-19,30.888081017917422
2023-02-20,35.74396260711504
2023-02-21,35.44533887301999
2023-02-22,34.31576213970397
2023-02-23,33.718514671513894
2023-02-24,31.770968579589713
2023-02-25,31.770968579589713
2023-02-26,31.770968579589713
2023-02-27,30.628408205660868
2023-02-28,36.18540638795118
2023-03-01,37.82134510516749
2023-03-02,37.470786808621135
2023-03-03,38.14593612048818
2023-03-04,38.14593612048818
2023-03-05,38.14593612048818
2023-03-06,38.223837964165156
2023-03-07,34.5624513113477
2023-03-08,34.64035315502467
2023-03-09,33.90028564009348
2023-03-10,31.108802908335498
2023-03-11,31.108802908335498
2023-03-12,31.108802908335498
2023-03-13,33.27707089067775
2023-03-14,32.17346143858738
2023-03-15,31.576213970397298
2023-03-16,28.369254739028825
2023-03-17,30.005193456245134
2023-03-18,30.005193456245134
2023-03-19,30.005193456245134
2023-03-20,28.91456764476759
2023-03-21,32.290314204102835
2023-03-22,32.93949623474422
2023-03-23,36.18540638795118
2023-03-24,35.26356790444041
2023-03-25,35.26356790444041
2023-03-26,35.26356790444041
2023-03-27,34.7961568423786
2023-03-28,33.160218125162295
2023-03-29,33.965203843157624
2023-03-30,35.315502466891715
2023-03-31,41.76837185146715
2023-04-01,41.76837185146715
2023-04-02,41.76837185146715
2023-04-03,45.9880550506362
2023-04-04,46.01402233186185
2023-04-05,46.01402233186185
2023-04-06,40.47000779018437
2023-04-07,42.13191378862633
2023-04-08,42.13191378862633
2023-04-09,42.13191378862633
2023-04-10,46.72812256556739
2023-04-11,46.72812256556739
2023-04-12,41.4178135549208
2023-04-13,44.58582186445079
2023-04-14,50.97377304596209
2023-04-15,50.97377304596209
2023-04-16,50.97377304596209
2023-04-17,49.90911451571021
2023-04-18,54.388470527135816
2023-04-19,50.61023110880291
2023-04-20,51.59698779537783
2023-04-21,46.104907816151645
2023-04-22,46.104907816151645
2023-04-23,46.104907816151645
2023-04-24,42.833030381719034
2023-04-25,39.28849649441703
2023-04-26,36.66580109062581
2023-04-27,37.39288496494417
2023-04-28,27.08387431835887
2023-04-29,27.08387431835887
2023-04-30,27.08387431835887
2023-05-01,27.08387431835887
2023-05-02,27.08387431835887
2023-05-03,27.08387431835887
2023-05-04,28.719813035575175
2023-05-05,26.434692287717475
2023-05-06,26.434692287717475
2023-05-07,26.434692287717475
2023-05-08,28.86263308231628
2023-05-09,26.071150350558298
2023-05-10,24.863671773565308
2023-05-11,24.73383536743703
2023-05-12,20.95559594910413
2023-05-13,20.95559594910413
2023-05-14,20.95559594910413
2023-05-15,24.772786289275516
2023-05-16,23.500389509218387
2023-05-17,22.79927291612568
2023-05-18,22.890158400415476
2023-05-19,23.39652038431576
2023-05-20,23.39652038431576
2023-05-21,23.39652038431576
2023-05-22,24.35730978966502
2023-05-23,21.033497792781095
2023-05-24,18.462736951441183
2023-05-25,18.60555699818229
2023-05-26,19.228771747598024
2023-05-27,19.228771747598024
2023-05-28,19.228771747598024
2023-05-29,17.60581667099455
2023-05-30,18.008309529992207
2023-05-31,17.34614385873799
2023-06-01,17.774603998961307
2023-06-02,20.669955855621915
2023-06-03,20.669955855621915
2023-06-04,20.669955855621915
2023-06-05,19.31965723188782
2023-06-06,15.697221500908856
2023-06-07,14.28200467411062
2023-06-08,14.139184627369513
2023-06-09,15.930927031939756
2023-06-10,15.930927031939756
2023-06-11,15.930927031939756
2023-06-12,17.03453648403012
2023-06-13,18.423786029602702
2023-06-14,18.904180732277332
2023-06-15,21.994287198130355
2023-06-16,25.577772007270838
2023-06-17,25.577772007270838
2023-06-18,25.577772007270838
2023-06-19,25.24019735133731
2023-06-20,25.34406647623994
2023-06-21,19.644248247208516
2023-06-22,19.644248247208516
2023-06-23,19.644248247208516
2023-06-24,19.644248247208516
2023-06-25,19.644248247208516
2023-06-26,16.87873279667619
2023-06-27,18.60555699818229
2023-06-28,17.60581667099455
2023-06-29,17.333160218125162
2023-06-30,19.008049857179955
2023-07-01,19.008049857179955
2023-07-02,19.008049857179955
2023-07-03,21.500908854842898
2023-07-04,23.240716696961826
2023-07-05,21.033497792781095
2023-07-06,19.423526356790443
2023-07-07,17.540898467930408
2023-07-08,17.540898467930408
2023-07-09,17.540898467930408
2023-07-10,19.008049857179955
2023-07-11,21.007530511555437
2023-07-12,18.229031420410283
2023-07-13,21.643728901584
2023-07-14,21.241236042586344
2023-07-15,21.241236042586344
2023-07-16,21.241236042586344
2023-07-17,19.981822903142042
2023-07-18,19.579330044144378
2023-07-19,27.784990911451573
2023-07-20,24.162555180472605
2023-07-21,23.850947805764736
2023-07-22,23.850947805764736
2023-07-23,23.850947805764736
2023-07-24,22.721371072448715
2023-07-25,20.89067774603999
2023-07-26,30.148013502986238
2023-07-27,29.304076863152428
2023-07-28,33.27707089067775
2023-07-29,33.27707089067775
2023-07-30,33.27707089067775
2023-07-31,24.448195273954816
2023-08-01,24.253440664762397
2023-08-02,22.721371072448715
2023-08-03,24.73383536743703
2023-08-04,26.20098675668657
2023-08-05,26.20098675668657
2023-08-06,26.20098675668657
2023-08-07,24.032718774344325
2023-08-08,22.890158400415476
2023-08-09,21.708647104648144
2023-08-10,22.07218904180732
2023-08-11,17.03453648403012
2023-08-12,17.03453648403012
2023-08-13,17.03453648403012
2023-08-14,17.138405608932743
2023-08-15,23.12386393144638
2023-08-16,20.39729940275253
2023-08-17,21.513892495455725
2023-08-18,11.931965723188782
2023-08-19,11.931965723188782
2023-08-20,11.931965723188782
2023-08-21,11.010127239678006
2023-08-22,11.893014801350299
2023-08-23,9.750714100233706
2023-08-24,11.152947286419113
2023-08-25,9.413139444300182
2023-08-26,9.413139444300182
2023-08-27,9.413139444300182
2023-08-28,13.256297065697224
2023-08-29,16.63204362503246
2023-08-30,15.151908595170086
2023-08-31,18.164113217346145
2023-09-01,18.60555699818229
2023-09-02,18.60555699818229
2023-09-03,18.60555699818229
2023-09-04,21.83848351077642
2023-09-05,20.59205401194495
2023-09-06,20.28044663723708
2023-09-07,16.476239937678525
2023-09-08,16.190599844196313
2023-09-09,16.190599844196313
2023-09-10,16.190599844196313
2023-09-11,17.852505842638276
2023-09-12,17.41106206180213
2023-09-13,15.502466891716438
2023-09-14,14.515710205141522
2023-09-15,13.905479096338613
2023-09-16,13.905479096338613
2023-09-17,13.905479096338613
2023-09-18,14.749415736172422
2023-09-19,13.697740846533367
2023-09-20,12.594131394443
2023-09-21,11.685276551545053
2023-09-22,13.905479096338613
2023-09-23,13.905479096338613
2023-09-24,13.905479096338613
2023-09-25,13.178395222020253
2023-09-26,12.386393144637758
2023-09-27,12.814853284861075
2023-09-28,12.970656972215009
2023-09-29,12.970656972215009
2023-09-30,12.970656972215009
2023-10-01,12.970656972215009
2023-10-02,12.970656972215009
2023-10-03,12.970656972215009
2023-10-04,12.970656972215009
2023-10-05,12.970656972215009
2023-10-06,12.970656972215009
2023-10-07,12.970656972215009
2023-10-08,12.970656972215009
2023-10-09,13.32121526876136
2023-10-10,12.152687613606854
2023-10-11,12.736951441184107
2023-10-12,13.879511815112958
2023-10-13,12.17865489483251
2023-10-14,12.17865489483251
2023-10-15,12.17865489483251
2023-10-16,10.698519864970137
2023-10-17,11.152947286419113
2023-10-18,9.529992209815633
2023-10-19,8.16670994546871
2023-10-20,7.43962607115035
2023-10-21,7.43962607115035
2023-10-22,7.43962607115035
2023-10-23,6.816411321734614
2023-10-24,7.270838743183589
2023-10-25,7.517527914827317
2023-10-26,8.76395741365879
2023-10-27,11.1010127239678
2023-10-28,11.1010127239678
2023-10-29,11.1010127239678
2023-10-30,13.334198909374189
2023-10-31,12.282524019735133
2023-11-01,11.711243832770709
2023-11-02,10.594650740067516
2023-11-03,12.230589457283822
2023-11-04,12.230589457283822
2023-11-05,12.230589457283822
2023-11-06,15.697221500908856
2023-11-07,15.528434172942093
2023-11-08,15.229810438847052
2023-11-09,14.970137626590496
2023-11-10,14.372890158400415
2023-11-11,14.372890158400415
2023-11-12,14.372890158400415
2023-11-13,14.6455466112698
2023-11-14,15.151908595170086
2023-11-15,16.476239937678525
2023-11-16,13.905479096338613
2023-11-17,14.28200467411062
2023-11-18,14.28200467411062
2023-11-19,14.28200467411062
2023-11-20,14.554661126980006
2023-11-21,13.905479096338613
2023-11-22,11.893014801350299
2023-11-23,12.970656972215009
2023-11-24,11.529472864191119
2023-11-25,11.529472864191119
2023-11-26,11.529472864191119
2023-11-27,10.91924175538821
2023-11-28,11.503505582965463
2023-11-29,10.594650740067516
2023-11-30,10.763438068034278
2023-12-01,10.763438068034278
2023-12-02,10.763438068034278
2023-12-03,10.763438068034278
2023-12-04,10.101272396780058
2023-12-05,8.192677226694366
2023-12-06,8.335497273435472
2023-12-07,8.062840820566086
2023-12-08,8.478317320176577
2023-12-09,8.478317320176577
2023-12-10,8.478317320176577
2023-12-11,14.554661126980006
2023-12-12,14.372890158400415
2023-12-13,11.931965723188782
2023-12-14,11.39963645806284
2023-12-15,10.698519864970137
2023-12-16,10.698519864970137
2023-12-17,10.698519864970137
2023-12-18,9.984419631264608
2023-12-19,10.08828875616723
2023-12-20,8.854842897948584
2023-12-21,9.789665022072189
2023-12-22,9.529992209815633
2023-12-23,9.529992209815633
2023-12-24,9.529992209815633
2023-12-25,9.906517787587639
2023-12-26,8.932744741625552
2023-12-27,9.192417553882109
2023-12-28,11.76317839522202
2023-12-29,12.594131394443
2023-12-30,12.594131394443
2023-12-31,12.594131394443
2024-01-01,12.594131394443
2024-01-02,11.82809659828616
2024-01-03,10.101272396780058
2024-01-04,8.971695663464036
2024-01-05,8.023889898727603
2024-01-06,8.023889898727603
2024-01-07,8.023889898727603
2024-01-08,6.907296806024409
2024-01-09,7.011165930927032
2024-01-10,6.608673071929369
2024-01-11,7.218904180732277
2024-01-12,6.712542196831992
2024-01-13,6.712542196831992
2024-01-14,6.712542196831992
2024-01-15,6.271098415995844
2024-01-16,6.608673071929369
2024-01-17,4.92079979226175
2024-01-18,5.764736432095559
2024-01-19,5.258374448195274
2024-01-20,5.258374448195274
2024-01-21,5.258374448195274
2024-01-22,3.7912230589457288
2024-01-23,4.518306933264087
2024-01-24,4.907816151648922
2024-01-25,6.219163853544534
2024-01-26,5.310309010646586
2024-01-27,5.310309010646586
2024-01-28,5.310309010646586
2024-01-29,4.648143339392365
2024-01-30,3.271877434432615
2024-01-31,2.453908075824461
2024-02-01,2.687613606855362
2024-02-02,1.9994806543754868
2024-02-03,1.9994806543754868
2024-02-04,1.9994806543754868
2024-02-05,1.9345624513113477
2024-02-06,3.6873539340431054
2024-02-07,4.803947026746299
2024-02-08,5.440145416774864
2024-02-09,5.440145416774864
2024-02-10,5.440145416774864
2024-02-11,5.440145416774864
2024-02-12,5.440145416774864
2024-02-13,5.440145416774864
2024-02-14,5.440145416774864
2024-02-15,5.440145416774864
2024-02-16,5.440145416774864
2024-02-17,5.440145416774864
2024-02-18,5.440145416774864
2024-02-19,6.634640353155024
2024-02-20,6.842378602960269
2024-02-21,7.270838743183589
2024-02-22,7.9849389768891195
2024-02-23,7.829135289535186
2024-02-24,7.829135289535186
2024-02-25,7.829135289535186
2024-02-26,8.802908335497275
2024-02-27,11.075045442742145
2024-02-28,8.686055569981823
2024-02-29,11.360685536224358
2024-03-01,12.736951441184107
2024-03-02,12.736951441184107
2024-03-03,12.736951441184107
2024-03-04,14.47675928330304
2024-03-05,14.554661126980006
2024-03-06,13.80160997143599
2024-03-07,11.724227473383536
2024-03-08,12.970656972215009
2024-03-09,12.970656972215009
2024-03-10,12.970656972215009
2024-03-11,15.398597766813815
2024-03-12,15.995845235003895
2024-03-13,14.957153985977667
2024-03-14,13.541937159179435
2024-03-15,14.28200467411062
2024-03-16,14.28200467411062
2024-03-17,14.28200467411062
2024-03-18,17.03453648403012
2024-03-19,15.502466891716438
2024-03-20,15.982861594391068
2024-03-21,15.398597766813815
2024-03-22,12.516229550766035
2024-03-23,12.516229550766035
2024-03-24,12.516229550766035
2024-03-25,10.91924175538821
2024-03-26,13.399117112438327
2024-03-27,13.879511815112958
2024-03-28,10.91924175538821
2024-03-29,13.490002596728123
2024-03-30,13.490002596728123
2024-03-31,13.490002596728123
2024-04-01,17.138405608932743
2024-04-02,18.164113217346145
2024-04-03,24.513113477018955
2024-04-04,24.513113477018955
2024-04-05,24.513113477018955
2024-04-06,24.513113477018955
2024-04-07,24.513113477018955
2024-04-08,20.95559594910413
2024-04-09,22.604518306933265
2024-04-10,19.423526356790443
2024-04-11,19.579330044144378
2024-04-12,19.008049857179955
2024-04-13,19.008049857179955
2024-04-14,19.008049857179955
2024-04-15,21.9683199169047
2024-04-16,16.476239937678525
2024-04-17,21.643728901584
2024-04-18,20.89067774603999
2024-04-19,18.099195014282003
2024-04-20,18.099195014282003
2024-04-21,18.099195014282003
2024-04-22,19.51441184108024
2024-04-23,24.162555180472605
2024-04-24,26.330823162814852
2024-04-25,23.39652038431576
2024-04-26,36.78265385614126
2024-04-27,36.78265385614126
2024-04-28,36.78265385614126
2024-04-29,38.288756167229295
2024-04-30,42.17086471046482
2024-05-01,42.17086471046482
2024-05-02,42.17086471046482
2024-05-03,42.17086471046482
2024-05-04,42.17086471046482
2024-05-05,42.17086471046482
2024-05-06,45.06621656712542
2024-05-07,45.702414957153984
2024-05-08,43.20955595949104
2024-05-09,45.702414957153984
2024-05-10,45.29992209815632
2024-05-11,45.29992209815632
2024-05-12,45.29992209815632
2024-05-13,45.29992209815632
2024-05-14,45.29992209815632
2024-05-15,42.755128538042065
2024-05-16,42.32666839781875
2024-05-17,43.92365619319657
2024-05-18,43.92365619319657
2024-05-19,43.92365619319657
2024-05-20,44.507920020773824
2024-05-21,43.20955595949104
2024-05-22,44.24824720851726
2024-05-23,41.093222539600106
2024-05-24,38.53544533887302
2024-05-25,38.53544533887302
2024-05-26,38.53544533887302
2024-05-27,40.2492858997663
2024-05-28,38.84705271358089
2024-05-29,39.28849649441703
2024-05-30,39.67800571280187
2024-05-31,39.145676447675925
2024-06-01,39.145676447675925
2024-06-02,39.145676447675925
2024-06-03,39.145676447675925
2024-06-04,40.06751493118671
2024-06-05,39.639054790963385
2024-06-06,37.70449233965204
2024-06-07,36.96442482472085
2024-06-08,36.96442482472085
2024-06-09,36.96442482472085
2024-06-10,36.96442482472085
2024-06-11,37.82134510516749
2024-06-12,37.89924694884446
2024-06-13,37.65255777720073
2024-06-14,38.14593612048818
2024-06-15,38.14593612048818
2024-06-16,38.14593612048818
2024-06-17,30.485588158919764
2024-06-18,31.381459361204882
2024-06-19,29.304076863152428
2024-06-20,26.071150350558298
2024-06-21,26.759283303038174
2024-06-22,26.759283303038174
2024-06-23,26.759283303038174
2024-06-24,21.903401713840562
2024-06-25,18.60555699818229
2024-06-26,23.240716696961826
2024-06-27,19.774084653336796
2024-06-28,20.202544793560115
2024-06-29,20.202544793560115
2024-06-30,20.202544793560115
2024-07-01,21.007530511555437
2024-07-02,18.35886782653856
2024-07-03,17.60581667099455
2024-07-04,15.398597766813815
2024-07-05,16.190599844196313
2024-07-06,16.190599844196313
2024-07-07,16.190599844196313
2024-07-08,13.399117112438327
2024-07-09,17.099454687094262
2024-07-10,17.125421968319916
2024-07-11,14.139184627369513
2024-07-12,13.697740846533367
2024-07-13,13.697740846533367
2024-07-14,13.697740846533367
2024-07-15,13.360166190599845
2024-07-16,15.80109062581148
2024-07-17,22.890158400415476
2024-07-18,24.032718774344325
2024-07-19,27.447416255518046
2024-07-20,27.447416255518046
2024-07-21,27.447416255518046
2024-07-22,26.20098675668657
2024-07-23,18.293949623474422
2024-07-24,16.476239937678525
2024-07-25,15.995845235003895
2024-07-26,17.852505842638276
2024-07-27,17.852505842638276
2024-07-28,17.852505842638276
2024-07-29,23.240716696961826
2024-07-30,23.240716696961826
2024-07-31,22.721371072448715
2024-08-01,29.88834069072968
2024-08-02,26.759283303038174
2024-08-03,26.759283303038174
2024-08-04,26.759283303038174
2024-08-05,21.241236042586344
2024-08-06,23.39652038431576
2024-08-07,22.176058166709943
2024-08-08,21.513892495455725
2024-08-09,21.241236042586344
2024-08-10,21.241236042586344
2024-08-11,21.241236042586344
2024-08-12,20.28044663723708
2024-08-13,21.241236042586344
2024-08-14,18.35886782653856
2024-08-15,19.31965723188782
2024-08-16,17.852505842638276
2024-08-17,17.852505842638276
2024-08-18,17.852505842638276
2024-08-19,17.774603998961307
2024-08-20,14.087250064918203
2024-08-21,11.39963645806284
2024-08-22,8.244611789145678
2024-08-23,8.192677226694366
2024-08-24,8.192677226694366
2024-08-25,8.192677226694366
2024-08-26,7.517527914827317
2024-08-27,7.309789665022072
2024-08-28,6.595689431316541
2024-08-29,7.2059205401194495
2024-08-30,6.530771228252402
2024-08-31,6.530771228252402
2024-09-01,6.530771228252402
2024-09-02,4.544274214489743
2024-09-03,4.8818488704232665
2024-09-04,4.635159698779537
2024-09-05,4.855881589197611
2024-09-06,4.050895871202285
2024-09-07,4.050895871202285
2024-09-08,4.050895871202285
2024-09-09,3.4536484030122043
2024-09-10,3.778239418332901
2024-09-11,6.232147494157362
2024-09-12,5.803687353934043
2024-09-13,3.1680083095299927
2024-09-14,3.1680083095299927
2024-09-15,3.1680083095299927
2024-09-16,3.1680083095299927
2024-09-17,3.1680083095299927
2024-09-18,5.10257076084134
2024-09-19,3.66138665281745
2024-09-20,3.4796156842378605
2024-09-21,3.4796156842378605
2024-09-22,3.4796156842378605
2024-09-23,3.4536484030122043
2024-09-24,5.894572838223838
2024-09-25,6.868345884185925
2024-09-26,7.128018696442482
2024-09-27,12.814853284861075
2024-09-28,12.814853284861075
2024-09-29,12.814853284861075
2024-09-30,29.498831472344843
2024-10-01,29.498831472344843
2024-10-02,29.498831472344843
2024-10-03,29.498831472344843
2024-10-04,29.498831472344843
2024-10-05,29.498831472344843
2024-10-06,29.498831472344843
2024-10-07,29.498831472344843
2024-10-08,47.481173721111396
2024-10-09,34.263827577252655
2024-10-10,30.81017917424046
2024-10-11,20.669955855621915
2024-10-12,20.669955855621915
2024-10-13,20.669955855621915
2024-10-14,25.62970656972215
2024-10-15,18.41080238898987
2024-10-16,14.749415736172422
2024-10-17,13.80160997143599
2024-10-18,24.96754089846793
2024-10-19,24.96754089846793
2024-10-20,24.96754089846793
2024-10-21,27.784990911451573
2024-10-22,28.109581926772265
2024-10-23,28.252401973513376
2024-10-24,24.513113477018955
2024-10-25,28.91456764476759
2024-10-26,28.91456764476759
2024-10-27,28.91456764476759
2024-10-28,28.719813035575175
2024-10-29,25.34406647623994
2024-10-30,28.109581926772265
2024-10-31,34.99091145157102
2024-11-01,31.381459361204882
2024-11-02,31.381459361204882
2024-11-03,31.381459361204882
2024-11-04,35.74396260711504
2024-11-05,42.40457024149571
2024-11-06,42.97585042846014
2024-11-07,48.72760321994287
2024-11-08,47.805764736432096
2024-11-09,47.805764736432096
2024-11-10,47.805764736432096
2024-11-11,51.75279148273175
2024-11-12,44.55985458322513
2024-11-13,46.26071150350558
2024-11-14,46.01402233186185
2024-11-15,41.145157102051414
2024-11-16,41.145157102051414
2024-11-17,41.145157102051414
2024-11-18,37.82134510516749
2024-11-19,40.74266424305375
2024-11-20,41.76837185146715
2024-11-21,41.963126460659566
2024-11-22,35.18566606076344
2024-11-23,35.18566606076344
2024-11-24,35.18566606076344
2024-11-25,34.03012204622176
2024-11-26,32.49805245390808
2024-11-27,37.74344326149052
2024-11-28,36.26330823162815
2024-11-29,39.49623474422228
2024-11-30,39.49623474422228
2024-12-01,39.49623474422228
2024-12-02,40.911451571020514
2024-12-03,39.83380940015581
2024-12-04,38.32770708906777
2024-12-05,38.691249026226956
2024-12-06,40.82056608673072
2024-12-07,40.82056608673072
2024-12-08,40.82056608673072
2024-12-09,39.93767852505843
2024-12-10,40.677746039989614
2024-12-11,40.82056608673072
2024-12-12,42.40457024149571
2024-12-13,38.61334718254999
2024-12-14,38.61334718254999
2024-12-15,38.61334718254999
2024-12-16,22.487665541417815
2024-12-17,21.760581667099455
2024-12-18,23.12386393144638
2024-12-19,24.73383536743703
2024-12-20,25.62970656972215
2024-12-21,25.62970656972215
2024-12-22,25.62970656972215
2024-12-23,23.39652038431576
2024-12-24,26.62944689690989
2024-12-25,26.20098675668657
2024-12-26,28.304336535964687
2024-12-27,27.61620358348481
2024-12-28,27.61620358348481
2024-12-29,27.61620358348481
2024-12-30,27.330563490002596
2024-12-31,20.59205401194495
2025-01-01,20.59205401194495
2025-01-02,13.360166190599845
2025-01-03,10.958192677226695
2025-01-04,10.958192677226695
2025-01-05,10.958192677226695
2025-01-06,10.581667099454688
2025-01-07,12.386393144637758
2025-01-08,11.867047520124643
2025-01-09,12.035834848091405
2025-01-10,10.296027005972475
2025-01-11,10.296027005972475
2025-01-12,10.296027005972475
2025-01-13,10.296027005972475
2025-01-14,15.80109062581148
2025-01-15,14.230070111659309
2025-01-16,14.139184627369513
2025-01-17,16.190599844196313
2025-01-18,16.190599844196313
2025-01-19,16.190599844196313
2025-01-20,16.6060763438068
2025-01-21,16.917683718514674
2025-01-22,15.930927031939756
2025-01-23,15.528434172942093
2025-01-24,17.190340171384054
2025-01-25,17.190340171384054
2025-01-26,17.190340171384054
2025-01-27,14.749415736172422
2025-01-28,14.749415736172422
2025-01-29,14.749415736172422
2025-01-30,14.749415736172422
2025-01-31,14.749415736172422
2025-02-01,14.749415736172422
2025-02-02,14.749415736172422
2025-02-03,14.749415736172422
2025-02-04,14.749415736172422
2025-02-05,16.774863671773566
2025-02-06,21.13736691768372
2025-02-07,23.799013243313425
2025-02-08,23.799013243313425
2025-02-09,23.799013243313425
2025-02-10,24.64294988314723
2025-02-11,22.253960010386912
2025-02-12,26.330823162814852
2025-02-13,22.890158400415476
2025-02-14,25.071410023370554
2025-02-15,25.071410023370554
2025-02-16,25.071410023370554
2025-02-17,26.434692287717475
2025-02-18,21.513892495455725
2025-02-19,25.071410023370554
2025-02-20,25.473902882368215
2025-02-21,29.940275253180992
2025-02-22,29.940275253180992
2025-02-23,29.940275253180992
2025-02-24,30.81017917424046
2025-02-25,26.330823162814852
2025-02-26,29.304076863152428
2025-02-27,28.057647364320953
2025-02-28,29.083354972734355
2025-03-01,29.083354972734355
2025-03-02,29.083354972734355
2025-03-03,29.083354972734355
2025-03-04,29.940275253180992
2025-03-05,30.511555440145415
2025-03-06,34.73123863931447
2025-03-07,24.863671773565308
2025-03-08,24.863671773565308
2025-03-09,24.863671773565308
2025-03-10,24.032718774344325
2025-03-11,24.30537522721371
2025-03-12,23.240716696961826
2025-03-13,20.669955855621915
2025-03-14,26.434692287717475
2025-03-15,26.434692287717475
2025-03-16,26.434692287717475
2025-03-17,25.071410023370554
2025-03-18,25.75954297585043
2025-03-19,24.253440664762397
2025-03-20,21.708647104648144
2025-03-21,17.683718514671515
2025-03-22,17.683718514671515
2025-03-23,17.683718514671515
2025-03-24,25.34406647623994
2025-03-25,15.775123344585824
2025-03-26,22.176058166709943
2025-03-27,15.554401454167749
2025-03-28,15.697221500908856
2025-03-29,15.697221500908856
2025-03-30,15.697221500908856
2025-03-31,16.190599844196313
2025-04-01,23.240716696961826
2025-04-02,22.721371072448715
2025-04-03,24.162555180472605
2025-04-04,24.162555180472605
2025-04-05,24.162555180472605
2025-04-06,24.162555180472605
2025-04-07,9.529992209815633
2025-04-08,11.360685536224358
2025-04-09,15.061023110880292
2025-04-10,17.47598026486627
2025-04-11,19.839002856400935
2025-04-12,19.839002856400935
2025-04-13,19.839002856400935
2025-04-14,19.981822903142042
2025-04-15,17.683718514671515
2025-04-16,17.60581667099455
2025-04-17,17.60581667099455
2025-04-18,16.917683718514674
2025-04-19,16.917683718514674
2025-04-20,16.917683718514674
2025-04-21,17.320176577512335
2025-04-22,25.473902882368215
2025-04-23,24.35730978966502
2025-04-24,21.994287198130355
2025-04-25,23.565307712282525
2025-04-26,23.565307712282525
2025-04-27,23.565307712282525
2025-04-28,19.228771747598024
2025-04-29,15.853025188262789
2025-04-30,16.190599844196313
2025-05-01,16.190599844196313
2025-05-02,16.190599844196313
2025-05-03,16.190599844196313
2025-05-04,16.190599844196313
2025-05-05,16.190599844196313
2025-05-06,19.839002856400935
2025-05-07,20.669955855621915
2025-05-08,21.384056089327448
2025-05-09,17.683718514671515
2025-05-10,17.683718514671515
2025-05-11,17.683718514671515
2025-05-12,21.241236042586344
2025-05-13,20.28044663723708
2025-05-14,21.760581667099455
2025-05-15,18.423786029602702
2025-05-16,18.008309529992207
2025-05-17,18.008309529992207
2025-05-18,18.008309529992207
2025-05-19,17.540898467930408
2025-05-20,18.904180732277332
2025-05-21,19.15086990392106
2025-05-22,17.852505842638276
2025-05-23,16.424305375227213
2025-05-24,16.424305375227213
2025-05-25,16.424305375227213
2025-05-26,16.190599844196313
2025-05-27,15.151908595170086
2025-05-28,14.554661126980006
2025-05-29,17.138405608932743
2025-05-30,15.853025188262789
2025-05-31,15.853025188262789
2025-06-01,15.853025188262789
2025-06-02,15.853025188262789
2025-06-03,16.6060763438068
2025-06-04,17.774603998961307
2025-06-05,18.735393404310567
2025-06-06,18.293949623474422
2025-06-07,18.293949623474422
2025-06-08,18.293949623474422
2025-06-09,20.202544793560115
2025-06-10,18.008309529992207
2025-06-11,19.644248247208516
2025-06-12,19.51441184108024
2025-06-13,17.852505842638276
2025-06-14,17.852505842638276
2025-06-15,17.852505842638276
2025-06-16,22.721371072448715
2025-06-17,22.383796416515192
2025-06-18,22.487665541417815
2025-06-19,20.11165930927032
2025-06-20,18.735393404310567
2025-06-21,18.735393404310567
2025-06-22,18.735393404310567
2025-06-23,20.08569202804466
2025-06-24,23.695144118410802
2025-06-25,28.641911191898206
2025-06-26,27.330563490002596
2025-06-27,27.330563490002596
2025-06-28,27.330563490002596
2025-06-29,27.330563490002596
2025-06-30,30.005193456245134
2025-07-01,29.498831472344843
2025-07-02,28.56400934822124
2025-07-03,30.38171903401714
2025-07-04,29.88834069072968
2025-07-05,29.88834069072968
2025-07-06,29.88834069072968
2025-07-07,28.719813035575175
2025-07-08,32.01765775123345
2025-07-09,30.81017917424046
2025-07-10,31.770968579589713
2025-07-11,33.09529992209816
2025-07-12,33.09529992209816
2025-07-13,33.09529992209816
2025-07-14,32.58893793819787
2025-07-15,33.393923656193195
2025-07-16,32.88756167229291
2025-07-17,36.08153726304856
2025-07-18,36.847572059205405
2025-07-19,36.847572059205405
2025-07-20,36.847572059205405
2025-07-21,38.288756167229295
2025-07-22,39.61308750973773
2025-07-23,39.05479096338613
2025-07-24,42.32666839781875
2025-07-25,42.17086471046482
2025-07-26,42.17086471046482
2025-07-27,42.17086471046482
2025-07-28,42.521423007011165
2025-07-29,44.06647623993768
2025-07-30,43.248506881329526
2025-07-31,39.9246948844456
2025-08-01,39.05479096338613
2025-08-02,39.05479096338613
2025-08-03,39.05479096338613
2025-08-04,39.83380940015581
2025-08-05,40.56089327447416
2025-08-06,41.093222539600106
2025-08-07,40.96338613347182
2025-08-08,39.93767852505843
2025-08-09,39.93767852505843
2025-08-10,39.93767852505843
2025-08-11,41.145157102051414
2025-08-12,41.586600882887566
2025-08-13,41.76837185146715
2025-08-14,40.54790963386134
2025-08-15,43.248506881329526
2025-08-16,43.248506881329526
2025-08-17,43.248506881329526
2025-08-18,45.962087769410545
2025-08-19,41.963126460659566
2025-08-20,49.66242534406648
2025-08-21,44.32614905219424
2025-08-22,44.58582186445079
2025-08-23,44.58582186445079
2025-08-24,44.58582186445079
2025-08-25,51.75279148273175
2025-08-26,51.06465853025188
2025-08-27,48.19527395481693
2025-08-28,47.481173721111396
2025-08-29,58.40041547649961
2025-08-30,58.40041547649961
2025-08-31,58.40041547649961
2025-09-01,59.322253960010386
2025-09-02,55.20643988574396
2025-09-03,57.945988055050634
2025-09-04,52.31108802908335
2025-09-05,56.920280446637236
2025-09-06,56.920280446637236
2025-09-07,56.920280446637236
2025-09-08,58.69903921059465
2025-09-09,55.81667099454687
2025-09-10,56.21916385354453
2025-09-11,61.957933004414436
2025-09-12,61.60737470786809
2025-09-13,61.60737470786809
2025-09-14,61.60737470786809
2025-09-15,62.905738769150865
2025-09-16,63.77564269021033
2025-09-17,65.00908854842898
2025-09-18,63.77564269021033
2025-09-19,63.892495455725786
2025-09-20,63.892495455725786
2025-09-21,63.892495455725786
2025-09-22,65.47649961049078
2025-09-23,64.28200467411061
2025-09-24,67.28122565567385
2025-09-25,68.3329005453129
2025-09-26,66.73591274993508
2025-09-27,66.73591274993508
2025-09-28,66.73591274993508
2025-09-29,63.892495455725786
2025-09-30,66.07374707868087
2025-10-01,66.07374707868087
2025-10-02,66.07374707868087
2025-10-03,66.07374707868087
2025-10-04,66.07374707868087
2025-10-05,66.07374707868087
2025-10-06,66.07374707868087
2025-10-07,66.07374707868087
2025-10-08,66.07374707868087
2025-10-09,70.04674110620618
2025-10-10,64.55466112698001
2025-10-11,64.55466112698001
2025-10-12,64.55466112698001
2025-10-13,64.11321734614386
2025-10-14,58.8158919761101
2025-10-15,61.69826019215788
2025-10-16,60.828356271098414
2025-10-17,55.011685276551546
2025-10-18,55.011685276551546
2025-10-19,55.011685276551546
2025-10-20,68.47572059205402
2025-10-21,65.19085951700858
2025-10-22,63.451051674889634
2025-10-23,63.12646065956894
2025-10-24,65.762139703973
2025-10-25,65.762139703973
2025-10-26,65.762139703973
2025-10-27,69.11191898208257
2025-10-28,70.7997922617502
2025-10-29,68.86522981043885
2025-10-30,59.45209036613866
2025-10-31,42.63827577252662
2025-11-01,42.63827577252662
2025-11-02,42.63827577252662
2025-11-03,42.96286678784732
2025-11-04,40.911451571020514
2025-11-05,40.96338613347182
2025-11-06,43.53414697481174
2025-11-07,43.13165411581407
2025-11-08,43.13165411581407
2025-11-09,43.13165411581407
2025-11-10,43.7029343027785
2025-11-11,47.481173721111396
2025-11-12,40.197351337314984
2025-11-13,42.17086471046482
2025-11-14,44.274214489742924
2025-11-15,44.274214489742924
2025-11-16,44.274214489742924
2025-11-17,43.67696702155284
2025-11-18,42.17086471046482
2025-11-19,41.586600882887566
2025-11-20,40.47000779018437
2025-11-21,34.99091145157102
2025-11-22,34.99091145157102
2025-11-23,34.99091145157102
2025-11-24,35.44533887301999
2025-11-25,37.0812775902363
2025-11-26,37.82134510516749
2025-11-27,37.70449233965204
2025-11-28,38.84705271358089
2025-11-29,38.84705271358089
2025-11-30,38.84705271358089
2025-12-01,34.84809140482991
2025-12-02,39.639054790963385
2025-12-03,38.53544533887302
2025-12-04,32.49805245390808
2025-12-05,33.965203843157624
2025-12-06,33.965203843157624
2025-12-07,33.965203843157624
2025-12-08,36.08153726304856
2025-12-09,34.64035315502467
2025-12-10,35.315502466891715
2025-12-11,32.17346143858738
2025-12-12,33.640612827836925
2025-12-13,33.640612827836925
2025-12-14,33.640612827836925
2025-12-15,46.442482472085175
2025-12-16,43.83277070890678
2025-12-17,48.14333939236562
2025-12-18,45.962087769410545
2025-12-19,47.18254998701636
2025-12-20,47.18254998701636
2025-12-21,47.18254998701636
2025-12-22,49.62347442222799
2025-12-23,44.37808361464555
2025-12-24,51.24642949883147
2025-12-25,51.66190599844196
2025-12-26,52.181251622955074
2025-12-27,52.181251622955074
2025-12-28,52.181251622955074
2025-12-29,46.663204362503244
2025-12-30,47.31238639314464
2025-12-31,46.52038431576214
2026-01-01,46.52038431576214
2026-01-02,46.52038431576214
2026-01-03,46.52038431576214
2026-01-04,46.52038431576214
2026-01-05,49.84419631264607
2026-01-06,53.142041028304334
2026-01-07,52.687613606855365
2026-01-08,52.427940794598804
2026-01-09,54.06387951181512
2026-01-10,54.06387951181512
2026-01-11,54.06387951181512
2026-01-12,57.72526616463256
2026-01-13,54.6221760581667
2026-01-14,54.89483251103609
2026-01-15,55.11555440145417
2026-01-16,55.20643988574396
2026-01-17,55.20643988574396
2026-01-18,55.20643988574396
2026-01-19,56.14126200986757
2026-01-20,55.49207997922617
2026-01-21,57.43962607115035
2026-01-22,58.16670994546871
2026-01-23,65.03505582965462
2026-01-24,65.03505582965462
2026-01-25,65.03505582965462
2026-01-26,63.19137886263309
2026-01-27,63.12646065956894
2026-01-28,63.892495455725786
2026-01-29,63.60685536224358
2026-01-30,61.3347182549987
2026-01-31,61.3347182549987
2026-02-01,61.3347182549987
2026-02-02,51.402233186185406
2026-02-03,54.518306933264086
2026-02-04,54.752012464294985
2026-02-05,52.687613606855365
2026-02-06,52.181251622955074
2026-02-07,52.181251622955074
2026-02-08,52.181251622955074
2026-02-09,55.89457283822383
2026-02-10,57.02414957153986
2026-02-11,56.14126200986757
2026-02-12,57.634380680342765
2026-02-13,55.20643988574396
2026-02-14,55.20643988574396
2026-02-15,55.20643988574396
2026-02-16,55.20643988574396
2026-02-17,55.20643988574396
2026-02-18,55.20643988574396
2026-02-19,55.20643988574396
2026-02-20,55.20643988574396
2026-02-21,55.20643988574396
2026-02-22,55.20643988574396
2026-02-23,55.20643988574396
2026-02-24,57.387691508699035
2026-02-25,59.21838483510776
2026-02-26,60.64658530251883
2026-02-27,61.3347182549987
2026-02-28,61.3347182549987
2026-03-01,61.3347182549987
2026-03-02,59.867566865749154
2026-03-03,53.388730199948064
2026-03-04,57.387691508699035
2026-03-05,59.244352116333424
2026-03-06,53.960010386912494
2026-03-07,53.960010386912494
2026-03-08,53.960010386912494
2026-03-09,57.43962607115035
2026-03-10,57.8810698519865
2026-03-11,57.945988055050634
2026-03-12,56.80342768112179
2026-03-13,54.41443780836146
2026-03-14,54.41443780836146
2026-03-15,54.41443780836146
2026-03-16,54.336535964684494
2026-03-17,52.830433653596465
2026-03-18,53.75227213710725
2026-03-19,49.84419631264607
2026-03-20,48.23422487665541
2026-03-21,48.23422487665541
2026-03-22,48.23422487665541
2026-03-23,41.33991171124383
2026-03-24,43.98857439626071
2026-03-25,46.96182809659828
2026-03-26,43.53414697481174
2026-03-27,44.87146195793301
2026-03-28,44.87146195793301
2026-03-29,44.87146195793301
2026-03-30,47.7148792521423
2026-03-31,47.7148792521423
2026-04-01,51.42820046741107
2026-04-02,51.10360945209037
2026-04-03,49.75331082835627
2026-04-04,49.75331082835627
2026-04-05,49.75331082835627
2026-04-06,49.75331082835627
2026-04-07,55.81667099454687
2026-04-08,57.945988055050634
2026-04-09,56.47883666580109
2026-04-10,59.633861334718254
2026-04-11,59.633861334718254
2026-04-12,59.633861334718254
2026-04-13,59.40015580368735
2026-04-14,61.69826019215788
2026-04-15,59.491041287977154
2026-04-16,62.02285120747858
2026-04-17,61.86704752012464
2026-04-18,61.86704752012464
2026-04-19,61.86704752012464
2026-04-20,61.3347182549987
2026-04-21,60.97117631783953
2026-04-22,65.35964684497533
2026-04-23,64.0872500649182
2026-04-24,62.42534406647624
2026-04-25,62.42534406647624
2026-04-26,62.42534406647624
2026-04-27,60.19215788106985
2026-04-28,49.88314723448455
2026-04-29,51.42820046741107
2026-04-30,51.493118670475205
2026-05-01,51.493118670475205
2026-05-02,51.493118670475205
2026-05-03,51.493118670475205
2026-05-04,51.493118670475205
2026-05-05,51.493118670475205
2026-05-06,50.40249285899766
2026-05-07,52.051415216826804
2026-05-08,51.10360945209037
2026-05-09,51.10360945209037
