date,value
2005-04-08,30.39
2005-04-09,30.39
2005-04-10,30.39
2005-04-11,29.77
2005-04-12,29.03
2005-04-13,29.53
2005-04-14,28.95
2005-04-15,28.68
2005-04-16,28.68
2005-04-17,28.68
2005-04-18,30.03
2005-04-19,30.54
2005-04-20,31.27
2005-04-21,31.43
2005-04-22,30.65
2005-04-23,30.65
2005-04-24,30.65
2005-04-25,30.59
2005-04-26,32.17
2005-04-27,32.25
2005-04-28,33.06
2005-04-29,31.53
2005-04-30,31.53
2005-05-01,31.53
2005-05-02,31.53
2005-05-03,31.53
2005-05-04,31.53
2005-05-05,31.53
2005-05-06,31.53
2005-05-07,31.53
2005-05-08,31.53
2005-05-09,31.0
2005-05-10,31.06
2005-05-11,31.85
2005-05-12,31.52
2005-05-13,31.86
2005-05-14,31.86
2005-05-15,31.86
2005-05-16,31.51
2005-05-17,31.86
2005-05-18,32.19
2005-05-19,32.13
2005-05-20,31.86
2005-05-21,31.86
2005-05-22,31.86
2005-05-23,30.87
2005-05-24,31.49
2005-05-25,31.56
2005-05-26,31.17
2005-05-27,30.98
2005-05-28,30.98
2005-05-29,30.98
2005-05-30,31.37
2005-05-31,31.23
2005-06-01,30.51
2005-06-02,30.09
2005-06-03,29.89
2005-06-04,29.89
2005-06-05,29.89
2005-06-06,30.43
2005-06-07,30.48
2005-06-08,32.88
2005-06-09,33.29
2005-06-10,32.56
2005-06-11,32.56
2005-06-12,32.56
2005-06-13,32.61
2005-06-14,32.06
2005-06-15,31.17
2005-06-16,31.4
2005-06-17,31.29
2005-06-18,31.29
2005-06-19,31.29
2005-06-20,32.2
2005-06-21,31.83
2005-06-22,31.94
2005-06-23,31.55
2005-06-24,31.65
2005-06-25,31.65
2005-06-26,31.65
2005-06-27,32.43
2005-06-28,31.82
2005-06-29,31.68
2005-06-30,30.95
2005-07-01,28.49
2005-07-02,28.49
2005-07-03,28.49
2005-07-04,28.03
2005-07-05,27.75
2005-07-06,27.53
2005-07-07,27.63
2005-07-08,26.77
2005-07-09,26.77
2005-07-10,26.77
2005-07-11,26.4
2005-07-12,27.32
2005-07-13,27.08
2005-07-14,27.12
2005-07-15,26.6
2005-07-16,26.6
2005-07-17,26.6
2005-07-18,26.13
2005-07-19,26.3
2005-07-20,26.45
2005-07-21,26.44
2005-07-22,27.22
2005-07-23,27.22
2005-07-24,27.22
2005-07-25,27.19
2005-07-26,27.86
2005-07-27,28.46
2005-07-28,28.33
2005-07-29,28.18
2005-07-30,28.18
2005-07-31,28.18
2005-08-01,28.34
2005-08-02,28.97
2005-08-03,29.27
2005-08-04,29.11
2005-08-05,29.75
2005-08-06,29.75
2005-08-07,29.75
2005-08-08,29.92
2005-08-09,30.13
2005-08-10,30.48
2005-08-11,30.84
2005-08-12,30.19
2005-08-13,30.19
2005-08-14,30.19
2005-08-15,30.86
2005-08-16,30.83
2005-08-17,31.34
2005-08-18,29.86
2005-08-19,29.97
2005-08-20,29.97
2005-08-21,29.97
2005-08-22,30.24
2005-08-23,29.95
2005-08-24,30.34
2005-08-25,29.84
2005-08-26,30.03
2005-08-27,30.03
2005-08-28,30.03
2005-08-29,28.53
2005-08-30,28.53
2005-08-31,28.53
2005-09-01,29.18
2005-09-02,29.36
2005-09-03,29.36
2005-09-04,29.36
2005-09-05,29.68
2005-09-06,28.97
2005-09-07,29.55
2005-09-08,29.61
2005-09-09,29.35
2005-09-10,29.35
2005-09-11,29.35
2005-09-12,28.5
2005-09-13,29.06
2005-09-14,29.32
2005-09-15,29.39
2005-09-16,29.34
2005-09-17,29.34
2005-09-18,29.34
2005-09-19,29.61
2005-09-20,29.3
2005-09-21,28.88
2005-09-22,27.03
2005-09-23,27.78
2005-09-24,27.78
2005-09-25,27.78
2005-09-26,26.86
2005-09-27,26.29
2005-09-28,26.14
2005-09-29,26.56
2005-09-30,26.51
2005-10-01,26.51
2005-10-02,26.51
2005-10-03,26.51
2005-10-04,26.51
2005-10-05,26.51
2005-10-06,26.51
2005-10-07,26.51
2005-10-08,26.51
2005-10-09,26.51
2005-10-10,26.09
2005-10-11,26.66
2005-10-12,26.83
2005-10-13,26.6
2005-10-14,26.25
2005-10-15,26.25
2005-10-16,26.25
2005-10-17,26.09
2005-10-18,26.42
2005-10-19,26.21
2005-10-20,26.3
2005-10-21,26.47
2005-10-22,26.47
2005-10-23,26.47
2005-10-24,26.89
2005-10-25,26.32
2005-10-26,25.71
2005-10-27,25.52
2005-10-28,24.95
2005-10-29,24.95
2005-10-30,24.95
2005-10-31,25.42
2005-11-01,25.61
2005-11-02,26.04
2005-11-03,25.7
2005-11-04,25.88
2005-11-05,25.88
2005-11-06,25.88
2005-11-07,25.93
2005-11-08,26.07
2005-11-09,25.98
2005-11-10,25.31
2005-11-11,25.39
2005-11-12,25.39
2005-11-13,25.39
2005-11-14,25.4
2005-11-15,25.18
2005-11-16,25.4
2005-11-17,25.4
2005-11-18,25.96
2005-11-19,25.96
2005-11-20,25.96
2005-11-21,26.01
2005-11-22,25.49
2005-11-23,25.66
2005-11-24,25.76
2005-11-25,25.76
2005-11-26,25.76
2005-11-27,25.76
2005-11-28,25.62
2005-11-29,25.39
2005-11-30,25.37
2005-12-01,25.17
2005-12-02,25.01
2005-12-03,25.01
2005-12-04,25.01
2005-12-05,24.58
2005-12-06,24.71
2005-12-07,24.91
2005-12-08,24.91
2005-12-09,25.3
2005-12-10,25.3
2005-12-11,25.3
2005-12-12,25.41
2005-12-13,25.4
2005-12-14,25.69
2005-12-15,25.58
2005-12-16,25.75
2005-12-17,25.75
2005-12-18,25.75
2005-12-19,25.75
2005-12-20,25.81
2005-12-21,25.67
2005-12-22,25.83
2005-12-23,26.07
2005-12-24,26.07
2005-12-25,26.07
2005-12-26,26.26
2005-12-27,26.16
2005-12-28,26.17
2005-12-29,26.47
2005-12-30,26.22
2005-12-31,26.22
2006-01-01,26.22
2006-01-02,26.22
2006-01-03,26.22
2006-01-04,26.81
2006-01-05,27.25
2006-01-06,27.52
2006-01-07,27.52
2006-01-08,27.52
2006-01-09,27.82
2006-01-10,27.89
2006-01-11,27.82
2006-01-12,28.29
2006-01-13,28.26
2006-01-14,28.26
2006-01-15,28.26
2006-01-16,27.81
2006-01-17,27.9
2006-01-18,28.43
2006-01-19,28.64
2006-01-20,28.74
2006-01-21,28.74
2006-01-22,28.74
2006-01-23,28.75
2006-01-24,28.82
2006-01-25,28.98
2006-01-26,28.98
2006-01-27,28.98
2006-01-28,28.98
2006-01-29,28.98
2006-01-30,28.98
2006-01-31,28.98
2006-02-01,28.98
2006-02-02,28.98
2006-02-03,28.98
2006-02-04,28.98
2006-02-05,28.98
2006-02-06,29.57
2006-02-07,29.48
2006-02-08,29.67
2006-02-09,29.17
2006-02-10,29.52
2006-02-11,29.52
2006-02-12,29.52
2006-02-13,29.45
2006-02-14,30.02
2006-02-15,30.05
2006-02-16,29.32
2006-02-17,29.03
2006-02-18,29.03
2006-02-19,29.03
2006-02-20,28.85
2006-02-21,29.36
2006-02-22,29.3
2006-02-23,29.26
2006-02-24,29.41
2006-02-25,29.41
2006-02-26,29.41
2006-02-27,29.27
2006-02-28,29.36
2006-03-01,29.52
2006-03-02,28.9
2006-03-03,28.93
2006-03-04,28.93
2006-03-05,28.93
2006-03-06,28.81
2006-03-07,27.88
2006-03-08,27.75
2006-03-09,27.57
2006-03-10,27.63
2006-03-11,27.63
2006-03-12,27.63
2006-03-13,27.88
2006-03-14,27.9
2006-03-15,28.14
2006-03-16,28.1
2006-03-17,27.93
2006-03-18,27.93
2006-03-19,27.93
2006-03-20,29.74
2006-03-21,29.74
2006-03-22,30.16
2006-03-23,30.35
2006-03-24,28.92
2006-03-25,28.92
2006-03-26,28.92
2006-03-27,29.91
2006-03-28,29.14
2006-03-29,29.13
2006-03-30,29.9
2006-03-31,29.94
2006-04-01,29.94
2006-04-02,29.94
2006-04-03,30.39
2006-04-04,29.72
2006-04-05,29.97
2006-04-06,30.2
2006-04-07,30.39
2006-04-08,30.39
2006-04-09,30.39
2006-04-10,30.95
2006-04-11,31.67
2006-04-12,31.25
2006-04-13,31.56
2006-04-14,32.07
2006-04-15,32.07
2006-04-16,32.07
2006-04-17,32.1
2006-04-18,32.89
2006-04-19,32.57
2006-04-20,33.13
2006-04-21,33.54
2006-04-22,33.54
2006-04-23,33.54
2006-04-24,33.74
2006-04-25,34.11
2006-04-26,33.85
2006-04-27,34.68
2006-04-28,34.6
2006-04-29,34.6
2006-04-30,34.6
2006-05-01,34.6
2006-05-02,34.6
2006-05-03,34.6
2006-05-04,34.6
2006-05-05,34.6
2006-05-06,34.6
2006-05-07,34.6
2006-05-08,34.92
2006-05-09,33.96
2006-05-10,33.65
2006-05-11,33.5
2006-05-12,34.83
2006-05-13,34.83
2006-05-14,34.83
2006-05-15,35.54
2006-05-16,34.58
2006-05-17,35.84
2006-05-18,36.01
2006-05-19,35.92
2006-05-20,35.92
2006-05-21,35.92
2006-05-22,36.4
2006-05-23,34.73
2006-05-24,34.14
2006-05-25,34.3
2006-05-26,34.95
2006-05-27,34.95
2006-05-28,34.95
2006-05-29,35.79
2006-05-30,36.34
2006-05-31,36.16
2006-06-01,37.43
2006-06-02,37.36
2006-06-03,37.36
2006-06-04,37.36
2006-06-05,37.68
2006-06-06,37.57
2006-06-07,36.1
2006-06-08,37.01
2006-06-09,36.08
2006-06-10,36.08
2006-06-11,36.08
2006-06-12,37.02
2006-06-13,36.13
2006-06-14,35.93
2006-06-15,35.85
2006-06-16,35.64
2006-06-17,35.64
2006-06-18,35.64
2006-06-19,36.1
2006-06-20,36.16
2006-06-21,35.96
2006-06-22,35.85
2006-06-23,36.25
2006-06-24,36.25
2006-06-25,36.25
2006-06-26,35.83
2006-06-27,35.86
2006-06-28,35.85
2006-06-29,36.57
2006-06-30,36.45
2006-07-01,36.45
2006-07-02,36.45
2006-07-03,35.75
2006-07-04,35.64
2006-07-05,35.34
2006-07-06,36.11
2006-07-07,35.99
2006-07-08,35.99
2006-07-09,35.99
2006-07-10,36.03
2006-07-11,36.31
2006-07-12,36.32
2006-07-13,34.21
2006-07-14,34.55
2006-07-15,34.55
2006-07-16,34.55
2006-07-17,34.95
2006-07-18,35.13
2006-07-19,34.11
2006-07-20,34.31
2006-07-21,34.4
2006-07-22,34.4
2006-07-23,34.4
2006-07-24,34.4
2006-07-25,34.89
2006-07-26,34.69
2006-07-27,34.28
2006-07-28,33.84
2006-07-29,33.84
2006-07-30,33.84
2006-07-31,32.44
2006-08-01,31.92
2006-08-02,31.68
2006-08-03,31.5
2006-08-04,30.52
2006-08-05,30.52
2006-08-06,30.52
2006-08-07,29.96
2006-08-08,30.56
2006-08-09,30.5
2006-08-10,30.9
2006-08-11,30.56
2006-08-12,30.56
2006-08-13,30.56
2006-08-14,29.68
2006-08-15,30.14
2006-08-16,31.07
2006-08-17,31.01
2006-08-18,30.99
2006-08-19,30.99
2006-08-20,30.99
2006-08-21,31.4
2006-08-22,31.35
2006-08-23,31.12
2006-08-24,31.31
2006-08-25,31.45
2006-08-26,31.45
2006-08-27,31.45
2006-08-28,32.23
2006-08-29,32.29
2006-08-30,32.14
2006-08-31,32.2
2006-09-01,31.63
2006-09-02,31.63
2006-09-03,31.63
2006-09-04,32.11
2006-09-05,32.22
2006-09-06,32.35
2006-09-07,31.83
2006-09-08,31.89
2006-09-09,31.89
2006-09-10,31.89
2006-09-11,32.01
2006-09-12,32.1
2006-09-13,31.69
2006-09-14,31.81
2006-09-15,32.24
2006-09-16,32.24
2006-09-17,32.24
2006-09-18,32.74
2006-09-19,32.7
2006-09-20,32.76
2006-09-21,32.88
2006-09-22,32.6
2006-09-23,32.6
2006-09-24,32.6
2006-09-25,32.58
2006-09-26,32.36
2006-09-27,32.6
2006-09-28,32.88
2006-09-29,33.23
2006-09-30,33.23
2006-10-01,33.23
2006-10-02,33.23
2006-10-03,33.23
2006-10-04,33.23
2006-10-05,33.23
2006-10-06,33.23
2006-10-07,33.23
2006-10-08,33.23
2006-10-09,33.91
2006-10-10,34.04
2006-10-11,34.02
2006-10-12,33.68
2006-10-13,34.61
2006-10-14,34.61
2006-10-15,34.61
2006-10-16,34.37
2006-10-17,34.19
2006-10-18,34.65
2006-10-19,34.65
2006-10-20,34.35
2006-10-21,34.35
2006-10-22,34.35
2006-10-23,33.16
2006-10-24,33.28
2006-10-25,33.02
2006-10-26,32.68
2006-10-27,32.04
2006-10-28,32.04
2006-10-29,32.04
2006-10-30,32.51
2006-10-31,32.51
2006-11-01,32.72
2006-11-02,33.69
2006-11-03,32.83
2006-11-04,32.83
2006-11-05,32.83
2006-11-06,32.84
2006-11-07,32.75
2006-11-08,33.41
2006-11-09,32.81
2006-11-10,33.02
2006-11-11,33.02
2006-11-12,33.02
2006-11-13,32.13
2006-11-14,32.58
2006-11-15,33.27
2006-11-16,32.91
2006-11-17,33.41
2006-11-18,33.41
2006-11-19,33.41
2006-11-20,33.52
2006-11-21,33.91
2006-11-22,34.34
2006-11-23,34.46
2006-11-24,32.87
2006-11-25,32.87
2006-11-26,32.87
2006-11-27,34.42
2006-11-28,33.42
2006-11-29,33.9
2006-11-30,34.58
2006-12-01,34.95
2006-12-02,34.95
2006-12-03,34.95
2006-12-04,34.92
2006-12-05,36.19
2006-12-06,35.88
2006-12-07,36.59
2006-12-08,36.08
2006-12-09,36.08
2006-12-10,36.08
2006-12-11,36.46
2006-12-12,36.43
2006-12-13,36.51
2006-12-14,37.24
2006-12-15,37.74
2006-12-16,37.74
2006-12-17,37.74
2006-12-18,38.42
2006-12-19,37.79
2006-12-20,38.24
2006-12-21,37.55
2006-12-22,37.17
2006-12-23,37.17
2006-12-24,37.17
2006-12-25,37.67
2006-12-26,39.24
2006-12-27,39.79
2006-12-28,39.27
2006-12-29,39.97
2006-12-30,39.97
2006-12-31,39.97
2007-01-01,39.97
2007-01-02,39.97
2007-01-03,39.97
2007-01-04,39.64
2007-01-05,40.37
2007-01-06,40.37
2007-01-07,40.37
2007-01-08,41.06
2007-01-09,41.05
2007-01-10,42.26
2007-01-11,42.25
2007-01-12,41.95
2007-01-13,41.95
2007-01-14,41.95
2007-01-15,43.29
2007-01-16,44.79
2007-01-17,44.9
2007-01-18,45.76
2007-01-19,46.62
2007-01-20,46.62
2007-01-21,46.62
2007-01-22,48.3
2007-01-23,48.05
2007-01-24,48.35
2007-01-25,47.11
2007-01-26,46.91
2007-01-27,46.91
2007-01-28,46.91
2007-01-29,48.34
2007-01-30,47.87
2007-01-31,44.96
2007-02-01,45.49
2007-02-02,44.05
2007-02-03,44.05
2007-02-04,44.05
2007-02-05,44.38
2007-02-06,45.16
2007-02-07,46.18
2007-02-08,47.14
2007-02-09,47.34
2007-02-10,47.34
2007-02-11,47.34
2007-02-12,48.18
2007-02-13,48.64
2007-02-14,49.69
2007-02-15,50.27
2007-02-16,51.27
2007-02-17,51.27
2007-02-18,51.27
2007-02-19,51.27
2007-02-20,51.27
2007-02-21,51.27
2007-02-22,51.27
2007-02-23,51.27
2007-02-24,51.27
2007-02-25,51.27
2007-02-26,52.62
2007-02-27,48.51
2007-02-28,50.42
2007-03-01,49.11
2007-03-02,49.74
2007-03-03,49.74
2007-03-04,49.74
2007-03-05,49.56
2007-03-06,49.89
2007-03-07,51.32
2007-03-08,52.2
2007-03-09,51.78
2007-03-10,51.78
2007-03-11,51.78
2007-03-12,52.31
2007-03-13,52.03
2007-03-14,51.75
2007-03-15,53.73
2007-03-16,52.44
2007-03-17,52.44
2007-03-18,52.44
2007-03-19,53.19
2007-03-20,53.66
2007-03-21,54.49
2007-03-22,54.41
2007-03-23,53.64
2007-03-24,53.64
2007-03-25,53.64
2007-03-26,54.96
2007-03-27,55.7
2007-03-28,54.91
2007-03-29,53.51
2007-03-30,53.82
2007-03-31,53.82
2007-04-01,53.82
2007-04-02,53.69
2007-04-03,54.56
2007-04-04,55.01
2007-04-05,55.78
2007-04-06,55.61
2007-04-07,55.61
2007-04-08,55.61
2007-04-09,56.82
2007-04-10,57.8
2007-04-11,58.45
2007-04-12,58.82
2007-04-13,58.57
2007-04-14,58.57
2007-04-15,58.57
2007-04-16,59.44
2007-04-17,58.78
2007-04-18,58.4
2007-04-19,57.58
2007-04-20,59.33
2007-04-21,59.33
2007-04-22,59.33
2007-04-23,59.83
2007-04-24,60.17
2007-04-25,58.49
2007-04-26,58.31
2007-04-27,57.53
2007-04-28,57.53
2007-04-29,57.53
2007-04-30,59.22
2007-05-01,59.22
2007-05-02,59.22
2007-05-03,59.22
2007-05-04,59.22
2007-05-05,59.22
2007-05-06,59.22
2007-05-07,59.22
2007-05-08,61.04
2007-05-09,59.95
2007-05-10,60.98
2007-05-11,60.42
2007-05-12,60.42
2007-05-13,60.42
2007-05-14,60.6
2007-05-15,58.95
2007-05-16,60.78
2007-05-17,62.19
2007-05-18,62.57
2007-05-19,62.57
2007-05-20,62.57
2007-05-21,63.9
2007-05-22,64.74
2007-05-23,65.33
2007-05-24,64.86
2007-05-25,65.81
2007-05-26,65.81
2007-05-27,65.81
2007-05-28,67.32
2007-05-29,68.88
2007-05-30,63.77
2007-05-31,63.88
2007-06-01,61.59
2007-06-02,61.59
2007-06-03,61.59
2007-06-04,56.69
2007-06-05,58.55
2007-06-06,59.3
2007-06-07,60.97
2007-06-08,61.05
2007-06-09,61.05
2007-06-10,61.05
2007-06-11,63.48
2007-06-12,65.35
2007-06-13,66.05
2007-06-14,65.37
2007-06-15,64.96
2007-06-16,64.96
2007-06-17,64.96
2007-06-18,66.73
2007-06-19,67.49
2007-06-20,65.7
2007-06-21,65.93
2007-06-22,63.79
2007-06-23,63.79
2007-06-24,63.79
2007-06-25,60.25
2007-06-26,61.53
2007-06-27,63.25
2007-06-28,60.64
2007-06-29,59.1
2007-06-30,59.1
2007-07-01,59.1
2007-07-02,59.36
2007-07-03,60.51
2007-07-04,59.15
2007-07-05,56.35
2007-07-06,59.32
2007-07-07,59.32
2007-07-08,59.32
2007-07-09,60.18
2007-07-10,59.48
2007-07-11,59.02
2007-07-12,60.2
2007-07-13,60.22
2007-07-14,60.22
2007-07-15,60.22
2007-07-16,58.47
2007-07-17,59.57
2007-07-18,59.79
2007-07-19,60.17
2007-07-20,60.78
2007-07-21,60.78
2007-07-22,60.78
2007-07-23,63.42
2007-07-24,63.34
2007-07-25,64.68
2007-07-26,65.53
2007-07-27,66.06
2007-07-28,66.06
2007-07-29,66.06
2007-07-30,67.49
2007-07-31,68.18
2007-08-01,64.91
2007-08-02,67.08
2007-08-03,68.57
2007-08-04,68.57
2007-08-05,68.57
2007-08-06,69.86
2007-08-07,70.11
2007-08-08,68.63
2007-08-09,69.51
2007-08-10,68.21
2007-08-11,68.21
2007-08-12,68.21
2007-08-13,67.71
2007-08-14,68.9
2007-08-15,67.82
2007-08-16,66.91
2007-08-17,65.29
2007-08-18,65.29
2007-08-19,65.29
2007-08-20,67.64
2007-08-21,67.65
2007-08-22,68.06
2007-08-23,68.76
2007-08-24,69.31
2007-08-25,69.31
2007-08-26,69.31
2007-08-27,68.72
2007-08-28,67.24
2007-08-29,65.37
2007-08-30,66.14
2007-08-31,65.81
2007-09-01,65.81
2007-09-02,65.81
2007-09-03,67.39
2007-09-04,66.85
2007-09-05,67.25
2007-09-06,67.68
2007-09-07,66.39
2007-09-08,66.39
2007-09-09,66.39
2007-09-10,67.61
2007-09-11,65.77
2007-09-12,66.93
2007-09-13,66.66
2007-09-14,67.28
2007-09-15,67.28
2007-09-16,67.28
2007-09-17,69.55
2007-09-18,69.44
2007-09-19,68.68
2007-09-20,69.87
2007-09-21,69.59
2007-09-22,69.59
2007-09-23,69.59
2007-09-24,69.14
2007-09-25,68.01
2007-09-26,68.09
2007-09-27,68.89
2007-09-28,70.37
2007-09-29,70.37
2007-09-30,70.37
2007-10-01,70.37
2007-10-02,70.37
2007-10-03,70.37
2007-10-04,70.37
2007-10-05,70.37
2007-10-06,70.37
2007-10-07,70.37
2007-10-08,69.65
2007-10-09,70.2
2007-10-10,69.81
2007-10-11,71.13
2007-10-12,69.32
2007-10-13,69.32
2007-10-14,69.32
2007-10-15,69.87
2007-10-16,69.57
2007-10-17,69.16
2007-10-18,67.47
2007-10-19,67.22
2007-10-20,67.22
2007-10-21,67.22
2007-10-22,65.04
2007-10-23,64.84
2007-10-24,63.86
2007-10-25,60.31
2007-10-26,59.85
2007-10-27,59.85
2007-10-28,59.85
2007-10-29,60.06
2007-10-30,59.22
2007-10-31,60.67
2007-11-01,59.1
2007-11-02,57.49
2007-11-03,57.49
2007-11-04,57.49
2007-11-05,57.54
2007-11-06,57.55
2007-11-07,57.63
2007-11-08,55.44
2007-11-09,54.72
2007-11-10,54.72
2007-11-11,54.72
2007-11-12,53.64
2007-11-13,53.61
2007-11-14,55.65
2007-11-15,54.83
2007-11-16,54.46
2007-11-17,54.46
2007-11-18,54.46
2007-11-19,55.22
2007-11-20,56.07
2007-11-21,55.41
2007-11-22,52.88
2007-11-23,53.76
2007-11-24,53.76
2007-11-25,53.76
2007-11-26,53.44
2007-11-27,53.78
2007-11-28,53.1
2007-11-29,54.6
2007-11-30,53.69
2007-12-01,53.69
2007-12-02,53.69
2007-12-03,53.09
2007-12-04,53.43
2007-12-05,54.71
2007-12-06,55.09
2007-12-07,55.85
2007-12-08,55.85
2007-12-09,55.85
2007-12-10,57.4
2007-12-11,57.89
2007-12-12,58.63
2007-12-13,56.45
2007-12-14,56.94
2007-12-15,56.94
2007-12-16,56.94
2007-12-17,57.31
2007-12-18,56.98
2007-12-19,58.24
2007-12-20,58.28
2007-12-21,59.17
2007-12-22,59.17
2007-12-23,59.17
2007-12-24,60.96
2007-12-25,61.41
2007-12-26,62.36
2007-12-27,62.45
2007-12-28,62.22
2007-12-29,62.22
2007-12-30,62.22
2007-12-31,62.22
2008-01-01,62.22
2008-01-02,62.62
2008-01-03,62.83
2008-01-04,63.51
2008-01-05,63.51
2008-01-06,63.51
2008-01-07,64.33
2008-01-08,63.22
2008-01-09,64.7
2008-01-10,65.45
2008-01-11,66.16
2008-01-12,66.16
2008-01-13,66.16
2008-01-14,67.05
2008-01-15,67.06
2008-01-16,65.44
2008-01-17,63.5
2008-01-18,64.39
2008-01-19,64.39
2008-01-20,64.39
2008-01-21,60.64
2008-01-22,56.48
2008-01-23,58.31
2008-01-24,59.5
2008-01-25,59.73
2008-01-26,59.73
2008-01-27,59.73
2008-01-28,56.39
2008-01-29,56.99
2008-01-30,56.91
2008-01-31,55.19
2008-02-01,53.93
2008-02-02,53.93
2008-02-03,53.93
2008-02-04,57.19
2008-02-05,57.29
2008-02-06,57.29
2008-02-07,57.29
2008-02-08,57.29
2008-02-09,57.29
2008-02-10,57.29
2008-02-11,57.29
2008-02-12,57.29
2008-02-13,56.18
2008-02-14,57.01
2008-02-15,56.34
2008-02-16,56.34
2008-02-17,56.34
2008-02-18,57.83
2008-02-19,59.38
2008-02-20,58.51
2008-02-21,58.6
2008-02-22,57.19
2008-02-23,57.19
2008-02-24,57.19
2008-02-25,54.95
2008-02-26,54.63
2008-02-27,56.04
2008-02-28,55.94
2008-02-29,56.56
2008-03-01,56.56
2008-03-02,56.56
2008-03-03,58.31
2008-03-04,57.35
2008-03-05,57.21
2008-03-06,57.64
2008-03-07,56.51
2008-03-08,56.51
2008-03-09,56.51
2008-03-10,54.96
2008-03-11,55.11
2008-03-12,54.34
2008-03-13,52.61
2008-03-14,52.02
2008-03-15,52.02
2008-03-16,52.02
2008-03-17,49.48
2008-03-18,45.66
2008-03-19,47.25
2008-03-20,47.64
2008-03-21,49.48
2008-03-22,49.48
2008-03-23,49.48
2008-03-24,47.65
2008-03-25,47.14
2008-03-26,46.78
2008-03-27,45.15
2008-03-28,45.7
2008-03-29,45.7
2008-03-30,45.7
2008-03-31,44.21
2008-04-01,41.66
2008-04-02,40.17
2008-04-03,41.08
2008-04-04,41.08
2008-04-05,41.08
2008-04-06,41.08
2008-04-07,43.59
2008-04-08,44.81
2008-04-09,42.2
2008-04-10,42.98
2008-04-11,43.46
2008-04-12,43.46
2008-04-13,43.46
2008-04-14,40.56
2008-04-15,41.48
2008-04-16,41.25
2008-04-17,39.81
2008-04-18,38.72
2008-04-19,38.72
2008-04-20,38.72
2008-04-21,37.75
2008-04-22,37.0
2008-04-23,37.65
2008-04-24,39.6
2008-04-25,40.99
2008-04-26,40.99
2008-04-27,40.99
2008-04-28,39.87
2008-04-29,40.12
2008-04-30,41.85
2008-05-01,41.85
2008-05-02,41.85
2008-05-03,41.85
2008-05-04,41.85
2008-05-05,43.27
2008-05-06,42.9
2008-05-07,41.85
2008-05-08,43.11
2008-05-09,42.8
2008-05-10,42.8
2008-05-11,42.8
2008-05-12,43.3
2008-05-13,42.77
2008-05-14,43.18
2008-05-15,42.92
2008-05-16,43.35
2008-05-17,43.35
2008-05-18,43.35
2008-05-19,43.26
2008-05-20,40.76
2008-05-21,41.71
2008-05-22,40.97
2008-05-23,40.43
2008-05-24,40.43
2008-05-25,40.43
2008-05-26,39.24
2008-05-27,39.6
2008-05-28,40.65
2008-05-29,39.65
2008-05-30,39.95
2008-05-31,39.95
2008-06-01,39.95
2008-06-02,40.19
2008-06-03,40.12
2008-06-04,39.44
2008-06-05,39.06
2008-06-06,38.81
2008-06-07,38.81
2008-06-08,38.81
2008-06-09,38.81
2008-06-10,35.63
2008-06-11,34.68
2008-06-12,34.23
2008-06-13,32.75
2008-06-14,32.75
2008-06-15,32.75
2008-06-16,32.11
2008-06-17,30.47
2008-06-18,32.18
2008-06-19,29.63
2008-06-20,30.47
2008-06-21,30.47
2008-06-22,30.47
2008-06-23,29.95
2008-06-24,30.76
2008-06-25,32.29
2008-06-26,32.68
2008-06-27,30.65
2008-06-28,30.65
2008-06-29,30.65
2008-06-30,30.7
2008-07-01,28.5
2008-07-02,28.87
2008-07-03,29.96
2008-07-04,29.84
2008-07-05,29.84
2008-07-06,29.84
2008-07-07,31.25
2008-07-08,31.67
2008-07-09,32.64
2008-07-10,32.09
2008-07-11,31.88
2008-07-12,31.88
2008-07-13,31.88
2008-07-14,32.34
2008-07-15,31.22
2008-07-16,29.73
2008-07-17,29.31
2008-07-18,30.31
2008-07-19,30.31
2008-07-20,30.31
2008-07-21,31.49
2008-07-22,31.5
2008-07-23,31.06
2008-07-24,31.84
2008-07-25,31.42
2008-07-26,31.42
2008-07-27,31.42
2008-07-28,31.65
2008-07-29,31.02
2008-07-30,30.84
2008-07-31,29.93
2008-08-01,30.22
2008-08-02,30.22
2008-08-03,30.22
2008-08-04,29.36
2008-08-05,28.38
2008-08-06,28.52
2008-08-07,28.64
2008-08-08,26.74
2008-08-09,26.74
2008-08-10,26.74
2008-08-11,24.73
2008-08-12,24.47
2008-08-13,24.55
2008-08-14,24.82
2008-08-15,24.71
2008-08-16,24.71
2008-08-17,24.71
2008-08-18,22.85
2008-08-19,23.24
2008-08-20,25.1
2008-08-21,24.2
2008-08-22,23.69
2008-08-23,23.69
2008-08-24,23.69
2008-08-25,24.22
2008-08-26,23.79
2008-08-27,23.94
2008-08-28,23.43
2008-08-29,24.55
2008-08-30,24.55
2008-08-31,24.55
2008-09-01,23.83
2008-09-02,23.8
2008-09-03,23.64
2008-09-04,23.78
2008-09-05,22.86
2008-09-06,22.86
2008-09-07,22.86
2008-09-08,21.92
2008-09-09,22.16
2008-09-10,22.37
2008-09-11,21.94
2008-09-12,22.01
2008-09-13,22.01
2008-09-14,22.01
2008-09-15,22.01
2008-09-16,21.57
2008-09-17,21.16
2008-09-18,20.68
2008-09-19,22.64
2008-09-20,22.64
2008-09-21,22.64
2008-09-22,23.85
2008-09-23,22.64
2008-09-24,22.94
2008-09-25,23.64
2008-09-26,23.95
2008-09-27,23.95
2008-09-28,23.95
2008-09-29,23.95
2008-09-30,23.95
2008-10-01,23.95
2008-10-02,23.95
2008-10-03,23.95
2008-10-04,23.95
2008-10-05,23.95
2008-10-06,22.98
2008-10-07,22.8
2008-10-08,22.16
2008-10-09,21.88
2008-10-10,20.72
2008-10-11,20.72
2008-10-12,20.72
2008-10-13,21.47
2008-10-14,20.92
2008-10-15,20.7
2008-10-16,19.59
2008-10-17,19.76
2008-10-18,19.76
2008-10-19,19.76
2008-10-20,20.6
2008-10-21,20.48
2008-10-22,20.04
2008-10-23,20.0
2008-10-24,19.61
2008-10-25,19.61
2008-10-26,19.61
2008-10-27,18.03
2008-10-28,18.83
2008-10-29,17.4
2008-10-30,18.07
2008-10-31,17.83
2008-11-01,17.83
2008-11-02,17.83
2008-11-03,17.58
2008-11-04,17.26
2008-11-05,17.82
2008-11-06,17.52
2008-11-07,17.77
2008-11-08,17.77
2008-11-09,17.77
2008-11-10,19.02
2008-11-11,18.83
2008-11-12,19.2
2008-11-13,20.04
2008-11-14,20.98
2008-11-15,20.98
2008-11-16,20.98
2008-11-17,21.76
2008-11-18,20.07
2008-11-19,21.42
2008-11-20,21.42
2008-11-21,21.29
2008-11-22,21.29
2008-11-23,21.29
2008-11-24,20.3
2008-11-25,20.22
2008-11-26,20.3
2008-11-27,20.63
2008-11-28,20.31
2008-11-29,20.31
2008-11-30,20.31
2008-12-01,20.96
2008-12-02,21.23
2008-12-03,22.13
2008-12-04,22.33
2008-12-05,22.75
2008-12-06,22.75
2008-12-07,22.75
2008-12-08,23.74
2008-12-09,23.15
2008-12-10,23.68
2008-12-11,23.04
2008-12-12,22.03
2008-12-13,22.03
2008-12-14,22.03
2008-12-15,22.34
2008-12-16,22.63
2008-12-17,22.82
2008-12-18,23.23
2008-12-19,23.37
2008-12-20,23.37
2008-12-21,23.37
2008-12-22,23.12
2008-12-23,21.79
2008-12-24,21.35
2008-12-25,21.25
2008-12-26,21.04
2008-12-27,21.04
2008-12-28,21.04
2008-12-29,21.08
2008-12-30,20.89
2008-12-31,20.62
2009-01-01,20.62
2009-01-02,20.62
2009-01-03,20.62
2009-01-04,20.62
2009-01-05,21.13
2009-01-06,21.84
2009-01-07,21.91
2009-01-08,21.46
2009-01-09,21.92
2009-01-10,21.92
2009-01-11,21.92
2009-01-12,22.07
2009-01-13,21.49
2009-01-14,22.3
2009-01-15,22.64
2009-01-16,22.93
2009-01-17,22.93
2009-01-18,22.93
2009-01-19,22.97
2009-01-20,23.11
2009-01-21,23.11
2009-01-22,23.44
2009-01-23,23.06
2009-01-24,23.06
2009-01-25,23.06
2009-01-26,23.06
2009-01-27,23.06
2009-01-28,23.06
2009-01-29,23.06
2009-01-30,23.06
2009-01-31,23.06
2009-02-01,23.06
2009-02-02,23.64
2009-02-03,24.22
2009-02-04,24.72
2009-02-05,24.4
2009-02-06,25.49
2009-02-07,25.49
2009-02-08,25.49
2009-02-09,26.47
2009-02-10,27.1
2009-02-11,27.21
2009-02-12,27.58
2009-02-13,28.59
2009-02-14,28.59
2009-02-15,28.59
2009-02-16,29.15
2009-02-17,28.2
2009-02-18,27.11
2009-02-19,27.76
2009-02-20,28.79
2009-02-21,28.79
2009-02-22,28.79
2009-02-23,29.75
2009-02-24,28.54
2009-02-25,28.46
2009-02-26,26.88
2009-02-27,25.84
2009-02-28,25.84
2009-03-01,25.84
2009-03-02,26.59
2009-03-03,27.41
2009-03-04,29.14
2009-03-05,29.31
2009-03-06,29.75
2009-03-07,29.75
2009-03-08,29.75
2009-03-09,28.54
2009-03-10,30.09
2009-03-11,30.0
2009-03-12,30.23
2009-03-13,29.93
2009-03-14,29.93
2009-03-15,29.93
2009-03-16,30.35
2009-03-17,31.58
2009-03-18,31.96
2009-03-19,32.75
2009-03-20,33.08
2009-03-21,33.08
2009-03-22,33.08
2009-03-23,33.81
2009-03-24,34.02
2009-03-25,33.32
2009-03-26,34.78
2009-03-27,35.54
2009-03-28,35.54
2009-03-29,35.54
2009-03-30,36.87
2009-03-31,37.51
2009-04-01,38.23
2009-04-02,37.51
2009-04-03,37.36
2009-04-04,37.36
2009-04-05,37.36
2009-04-06,37.36
2009-04-07,37.04
2009-04-08,35.83
2009-04-09,36.69
2009-04-10,38.13
2009-04-11,38.13
2009-04-12,38.13
2009-04-13,39.31
2009-04-14,38.79
2009-04-15,38.93
2009-04-16,39.28
2009-04-17,38.89
2009-04-18,38.89
2009-04-19,38.89
2009-04-20,40.67
2009-04-21,41.3
2009-04-22,38.2
2009-04-23,40.05
2009-04-24,40.29
2009-04-25,40.29
2009-04-26,40.29
2009-04-27,40.47
2009-04-28,39.55
2009-04-29,42.49
2009-04-30,43.44
2009-05-01,43.44
2009-05-02,43.44
2009-05-03,43.44
2009-05-04,45.12
2009-05-05,45.53
2009-05-06,46.34
2009-05-07,46.14
2009-05-08,46.25
2009-05-09,46.25
2009-05-10,46.25
2009-05-11,44.75
2009-05-12,45.81
2009-05-13,46.18
2009-05-14,46.22
2009-05-15,46.3
2009-05-16,46.3
2009-05-17,46.3
2009-05-18,46.53
2009-05-19,47.03
2009-05-20,46.77
2009-05-21,45.87
2009-05-22,45.83
2009-05-23,45.83
2009-05-24,45.83
2009-05-25,47.18
2009-05-26,46.79
2009-05-27,47.01
2009-05-28,47.01
2009-05-29,47.01
2009-05-30,47.01
2009-05-31,47.01
2009-06-01,47.24
2009-06-02,47.66
2009-06-03,48.42
2009-06-04,48.45
2009-06-05,48.18
2009-06-06,48.18
2009-06-07,48.18
2009-06-08,47.91
2009-06-09,48.02
2009-06-10,48.6
2009-06-11,47.97
2009-06-12,46.99
2009-06-13,46.99
2009-06-14,46.99
2009-06-15,47.5
2009-06-16,47.58
2009-06-17,47.5
2009-06-18,47.88
2009-06-19,48.11
2009-06-20,48.11
2009-06-21,48.11
2009-06-22,47.98
2009-06-23,47.79
2009-06-24,48.74
2009-06-25,48.63
2009-06-26,48.7
2009-06-27,48.7
2009-06-28,48.7
2009-06-29,49.22
2009-06-30,48.92
2009-07-01,47.43
2009-07-02,47.9
2009-07-03,48.39
2009-07-04,48.39
2009-07-05,48.39
2009-07-06,48.77
2009-07-07,48.67
2009-07-08,48.25
2009-07-09,49.03
2009-07-10,49.34
2009-07-11,49.34
2009-07-12,49.34
2009-07-13,49.16
2009-07-14,50.26
2009-07-15,50.88
2009-07-16,50.74
2009-07-17,51.16
2009-07-18,51.16
2009-07-19,51.16
2009-07-20,52.43
2009-07-21,51.66
2009-07-22,52.51
2009-07-23,53.05
2009-07-24,52.96
2009-07-25,52.96
2009-07-26,52.96
2009-07-27,54.49
2009-07-28,54.26
2009-07-29,51.86
2009-07-30,52.57
2009-07-31,54.28
2009-08-01,54.28
2009-08-02,54.28
2009-08-03,54.66
2009-08-04,55.1
2009-08-05,54.64
2009-08-06,53.69
2009-08-07,51.67
2009-08-08,51.67
2009-08-09,51.67
2009-08-10,53.13
2009-08-11,52.95
2009-08-12,51.25
2009-08-13,51.85
2009-08-14,49.97
2009-08-15,49.97
2009-08-16,49.97
2009-08-17,45.79
2009-08-18,45.67
2009-08-19,43.45
2009-08-20,45.14
2009-08-21,45.27
2009-08-22,45.27
2009-08-23,45.27
2009-08-24,46.35
2009-08-25,45.63
2009-08-26,45.23
2009-08-27,47.24
2009-08-28,47.1
2009-08-29,47.1
2009-08-30,47.1
2009-08-31,44.02
2009-09-01,43.75
2009-09-02,44.15
2009-09-03,46.64
2009-09-04,47.31
2009-09-05,47.31
2009-09-06,47.31
2009-09-07,47.73
2009-09-08,47.76
2009-09-09,49.18
2009-09-10,47.57
2009-09-11,48.3
2009-09-12,48.3
2009-09-13,48.3
2009-09-14,49.42
2009-09-15,49.65
2009-09-16,49.36
2009-09-17,49.38
2009-09-18,48.79
2009-09-19,48.79
2009-09-20,48.79
2009-09-21,49.28
2009-09-22,48.04
2009-09-23,47.72
2009-09-24,47.46
2009-09-25,47.07
2009-09-26,47.07
2009-09-27,47.07
2009-09-28,45.65
2009-09-29,45.18
2009-09-30,45.69
2009-10-01,45.69
2009-10-02,45.69
2009-10-03,45.69
2009-10-04,45.69
2009-10-05,45.69
2009-10-06,45.69
2009-10-07,45.69
2009-10-08,45.69
2009-10-09,48.06
2009-10-10,48.06
2009-10-11,48.06
2009-10-12,48.18
2009-10-13,48.72
2009-10-14,47.95
2009-10-15,48.02
2009-10-16,48.23
2009-10-17,48.23
2009-10-18,48.23
2009-10-19,48.97
2009-10-20,49.82
2009-10-21,49.49
2009-10-22,48.63
2009-10-23,49.93
2009-10-24,49.93
2009-10-25,49.93
2009-10-26,48.67
2009-10-27,46.35
2009-10-28,45.86
2009-10-29,44.15
2009-10-30,45.5
2009-10-31,45.5
2009-11-01,45.5
2009-11-02,45.84
2009-11-03,46.59
2009-11-04,46.77
2009-11-05,47.14
2009-11-06,47.6
2009-11-07,47.6
2009-11-08,47.6
2009-11-09,47.9
2009-11-10,47.93
2009-11-11,48.0
2009-11-12,48.07
2009-11-13,48.21
2009-11-14,48.21
2009-11-15,48.21
2009-11-16,49.53
2009-11-17,49.61
2009-11-18,49.71
2009-11-19,50.12
2009-11-20,50.1
2009-11-21,50.1
2009-11-22,50.1
2009-11-23,50.86
2009-11-24,48.68
2009-11-25,50.03
2009-11-26,48.19
2009-11-27,46.81
2009-11-28,46.81
2009-11-29,46.81
2009-11-30,48.77
2009-12-01,49.64
2009-12-02,50.27
2009-12-03,49.53
2009-12-04,49.17
2009-12-05,49.17
2009-12-06,49.17
2009-12-07,50.02
2009-12-08,49.66
2009-12-09,49.73
2009-12-10,50.1
2009-12-11,49.11
2009-12-12,49.11
2009-12-13,49.11
2009-12-14,49.46
2009-12-15,50.12
2009-12-16,49.79
2009-12-17,48.55
2009-12-18,46.92
2009-12-19,46.92
2009-12-20,46.92
2009-12-21,47.23
2009-12-22,45.78
2009-12-23,46.37
2009-12-24,47.87
2009-12-25,47.85
2009-12-26,47.85
2009-12-27,47.85
2009-12-28,48.67
2009-12-29,48.81
2009-12-30,49.06
2009-12-31,49.4
2010-01-01,49.4
2010-01-02,49.4
2010-01-03,49.4
2010-01-04,49.74
2010-01-05,50.08
2010-01-06,48.93
2010-01-07,47.97
2010-01-08,49.19
2010-01-09,49.19
2010-01-10,49.19
2010-01-11,49.29
2010-01-12,49.26
2010-01-13,49.19
2010-01-14,50.14
2010-01-15,50.58
2010-01-16,50.58
2010-01-17,50.58
2010-01-18,51.1
2010-01-19,51.07
2010-01-20,49.33
2010-01-21,49.43
2010-01-22,48.17
2010-01-23,48.17
2010-01-24,48.17
2010-01-25,47.57
2010-01-26,45.91
2010-01-27,46.6
2010-01-28,47.06
2010-01-29,47.11
2010-01-30,47.11
2010-01-31,47.11
2010-02-01,46.01
2010-02-02,45.79
2010-02-03,45.58
2010-02-04,46.64
2010-02-05,45.49
2010-02-06,45.49
2010-02-07,45.49
2010-02-08,46.65
2010-02-09,46.9
2010-02-10,46.54
2010-02-11,45.73
2010-02-12,45.58
2010-02-13,45.58
2010-02-14,45.58
2010-02-15,45.58
2010-02-16,45.58
2010-02-17,45.58
2010-02-18,45.58
2010-02-19,45.58
2010-02-20,45.58
2010-02-21,45.58
2010-02-22,44.49
2010-02-23,44.5
2010-02-24,45.25
2010-02-25,45.95
2010-02-26,45.64
2010-02-27,45.64
2010-02-28,45.64
2010-03-01,45.72
2010-03-02,45.33
2010-03-03,45.94
2010-03-04,44.41
2010-03-05,45.77
2010-03-06,45.77
2010-03-07,45.77
2010-03-08,45.27
2010-03-09,45.24
2010-03-10,45.17
2010-03-11,44.7
2010-03-12,43.8
2010-03-13,43.8
2010-03-14,43.8
2010-03-15,45.67
2010-03-16,44.76
2010-03-17,44.78
2010-03-18,44.4
2010-03-19,45.03
2010-03-20,45.03
2010-03-21,45.03
2010-03-22,45.14
2010-03-23,45.11
2010-03-24,45.03
2010-03-25,45.34
2010-03-26,45.89
2010-03-27,45.89
2010-03-28,45.89
2010-03-29,45.82
2010-03-30,46.71
2010-03-31,46.9
2010-04-01,46.9
2010-04-02,47.79
2010-04-03,47.79
2010-04-04,47.79
2010-04-05,47.79
2010-04-06,47.7
2010-04-07,47.77
2010-04-08,47.4
2010-04-09,48.11
2010-04-10,48.11
2010-04-11,48.11
2010-04-12,47.9
2010-04-13,47.38
2010-04-14,47.8
2010-04-15,48.41
2010-04-16,47.9
2010-04-17,47.9
2010-04-18,47.9
2010-04-19,44.9
2010-04-20,45.15
2010-04-21,44.97
2010-04-22,43.44
2010-04-23,42.08
2010-04-24,42.08
2010-04-25,42.08
2010-04-26,40.66
2010-04-27,39.45
2010-04-28,38.58
2010-04-29,37.26
2010-04-30,35.86
2010-05-01,35.86
2010-05-02,35.86
2010-05-03,35.86
2010-05-04,35.55
2010-05-05,36.05
2010-05-06,34.68
2010-05-07,33.88
2010-05-08,33.88
2010-05-09,33.88
2010-05-10,34.67
2010-05-11,33.93
2010-05-12,33.56
2010-05-13,34.4
2010-05-14,34.31
2010-05-15,34.31
2010-05-16,34.31
2010-05-17,32.27
2010-05-18,32.77
2010-05-19,32.72
2010-05-20,32.14
2010-05-21,32.69
2010-05-22,32.69
2010-05-23,32.69
2010-05-24,34.14
2010-05-25,33.78
2010-05-26,33.82
2010-05-27,34.52
2010-05-28,34.49
2010-05-29,34.49
2010-05-30,34.49
2010-05-31,33.4
2010-06-01,33.03
2010-06-02,33.31
2010-06-03,33.02
2010-06-04,33.19
2010-06-05,33.19
2010-06-06,33.19
2010-06-07,32.82
2010-06-08,33.14
2010-06-09,33.95
2010-06-10,33.8
2010-06-11,33.85
2010-06-12,33.85
2010-06-13,33.85
2010-06-14,33.85
2010-06-15,33.85
2010-06-16,33.85
2010-06-17,33.55
2010-06-18,32.59
2010-06-19,32.59
2010-06-20,32.59
2010-06-21,33.52
2010-06-22,33.66
2010-06-23,33.37
2010-06-24,33.29
2010-06-25,32.88
2010-06-26,32.88
2010-06-27,32.88
2010-06-28,32.46
2010-06-29,30.74
2010-06-30,30.11
2010-07-01,28.78
2010-07-02,28.66
2010-07-03,28.66
2010-07-04,28.66
2010-07-05,28.37
2010-07-06,29.08
2010-07-07,29.45
2010-07-08,29.36
2010-07-09,30.06
2010-07-10,30.06
2010-07-11,30.06
2010-07-12,30.41
2010-07-13,29.87
2010-07-14,30.13
2010-07-15,29.54
2010-07-16,29.67
2010-07-17,29.67
2010-07-18,29.67
2010-07-19,30.49
2010-07-20,31.42
2010-07-21,31.53
2010-07-22,31.89
2010-07-23,31.93
2010-07-24,31.93
2010-07-25,31.93
2010-07-26,32.3
2010-07-27,32.2
2010-07-28,32.91
2010-07-29,33.18
2010-07-30,33.14
2010-07-31,33.14
2010-08-01,33.14
2010-08-02,33.78
2010-08-03,32.94
2010-08-04,33.2
2010-08-05,33.29
2010-08-06,33.94
2010-08-07,33.94
2010-08-08,33.94
2010-08-09,34.36
2010-08-10,33.18
2010-08-11,33.4
2010-08-12,32.98
2010-08-13,33.57
2010-08-14,33.57
2010-08-15,33.57
2010-08-16,34.33
2010-08-17,34.44
2010-08-18,33.91
2010-08-19,34.11
2010-08-20,33.74
2010-08-21,33.74
2010-08-22,33.74
2010-08-23,32.72
2010-08-24,33.35
2010-08-25,32.55
2010-08-26,32.94
2010-08-27,32.96
2010-08-28,32.96
2010-08-29,32.96
2010-08-30,33.57
2010-08-31,33.27
2010-09-01,32.89
2010-09-02,33.38
2010-09-03,33.51
2010-09-04,33.51
2010-09-05,33.51
2010-09-06,33.99
2010-09-07,34.23
2010-09-08,34.51
2010-09-09,34.03
2010-09-10,34.2
2010-09-11,34.2
2010-09-12,34.2
2010-09-13,34.73
2010-09-14,34.81
2010-09-15,34.33
2010-09-16,33.72
2010-09-17,33.82
2010-09-18,33.82
2010-09-19,33.82
2010-09-20,33.45
2010-09-21,33.42
2010-09-22,33.42
2010-09-23,33.42
2010-09-24,33.42
2010-09-25,33.42
2010-09-26,33.42
2010-09-27,34.25
2010-09-28,34.19
2010-09-29,33.99
2010-09-30,34.65
2010-10-01,34.65
2010-10-02,34.65
2010-10-03,34.65
2010-10-04,34.65
2010-10-05,34.65
2010-10-06,34.65
2010-10-07,34.65
2010-10-08,35.89
2010-10-09,35.89
2010-10-10,35.89
2010-10-11,36.67
2010-10-12,37.12
2010-10-13,37.29
2010-10-14,37.0
2010-10-15,37.68
2010-10-16,37.68
2010-10-17,37.68
2010-10-18,37.15
2010-10-19,38.22
2010-10-20,38.04
2010-10-21,38.21
2010-10-22,38.02
2010-10-23,38.02
2010-10-24,38.02
2010-10-25,39.49
2010-10-26,39.68
2010-10-27,38.84
2010-10-28,38.5
2010-10-29,37.9
2010-10-30,37.9
2010-10-31,37.9
2010-11-01,39.08
2010-11-02,39.13
2010-11-03,38.23
2010-11-04,39.14
2010-11-05,39.72
2010-11-06,39.72
2010-11-07,39.72
2010-11-08,40.19
2010-11-09,40.2
2010-11-10,40.27
2010-11-11,39.96
2010-11-12,37.24
2010-11-13,37.24
2010-11-14,37.24
2010-11-15,37.57
2010-11-16,35.91
2010-11-17,34.81
2010-11-18,35.34
2010-11-19,35.89
2010-11-20,35.89
2010-11-21,35.89
2010-11-22,36.06
2010-11-23,35.08
2010-11-24,36.0
2010-11-25,36.53
2010-11-26,36.26
2010-11-27,36.26
2010-11-28,36.26
2010-11-29,36.11
2010-11-30,35.39
2010-12-01,35.32
2010-12-02,35.52
2010-12-03,35.46
2010-12-04,35.46
2010-12-05,35.46
2010-12-06,35.24
2010-12-07,35.71
2010-12-08,35.49
2010-12-09,34.84
2010-12-10,35.28
2010-12-11,35.28
2010-12-12,35.28
2010-12-13,36.47
2010-12-14,36.87
2010-12-15,36.69
2010-12-16,36.52
2010-12-17,36.52
2010-12-18,36.52
2010-12-19,36.52
2010-12-20,36.16
2010-12-21,36.75
2010-12-22,36.44
2010-12-23,35.91
2010-12-24,35.4
2010-12-25,35.4
2010-12-26,35.4
2010-12-27,34.51
2010-12-28,33.86
2010-12-29,34.25
2010-12-30,34.37
2010-12-31,35.25
2011-01-01,35.25
2011-01-02,35.25
2011-01-03,35.25
2011-01-04,36.43
2011-01-05,36.33
2011-01-06,36.21
2011-01-07,35.98
2011-01-08,35.98
2011-01-09,35.98
2011-01-10,35.19
2011-01-11,35.15
2011-01-12,35.32
2011-01-13,35.22
2011-01-14,34.51
2011-01-15,34.51
2011-01-16,34.51
2011-01-17,33.1
2011-01-18,33.1
2011-01-19,33.96
2011-01-20,32.78
2011-01-21,33.13
2011-01-22,33.13
2011-01-23,33.13
2011-01-24,32.64
2011-01-25,32.34
2011-01-26,32.77
2011-01-27,33.42
2011-01-28,33.74
2011-01-29,33.74
2011-01-30,33.74
2011-01-31,34.21
2011-02-01,34.16
2011-02-02,34.16
2011-02-03,34.16
2011-02-04,34.16
2011-02-05,34.16
2011-02-06,34.16
2011-02-07,34.16
2011-02-08,34.16
2011-02-09,33.89
2011-02-10,34.69
2011-02-11,34.9
2011-02-12,34.9
2011-02-13,34.9
2011-02-14,35.85
2011-02-15,35.94
2011-02-16,36.41
2011-02-17,36.53
2011-02-18,36.18
2011-02-19,36.18
2011-02-20,36.18
2011-02-21,37.1
2011-02-22,36.1
2011-02-23,36.38
2011-02-24,36.58
2011-02-25,36.54
2011-02-26,36.54
2011-02-27,36.54
2011-02-28,36.97
2011-03-01,37.59
2011-03-02,37.34
2011-03-03,36.71
2011-03-04,37.14
2011-03-05,37.14
2011-03-06,37.14
2011-03-07,37.75
2011-03-08,37.71
2011-03-09,37.71
2011-03-10,37.14
2011-03-11,36.85
2011-03-12,36.85
2011-03-13,36.85
2011-03-14,36.97
2011-03-15,36.41
2011-03-16,37.01
2011-03-17,36.28
2011-03-18,36.42
2011-03-19,36.42
2011-03-20,36.42
2011-03-21,36.29
2011-03-22,36.39
2011-03-23,36.85
2011-03-24,36.47
2011-03-25,36.84
2011-03-26,36.84
2011-03-27,36.84
2011-03-28,37.54
2011-03-29,37.03
2011-03-30,37.0
2011-03-31,36.22
2011-04-01,36.22
2011-04-02,36.22
2011-04-03,36.22
2011-04-04,36.22
2011-04-05,36.22
2011-04-06,36.85
2011-04-07,36.93
2011-04-08,37.16
2011-04-09,37.16
2011-04-10,37.16
2011-04-11,36.16
2011-04-12,36.97
2011-04-13,36.42
2011-04-14,36.28
2011-04-15,36.82
2011-04-16,36.82
2011-04-17,36.82
2011-04-18,36.91
2011-04-19,37.08
2011-04-20,36.82
2011-04-21,36.89
2011-04-22,36.45
2011-04-23,36.45
2011-04-24,36.45
2011-04-25,35.2
2011-04-26,34.78
2011-04-27,35.43
2011-04-28,34.63
2011-04-29,35.27
2011-04-30,35.27
2011-05-01,35.27
2011-05-02,35.27
2011-05-03,34.81
2011-05-04,34.95
2011-05-05,34.98
2011-05-06,34.96
2011-05-07,34.96
2011-05-08,34.96
2011-05-09,35.12
2011-05-10,35.43
2011-05-11,35.32
2011-05-12,34.75
2011-05-13,35.12
2011-05-14,35.12
2011-05-15,35.12
2011-05-16,34.83
2011-05-17,34.91
2011-05-18,35.07
2011-05-19,34.83
2011-05-20,34.91
2011-05-21,34.91
2011-05-22,34.91
2011-05-23,33.71
2011-05-24,33.85
2011-05-25,33.47
2011-05-26,33.27
2011-05-27,32.82
2011-05-28,32.82
2011-05-29,32.82
2011-05-30,32.48
2011-05-31,33.02
2011-06-01,32.31
2011-06-02,31.98
2011-06-03,33.31
2011-06-04,33.31
2011-06-05,33.31
2011-06-06,33.31
2011-06-07,32.71
2011-06-08,31.99
2011-06-09,32.3
2011-06-10,33.31
2011-06-11,33.31
2011-06-12,33.31
2011-06-13,32.41
2011-06-14,32.76
2011-06-15,32.45
2011-06-16,31.82
2011-06-17,32.18
2011-06-18,32.18
2011-06-19,32.18
2011-06-20,31.87
2011-06-21,32.13
2011-06-22,32.08
2011-06-23,32.58
2011-06-24,32.48
2011-06-25,32.48
2011-06-26,32.48
2011-06-27,32.8
2011-06-28,32.97
2011-06-29,32.51
2011-06-30,32.96
2011-07-01,33.77
2011-07-02,33.77
2011-07-03,33.77
2011-07-04,34.65
2011-07-05,34.76
2011-07-06,34.83
2011-07-07,34.72
2011-07-08,34.75
2011-07-09,34.75
2011-07-10,34.75
2011-07-11,34.91
2011-07-12,35.09
2011-07-13,35.7
2011-07-14,35.05
2011-07-15,34.35
2011-07-16,34.35
2011-07-17,34.35
2011-07-18,35.32
2011-07-19,35.03
2011-07-20,34.97
2011-07-21,35.44
2011-07-22,35.53
2011-07-23,35.53
2011-07-24,35.53
2011-07-25,34.23
2011-07-26,34.4
2011-07-27,34.83
2011-07-28,34.76
2011-07-29,34.26
2011-07-30,34.26
2011-07-31,34.26
2011-08-01,34.79
2011-08-02,34.52
2011-08-03,34.52
2011-08-04,34.59
2011-08-05,33.86
2011-08-06,33.86
2011-08-07,33.86
2011-08-08,32.24
2011-08-09,32.05
2011-08-10,32.43
2011-08-11,32.92
2011-08-12,33.39
2011-08-13,33.39
2011-08-14,33.39
2011-08-15,34.58
2011-08-16,34.17
2011-08-17,33.95
2011-08-18,33.34
2011-08-19,33.13
2011-08-20,33.13
2011-08-21,33.13
2011-08-22,32.84
2011-08-23,32.74
2011-08-24,32.6
2011-08-25,33.64
2011-08-26,33.93
2011-08-27,33.93
2011-08-28,33.93
2011-08-29,33.58
2011-08-30,33.74
2011-08-31,34.22
2011-09-01,33.99
2011-09-02,33.64
2011-09-03,33.64
2011-09-04,33.64
2011-09-05,32.81
2011-09-06,32.52
2011-09-07,33.24
2011-09-08,32.94
2011-09-09,32.85
2011-09-10,32.85
2011-09-11,32.85
2011-09-12,32.85
2011-09-13,32.3
2011-09-14,32.58
2011-09-15,32.6
2011-09-16,32.6
2011-09-17,32.6
2011-09-18,32.6
2011-09-19,31.94
2011-09-20,32.1
2011-09-21,33.1
2011-09-22,32.07
2011-09-23,31.83
2011-09-24,31.83
2011-09-25,31.83
2011-09-26,31.29
2011-09-27,31.53
2011-09-28,31.11
2011-09-29,30.49
2011-09-30,30.3
2011-10-01,30.3
2011-10-02,30.3
2011-10-03,30.3
2011-10-04,30.3
2011-10-05,30.3
2011-10-06,30.3
2011-10-07,30.3
2011-10-08,30.3
2011-10-09,30.3
2011-10-10,30.08
2011-10-11,29.95
2011-10-12,30.95
2011-10-13,31.27
2011-10-14,31.06
2011-10-15,31.06
2011-10-16,31.06
2011-10-17,31.36
2011-10-18,30.33
2011-10-19,30.2
2011-10-20,29.31
2011-10-21,28.95
2011-10-22,28.95
2011-10-23,28.95
2011-10-24,28.71
2011-10-25,29.36
2011-10-26,30.11
2011-10-27,29.78
2011-10-28,29.65
2011-10-29,29.65
2011-10-30,29.65
2011-10-31,28.03
2011-11-01,28.02
2011-11-02,28.52
2011-11-03,28.67
2011-11-04,29.0
2011-11-05,29.0
2011-11-06,29.0
2011-11-07,28.81
2011-11-08,28.6
2011-11-09,28.95
2011-11-10,28.5
2011-11-11,28.46
2011-11-12,28.46
2011-11-13,28.46
2011-11-14,29.08
2011-11-15,29.19
2011-11-16,28.47
2011-11-17,28.43
2011-11-18,27.73
2011-11-19,27.73
2011-11-20,27.73
2011-11-21,27.75
2011-11-22,27.72
2011-11-23,27.54
2011-11-24,27.53
2011-11-25,27.35
2011-11-26,27.35
2011-11-27,27.35
2011-11-28,27.42
2011-11-29,27.85
2011-11-30,26.73
2011-12-01,27.26
2011-12-02,26.76
2011-12-03,26.76
2011-12-04,26.76
2011-12-05,26.17
2011-12-06,26.16
2011-12-07,26.23
2011-12-08,26.14
2011-12-09,25.85
2011-12-10,25.85
2011-12-11,25.85
2011-12-12,25.5
2011-12-13,24.7
2011-12-14,24.28
2011-12-15,23.52
2011-12-16,24.02
2011-12-17,24.02
2011-12-18,24.02
2011-12-19,24.0
2011-12-20,23.88
2011-12-21,24.24
2011-12-22,24.99
2011-12-23,25.17
2011-12-24,25.17
2011-12-25,25.17
2011-12-26,24.97
2011-12-27,24.48
2011-12-28,24.43
2011-12-29,24.43
2011-12-30,24.82
2011-12-31,24.82
2012-01-01,24.82
2012-01-02,24.82
2012-01-03,24.82
2012-01-04,24.9
2012-01-05,24.14
2012-01-06,24.26
2012-01-07,24.26
2012-01-08,24.26
2012-01-09,25.27
2012-01-10,26.32
2012-01-11,26.34
2012-01-12,26.27
2012-01-13,25.62
2012-01-14,25.62
2012-01-15,25.62
2012-01-16,24.76
2012-01-17,26.36
2012-01-18,25.94
2012-01-19,26.34
2012-01-20,26.81
2012-01-21,26.81
2012-01-22,26.81
2012-01-23,26.81
2012-01-24,26.81
2012-01-25,26.81
2012-01-26,26.81
2012-01-27,26.81
2012-01-28,26.81
2012-01-29,26.81
2012-01-30,26.45
2012-01-31,26.47
2012-02-01,26.12
2012-02-02,26.66
2012-02-03,27.01
2012-02-04,27.01
2012-02-05,27.01
2012-02-06,27.09
2012-02-07,26.64
2012-02-08,27.52
2012-02-09,27.55
2012-02-10,26.73
2012-02-11,26.73
2012-02-12,26.73
2012-02-13,26.91
2012-02-14,26.87
2012-02-15,27.26
2012-02-16,27.18
2012-02-17,27.14
2012-02-18,27.14
2012-02-19,27.14
2012-02-20,27.15
2012-02-21,27.46
2012-02-22,27.96
2012-02-23,27.9
2012-02-24,28.32
2012-02-25,28.32
2012-02-26,28.32
2012-02-27,28.47
2012-02-28,27.51
2012-02-29,28.16
2012-03-01,28.11
2012-03-02,28.64
2012-03-03,28.64
2012-03-04,28.64
2012-03-05,28.55
2012-03-06,28.1
2012-03-07,27.93
2012-03-08,28.57
2012-03-09,28.93
2012-03-10,28.93
2012-03-11,28.93
2012-03-12,28.18
2012-03-13,29.39
2012-03-14,28.31
2012-03-15,27.98
2012-03-16,28.52
2012-03-17,28.52
2012-03-18,28.52
2012-03-19,28.67
2012-03-20,29.12
2012-03-21,29.29
2012-03-22,29.12
2012-03-23,28.61
2012-03-24,28.61
2012-03-25,28.61
2012-03-26,28.68
2012-03-27,28.68
2012-03-28,27.65
2012-03-29,27.87
2012-03-30,28.19
2012-03-31,28.19
2012-04-01,28.19
2012-04-02,28.19
2012-04-03,28.19
2012-04-04,28.19
2012-04-05,29.08
2012-04-06,29.2
2012-04-07,29.2
2012-04-08,29.2
2012-04-09,29.02
2012-04-10,29.3
2012-04-11,29.38
2012-04-12,29.93
2012-04-13,30.08
2012-04-14,30.08
2012-04-15,30.08
2012-04-16,29.94
2012-04-17,29.99
2012-04-18,31.06
2012-04-19,30.09
2012-04-20,30.57
2012-04-21,30.57
2012-04-22,30.57
2012-04-23,30.51
2012-04-24,30.76
2012-04-25,31.55
2012-04-26,31.51
2012-04-27,31.52
2012-04-28,31.52
2012-04-29,31.52
2012-04-30,31.52
2012-05-01,31.52
2012-05-02,32.71
2012-05-03,32.91
2012-05-04,33.22
2012-05-05,33.22
2012-05-06,33.22
2012-05-07,33.4
2012-05-08,33.38
2012-05-09,32.68
2012-05-10,32.83
2012-05-11,32.52
2012-05-12,32.52
2012-05-13,32.52
2012-05-14,32.28
2012-05-15,32.16
2012-05-16,31.67
2012-05-17,32.19
2012-05-18,31.69
2012-05-19,31.69
2012-05-20,31.69
2012-05-21,31.76
2012-05-22,32.24
2012-05-23,32.15
2012-05-24,31.91
2012-05-25,31.59
2012-05-26,31.59
2012-05-27,31.59
2012-05-28,32.02
2012-05-29,32.68
2012-05-30,32.6
2012-05-31,32.61
2012-06-01,32.54
2012-06-02,32.54
2012-06-03,32.54
2012-06-04,31.47
2012-06-05,31.38
2012-06-06,31.17
2012-06-07,30.94
2012-06-08,30.86
2012-06-09,30.86
2012-06-10,30.86
2012-06-11,31.37
2012-06-12,31.09
2012-06-13,31.62
2012-06-14,31.36
2012-06-15,31.35
2012-06-16,31.35
2012-06-17,31.35
2012-06-18,31.57
2012-06-19,31.25
2012-06-20,31.12
2012-06-21,30.51
2012-06-22,30.51
2012-06-23,30.51
2012-06-24,30.51
2012-06-25,29.65
2012-06-26,29.63
2012-06-27,29.43
2012-06-28,29.04
2012-06-29,29.53
2012-06-30,29.53
2012-07-01,29.53
2012-07-02,29.68
2012-07-03,29.63
2012-07-04,29.49
2012-07-05,28.83
2012-07-06,29.49
2012-07-07,29.49
2012-07-08,29.49
2012-07-09,28.77
2012-07-10,28.69
2012-07-11,28.89
2012-07-12,29.31
2012-07-13,29.17
2012-07-14,29.17
2012-07-15,29.17
2012-07-16,28.38
2012-07-17,28.57
2012-07-18,28.76
2012-07-19,28.93
2012-07-20,28.7
2012-07-21,28.7
2012-07-22,28.7
2012-07-23,28.41
2012-07-24,28.57
2012-07-25,28.29
2012-07-26,28.1
2012-07-27,27.99
2012-07-28,27.99
2012-07-29,27.99
2012-07-30,27.56
2012-07-31,27.41
2012-08-01,27.82
2012-08-02,27.56
2012-08-03,27.97
2012-08-04,27.97
2012-08-05,27.97
2012-08-06,28.58
2012-08-07,29.06
2012-08-08,29.13
2012-08-09,29.41
2012-08-10,29.49
2012-08-11,29.49
2012-08-12,29.49
2012-08-13,28.79
2012-08-14,28.9
2012-08-15,28.65
2012-08-16,28.48
2012-08-17,28.55
2012-08-18,28.55
2012-08-19,28.55
2012-08-20,28.6
2012-08-21,29.11
2012-08-22,28.82
2012-08-23,29.1
2012-08-24,29.3
2012-08-25,29.3
2012-08-26,29.3
2012-08-27,28.39
2012-08-28,28.76
2012-08-29,28.4
2012-08-30,28.69
2012-08-31,29.21
2012-09-01,29.21
2012-09-02,29.21
2012-09-03,29.61
2012-09-04,29.21
2012-09-05,29.28
2012-09-06,29.61
2012-09-07,31.16
2012-09-08,31.16
2012-09-09,31.16
2012-09-10,31.59
2012-09-11,31.49
2012-09-12,31.69
2012-09-13,31.27
2012-09-14,31.45
2012-09-15,31.45
2012-09-16,31.45
2012-09-17,30.57
2012-09-18,30.24
2012-09-19,30.5
2012-09-20,29.57
2012-09-21,29.5
2012-09-22,29.5
2012-09-23,29.5
2012-09-24,29.88
2012-09-25,29.65
2012-09-26,29.18
2012-09-27,30.04
2012-09-28,30.6
2012-09-29,30.6
2012-09-30,30.6
2012-10-01,30.6
2012-10-02,30.6
2012-10-03,30.6
2012-10-04,30.6
2012-10-05,30.6
2012-10-06,30.6
2012-10-07,30.6
2012-10-08,30.31
2012-10-09,31.07
2012-10-10,31.23
2012-10-11,30.77
2012-10-12,30.71
2012-10-13,30.71
2012-10-14,30.71
2012-10-15,30.36
2012-10-16,30.36
2012-10-17,30.4
2012-10-18,29.81
2012-10-19,30.04
2012-10-20,30.04
2012-10-21,30.04
2012-10-22,30.05
2012-10-23,29.78
2012-10-24,29.65
2012-10-25,29.45
2012-10-26,28.84
2012-10-27,28.84
2012-10-28,28.84
2012-10-29,29.2
2012-10-30,29.12
2012-10-31,26.85
2012-11-01,27.41
2012-11-02,27.47
2012-11-03,27.47
2012-11-04,27.47
2012-11-05,27.35
2012-11-06,27.28
2012-11-07,27.25
2012-11-08,26.55
2012-11-09,26.48
2012-11-10,26.48
2012-11-11,26.48
2012-11-12,26.63
2012-11-13,26.07
2012-11-14,26.2
2012-11-15,25.79
2012-11-16,25.56
2012-11-17,25.56
2012-11-18,25.56
2012-11-19,25.62
2012-11-20,25.49
2012-11-21,25.84
2012-11-22,25.58
2012-11-23,25.67
2012-11-24,25.67
2012-11-25,25.67
2012-11-26,25.35
2012-11-27,24.74
2012-11-28,24.32
2012-11-29,23.94
2012-11-30,24.17
2012-12-01,24.17
2012-12-02,24.17
2012-12-03,23.69
2012-12-04,24.01
2012-12-05,24.97
2012-12-06,24.83
2012-12-07,25.35
2012-12-08,25.35
2012-12-09,25.35
2012-12-10,25.72
2012-12-11,25.65
2012-12-12,25.68
2012-12-13,25.35
2012-12-14,26.57
2012-12-15,26.57
2012-12-16,26.57
2012-12-17,26.7
2012-12-18,26.81
2012-12-19,26.84
2012-12-20,27.19
2012-12-21,27.09
2012-12-22,27.09
2012-12-23,27.09
2012-12-24,27.38
2012-12-25,27.99
2012-12-26,28.21
2012-12-27,28.07
2012-12-28,28.49
2012-12-29,28.49
2012-12-30,28.49
2012-12-31,28.9
2013-01-01,28.9
2013-01-02,28.9
2013-01-03,28.9
2013-01-04,28.78
2013-01-05,28.78
2013-01-06,28.78
2013-01-07,28.96
2013-01-08,28.15
2013-01-09,29.12
2013-01-10,29.18
2013-01-11,28.68
2013-01-12,28.68
2013-01-13,28.68
2013-01-14,29.86
2013-01-15,30.38
2013-01-16,30.46
2013-01-17,30.09
2013-01-18,30.45
2013-01-19,30.45
2013-01-20,30.45
2013-01-21,30.48
2013-01-22,30.04
2013-01-23,30.17
2013-01-24,30.2
2013-01-25,30.06
2013-01-26,30.06
2013-01-27,30.06
2013-01-28,30.94
2013-01-29,31.01
2013-01-30,31.21
2013-01-31,31.27
2013-02-01,31.73
2013-02-02,31.73
2013-02-03,31.73
2013-02-04,31.7
2013-02-05,31.91
2013-02-06,31.89
2013-02-07,32.09
2013-02-08,32.45
2013-02-09,32.45
2013-02-10,32.45
2013-02-11,32.45
2013-02-12,32.45
2013-02-13,32.45
2013-02-14,32.45
2013-02-15,32.45
2013-02-16,32.45
2013-02-17,32.45
2013-02-18,32.1
2013-02-19,31.43
2013-02-20,31.84
2013-02-21,30.77
2013-02-22,30.77
2013-02-23,30.77
2013-02-24,30.77
2013-02-25,30.93
2013-02-26,30.56
2013-02-27,30.81
2013-02-28,32.16
2013-03-01,32.24
2013-03-02,32.24
2013-03-03,32.24
2013-03-04,31.02
2013-03-05,31.78
2013-03-06,32.08
2013-03-07,31.82
2013-03-08,31.52
2013-03-09,31.52
2013-03-10,31.52
2013-03-11,31.83
2013-03-12,31.42
2013-03-13,31.09
2013-03-14,31.14
2013-03-15,31.27
2013-03-16,31.27
2013-03-17,31.27
2013-03-18,30.69
2013-03-19,31.0
2013-03-20,31.95
2013-03-21,32.16
2013-03-22,32.14
2013-03-23,32.14
2013-03-24,32.14
2013-03-25,32.05
2013-03-26,31.88
2013-03-27,32.04
2013-03-28,30.63
2013-03-29,30.68
2013-03-30,30.68
2013-03-31,30.68
2013-04-01,31.55
2013-04-02,31.44
2013-04-03,31.2
2013-04-04,31.2
2013-04-05,31.2
2013-04-06,31.2
2013-04-07,31.2
2013-04-08,31.3
2013-04-09,31.57
2013-04-10,31.15
2013-04-11,30.93
2013-04-12,30.51
2013-04-13,30.51
2013-04-14,30.51
2013-04-15,30.62
2013-04-16,30.96
2013-04-17,31.05
2013-04-18,31.45
2013-04-19,32.18
2013-04-20,32.18
2013-04-21,32.18
2013-04-22,32.78
2013-04-23,31.81
2013-04-24,33.67
2013-04-25,32.49
2013-04-26,30.98
2013-04-27,30.98
2013-04-28,30.98
2013-04-29,30.98
2013-04-30,30.98
2013-05-01,30.98
2013-05-02,29.39
2013-05-03,29.84
2013-05-04,29.84
2013-05-05,29.84
2013-05-06,30.41
2013-05-07,30.43
2013-05-08,30.58
2013-05-09,30.55
2013-05-10,30.71
2013-05-11,30.71
2013-05-12,30.71
2013-05-13,30.75
2013-05-14,30.34
2013-05-15,30.6
2013-05-16,31.14
2013-05-17,31.65
2013-05-18,31.65
2013-05-19,31.65
2013-05-20,31.94
2013-05-21,32.24
2013-05-22,32.21
2013-05-23,31.9
2013-05-24,32.3
2013-05-25,32.3
2013-05-26,32.3
2013-05-27,32.49
2013-05-28,32.79
2013-05-29,32.93
2013-05-30,32.85
2013-05-31,32.42
2013-06-01,32.42
2013-06-02,32.42
2013-06-03,32.36
2013-06-04,31.75
2013-06-05,31.83
2013-06-06,31.47
2013-06-07,30.84
2013-06-08,30.84
2013-06-09,30.84
2013-06-10,30.84
2013-06-11,30.84
2013-06-12,30.84
2013-06-13,29.75
2013-06-14,30.15
2013-06-15,30.15
2013-06-16,30.15
2013-06-17,30.1
2013-06-18,30.21
2013-06-19,30.18
2013-06-20,29.1
2013-06-21,28.94
2013-06-22,28.94
2013-06-23,28.94
2013-06-24,27.0
2013-06-25,26.77
2013-06-26,27.07
2013-06-27,26.62
2013-06-28,26.79
2013-06-29,26.79
2013-06-30,26.79
2013-07-01,27.3
2013-07-02,27.7
2013-07-03,27.54
2013-07-04,27.82
2013-07-05,27.76
2013-07-06,27.76
2013-07-07,27.76
2013-07-08,26.66
2013-07-09,26.71
2013-07-10,27.59
2013-07-11,28.68
2013-07-12,28.31
2013-07-13,28.31
2013-07-14,28.31
2013-07-15,28.88
2013-07-16,29.19
2013-07-17,28.69
2013-07-18,28.4
2013-07-19,27.71
2013-07-20,27.71
2013-07-21,27.71
2013-07-22,28.13
2013-07-23,28.98
2013-07-24,28.99
2013-07-25,28.71
2013-07-26,27.92
2013-07-27,27.92
2013-07-28,27.92
2013-07-29,27.47
2013-07-30,26.56
2013-07-31,26.71
2013-08-01,27.46
2013-08-02,27.47
2013-08-03,27.47
2013-08-04,27.47
2013-08-05,27.96
2013-08-06,28.21
2013-08-07,27.93
2013-08-08,27.98
2013-08-09,28.36
2013-08-10,28.36
2013-08-11,28.36
2013-08-12,29.07
2013-08-13,29.0
2013-08-14,28.94
2013-08-15,28.04
2013-08-16,27.31
2013-08-17,27.31
2013-08-18,27.31
2013-08-19,27.62
2013-08-20,27.81
2013-08-21,28.06
2013-08-22,27.98
2013-08-23,27.89
2013-08-24,27.89
2013-08-25,27.89
2013-08-26,29.07
2013-08-27,29.11
2013-08-28,29.09
2013-08-29,28.97
2013-08-30,28.54
2013-08-31,28.54
2013-09-01,28.54
2013-09-02,28.2
2013-09-03,28.56
2013-09-04,28.61
2013-09-05,28.48
2013-09-06,28.74
2013-09-07,28.74
2013-09-08,28.74
2013-09-09,29.32
2013-09-10,29.68
2013-09-11,29.71
2013-09-12,29.78
2013-09-13,29.68
2013-09-14,29.68
2013-09-15,29.68
2013-09-16,29.63
2013-09-17,29.07
2013-09-18,29.28
2013-09-19,29.28
2013-09-20,29.28
2013-09-21,29.28
2013-09-22,29.28
2013-09-23,29.91
2013-09-24,29.88
2013-09-25,29.69
2013-09-26,29.13
2013-09-27,29.22
2013-09-28,29.22
2013-09-29,29.22
2013-09-30,29.46
2013-10-01,29.46
2013-10-02,29.46
2013-10-03,29.46
2013-10-04,29.46
2013-10-05,29.46
2013-10-06,29.46
2013-10-07,29.46
2013-10-08,29.89
2013-10-09,30.09
2013-10-10,29.78
2013-10-11,30.22
2013-10-12,30.22
2013-10-13,30.22
2013-10-14,30.35
2013-10-15,30.28
2013-10-16,29.42
2013-10-17,29.42
2013-10-18,29.56
2013-10-19,29.56
2013-10-20,29.56
2013-10-21,30.0
2013-10-22,29.54
2013-10-23,28.99
2013-10-24,28.99
2013-10-25,28.41
2013-10-26,28.41
2013-10-27,28.41
2013-10-28,28.15
2013-10-29,27.65
2013-10-30,27.97
2013-10-31,27.88
2013-11-01,27.85
2013-11-02,27.85
2013-11-03,27.85
2013-11-04,27.87
2013-11-05,28.1
2013-11-06,27.8
2013-11-07,27.46
2013-11-08,27.01
2013-11-09,27.01
2013-11-10,27.01
2013-11-11,27.07
2013-11-12,27.28
2013-11-13,26.79
2013-11-14,27.22
2013-11-15,27.83
2013-11-16,27.83
2013-11-17,27.83
2013-11-18,28.55
2013-11-19,28.42
2013-11-20,28.71
2013-11-21,28.64
2013-11-22,28.5
2013-11-23,28.5
2013-11-24,28.5
2013-11-25,28.45
2013-11-26,28.56
2013-11-27,29.07
2013-11-28,29.34
2013-11-29,29.44
2013-11-30,29.44
2013-12-01,29.44
2013-12-02,28.68
2013-12-03,29.14
2013-12-04,29.48
2013-12-05,29.47
2013-12-06,29.26
2013-12-07,29.26
2013-12-08,29.26
2013-12-09,29.36
2013-12-10,29.35
2013-12-11,28.89
2013-12-12,28.94
2013-12-13,28.92
2013-12-14,28.92
2013-12-15,28.92
2013-12-16,28.82
2013-12-17,28.67
2013-12-18,28.63
2013-12-19,28.39
2013-12-20,27.89
2013-12-21,27.89
2013-12-22,27.89
2013-12-23,27.86
2013-12-24,27.9
2013-12-25,28.21
2013-12-26,27.71
2013-12-27,28.18
2013-12-28,28.18
2013-12-29,28.18
2013-12-30,28.19
2013-12-31,28.46
2014-01-01,28.46
2014-01-02,28.66
2014-01-03,28.46
2014-01-04,28.46
2014-01-05,28.46
2014-01-06,27.71
2014-01-07,27.8
2014-01-08,27.9
2014-01-09,27.57
2014-01-10,27.1
2014-01-11,27.1
2014-01-12,27.1
2014-01-13,26.9
2014-01-14,27.27
2014-01-15,27.46
2014-01-16,27.44
2014-01-17,26.95
2014-01-18,26.95
2014-01-19,26.95
2014-01-20,26.75
2014-01-21,27.07
2014-01-22,27.77
2014-01-23,27.73
2014-01-24,27.97
2014-01-25,27.97
2014-01-26,27.97
2014-01-27,27.65
2014-01-28,27.67
2014-01-29,28.26
2014-01-30,28.11
2014-01-31,28.11
2014-02-01,28.11
2014-02-02,28.11
2014-02-03,28.11
2014-02-04,28.11
2014-02-05,28.11
2014-02-06,28.11
2014-02-07,28.51
2014-02-08,28.51
2014-02-09,28.51
2014-02-10,29.28
2014-02-11,29.28
2014-02-12,29.45
2014-02-13,29.06
2014-02-14,29.42
2014-02-15,29.42
2014-02-16,29.42
2014-02-17,29.83
2014-02-18,29.54
2014-02-19,29.62
2014-02-20,29.24
2014-02-21,28.95
2014-02-22,28.95
2014-02-23,28.95
2014-02-24,28.62
2014-02-25,27.56
2014-02-26,27.93
2014-02-27,28.03
2014-02-28,28.81
2014-03-01,28.81
2014-03-02,28.81
2014-03-03,29.19
2014-03-04,29.19
2014-03-05,29.02
2014-03-06,29.01
2014-03-07,28.97
2014-03-08,28.97
2014-03-09,28.97
2014-03-10,28.94
2014-03-11,29.02
2014-03-12,28.81
2014-03-13,28.21
2014-03-14,28.92
2014-03-15,28.92
2014-03-16,28.92
2014-03-17,28.32
2014-03-18,28.21
2014-03-19,28.12
2014-03-20,28.4
2014-03-21,28.18
2014-03-22,28.18
2014-03-23,28.18
2014-03-24,28.66
2014-03-25,28.62
2014-03-26,28.54
2014-03-27,28.06
2014-03-28,27.53
2014-03-29,27.53
2014-03-30,27.53
2014-03-31,27.15
2014-04-01,27.35
2014-04-02,27.47
2014-04-03,27.39
2014-04-04,27.73
2014-04-05,27.73
2014-04-06,27.73
2014-04-07,27.73
2014-04-08,28.29
2014-04-09,28.47
2014-04-10,28.66
2014-04-11,28.58
2014-04-12,28.58
2014-04-13,28.58
2014-04-14,28.83
2014-04-15,29.25
2014-04-16,29.18
2014-04-17,29.0
2014-04-18,29.57
2014-04-19,29.57
2014-04-20,29.57
2014-04-21,29.22
2014-04-22,29.0
2014-04-23,29.2
2014-04-24,29.03
2014-04-25,28.86
2014-04-26,28.86
2014-04-27,28.86
2014-04-28,29.26
2014-04-29,29.87
2014-04-30,30.26
2014-05-01,30.26
2014-05-02,30.26
2014-05-03,30.26
2014-05-04,30.26
2014-05-05,30.54
2014-05-06,30.66
2014-05-07,30.2
2014-05-08,30.23
2014-05-09,30.22
2014-05-10,30.22
2014-05-11,30.22
2014-05-12,31.23
2014-05-13,31.13
2014-05-14,31.03
2014-05-15,30.42
2014-05-16,30.4
2014-05-17,30.4
2014-05-18,30.4
2014-05-19,30.16
2014-05-20,30.11
2014-05-21,30.46
2014-05-22,30.29
2014-05-23,30.48
2014-05-24,30.48
2014-05-25,30.48
2014-05-26,30.75
2014-05-27,30.52
2014-05-28,30.86
2014-05-29,30.48
2014-05-30,30.62
2014-05-31,30.62
2014-06-01,30.62
2014-06-02,30.62
2014-06-03,30.6
2014-06-04,30.25
2014-06-05,30.52
2014-06-06,30.3
2014-06-07,30.3
2014-06-08,30.3
2014-06-09,30.19
2014-06-10,30.57
2014-06-11,30.62
2014-06-12,30.56
2014-06-13,30.87
2014-06-14,30.87
2014-06-15,30.87
2014-06-16,31.86
2014-06-17,31.57
2014-06-18,31.57
2014-06-19,30.86
2014-06-20,31.05
2014-06-21,31.05
2014-06-22,31.05
2014-06-23,31.3
2014-06-24,31.56
2014-06-25,31.38
2014-06-26,31.64
2014-06-27,31.75
2014-06-28,31.75
2014-06-29,31.75
2014-06-30,31.97
2014-07-01,32.16
2014-07-02,32.53
2014-07-03,32.66
2014-07-04,32.51
2014-07-05,32.51
2014-07-06,32.51
2014-07-07,32.39
2014-07-08,32.5
2014-07-09,31.96
2014-07-10,31.83
2014-07-11,32.03
2014-07-12,32.03
2014-07-13,32.03
2014-07-14,32.42
2014-07-15,32.46
2014-07-16,32.2
2014-07-17,32.07
2014-07-18,32.09
2014-07-19,32.09
2014-07-20,32.09
2014-07-21,32.11
2014-07-22,32.59
2014-07-23,32.39
2014-07-24,32.69
2014-07-25,33.15
2014-07-26,33.15
2014-07-27,33.15
2014-07-28,33.84
2014-07-29,34.03
2014-07-30,34.05
2014-07-31,34.38
2014-08-01,34.01
2014-08-02,34.01
2014-08-03,34.01
2014-08-04,34.69
2014-08-05,34.81
2014-08-06,35.12
2014-08-07,34.78
2014-08-08,34.85
2014-08-09,34.85
2014-08-10,34.85
2014-08-11,35.31
2014-08-12,35.43
2014-08-13,35.29
2014-08-14,34.85
2014-08-15,35.34
2014-08-16,35.34
2014-08-17,35.34
2014-08-18,35.78
2014-08-19,36.47
2014-08-20,36.44
2014-08-21,36.29
2014-08-22,34.96
2014-08-23,34.96
2014-08-24,34.96
2014-08-25,34.41
2014-08-26,34.01
2014-08-27,34.07
2014-08-28,33.42
2014-08-29,33.08
2014-08-30,33.08
2014-08-31,33.08
2014-09-01,33.69
2014-09-02,34.2
2014-09-03,34.52
2014-09-04,34.76
2014-09-05,34.96
2014-09-06,34.96
2014-09-07,34.96
2014-09-08,34.96
2014-09-09,35.21
2014-09-10,35.19
2014-09-11,35.11
2014-09-12,35.35
2014-09-13,35.35
2014-09-14,35.35
2014-09-15,35.58
2014-09-16,34.66
2014-09-17,34.88
2014-09-18,34.97
2014-09-19,35.24
2014-09-20,35.24
2014-09-21,35.24
2014-09-22,34.63
2014-09-23,34.98
2014-09-24,35.69
2014-09-25,35.59
2014-09-26,35.72
2014-09-27,35.72
2014-09-28,35.72
2014-09-29,36.01
2014-09-30,36.16
2014-10-01,36.16
2014-10-02,36.16
2014-10-03,36.16
2014-10-04,36.16
2014-10-05,36.16
2014-10-06,36.16
2014-10-07,36.16
2014-10-08,36.59
2014-10-09,36.64
2014-10-10,36.4
2014-10-11,36.4
2014-10-12,36.4
2014-10-13,36.47
2014-10-14,36.33
2014-10-15,36.46
2014-10-16,35.96
2014-10-17,35.95
2014-10-18,35.95
2014-10-19,35.95
2014-10-20,36.21
2014-10-21,35.77
2014-10-22,35.37
2014-10-23,34.9
2014-10-24,34.76
2014-10-25,34.76
2014-10-26,34.76
2014-10-27,34.71
2014-10-28,35.65
2014-10-29,36.32
2014-10-30,35.35
2014-10-31,34.54
2014-11-01,34.54
2014-11-02,34.54
2014-11-03,34.15
2014-11-04,34.12
2014-11-05,33.95
2014-11-06,34.11
2014-11-07,33.8
2014-11-08,33.8
2014-11-09,33.8
2014-11-10,34.38
2014-11-11,34.61
2014-11-12,35.18
2014-11-13,34.9
2014-11-14,34.93
2014-11-15,34.93
2014-11-16,34.93
2014-11-17,34.94
2014-11-18,34.85
2014-11-19,34.95
2014-11-20,34.81
2014-11-21,35.32
2014-11-22,35.32
2014-11-23,35.32
2014-11-24,35.11
2014-11-25,35.79
2014-11-26,36.06
2014-11-27,36.31
2014-11-28,36.29
2014-11-29,36.29
2014-11-30,36.29
2014-12-01,36.4
2014-12-02,37.15
2014-12-03,38.13
2014-12-04,39.35
2014-12-05,39.01
2014-12-06,39.01
2014-12-07,39.01
2014-12-08,40.09
2014-12-09,38.58
2014-12-10,39.97
2014-12-11,39.9
2014-12-12,40.28
2014-12-13,40.28
2014-12-14,40.28
2014-12-15,40.88
2014-12-16,41.35
2014-12-17,40.93
2014-12-18,40.86
2014-12-19,40.99
2014-12-20,40.99
2014-12-21,40.99
2014-12-22,40.2
2014-12-23,40.15
2014-12-24,39.95
2014-12-25,39.99
2014-12-26,40.8
2014-12-27,40.8
2014-12-28,40.8
2014-12-29,40.62
2014-12-30,39.99
2014-12-31,40.55
2015-01-01,40.55
2015-01-02,40.55
2015-01-03,40.55
2015-01-04,40.55
2015-01-05,41.83
2015-01-06,42.28
2015-01-07,42.33
2015-01-08,41.83
2015-01-09,41.38
2015-01-10,41.38
2015-01-11,41.38
2015-01-12,40.92
2015-01-13,41.22
2015-01-14,41.68
2015-01-15,41.35
2015-01-16,41.91
2015-01-17,41.91
2015-01-18,41.91
2015-01-19,40.5
2015-01-20,41.52
2015-01-21,42.0
2015-01-22,42.68
2015-01-23,42.2
2015-01-24,42.2
2015-01-25,42.2
2015-01-26,42.84
2015-01-27,43.11
2015-01-28,42.45
2015-01-29,42.01
2015-01-30,41.39
2015-01-31,41.39
2015-02-01,41.39
2015-02-02,40.88
2015-02-03,41.69
2015-02-04,41.37
2015-02-05,41.89
2015-02-06,41.03
2015-02-07,41.03
2015-02-08,41.03
2015-02-09,41.03
2015-02-10,41.83
2015-02-11,42.23
2015-02-12,42.42
2015-02-13,42.75
2015-02-14,42.75
2015-02-15,42.75
2015-02-16,42.8
2015-02-17,44.02
2015-02-18,44.02
2015-02-19,44.02
2015-02-20,44.02
2015-02-21,44.02
2015-02-22,44.02
2015-02-23,44.02
2015-02-24,44.02
2015-02-25,42.79
2015-02-26,43.61
2015-02-27,43.75
2015-02-28,43.75
2015-03-01,43.75
2015-03-02,45.21
2015-03-03,44.47
2015-03-04,45.13
2015-03-05,44.01
2015-03-06,44.39
2015-03-07,44.39
2015-03-08,44.39
2015-03-09,44.71
2015-03-10,44.82
2015-03-11,44.65
2015-03-12,44.87
2015-03-13,45.41
2015-03-14,45.41
2015-03-15,45.41
2015-03-16,46.66
2015-03-17,47.13
2015-03-18,47.19
2015-03-19,47.33
2015-03-20,48.55
2015-03-21,48.55
2015-03-22,48.55
2015-03-23,47.87
2015-03-24,48.42
2015-03-25,49.12
2015-03-26,47.96
2015-03-27,49.34
2015-03-28,49.34
2015-03-29,49.34
2015-03-30,49.42
2015-03-31,49.59
2015-04-01,50.26
2015-04-02,49.96
2015-04-03,50.25
2015-04-04,50.25
2015-04-05,50.25
2015-04-06,50.25
2015-04-07,51.29
2015-04-08,50.15
2015-04-09,49.43
2015-04-10,50.42
2015-04-11,50.42
2015-04-12,50.42
2015-04-13,51.25
2015-04-14,51.4
2015-04-15,50.67
2015-04-16,49.9
2015-04-17,50.01
2015-04-18,50.01
2015-04-19,50.01
2015-04-20,51.22
2015-04-21,52.16
2015-04-22,53.87
2015-04-23,54.1
2015-04-24,53.54
2015-04-25,53.54
2015-04-26,53.54
2015-04-27,54.0
2015-04-28,52.64
2015-04-29,53.83
2015-04-30,51.25
2015-05-01,51.25
2015-05-02,51.25
2015-05-03,51.25
2015-05-04,51.6
2015-05-05,50.66
2015-05-06,49.25
2015-05-07,49.13
2015-05-08,50.73
2015-05-09,50.73
2015-05-10,50.73
2015-05-11,52.62
2015-05-12,52.21
2015-05-13,54.1
2015-05-14,53.86
2015-05-15,52.47
2015-05-16,52.47
2015-05-17,52.47
2015-05-18,52.88
2015-05-19,54.2
2015-05-20,53.94
2015-05-21,55.09
2015-05-22,55.91
2015-05-23,55.91
2015-05-24,55.91
2015-05-25,57.41
2015-05-26,59.31
2015-05-27,59.86
2015-05-28,55.63
2015-05-29,56.51
2015-05-30,56.51
2015-05-31,56.51
2015-06-01,59.66
2015-06-02,61.64
2015-06-03,61.67
2015-06-04,61.9
2015-06-05,62.59
2015-06-06,62.59
2015-06-07,62.59
2015-06-08,62.46
2015-06-09,61.8
2015-06-10,63.42
2015-06-11,63.98
2015-06-12,64.42
2015-06-13,64.42
2015-06-14,64.42
2015-06-15,62.61
2015-06-16,60.18
2015-06-17,61.27
2015-06-18,58.84
2015-06-19,57.53
2015-06-20,57.53
2015-06-21,57.53
2015-06-22,57.53
2015-06-23,58.01
2015-06-24,59.28
2015-06-25,57.45
2015-06-26,52.33
2015-06-27,52.33
2015-06-28,52.33
2015-06-29,50.03
2015-06-30,52.34
2015-07-01,50.48
2015-07-02,48.51
2015-07-03,48.64
2015-07-04,48.64
2015-07-05,48.64
2015-07-06,48.71
2015-07-07,45.93
2015-07-08,43.6
2015-07-09,45.95
2015-07-10,48.58
2015-07-11,48.58
2015-07-12,48.58
2015-07-13,50.76
2015-07-14,50.07
2015-07-15,48.66
2015-07-16,47.01
2015-07-17,47.83
2015-07-18,47.83
2015-07-19,47.83
2015-07-20,47.54
2015-07-21,48.74
2015-07-22,49.17
2015-07-23,49.65
2015-07-24,49.58
2015-07-25,49.58
2015-07-26,49.58
2015-07-27,48.21
2015-07-28,47.41
2015-07-29,49.93
2015-07-30,48.51
2015-07-31,48.16
2015-08-01,48.16
2015-08-02,48.16
2015-08-03,47.48
2015-08-04,46.99
2015-08-05,46.88
2015-08-06,47.39
2015-08-07,46.85
2015-08-08,46.85
2015-08-09,46.85
2015-08-10,48.14
2015-08-11,49.02
2015-08-12,48.29
2015-08-13,49.32
2015-08-14,49.12
2015-08-15,49.12
2015-08-16,49.12
2015-08-17,49.23
2015-08-18,46.75
2015-08-19,47.65
2015-08-20,47.06
2015-08-21,45.37
2015-08-22,45.37
2015-08-23,45.37
2015-08-24,42.83
2015-08-25,39.78
2015-08-26,37.89
2015-08-27,39.63
2015-08-28,41.49
2015-08-29,41.49
2015-08-30,41.49
2015-08-31,42.79
2015-09-01,41.99
2015-09-02,41.28
2015-09-03,41.28
2015-09-04,41.28
2015-09-05,41.28
2015-09-06,41.28
2015-09-07,40.57
2015-09-08,41.81
2015-09-09,42.21
2015-09-10,42.23
2015-09-11,42.17
2015-09-12,42.17
2015-09-13,42.17
2015-09-14,40.68
2015-09-15,39.13
2015-09-16,40.97
2015-09-17,40.06
2015-09-18,40.44
2015-09-19,40.44
2015-09-20,40.44
2015-09-21,41.78
2015-09-22,42.16
2015-09-23,41.35
2015-09-24,41.87
2015-09-25,39.7
2015-09-26,39.7
2015-09-27,39.7
2015-09-28,40.29
2015-09-29,39.35
2015-09-30,39.76
2015-10-01,39.76
2015-10-02,39.76
2015-10-03,39.76
2015-10-04,39.76
2015-10-05,39.76
2015-10-06,39.76
2015-10-07,39.76
2015-10-08,41.18
2015-10-09,41.91
2015-10-10,41.91
2015-10-11,41.91
2015-10-12,43.11
2015-10-13,43.33
2015-10-14,42.81
2015-10-15,44.15
2015-10-16,44.8
2015-10-17,44.8
2015-10-18,44.8
2015-10-19,43.88
2015-10-20,44.7
2015-10-21,42.82
2015-10-22,44.23
2015-10-23,45.38
2015-10-24,45.38
2015-10-25,45.38
2015-10-26,44.96
2015-10-27,44.42
2015-10-28,42.55
2015-10-29,42.42
2015-10-30,43.3
2015-10-31,43.3
2015-11-01,43.3
2015-11-02,40.92
2015-11-03,40.92
2015-11-04,42.93
2015-11-05,43.2
2015-11-06,44.3
2015-11-07,44.3
2015-11-08,44.3
2015-11-09,44.67
2015-11-10,44.92
2015-11-11,45.12
2015-11-12,44.94
2015-11-13,43.87
2015-11-14,43.87
2015-11-15,43.87
2015-11-16,44.45
2015-11-17,44.11
2015-11-18,43.31
2015-11-19,44.3
2015-11-20,44.64
2015-11-21,44.64
2015-11-22,44.64
2015-11-23,44.48
2015-11-24,44.53
2015-11-25,44.99
2015-11-26,44.63
2015-11-27,41.83
2015-11-28,41.83
2015-11-29,41.83
2015-11-30,41.78
2015-12-01,41.97
2015-12-02,42.46
2015-12-03,43.15
2015-12-04,42.64
2015-12-05,42.64
2015-12-06,42.64
2015-12-07,43.18
2015-12-08,42.18
2015-12-09,42.13
2015-12-10,41.94
2015-12-11,41.79
2015-12-12,41.79
2015-12-13,41.79
2015-12-14,41.65
2015-12-15,41.88
2015-12-16,41.87
2015-12-17,42.86
2015-12-18,42.92
2015-12-19,42.92
2015-12-20,42.92
2015-12-21,43.48
2015-12-22,43.82
2015-12-23,43.29
2015-12-24,43.05
2015-12-25,42.97
2015-12-26,42.97
2015-12-27,42.97
2015-12-28,41.88
2015-12-29,42.24
2015-12-30,42.58
2015-12-31,42.07
2016-01-01,42.07
2016-01-02,42.07
2016-01-03,42.07
2016-01-04,38.65
2016-01-05,38.2
2016-01-06,39.16
2016-01-07,36.79
2016-01-08,36.66
2016-01-09,36.66
2016-01-10,36.66
2016-01-11,35.31
2016-01-12,36.61
2016-01-13,35.41
2016-01-14,36.62
2016-01-15,35.25
2016-01-16,35.25
2016-01-17,35.25
2016-01-18,35.66
2016-01-19,35.66
2016-01-20,36.44
2016-01-21,35.04
2016-01-22,35.55
2016-01-23,35.55
2016-01-24,35.55
2016-01-25,35.97
2016-01-26,33.32
2016-01-27,33.26
2016-01-28,31.93
2016-01-29,33.08
2016-01-30,33.08
2016-01-31,33.08
2016-02-01,32.66
2016-02-02,33.63
2016-02-03,33.63
2016-02-04,34.34
2016-02-05,34.09
2016-02-06,34.09
2016-02-07,34.09
2016-02-08,34.09
2016-02-09,34.09
2016-02-10,34.09
2016-02-11,34.09
2016-02-12,34.09
2016-02-13,34.09
2016-02-14,34.09
2016-02-15,34.08
2016-02-16,35.37
2016-02-17,35.8
2016-02-18,35.68
2016-02-19,35.77
2016-02-20,35.77
2016-02-21,35.77
2016-02-22,36.53
2016-02-23,36.19
2016-02-24,36.39
2016-02-25,33.58
2016-02-26,33.76
2016-02-27,33.76
2016-02-28,33.76
2016-02-29,33.91
2016-03-01,34.8
2016-03-02,35.54
2016-03-03,35.55
2016-03-04,34.15
2016-03-05,34.15
2016-03-06,34.15
2016-03-07,34.8
2016-03-08,35.75
2016-03-09,34.94
2016-03-10,34.29
2016-03-11,34.22
2016-03-12,34.22
2016-03-13,34.22
2016-03-14,35.28
2016-03-15,35.05
2016-03-16,34.77
2016-03-17,35.68
2016-03-18,35.77
2016-03-19,35.77
2016-03-20,35.77
2016-03-21,35.44
2016-03-22,35.3
2016-03-23,35.5
2016-03-24,35.97
2016-03-25,35.13
2016-03-26,35.13
2016-03-27,35.13
2016-03-28,34.66
2016-03-29,34.62
2016-03-30,35.63
2016-03-31,35.2
2016-04-01,36.09
2016-04-02,36.09
2016-04-03,36.09
2016-04-04,36.09
2016-04-05,35.86
2016-04-06,35.86
2016-04-07,35.23
2016-04-08,34.98
2016-04-09,34.98
2016-04-10,34.98
2016-04-11,35.56
2016-04-12,35.43
2016-04-13,36.04
2016-04-14,36.23
2016-04-15,35.87
2016-04-16,35.87
2016-04-17,35.87
2016-04-18,35.53
2016-04-19,35.54
2016-04-20,35.29
2016-04-21,34.93
2016-04-22,35.37
2016-04-23,35.37
2016-04-24,35.37
2016-04-25,35.48
2016-04-26,35.4
2016-04-27,35.2
2016-04-28,35.47
2016-04-29,36.55
2016-04-30,36.55
2016-05-01,36.55
2016-05-02,36.55
2016-05-03,37.62
2016-05-04,37.52
2016-05-05,37.7
2016-05-06,36.44
2016-05-07,36.44
2016-05-08,36.44
2016-05-09,35.26
2016-05-10,35.24
2016-05-11,35.24
2016-05-12,35.23
2016-05-13,35.06
2016-05-14,35.06
2016-05-15,35.06
2016-05-16,35.41
2016-05-17,35.43
2016-05-18,34.89
2016-05-19,34.97
2016-05-20,35.2
2016-05-21,35.2
2016-05-22,35.2
2016-05-23,35.41
2016-05-24,35.11
2016-05-25,34.86
2016-05-26,35.16
2016-05-27,35.22
2016-05-28,35.22
2016-05-29,35.22
2016-05-30,34.88
2016-05-31,36.28
2016-06-01,36.42
2016-06-02,36.64
2016-06-03,36.67
2016-06-04,36.67
2016-06-05,36.67
2016-06-06,36.75
2016-06-07,36.7
2016-06-08,36.48
2016-06-09,36.48
2016-06-10,36.48
2016-06-11,36.48
2016-06-12,36.48
2016-06-13,36.78
2016-06-14,36.56
2016-06-15,37.4
2016-06-16,36.23
2016-06-17,37.33
2016-06-18,37.33
2016-06-19,37.33
2016-06-20,37.25
2016-06-21,37.03
2016-06-22,37.56
2016-06-23,37.41
2016-06-24,36.06
2016-06-25,36.06
2016-06-26,36.06
2016-06-27,36.83
2016-06-28,37.15
2016-06-29,37.19
2016-06-30,37.32
2016-07-01,37.25
2016-07-02,37.25
2016-07-03,37.25
2016-07-04,38.17
2016-07-05,38.35
2016-07-06,38.59
2016-07-07,38.5
2016-07-08,38.36
2016-07-09,38.36
2016-07-10,38.36
2016-07-11,38.68
2016-07-12,38.46
2016-07-13,38.73
2016-07-14,39.7
2016-07-15,39.57
2016-07-16,39.57
2016-07-17,39.57
2016-07-18,39.45
2016-07-19,39.52
2016-07-20,39.45
2016-07-21,39.58
2016-07-22,39.43
2016-07-23,39.43
2016-07-24,39.43
2016-07-25,39.64
2016-07-26,40.09
2016-07-27,38.7
2016-07-28,38.64
2016-07-29,38.35
2016-07-30,38.35
2016-07-31,38.35
2016-08-01,38.8
2016-08-02,39.02
2016-08-03,39.1
2016-08-04,39.27
2016-08-05,39.16
2016-08-06,39.16
2016-08-07,39.16
2016-08-08,39.78
2016-08-09,39.98
2016-08-10,39.86
2016-08-11,39.39
2016-08-12,40.19
2016-08-13,40.19
2016-08-14,40.19
2016-08-15,41.3
2016-08-16,41.31
2016-08-17,41.39
2016-08-18,41.3
2016-08-19,40.78
2016-08-20,40.78
2016-08-21,40.78
2016-08-22,39.96
2016-08-23,39.95
2016-08-24,40.4
2016-08-25,40.19
2016-08-26,42.03
2016-08-27,42.03
2016-08-28,42.03
2016-08-29,41.89
2016-08-30,41.64
2016-08-31,41.42
2016-09-01,41.1
2016-09-02,41.13
2016-09-03,41.13
2016-09-04,41.13
2016-09-05,40.31
2016-09-06,40.74
2016-09-07,41.61
2016-09-08,41.6
2016-09-09,41.23
2016-09-10,41.23
2016-09-11,41.23
2016-09-12,40.17
2016-09-13,40.21
2016-09-14,40.08
2016-09-15,40.08
2016-09-16,40.08
2016-09-17,40.08
2016-09-18,40.08
2016-09-19,40.37
2016-09-20,40.3
2016-09-21,40.4
2016-09-22,40.54
2016-09-23,40.31
2016-09-24,40.31
2016-09-25,40.31
2016-09-26,39.46
2016-09-27,39.8
2016-09-28,39.67
2016-09-29,39.78
2016-09-30,39.9
2016-10-01,39.9
2016-10-02,39.9
2016-10-03,39.9
2016-10-04,39.9
2016-10-05,39.9
2016-10-06,39.9
2016-10-07,39.9
2016-10-08,39.9
2016-10-09,39.9
2016-10-10,40.49
2016-10-11,40.7
2016-10-12,40.62
2016-10-13,40.69
2016-10-14,40.68
2016-10-15,40.68
2016-10-16,40.68
2016-10-17,40.35
2016-10-18,40.95
2016-10-19,40.93
2016-10-20,40.98
2016-10-21,40.05
2016-10-22,40.05
2016-10-23,40.05
2016-10-24,40.54
2016-10-25,40.01
2016-10-26,39.28
2016-10-27,39.4
2016-10-28,37.63
2016-10-29,37.63
2016-10-30,37.63
2016-10-31,37.3
2016-11-01,37.53
2016-11-02,37.28
2016-11-03,37.55
2016-11-04,37.39
2016-11-05,37.39
2016-11-06,37.39
2016-11-07,37.38
2016-11-08,37.8
2016-11-09,37.53
2016-11-10,37.95
2016-11-11,38.15
2016-11-12,38.15
2016-11-13,38.15
2016-11-14,38.45
2016-11-15,38.44
2016-11-16,38.48
2016-11-17,38.7
2016-11-18,38.21
2016-11-19,38.21
2016-11-20,38.21
2016-11-21,38.35
2016-11-22,38.69
2016-11-23,38.5
2016-11-24,38.47
2016-11-25,38.71
2016-11-26,38.71
2016-11-27,38.71
2016-11-28,38.88
2016-11-29,38.82
2016-11-30,38.65
2016-12-01,38.89
2016-12-02,38.37
2016-12-03,38.37
2016-12-04,38.37
2016-12-05,38.01
2016-12-06,37.8
2016-12-07,38.12
2016-12-08,37.95
2016-12-09,37.91
2016-12-10,37.91
2016-12-11,37.91
2016-12-12,38.14
2016-12-13,38.07
2016-12-14,37.81
2016-12-15,37.89
2016-12-16,38.01
2016-12-17,38.01
2016-12-18,38.01
2016-12-19,37.86
2016-12-20,37.72
2016-12-21,38.1
2016-12-22,38.07
2016-12-23,37.7
2016-12-24,37.7
2016-12-25,37.7
2016-12-26,37.78
2016-12-27,37.66
2016-12-28,37.51
2016-12-29,37.43
2016-12-30,37.45
2016-12-31,37.45
2017-01-01,37.45
2017-01-02,37.45
2017-01-03,37.79
2017-01-04,38.12
2017-01-05,38.2
2017-01-06,37.94
2017-01-07,37.94
2017-01-08,37.94
2017-01-09,38.19
2017-01-10,38.07
2017-01-11,37.76
2017-01-12,37.4
2017-01-13,37.06
2017-01-14,37.06
2017-01-15,37.06
2017-01-16,36.49
2017-01-17,36.77
2017-01-18,36.68
2017-01-19,36.56
2017-01-20,36.95
2017-01-21,36.95
2017-01-22,36.95
2017-01-23,37.2
2017-01-24,37.09
2017-01-25,37.26
2017-01-26,37.55
2017-01-27,37.55
2017-01-28,37.55
2017-01-29,37.55
2017-01-30,37.55
2017-01-31,37.55
2017-02-01,37.55
2017-02-02,37.55
2017-02-03,37.43
2017-02-04,37.43
2017-02-05,37.43
2017-02-06,37.62
2017-02-07,37.51
2017-02-08,37.79
2017-02-09,37.92
2017-02-10,38.02
2017-02-11,38.02
2017-02-12,38.02
2017-02-13,38.25
2017-02-14,38.8
2017-02-15,38.39
2017-02-16,38.61
2017-02-17,38.42
2017-02-18,38.42
2017-02-19,38.42
2017-02-20,38.87
2017-02-21,39.24
2017-02-22,39.27
2017-02-23,39.17
2017-02-24,39.21
2017-02-25,39.21
2017-02-26,39.21
2017-02-27,39.02
2017-02-28,38.71
2017-03-01,38.83
2017-03-02,38.57
2017-03-03,38.45
2017-03-04,38.45
2017-03-05,38.45
2017-03-06,38.76
2017-03-07,38.75
2017-03-08,38.37
2017-03-09,38.06
2017-03-10,38.04
2017-03-11,38.04
2017-03-12,38.04
2017-03-13,38.41
2017-03-14,38.5
2017-03-15,38.49
2017-03-16,38.55
2017-03-17,38.12
2017-03-18,38.12
2017-03-19,38.12
2017-03-20,38.57
2017-03-21,38.77
2017-03-22,38.55
2017-03-23,38.63
2017-03-24,39.22
2017-03-25,39.22
2017-03-26,39.22
2017-03-27,39.04
2017-03-28,38.98
2017-03-29,38.91
2017-03-30,38.06
2017-03-31,38.25
2017-04-01,38.25
2017-04-02,38.25
2017-04-03,38.25
2017-04-04,38.25
2017-04-05,38.43
2017-04-06,38.5
2017-04-07,38.6
2017-04-08,38.6
2017-04-09,38.6
2017-04-10,38.42
2017-04-11,38.51
2017-04-12,38.9
2017-04-13,39.38
2017-04-14,39.05
2017-04-15,39.05
2017-04-16,39.05
2017-04-17,38.67
2017-04-18,38.26
2017-04-19,37.76
2017-04-20,37.89
2017-04-21,37.65
2017-04-22,37.65
2017-04-23,37.65
2017-04-24,37.57
2017-04-25,37.91
2017-04-26,38.16
2017-04-27,38.37
2017-04-28,37.83
2017-04-29,37.83
2017-04-30,37.83
2017-05-01,37.83
2017-05-02,36.06
2017-05-03,35.9
2017-05-04,35.69
2017-05-05,35.24
2017-05-06,35.24
2017-05-07,35.24
2017-05-08,34.79
2017-05-09,34.84
2017-05-10,34.13
2017-05-11,33.95
2017-05-12,33.96
2017-05-13,33.96
2017-05-14,33.96
2017-05-15,34.09
2017-05-16,34.59
2017-05-17,34.59
2017-05-18,34.46
2017-05-19,34.46
2017-05-20,34.46
2017-05-21,34.46
2017-05-22,34.15
2017-05-23,33.71
2017-05-24,33.84
2017-05-25,34.29
2017-05-26,34.2
2017-05-27,34.2
2017-05-28,34.2
2017-05-29,34.2
2017-05-30,34.2
2017-05-31,34.46
2017-06-01,34.11
2017-06-02,34.22
2017-06-03,34.22
2017-06-04,34.22
2017-06-05,34.3
2017-06-06,34.46
2017-06-07,34.99
2017-06-08,35.04
2017-06-09,35.09
2017-06-10,35.09
2017-06-11,35.09
2017-06-12,34.01
2017-06-13,34.29
2017-06-14,34.13
2017-06-15,34.34
2017-06-16,34.32
2017-06-17,34.32
2017-06-18,34.32
2017-06-19,34.57
2017-06-20,34.53
2017-06-21,34.81
2017-06-22,34.61
2017-06-23,34.74
2017-06-24,34.74
2017-06-25,34.74
2017-06-26,35.24
2017-06-27,35.27
2017-06-28,35.05
2017-06-29,35.31
2017-06-30,35.32
2017-07-01,35.32
2017-07-02,35.32
2017-07-03,35.47
2017-07-04,35.33
2017-07-05,35.6
2017-07-06,35.61
2017-07-07,34.93
2017-07-08,34.93
2017-07-09,34.93
2017-07-10,34.86
2017-07-11,35.45
2017-07-12,34.48
2017-07-13,34.63
2017-07-14,34.61
2017-07-15,34.61
2017-07-16,34.61
2017-07-17,33.53
2017-07-18,33.73
2017-07-19,34.53
2017-07-20,34.62
2017-07-21,34.59
2017-07-22,34.59
2017-07-23,34.59
2017-07-24,34.68
2017-07-25,34.47
2017-07-26,34.52
2017-07-27,34.82
2017-07-28,34.86
2017-07-29,34.86
2017-07-30,34.86
2017-07-31,35.03
2017-08-01,35.05
2017-08-02,34.97
2017-08-03,35.0
2017-08-04,34.98
2017-08-05,34.98
2017-08-06,34.98
2017-08-07,35.23
2017-08-08,35.4
2017-08-09,35.44
2017-08-10,35.41
2017-08-11,34.65
2017-08-12,34.65
2017-08-13,34.65
2017-08-14,35.42
2017-08-15,35.48
2017-08-16,35.59
2017-08-17,35.89
2017-08-18,35.56
2017-08-19,35.56
2017-08-20,35.56
2017-08-21,35.99
2017-08-22,35.67
2017-08-23,35.63
2017-08-24,35.3
2017-08-25,35.85
2017-08-26,35.85
2017-08-27,35.85
2017-08-28,36.37
2017-08-29,35.64
2017-08-30,35.72
2017-08-31,35.55
2017-09-01,35.83
2017-09-02,35.83
2017-09-03,35.83
2017-09-04,36.09
2017-09-05,35.99
2017-09-06,36.07
2017-09-07,35.79
2017-09-08,35.73
2017-09-09,35.73
2017-09-10,35.73
2017-09-11,35.98
2017-09-12,36.07
2017-09-13,36.13
2017-09-14,35.99
2017-09-15,35.88
2017-09-16,35.88
2017-09-17,35.88
2017-09-18,36.13
2017-09-19,35.96
2017-09-20,36.22
2017-09-21,35.95
2017-09-22,35.77
2017-09-23,35.77
2017-09-24,35.77
2017-09-25,35.37
2017-09-26,35.43
2017-09-27,35.61
2017-09-28,35.62
2017-09-29,35.85
2017-09-30,35.85
2017-10-01,35.85
2017-10-02,35.85
2017-10-03,35.85
2017-10-04,35.85
2017-10-05,35.85
2017-10-06,35.85
2017-10-07,35.85
2017-10-08,35.85
2017-10-09,36.27
2017-10-10,36.43
2017-10-11,36.3
2017-10-12,36.27
2017-10-13,36.42
2017-10-14,36.42
2017-10-15,36.42
2017-10-16,36.08
2017-10-17,35.98
2017-10-18,35.95
2017-10-19,35.51
2017-10-20,35.72
2017-10-21,35.72
2017-10-22,35.72
2017-10-23,35.77
2017-10-24,35.83
2017-10-25,35.96
2017-10-26,36.11
2017-10-27,35.85
2017-10-28,35.85
2017-10-29,35.85
2017-10-30,36.24
2017-10-31,35.99
2017-11-01,35.97
2017-11-02,36.14
2017-11-03,35.95
2017-11-04,35.95
2017-11-05,35.95
2017-11-06,36.24
2017-11-07,36.68
2017-11-08,36.78
2017-11-09,36.94
2017-11-10,37.03
2017-11-11,37.03
2017-11-12,37.03
2017-11-13,37.19
2017-11-14,36.91
2017-11-15,36.45
2017-11-16,36.43
2017-11-17,35.76
2017-11-18,35.76
2017-11-19,35.76
2017-11-20,36.04
2017-11-21,36.34
2017-11-22,36.46
2017-11-23,35.51
2017-11-24,36.36
2017-11-25,36.36
2017-11-26,36.36
2017-11-27,35.8
2017-11-28,36.26
2017-11-29,36.21
2017-11-30,35.81
2017-12-01,36.05
2017-12-02,36.05
2017-12-03,36.05
2017-12-04,35.87
2017-12-05,35.33
2017-12-06,35.49
2017-12-07,35.29
2017-12-08,35.53
2017-12-09,35.53
2017-12-10,35.53
2017-12-11,35.62
2017-12-12,35.3
2017-12-13,35.46
2017-12-14,35.33
2017-12-15,35.09
2017-12-16,35.09
2017-12-17,35.09
2017-12-18,35.02
2017-12-19,34.44
2017-12-20,35.08
2017-12-21,35.26
2017-12-22,35.13
2017-12-23,35.13
2017-12-24,35.13
2017-12-25,34.79
2017-12-26,34.94
2017-12-27,34.72
2017-12-28,35.03
2017-12-29,35.22
2017-12-30,35.22
2017-12-31,35.22
2018-01-01,35.22
2018-01-02,35.61
2018-01-03,35.99
2018-01-04,36.09
2018-01-05,36.08
2018-01-06,36.08
2018-01-07,36.08
2018-01-08,36.25
2018-01-09,36.3
2018-01-10,35.34
2018-01-11,35.51
2018-01-12,35.36
2018-01-13,35.36
2018-01-14,35.36
2018-01-15,35.55
2018-01-16,34.95
2018-01-17,35.83
2018-01-18,35.84
2018-01-19,36.06
2018-01-20,36.06
2018-01-21,36.06
2018-01-22,35.55
2018-01-23,35.85
2018-01-24,36.13
2018-01-25,36.03
2018-01-26,35.98
2018-01-27,35.98
2018-01-28,35.98
2018-01-29,35.44
2018-01-30,35.18
2018-01-31,34.91
2018-02-01,34.9
2018-02-02,35.31
2018-02-03,35.31
2018-02-04,35.31
2018-02-05,35.14
2018-02-06,33.57
2018-02-07,33.4
2018-02-08,33.54
2018-02-09,32.08
2018-02-10,32.08
2018-02-11,32.08
2018-02-12,32.77
2018-02-13,33.43
2018-02-14,33.59
2018-02-15,33.59
2018-02-16,33.59
2018-02-17,33.59
2018-02-18,33.59
2018-02-19,33.59
2018-02-20,33.59
2018-02-21,33.59
2018-02-22,34.43
2018-02-23,34.51
2018-02-24,34.51
2018-02-25,34.51
2018-02-26,35.1
2018-02-27,34.99
2018-02-28,34.62
2018-03-01,34.12
2018-03-02,34.8
2018-03-03,34.8
2018-03-04,34.8
2018-03-05,34.26
2018-03-06,34.63
2018-03-07,35.29
2018-03-08,34.64
2018-03-09,35.1
2018-03-10,35.1
2018-03-11,35.1
2018-03-12,35.49
2018-03-13,35.15
2018-03-14,34.88
2018-03-15,34.87
2018-03-16,34.01
2018-03-17,34.01
2018-03-18,34.01
2018-03-19,34.06
2018-03-20,34.11
2018-03-21,33.95
2018-03-22,33.72
2018-03-23,33.39
2018-03-24,33.39
2018-03-25,33.39
2018-03-26,33.19
2018-03-27,33.96
2018-03-28,33.55
2018-03-29,33.69
2018-03-30,34.07
2018-03-31,34.07
2018-04-01,34.07
2018-04-02,34.09
2018-04-03,33.7
2018-04-04,33.45
2018-04-05,33.45
2018-04-06,33.45
2018-04-07,33.45
2018-04-08,33.45
2018-04-09,33.63
2018-04-10,33.85
2018-04-11,33.98
2018-04-12,33.82
2018-04-13,33.61
2018-04-14,33.61
2018-04-15,33.61
2018-04-16,33.37
2018-04-17,32.58
2018-04-18,32.91
2018-04-19,33.11
2018-04-20,32.43
2018-04-21,32.43
2018-04-22,32.43
2018-04-23,32.28
2018-04-24,32.86
2018-04-25,32.88
2018-04-26,31.93
2018-04-27,32.5
2018-04-28,32.5
2018-04-29,32.5
2018-04-30,32.5
2018-05-01,32.5
2018-05-02,32.38
2018-05-03,32.65
2018-05-04,31.7
2018-05-05,31.7
2018-05-06,31.7
2018-05-07,32.17
2018-05-08,32.35
2018-05-09,32.24
2018-05-10,33.29
2018-05-11,32.17
2018-05-12,32.17
2018-05-13,32.17
2018-05-14,33.1
2018-05-15,33.41
2018-05-16,33.23
2018-05-17,33.05
2018-05-18,33.29
2018-05-19,33.29
2018-05-20,33.29
2018-05-21,33.59
2018-05-22,33.64
2018-05-23,33.31
2018-05-24,33.16
2018-05-25,32.93
2018-05-26,32.93
2018-05-27,32.93
2018-05-28,32.81
2018-05-29,32.42
2018-05-30,31.65
2018-05-31,32.16
2018-06-01,31.9
2018-06-02,31.9
2018-06-03,31.9
2018-06-04,31.73
2018-06-05,32.16
2018-06-06,32.22
2018-06-07,32.04
2018-06-08,31.55
2018-06-09,31.55
2018-06-10,31.55
2018-06-11,29.91
2018-06-12,30.14
2018-06-13,29.65
2018-06-14,29.57
2018-06-15,29.15
2018-06-16,29.15
2018-06-17,29.15
2018-06-18,29.15
2018-06-19,27.61
2018-06-20,27.8
2018-06-21,27.23
2018-06-22,27.52
2018-06-23,27.52
2018-06-24,27.52
2018-06-25,27.33
2018-06-26,27.41
2018-06-27,27.06
2018-06-28,26.85
2018-06-29,27.61
2018-06-30,27.61
2018-07-01,27.61
2018-07-02,27.12
2018-07-03,27.34
2018-07-04,26.96
2018-07-05,26.45
2018-07-06,26.55
2018-07-07,26.55
2018-07-08,26.55
2018-07-09,27.18
2018-07-10,27.33
2018-07-11,26.8
2018-07-12,27.49
2018-07-13,27.6
2018-07-14,27.6
2018-07-15,27.6
2018-07-16,27.69
2018-07-17,27.6
2018-07-18,27.48
2018-07-19,27.25
2018-07-20,27.57
2018-07-21,27.57
2018-07-22,27.57
2018-07-23,27.81
2018-07-24,28.23
2018-07-25,28.25
2018-07-26,27.96
2018-07-27,27.8
2018-07-28,27.8
2018-07-29,27.8
2018-07-30,27.64
2018-07-31,27.59
2018-08-01,27.99
2018-08-02,27.34
2018-08-03,26.86
2018-08-04,26.86
2018-08-05,26.86
2018-08-06,26.28
2018-08-07,26.89
2018-08-08,26.43
2018-08-09,27.09
2018-08-10,27.25
2018-08-11,27.25
2018-08-12,27.25
2018-08-13,27.3
2018-08-14,27.07
2018-08-15,26.45
2018-08-16,26.11
2018-08-17,25.58
2018-08-18,25.58
2018-08-19,25.58
2018-08-20,25.77
2018-08-21,26.75
2018-08-22,25.75
2018-08-23,25.91
2018-08-24,25.88
2018-08-25,25.88
2018-08-26,25.88
2018-08-27,26.44
2018-08-28,26.36
2018-08-29,26.19
2018-08-30,25.41
2018-08-31,25.26
2018-09-01,25.26
2018-09-02,25.26
2018-09-03,25.29
2018-09-04,25.63
2018-09-05,25.3
2018-09-06,25.17
2018-09-07,25.17
2018-09-08,25.17
2018-09-09,25.17
2018-09-10,24.63
2018-09-11,24.77
2018-09-12,24.66
2018-09-13,24.88
2018-09-14,24.72
2018-09-15,24.72
2018-09-16,24.72
2018-09-17,24.38
2018-09-18,24.82
2018-09-19,25.17
2018-09-20,25.08
2018-09-21,25.56
2018-09-22,25.56
2018-09-23,25.56
2018-09-24,25.56
2018-09-25,25.45
2018-09-26,25.68
2018-09-27,25.45
2018-09-28,25.71
2018-09-29,25.71
2018-09-30,25.71
2018-10-01,25.71
2018-10-02,25.71
2018-10-03,25.71
2018-10-04,25.71
2018-10-05,25.71
2018-10-06,25.71
2018-10-07,25.71
2018-10-08,24.82
2018-10-09,24.79
2018-10-10,24.74
2018-10-11,24.13
2018-10-12,24.13
2018-10-13,24.13
2018-10-14,24.13
2018-10-15,23.91
2018-10-16,23.48
2018-10-17,23.62
2018-10-18,23.01
2018-10-19,23.59
2018-10-20,23.59
2018-10-21,23.59
2018-10-22,24.86
2018-10-23,24.39
2018-10-24,23.84
2018-10-25,23.93
2018-10-26,23.75
2018-10-27,23.75
2018-10-28,23.75
2018-10-29,23.56
2018-10-30,23.43
2018-10-31,23.99
2018-11-01,24.22
2018-11-02,24.99
2018-11-03,24.99
2018-11-04,24.99
2018-11-05,24.91
2018-11-06,24.79
2018-11-07,24.61
2018-11-08,24.37
2018-11-09,24.25
2018-11-10,24.25
2018-11-11,24.25
2018-11-12,24.78
2018-11-13,25.13
2018-11-14,24.94
2018-11-15,25.37
2018-11-16,25.59
2018-11-17,25.59
2018-11-18,25.59
2018-11-19,25.88
2018-11-20,25.24
2018-11-21,25.3
2018-11-22,25.3
2018-11-23,24.55
2018-11-24,24.55
2018-11-25,24.55
2018-11-26,24.41
2018-11-27,24.6
2018-11-28,24.95
2018-11-29,24.48
2018-11-30,24.75
2018-12-01,24.75
2018-12-02,24.75
2018-12-03,25.44
2018-12-04,25.57
2018-12-05,25.44
2018-12-06,24.83
2018-12-07,24.75
2018-12-08,24.75
2018-12-09,24.75
2018-12-10,24.69
2018-12-11,24.84
2018-12-12,24.89
2018-12-13,25.21
2018-12-14,24.67
2018-12-15,24.67
2018-12-16,24.67
2018-12-17,24.42
2018-12-18,24.19
2018-12-19,23.9
2018-12-20,23.92
2018-12-21,23.69
2018-12-22,23.69
2018-12-23,23.69
2018-12-24,23.79
2018-12-25,23.51
2018-12-26,23.38
2018-12-27,23.24
2018-12-28,23.4
2018-12-29,23.4
2018-12-30,23.4
2018-12-31,23.4
2019-01-01,23.4
2019-01-02,23.11
2019-01-03,23.08
2019-01-04,23.84
2019-01-05,23.84
2019-01-06,23.84
2019-01-07,24.18
2019-01-08,24.13
2019-01-09,24.19
2019-01-10,24.06
2019-01-11,24.22
2019-01-12,24.22
2019-01-13,24.22
2019-01-14,24.05
2019-01-15,24.42
2019-01-16,24.36
2019-01-17,24.21
2019-01-18,24.56
2019-01-19,24.56
2019-01-20,24.56
2019-01-21,24.69
2019-01-22,24.34
2019-01-23,24.52
2019-01-24,24.66
2019-01-25,24.61
2019-01-26,24.61
2019-01-27,24.61
2019-01-28,24.77
2019-01-29,24.61
2019-01-30,24.26
2019-01-31,24.23
2019-02-01,24.81
2019-02-02,24.81
2019-02-03,24.81
2019-02-04,24.81
2019-02-05,24.81
2019-02-06,24.81
2019-02-07,24.81
2019-02-08,24.81
2019-02-09,24.81
2019-02-10,24.81
2019-02-11,25.41
2019-02-12,25.72
2019-02-13,26.38
2019-02-14,26.42
2019-02-15,26.17
2019-02-16,26.17
2019-02-17,26.17
2019-02-18,27.16
2019-02-19,27.19
2019-02-20,27.25
2019-02-21,27.31
2019-02-22,28.26
2019-02-23,28.26
2019-02-24,28.26
2019-02-25,29.35
2019-02-26,29.26
2019-02-27,29.21
2019-02-28,30.01
2019-03-01,30.55
2019-03-02,30.55
2019-03-03,30.55
2019-03-04,31.1
2019-03-05,31.57
2019-03-06,32.23
2019-03-07,32.47
2019-03-08,31.77
2019-03-09,31.77
2019-03-10,31.77
2019-03-11,31.67
2019-03-12,32.12
2019-03-13,31.41
2019-03-14,30.67
2019-03-15,31.03
2019-03-16,31.03
2019-03-17,31.03
2019-03-18,32.02
2019-03-19,32.03
2019-03-20,31.76
2019-03-21,32.05
2019-03-22,31.96
2019-03-23,31.96
2019-03-24,31.96
2019-03-25,31.39
2019-03-26,30.82
2019-03-27,31.0
2019-03-28,30.98
2019-03-29,32.46
2019-03-30,32.46
2019-03-31,32.46
2019-04-01,33.64
2019-04-02,33.62
2019-04-03,34.11
2019-04-04,34.3
2019-04-05,34.3
2019-04-06,34.3
2019-04-07,34.3
2019-04-08,33.93
2019-04-09,33.93
2019-04-10,33.75
2019-04-11,33.03
2019-04-12,33.13
2019-04-13,33.13
2019-04-14,33.13
2019-04-15,31.52
2019-04-16,32.32
2019-04-17,32.43
2019-04-18,32.31
2019-04-19,32.3
2019-04-20,32.3
2019-04-21,32.3
2019-04-22,30.99
2019-04-23,30.74
2019-04-24,30.98
2019-04-25,29.53
2019-04-26,28.91
2019-04-27,28.91
2019-04-28,28.91
2019-04-29,27.98
2019-04-30,28.02
2019-05-01,28.02
2019-05-02,28.02
2019-05-03,28.02
2019-05-04,28.02
2019-05-05,28.02
2019-05-06,26.99
2019-05-07,27.29
2019-05-08,26.18
2019-05-09,25.82
2019-05-10,26.74
2019-05-11,26.74
2019-05-12,26.74
2019-05-13,26.39
2019-05-14,26.22
2019-05-15,26.69
2019-05-16,26.91
2019-05-17,27.02
2019-05-18,27.02
2019-05-19,27.02
2019-05-20,25.98
2019-05-21,26.43
2019-05-22,26.34
2019-05-23,26.8
2019-05-24,26.69
2019-05-25,26.69
2019-05-26,26.69
2019-05-27,27.25
2019-05-28,27.42
2019-05-29,27.36
2019-05-30,27.14
2019-05-31,27.17
2019-06-01,27.17
2019-06-02,27.17
2019-06-03,27.02
2019-06-04,26.74
2019-06-05,26.69
2019-06-06,26.31
2019-06-07,26.31
2019-06-08,26.31
2019-06-09,26.31
2019-06-10,26.54
2019-06-11,27.43
2019-06-12,27.24
2019-06-13,27.27
2019-06-14,26.93
2019-06-15,26.93
2019-06-16,26.93
2019-06-17,28.59
2019-06-18,28.65
2019-06-19,29.07
2019-06-20,28.99
2019-06-21,29.35
2019-06-22,29.35
2019-06-23,29.35
2019-06-24,30.27
2019-06-25,29.36
2019-06-26,30.06
2019-06-27,29.34
2019-06-28,30.19
2019-06-29,30.19
2019-06-30,30.19
2019-07-01,30.08
2019-07-02,30.05
2019-07-03,29.95
2019-07-04,29.74
2019-07-05,29.82
2019-07-06,29.82
2019-07-07,29.82
2019-07-08,29.94
2019-07-09,29.05
2019-07-10,28.9
2019-07-11,29.83
2019-07-12,29.89
2019-07-13,29.89
2019-07-14,29.89
2019-07-15,30.28
2019-07-16,29.28
2019-07-17,29.29
2019-07-18,29.83
2019-07-19,29.22
2019-07-20,29.22
2019-07-21,29.22
2019-07-22,29.69
2019-07-23,29.96
2019-07-24,29.27
2019-07-25,29.38
2019-07-26,29.39
2019-07-27,29.39
2019-07-28,29.39
2019-07-29,29.29
2019-07-30,29.42
2019-07-31,30.29
2019-08-01,30.01
2019-08-02,29.6
2019-08-03,29.6
2019-08-04,29.6
2019-08-05,29.21
2019-08-06,28.77
2019-08-07,28.67
2019-08-08,28.99
2019-08-09,28.62
2019-08-10,28.62
2019-08-11,28.62
2019-08-12,29.02
2019-08-13,28.86
2019-08-14,29.01
2019-08-15,29.07
2019-08-16,29.2
2019-08-17,29.2
2019-08-18,29.2
2019-08-19,29.97
2019-08-20,29.87
2019-08-21,29.36
2019-08-22,29.36
2019-08-23,29.34
2019-08-24,29.34
2019-08-25,29.34
2019-08-26,29.07
2019-08-27,29.32
2019-08-28,29.42
2019-08-29,29.65
2019-08-30,30.03
2019-08-31,30.03
2019-09-01,30.03
2019-09-02,30.56
2019-09-03,30.62
2019-09-04,30.93
2019-09-05,31.3
2019-09-06,31.35
2019-09-07,31.35
2019-09-08,31.35
2019-09-09,31.84
2019-09-10,31.8
2019-09-11,31.55
2019-09-12,31.76
2019-09-13,31.76
2019-09-14,31.76
2019-09-15,31.76
2019-09-16,31.73
2019-09-17,31.05
2019-09-18,31.04
2019-09-19,31.28
2019-09-20,31.38
2019-09-21,31.38
2019-09-22,31.38
2019-09-23,31.13
2019-09-24,31.21
2019-09-25,30.72
2019-09-26,30.03
2019-09-27,30.16
2019-09-28,30.16
2019-09-29,30.16
2019-09-30,29.88
2019-10-01,29.88
2019-10-02,29.88
2019-10-03,29.88
2019-10-04,29.88
2019-10-05,29.88
2019-10-06,29.88
2019-10-07,29.88
2019-10-08,29.73
2019-10-09,29.94
2019-10-10,30.35
2019-10-11,30.49
2019-10-12,30.49
2019-10-13,30.49
2019-10-14,31.09
2019-10-15,30.8
2019-10-16,30.7
2019-10-17,30.73
2019-10-18,30.27
2019-10-19,30.27
2019-10-20,30.27
2019-10-21,30.08
2019-10-22,30.33
2019-10-23,30.02
2019-10-24,30.22
2019-10-25,30.69
2019-10-26,30.69
2019-10-27,30.69
2019-10-28,31.05
2019-10-29,30.6
2019-10-30,29.91
2019-10-31,29.59
2019-11-01,29.93
2019-11-02,29.93
2019-11-03,29.93
2019-11-04,30.2
2019-11-05,30.34
2019-11-06,30.15
2019-11-07,30.24
2019-11-08,30.12
2019-11-09,30.12
2019-11-10,30.12
2019-11-11,29.53
2019-11-12,29.56
2019-11-13,29.57
2019-11-14,29.75
2019-11-15,29.46
2019-11-16,29.46
2019-11-17,29.46
2019-11-18,29.69
2019-11-19,30.15
2019-11-20,29.9
2019-11-21,29.85
2019-11-22,29.53
2019-11-23,29.53
2019-11-24,29.53
2019-11-25,29.45
2019-11-26,29.68
2019-11-27,29.54
2019-11-28,29.42
2019-11-29,29.33
2019-11-30,29.33
2019-12-01,29.33
2019-12-02,29.32
2019-12-03,29.47
2019-12-04,29.56
2019-12-05,29.83
2019-12-06,30.01
2019-12-07,30.01
2019-12-08,30.01
2019-12-09,29.91
2019-12-10,29.99
2019-12-11,30.01
2019-12-12,30.02
2019-12-13,30.54
2019-12-14,30.54
2019-12-15,30.54
2019-12-16,30.74
2019-12-17,31.21
2019-12-18,31.23
2019-12-19,31.09
2019-12-20,30.94
2019-12-21,30.94
2019-12-22,30.94
2019-12-23,30.38
2019-12-24,30.78
2019-12-25,30.89
2019-12-26,31.2
2019-12-27,30.97
2019-12-28,30.97
2019-12-29,30.97
2019-12-30,31.44
2019-12-31,31.64
2020-01-01,31.64
2020-01-02,32.21
2020-01-03,32.32
2020-01-04,32.32
2020-01-05,32.32
2020-01-06,32.53
2020-01-07,32.71
2020-01-08,32.38
2020-01-09,32.73
2020-01-10,32.74
2020-01-11,32.74
2020-01-12,32.74
2020-01-13,33.18
2020-01-14,33.13
2020-01-15,32.98
2020-01-16,32.92
2020-01-17,32.97
2020-01-18,32.97
2020-01-19,32.97
2020-01-20,33.28
2020-01-21,32.82
2020-01-22,33.12
2020-01-23,32.15
2020-01-24,32.15
2020-01-25,32.15
2020-01-26,32.15
2020-01-27,32.15
2020-01-28,32.15
2020-01-29,32.15
2020-01-30,32.15
2020-01-31,32.15
2020-02-01,32.15
2020-02-02,32.15
2020-02-03,30.28
2020-02-04,30.96
2020-02-05,31.63
2020-02-06,32.52
2020-02-07,33.62
2020-02-08,33.62
2020-02-09,33.62
2020-02-10,32.91
2020-02-11,32.93
2020-02-12,33.51
2020-02-13,34.32
2020-02-14,33.66
2020-02-15,33.66
2020-02-16,33.66
2020-02-17,34.63
2020-02-18,34.75
2020-02-19,34.48
2020-02-20,34.47
2020-02-21,34.91
2020-02-22,34.91
2020-02-23,34.91
2020-02-24,35.99
2020-02-25,36.09
2020-02-26,35.11
2020-02-27,34.42
2020-02-28,32.41
2020-02-29,32.41
2020-03-01,32.41
2020-03-02,33.78
2020-03-03,34.14
2020-03-04,34.3
2020-03-05,33.87
2020-03-06,34.33
2020-03-07,34.33
2020-03-08,34.33
2020-03-09,32.96
2020-03-10,33.86
2020-03-11,33.36
2020-03-12,32.65
2020-03-13,32.36
2020-03-14,32.36
2020-03-15,32.36
2020-03-16,30.8
2020-03-17,30.72
2020-03-18,30.18
2020-03-19,30.22
2020-03-20,30.6
2020-03-21,30.6
2020-03-22,30.6
2020-03-23,29.27
2020-03-24,29.94
2020-03-25,30.79
2020-03-26,30.49
2020-03-27,29.6
2020-03-28,29.6
2020-03-29,29.6
2020-03-30,29.75
2020-03-31,29.89
2020-04-01,30.0
2020-04-02,30.64
2020-04-03,30.37
2020-04-04,30.37
2020-04-05,30.37
2020-04-06,30.37
2020-04-07,31.39
2020-04-08,30.43
2020-04-09,30.64
2020-04-10,30.99
2020-04-11,30.99
2020-04-12,30.99
2020-04-13,31.75
2020-04-14,31.58
2020-04-15,30.44
2020-04-16,30.93
2020-04-17,31.03
2020-04-18,31.03
2020-04-19,31.03
2020-04-20,31.18
2020-04-21,31.46
2020-04-22,31.86
2020-04-23,31.92
2020-04-24,32.08
2020-04-25,32.08
2020-04-26,32.08
2020-04-27,32.4
2020-04-28,33.12
2020-04-29,33.65
2020-04-30,33.79
2020-05-01,33.79
2020-05-02,33.79
2020-05-03,33.79
2020-05-04,33.79
2020-05-05,33.79
2020-05-06,34.29
2020-05-07,34.18
2020-05-08,34.62
2020-05-09,34.62
2020-05-10,34.62
2020-05-11,34.53
2020-05-12,34.54
2020-05-13,34.77
2020-05-14,34.46
2020-05-15,34.46
2020-05-16,34.46
2020-05-17,34.46
2020-05-18,34.47
2020-05-19,34.87
2020-05-20,34.47
2020-05-21,34.16
2020-05-22,33.4
2020-05-23,33.4
2020-05-24,33.4
2020-05-25,33.2
2020-05-26,33.83
2020-05-27,33.44
2020-05-28,33.47
2020-05-29,33.83
2020-05-30,33.83
2020-05-31,33.83
2020-06-01,34.85
2020-06-02,34.76
2020-06-03,34.71
2020-06-04,34.68
2020-06-05,34.98
2020-06-06,34.98
2020-06-07,34.98
2020-06-08,34.94
2020-06-09,35.27
2020-06-10,35.35
2020-06-11,35.16
2020-06-12,35.21
2020-06-13,35.21
2020-06-14,35.21
2020-06-15,36.9
2020-06-16,37.55
2020-06-17,36.72
2020-06-18,36.92
2020-06-19,37.57
2020-06-20,37.57
2020-06-21,37.57
2020-06-22,37.89
2020-06-23,38.24
2020-06-24,38.25
2020-06-25,38.25
2020-06-26,38.25
2020-06-27,38.25
2020-06-28,38.25
2020-06-29,37.97
2020-06-30,38.75
2020-07-01,39.24
2020-07-02,39.96
2020-07-03,40.82
2020-07-04,40.82
2020-07-05,40.82
2020-07-06,41.11
2020-07-07,41.46
2020-07-08,42.54
2020-07-09,43.58
2020-07-10,43.3
2020-07-11,43.3
2020-07-12,43.3
2020-07-13,44.45
2020-07-14,44.11
2020-07-15,42.32
2020-07-16,40.78
2020-07-17,40.9
2020-07-18,40.9
2020-07-19,40.9
2020-07-20,42.19
2020-07-21,42.07
2020-07-22,42.46
2020-07-23,41.71
2020-07-24,40.41
2020-07-25,40.41
2020-07-26,40.41
2020-07-27,41.53
2020-07-28,40.9
2020-07-29,42.19
2020-07-30,41.97
2020-07-31,41.41
2020-08-01,41.41
2020-08-02,41.41
2020-08-03,42.4
2020-08-04,42.06
2020-08-05,42.39
2020-08-06,42.35
2020-08-07,42.71
2020-08-08,42.71
2020-08-09,42.71
2020-08-10,42.12
2020-08-11,41.41
2020-08-12,40.63
2020-08-13,40.5
2020-08-14,41.16
2020-08-15,41.16
2020-08-16,41.16
2020-08-17,42.16
2020-08-18,42.14
2020-08-19,41.27
2020-08-20,40.56
2020-08-21,40.54
2020-08-22,40.54
2020-08-23,40.54
2020-08-24,40.58
2020-08-25,40.22
2020-08-26,41.28
2020-08-27,40.6
2020-08-28,40.67
2020-08-29,40.67
2020-08-30,40.67
2020-08-31,43.42
2020-09-01,41.96
2020-09-02,41.96
2020-09-03,41.76
2020-09-04,42.34
2020-09-05,42.34
2020-09-06,42.34
2020-09-07,41.25
2020-09-08,41.26
2020-09-09,40.85
2020-09-10,40.58
2020-09-11,40.22
2020-09-12,40.22
2020-09-13,40.22
2020-09-14,40.46
2020-09-15,39.92
2020-09-16,39.68
2020-09-17,40.51
2020-09-18,41.27
2020-09-19,41.27
2020-09-20,41.27
2020-09-21,40.96
2020-09-22,40.43
2020-09-23,40.78
2020-09-24,39.9
2020-09-25,40.0
2020-09-26,40.0
2020-09-27,40.0
2020-09-28,39.95
2020-09-29,39.42
2020-09-30,39.37
2020-10-01,39.37
2020-10-02,39.37
2020-10-03,39.37
2020-10-04,39.37
2020-10-05,39.37
2020-10-06,39.37
2020-10-07,39.37
2020-10-08,39.37
2020-10-09,40.28
2020-10-10,40.28
2020-10-11,40.28
2020-10-12,41.51
2020-10-13,41.37
2020-10-14,41.0
2020-10-15,40.82
2020-10-16,40.58
2020-10-17,40.58
2020-10-18,40.58
2020-10-19,40.05
2020-10-20,40.41
2020-10-21,40.51
2020-10-22,40.33
2020-10-23,39.28
2020-10-24,39.28
2020-10-25,39.28
2020-10-26,39.1
2020-10-27,38.43
2020-10-28,38.1
2020-10-29,38.61
2020-10-30,39.27
2020-10-31,39.27
2020-11-01,39.27
2020-11-02,38.73
2020-11-03,39.38
2020-11-04,39.54
2020-11-05,40.21
2020-11-06,40.18
2020-11-07,40.18
2020-11-08,40.18
2020-11-09,41.24
2020-11-10,39.94
2020-11-11,40.0
2020-11-12,40.24
2020-11-13,40.22
2020-11-14,40.22
2020-11-15,40.22
2020-11-16,39.68
2020-11-17,40.33
2020-11-18,39.12
2020-11-19,40.29
2020-11-20,39.67
2020-11-21,39.67
2020-11-22,39.67
2020-11-23,39.07
2020-11-24,38.92
2020-11-25,39.16
2020-11-26,39.12
2020-11-27,39.4
2020-11-28,39.4
2020-11-29,39.4
2020-11-30,39.48
2020-12-01,40.22
2020-12-02,40.15
2020-12-03,40.19
2020-12-04,40.39
2020-12-05,40.39
2020-12-06,40.39
2020-12-07,40.17
2020-12-08,39.18
2020-12-09,40.33
2020-12-10,40.28
2020-12-11,39.82
2020-12-12,39.82
2020-12-13,39.82
2020-12-14,43.69
2020-12-15,44.03
2020-12-16,43.92
2020-12-17,44.38
2020-12-18,44.27
2020-12-19,44.27
2020-12-20,44.27
2020-12-21,45.1
2020-12-22,44.04
2020-12-23,44.66
2020-12-24,44.5
2020-12-25,44.94
2020-12-26,44.94
2020-12-27,44.94
2020-12-28,44.82
2020-12-29,44.65
2020-12-30,45.29
2020-12-31,45.46
2021-01-01,45.46
2021-01-02,45.46
2021-01-03,45.46
2021-01-04,46.36
2021-01-05,47.2
2021-01-06,47.23
2021-01-07,47.82
2021-01-08,47.81
2021-01-09,47.81
2021-01-10,47.81
2021-01-11,47.19
2021-01-12,48.4
2021-01-13,48.25
2021-01-14,47.38
2021-01-15,46.83
2021-01-16,46.83
2021-01-17,46.83
2021-01-18,47.51
2021-01-19,46.72
2021-01-20,47.48
2021-01-21,48.45
2021-01-22,48.68
2021-01-23,48.68
2021-01-24,48.68
2021-01-25,48.88
2021-01-26,47.72
2021-01-27,47.8
2021-01-28,46.32
2021-01-29,46.03
2021-01-30,46.03
2021-01-31,46.03
2021-02-01,47.14
2021-02-02,47.87
2021-02-03,47.43
2021-02-04,46.94
2021-02-05,46.7
2021-02-06,46.7
2021-02-07,46.7
2021-02-08,47.44
2021-02-09,48.64
2021-02-10,48.71
2021-02-11,48.71
2021-02-12,48.71
2021-02-13,48.71
2021-02-14,48.71
2021-02-15,48.71
2021-02-16,48.71
2021-02-17,48.71
2021-02-18,49.35
2021-02-19,49.23
2021-02-20,49.23
2021-02-21,49.23
2021-02-22,47.83
2021-02-23,47.46
2021-02-24,46.28
2021-02-25,45.83
2021-02-26,44.66
2021-02-27,44.66
2021-02-28,44.66
2021-03-01,45.73
2021-03-02,45.26
2021-03-03,45.71
2021-03-04,44.04
2021-03-05,43.88
2021-03-06,43.88
2021-03-07,43.88
2021-03-08,42.04
2021-03-09,40.82
2021-03-10,41.05
2021-03-11,41.78
2021-03-12,41.71
2021-03-13,41.71
2021-03-14,41.71
2021-03-15,40.64
2021-03-16,40.78
2021-03-17,41.2
2021-03-18,41.58
2021-03-19,40.76
2021-03-20,40.76
2021-03-21,40.76
2021-03-22,41.15
2021-03-23,40.69
2021-03-24,39.94
2021-03-25,39.92
2021-03-26,40.54
2021-03-27,40.54
2021-03-28,40.54
2021-03-29,40.41
2021-03-30,40.42
2021-03-31,39.79
2021-04-01,40.37
2021-04-02,40.9
2021-04-03,40.9
2021-04-04,40.9
2021-04-05,40.9
2021-04-06,40.91
2021-04-07,40.76
2021-04-08,40.86
2021-04-09,40.46
2021-04-10,40.46
2021-04-11,40.46
2021-04-12,39.11
2021-04-13,38.97
2021-04-14,39.81
2021-04-15,39.37
2021-04-16,39.29
2021-04-17,39.29
2021-04-18,39.29
2021-04-19,40.95
2021-04-20,40.51
2021-04-21,40.65
2021-04-22,40.09
2021-04-23,39.11
2021-04-24,39.11
2021-04-25,39.11
2021-04-26,38.63
2021-04-27,38.15
2021-04-28,38.06
2021-04-29,36.77
2021-04-30,35.39
2021-05-01,35.39
2021-05-02,35.39
2021-05-03,35.39
2021-05-04,35.39
2021-05-05,35.39
2021-05-06,35.09
2021-05-07,34.44
2021-05-08,34.44
2021-05-09,34.44
2021-05-10,34.52
2021-05-11,34.8
2021-05-12,35.06
2021-05-13,34.83
2021-05-14,35.71
2021-05-15,35.71
2021-05-16,35.71
2021-05-17,36.26
2021-05-18,36.29
2021-05-19,36.28
2021-05-20,36.34
2021-05-21,35.91
2021-05-22,35.91
2021-05-23,35.91
2021-05-24,36.2
2021-05-25,37.2
2021-05-26,37.1
2021-05-27,37.42
2021-05-28,37.2
2021-05-29,37.2
2021-05-30,37.2
2021-05-31,37.55
2021-06-01,37.73
2021-06-02,37.21
2021-06-03,36.94
2021-06-04,37.22
2021-06-05,37.22
2021-06-06,37.22
2021-06-07,37.41
2021-06-08,37.06
2021-06-09,37.16
2021-06-10,37.53
2021-06-11,37.13
2021-06-12,37.13
2021-06-13,37.13
2021-06-14,37.13
2021-06-15,40.62
2021-06-16,39.57
2021-06-17,40.18
2021-06-18,40.54
2021-06-19,40.54
2021-06-20,40.54
2021-06-21,40.76
2021-06-22,40.95
2021-06-23,41.29
2021-06-24,41.01
2021-06-25,41.73
2021-06-26,41.73
2021-06-27,41.73
2021-06-28,42.07
2021-06-29,41.67
2021-06-30,42.1
2021-07-01,41.75
2021-07-02,40.68
2021-07-03,40.68
2021-07-04,40.68
2021-07-05,41.2
2021-07-06,40.83
2021-07-07,41.73
2021-07-08,41.71
2021-07-09,41.61
2021-07-10,41.61
2021-07-11,41.61
2021-07-12,42.48
2021-07-13,42.42
2021-07-14,42.03
2021-07-15,42.39
2021-07-16,41.81
2021-07-17,41.81
2021-07-18,41.81
2021-07-19,41.85
2021-07-20,42.03
2021-07-21,42.93
2021-07-22,42.05
2021-07-23,41.49
2021-07-24,41.49
2021-07-25,41.49
2021-07-26,40.28
2021-07-27,39.01
2021-07-28,38.82
2021-07-29,40.18
2021-07-30,40.02
2021-07-31,40.02
2021-08-01,40.02
2021-08-02,40.87
2021-08-03,40.59
2021-08-04,41.33
2021-08-05,41.1
2021-08-06,40.65
2021-08-07,40.65
2021-08-08,40.65
2021-08-09,40.8
2021-08-10,41.07
2021-08-11,40.64
2021-08-12,40.34
2021-08-13,40.82
2021-08-14,40.82
2021-08-15,40.82
2021-08-16,40.55
2021-08-17,39.55
2021-08-18,39.66
2021-08-19,39.15
2021-08-20,38.42
2021-08-21,38.42
2021-08-22,38.42
2021-08-23,39.19
2021-08-24,39.32
2021-08-25,38.98
2021-08-26,38.34
2021-08-27,37.49
2021-08-28,37.49
2021-08-29,37.49
2021-08-30,38.57
2021-08-31,37.95
2021-09-01,38.04
2021-09-02,37.71
2021-09-03,37.32
2021-09-04,37.32
2021-09-05,37.32
2021-09-06,38.37
2021-09-07,38.69
2021-09-08,38.56
2021-09-09,38.68
2021-09-10,38.76
2021-09-11,38.76
2021-09-12,38.76
2021-09-13,38.35
2021-09-14,38.1
2021-09-15,37.83
2021-09-16,37.28
2021-09-17,37.8
2021-09-18,37.8
2021-09-19,37.8
2021-09-20,37.8
2021-09-21,37.8
2021-09-22,37.81
2021-09-23,37.36
2021-09-24,37.35
2021-09-25,37.35
2021-09-26,37.35
2021-09-27,38.18
2021-09-28,38.13
2021-09-29,37.37
2021-09-30,37.81
2021-10-01,37.81
2021-10-02,37.81
2021-10-03,37.81
2021-10-04,37.81
2021-10-05,37.81
2021-10-06,37.81
2021-10-07,37.81
2021-10-08,38.06
2021-10-09,38.06
2021-10-10,38.06
2021-10-11,37.84
2021-10-12,37.21
2021-10-13,37.73
2021-10-14,37.58
2021-10-15,37.75
2021-10-16,37.75
2021-10-17,37.75
2021-10-18,37.36
2021-10-19,37.69
2021-10-20,37.71
2021-10-21,37.45
2021-10-22,37.5
2021-10-23,37.5
2021-10-24,37.5
2021-10-25,37.87
2021-10-26,37.5
2021-10-27,36.74
2021-10-28,35.98
2021-10-29,35.78
2021-10-30,35.78
2021-10-31,35.78
2021-11-01,35.61
2021-11-02,35.66
2021-11-03,35.49
2021-11-04,35.95
2021-11-05,35.71
2021-11-06,35.71
2021-11-07,35.71
2021-11-08,35.67
2021-11-09,35.91
2021-11-10,35.86
2021-11-11,36.21
2021-11-12,36.26
2021-11-13,36.26
2021-11-14,36.26
2021-11-15,36.25
2021-11-16,36.23
2021-11-17,36.37
2021-11-18,36.07
2021-11-19,36.29
2021-11-20,36.29
2021-11-21,36.29
2021-11-22,36.67
2021-11-23,36.63
2021-11-24,36.51
2021-11-25,36.36
2021-11-26,36.12
2021-11-27,36.12
2021-11-28,36.12
2021-11-29,36.05
2021-11-30,36.14
2021-12-01,36.04
2021-12-02,35.97
2021-12-03,36.32
2021-12-04,36.32
2021-12-05,36.32
2021-12-06,36.01
2021-12-07,35.95
2021-12-08,36.67
2021-12-09,37.32
2021-12-10,37.12
2021-12-11,37.12
2021-12-12,37.12
2021-12-13,39.05
2021-12-14,38.87
2021-12-15,38.43
2021-12-16,38.65
2021-12-17,37.94
2021-12-18,37.94
2021-12-19,37.94
2021-12-20,37.12
2021-12-21,37.45
2021-12-22,37.55
2021-12-23,37.66
2021-12-24,37.36
2021-12-25,37.36
2021-12-26,37.36
2021-12-27,37.41
2021-12-28,37.7
2021-12-29,37.3
2021-12-30,37.65
2021-12-31,37.78
2022-01-01,37.78
2022-01-02,37.78
2022-01-03,37.78
2022-01-04,37.39
2022-01-05,36.64
2022-01-06,36.28
2022-01-07,36.0
2022-01-08,36.0
2022-01-09,36.0
2022-01-10,36.13
2022-01-11,35.55
2022-01-12,36.11
2022-01-13,35.47
2022-01-14,35.37
2022-01-15,35.37
2022-01-16,35.37
2022-01-17,35.94
2022-01-18,36.09
2022-01-19,35.55
2022-01-20,35.44
2022-01-21,35.0
2022-01-22,35.0
2022-01-23,35.0
2022-01-24,35.23
2022-01-25,34.32
2022-01-26,34.5
2022-01-27,33.62
2022-01-28,33.24
2022-01-29,33.24
2022-01-30,33.24
2022-01-31,33.24
2022-02-01,33.24
2022-02-02,33.24
2022-02-03,33.24
2022-02-04,33.24
2022-02-05,33.24
2022-02-06,33.24
2022-02-07,33.72
2022-02-08,33.27
2022-02-09,33.62
2022-02-10,33.3
2022-02-11,33.56
2022-02-12,33.56
2022-02-13,33.56
2022-02-14,33.33
2022-02-15,33.12
2022-02-16,34.05
2022-02-17,34.19
2022-02-18,34.15
2022-02-19,34.15
2022-02-20,34.15
2022-02-21,34.14
2022-02-22,33.78
2022-02-23,33.48
2022-02-24,32.77
2022-02-25,33.23
2022-02-26,33.23
2022-02-27,33.23
2022-02-28,33.47
2022-03-01,33.54
2022-03-02,33.23
2022-03-03,32.76
2022-03-04,32.42
2022-03-05,32.42
2022-03-06,32.42
2022-03-07,31.3
2022-03-08,30.54
2022-03-09,30.19
2022-03-10,30.77
2022-03-11,30.82
2022-03-12,30.82
2022-03-13,30.82
2022-03-14,29.76
2022-03-15,28.48
2022-03-16,29.59
2022-03-17,30.12
2022-03-18,30.12
2022-03-19,30.12
2022-03-20,30.12
2022-03-21,30.82
2022-03-22,30.45
2022-03-23,30.74
2022-03-24,30.51
2022-03-25,30.47
2022-03-26,30.47
2022-03-27,30.47
2022-03-28,30.21
2022-03-29,30.13
2022-03-30,31.05
2022-03-31,30.52
2022-04-01,30.69
2022-04-02,30.69
2022-04-03,30.69
2022-04-04,30.69
2022-04-05,30.69
2022-04-06,30.44
2022-04-07,29.98
2022-04-08,29.99
2022-04-09,29.99
2022-04-10,29.99
2022-04-11,28.91
2022-04-12,29.62
2022-04-13,29.12
2022-04-14,29.43
2022-04-15,29.46
2022-04-16,29.46
2022-04-17,29.46
2022-04-18,29.55
2022-04-19,29.23
2022-04-20,29.6
2022-04-21,28.81
2022-04-22,28.7
2022-04-23,28.7
2022-04-24,28.7
2022-04-25,28.99
2022-04-26,29.28
2022-04-27,30.21
2022-04-28,29.86
2022-04-29,29.04
2022-04-30,29.04
2022-05-01,29.04
2022-05-02,29.04
2022-05-03,29.04
2022-05-04,29.04
2022-05-05,29.89
2022-05-06,29.23
2022-05-07,29.23
2022-05-08,29.23
2022-05-09,29.03
2022-05-10,29.45
2022-05-11,30.01
2022-05-12,30.12
2022-05-13,30.26
2022-05-14,30.26
2022-05-15,30.26
2022-05-16,30.0
2022-05-17,30.32
2022-05-18,30.29
2022-05-19,30.34
2022-05-20,30.95
2022-05-21,30.95
2022-05-22,30.95
2022-05-23,30.9
2022-05-24,29.98
2022-05-25,30.28
2022-05-26,30.41
2022-05-27,30.38
2022-05-28,30.38
2022-05-29,30.38
2022-05-30,30.78
2022-05-31,31.45
2022-06-01,31.39
2022-06-02,31.64
2022-06-03,31.64
2022-06-04,31.64
2022-06-05,31.64
2022-06-06,32.33
2022-06-07,32.34
2022-06-08,32.63
2022-06-09,31.98
2022-06-10,32.57
2022-06-11,32.57
2022-06-12,32.57
2022-06-13,33.34
2022-06-14,33.34
2022-06-15,33.56
2022-06-16,33.64
2022-06-17,34.24
2022-06-18,34.24
2022-06-19,34.24
2022-06-20,34.62
2022-06-21,34.4
2022-06-22,33.92
2022-06-23,34.69
2022-06-24,35.13
2022-06-25,35.13
2022-06-26,35.13
2022-06-27,35.52
2022-06-28,35.85
2022-06-29,35.24
2022-06-30,35.74
2022-07-01,35.53
2022-07-02,35.53
2022-07-03,35.53
2022-07-04,35.92
2022-07-05,35.67
2022-07-06,35.4
2022-07-07,35.67
2022-07-08,35.49
2022-07-09,35.49
2022-07-10,35.49
2022-07-11,34.83
2022-07-12,34.23
2022-07-13,34.33
2022-07-14,34.7
2022-07-15,34.36
2022-07-16,34.36
2022-07-17,34.36
2022-07-18,34.71
2022-07-19,34.52
2022-07-20,34.87
2022-07-21,34.65
2022-07-22,34.41
2022-07-23,34.41
2022-07-24,34.41
2022-07-25,34.05
2022-07-26,34.31
2022-07-27,34.23
2022-07-28,34.36
2022-07-29,33.85
2022-07-30,33.85
2022-07-31,33.85
2022-08-01,34.26
2022-08-02,33.63
2022-08-03,33.44
2022-08-04,33.65
2022-08-05,34.26
2022-08-06,34.26
2022-08-07,34.26
2022-08-08,34.22
2022-08-09,34.3
2022-08-10,33.81
2022-08-11,34.29
2022-08-12,34.02
2022-08-13,34.02
2022-08-14,34.02
2022-08-15,33.94
2022-08-16,33.79
2022-08-17,34.07
2022-08-18,34.06
2022-08-19,33.61
2022-08-20,33.61
2022-08-21,33.61
2022-08-22,33.21
2022-08-23,33.09
2022-08-24,33.04
2022-08-25,33.03
2022-08-26,32.83
2022-08-27,32.83
2022-08-28,32.83
2022-08-29,32.56
2022-08-30,32.02
2022-08-31,32.57
2022-09-01,32.35
2022-09-02,32.25
2022-09-03,32.25
2022-09-04,32.25
2022-09-05,32.12
2022-09-06,32.44
2022-09-07,32.59
2022-09-08,32.4
2022-09-09,32.73
2022-09-10,32.73
2022-09-11,32.73
2022-09-12,32.73
2022-09-13,32.88
2022-09-14,32.61
2022-09-15,31.95
2022-09-16,31.31
2022-09-17,31.31
2022-09-18,31.31
2022-09-19,31.02
2022-09-20,31.18
2022-09-21,30.92
2022-09-22,30.72
2022-09-23,30.43
2022-09-24,30.43
2022-09-25,30.43
2022-09-26,30.34
2022-09-27,30.89
2022-09-28,30.26
2022-09-29,30.33
2022-09-30,29.97
2022-10-01,29.97
2022-10-02,29.97
2022-10-03,29.97
2022-10-04,29.97
2022-10-05,29.97
2022-10-06,29.97
2022-10-07,29.97
2022-10-08,29.97
2022-10-09,29.97
2022-10-10,29.17
2022-10-11,29.03
2022-10-12,29.75
2022-10-13,29.84
2022-10-14,30.67
2022-10-15,30.67
2022-10-16,30.67
2022-10-17,30.83
2022-10-18,30.75
2022-10-19,30.33
2022-10-20,30.37
2022-10-21,30.03
2022-10-22,30.03
2022-10-23,30.03
2022-10-24,29.45
2022-10-25,28.6
2022-10-26,29.21
2022-10-27,29.17
2022-10-28,29.39
2022-10-29,29.39
2022-10-30,29.39
2022-10-31,28.3
2022-11-01,28.14
2022-11-02,28.62
2022-11-03,28.56
2022-11-04,29.37
2022-11-05,29.37
2022-11-06,29.37
2022-11-07,29.31
2022-11-08,29.07
2022-11-09,28.84
2022-11-10,28.47
2022-11-11,29.08
2022-11-12,29.08
2022-11-13,29.08
2022-11-14,29.08
2022-11-15,29.75
2022-11-16,29.59
2022-11-17,29.6
2022-11-18,29.47
2022-11-19,29.47
2022-11-20,29.47
2022-11-21,29.19
2022-11-22,28.94
2022-11-23,28.85
2022-11-24,28.76
2022-11-25,28.7
2022-11-26,28.7
2022-11-27,28.7
2022-11-28,28.51
2022-11-29,29.14
2022-11-30,29.13
2022-12-01,29.49
2022-12-02,29.31
2022-12-03,29.31
2022-12-04,29.31
2022-12-05,29.72
2022-12-06,29.89
2022-12-07,29.83
2022-12-08,29.77
2022-12-09,29.93
2022-12-10,29.93
2022-12-11,29.93
2022-12-12,28.16
2022-12-13,27.98
2022-12-14,28.99
2022-12-15,28.05
2022-12-16,27.92
2022-12-17,27.92
2022-12-18,27.92
2022-12-19,29.35
2022-12-20,28.98
2022-12-21,28.85
2022-12-22,28.85
2022-12-23,28.76
2022-12-24,28.76
2022-12-25,28.76
2022-12-26,29.15
2022-12-27,29.53
2022-12-28,29.33
2022-12-29,29.33
2022-12-30,29.36
2022-12-31,29.36
2023-01-01,29.36
2023-01-02,29.36
2023-01-03,29.6
2023-01-04,29.49
2023-01-05,30.03
2023-01-06,30.15
2023-01-07,30.15
2023-01-08,30.15
2023-01-09,30.3
2023-01-10,30.45
2023-01-11,30.2
2023-01-12,30.19
2023-01-13,29.62
2023-01-14,29.62
2023-01-15,29.62
2023-01-16,31.13
2023-01-17,31.24
2023-01-18,30.24
2023-01-19,29.57
2023-01-20,29.68
2023-01-21,29.68
2023-01-22,29.68
2023-01-23,29.68
2023-01-24,29.68
2023-01-25,29.68
2023-01-26,29.68
2023-01-27,29.68
2023-01-28,29.68
2023-01-29,29.68
2023-01-30,29.84
2023-01-31,29.48
2023-02-01,29.85
2023-02-02,29.87
2023-02-03,29.72
2023-02-04,29.72
2023-02-05,29.72
2023-02-06,29.4
2023-02-07,29.38
2023-02-08,29.24
2023-02-09,29.76
2023-02-10,29.55
2023-02-11,29.55
2023-02-12,29.55
2023-02-13,29.84
2023-02-14,29.85
2023-02-15,29.78
2023-02-16,30.36
2023-02-17,29.87
2023-02-18,29.87
2023-02-19,29.87
2023-02-20,30.49
2023-02-21,30.45
2023-02-22,30.3
2023-02-23,30.22
2023-02-24,29.97
2023-02-25,29.97
2023-02-26,29.97
2023-02-27,29.84
2023-02-28,30.55
2023-03-01,30.83
2023-03-02,30.75
2023-03-03,30.88
2023-03-04,30.88
2023-03-05,30.88
2023-03-06,30.89
2023-03-07,30.32
2023-03-08,30.34
2023-03-09,30.24
2023-03-10,29.89
2023-03-11,29.89
2023-03-12,29.89
2023-03-13,30.16
2023-03-14,30.01
2023-03-15,29.94
2023-03-16,29.53
2023-03-17,29.72
2023-03-18,29.72
2023-03-19,29.72
2023-03-20,29.6
2023-03-21,30.02
2023-03-22,30.12
2023-03-23,30.55
2023-03-24,30.42
2023-03-25,30.42
2023-03-26,30.42
2023-03-27,30.36
2023-03-28,30.15
2023-03-29,30.25
2023-03-30,30.43
2023-03-31,31.55
2023-04-01,31.55
2023-04-02,31.55
2023-04-03,32.27
2023-04-04,32.28
2023-04-05,32.28
2023-04-06,31.31
2023-04-07,31.6
2023-04-08,31.6
2023-04-09,31.6
2023-04-10,32.42
2023-04-11,32.42
2023-04-12,31.51
2023-04-13,32.07
2023-04-14,33.27
2023-04-15,33.27
2023-04-16,33.27
2023-04-17,33.06
2023-04-18,33.89
2023-04-19,33.23
2023-04-20,33.37
2023-04-21,32.3
2023-04-22,32.3
2023-04-23,32.3
2023-04-24,31.7
2023-04-25,31.04
2023-04-26,30.62
2023-04-27,30.73
2023-04-28,29.38
2023-04-29,29.38
2023-04-30,29.38
2023-05-01,29.38
2023-05-02,29.38
2023-05-03,29.38
2023-05-04,29.57
2023-05-05,29.34
2023-05-06,29.34
2023-05-07,29.34
2023-05-08,29.58
2023-05-09,29.31
2023-05-10,29.18
2023-05-11,29.16
2023-05-12,28.72
2023-05-13,28.72
2023-05-14,28.72
2023-05-15,29.17
2023-05-16,29.02
2023-05-17,28.97
2023-05-18,28.98
2023-05-19,29.01
2023-05-20,29.01
2023-05-21,29.01
2023-05-22,29.12
2023-05-23,28.74
2023-05-24,28.46
2023-05-25,28.47
2023-05-26,28.53
2023-05-27,28.53
2023-05-28,28.53
2023-05-29,28.34
2023-05-30,28.38
2023-05-31,28.29
2023-06-01,28.36
2023-06-02,28.7
2023-06-03,28.7
2023-06-04,28.7
2023-06-05,28.54
2023-06-06,28.04
2023-06-07,27.84
2023-06-08,27.82
2023-06-09,28.08
2023-06-10,28.08
2023-06-11,28.08
2023-06-12,28.22
2023-06-13,28.45
2023-06-14,28.5
2023-06-15,28.88
2023-06-16,29.25
2023-06-17,29.25
2023-06-18,29.25
2023-06-19,29.21
2023-06-20,29.22
2023-06-21,28.58
2023-06-22,28.58
2023-06-23,28.58
2023-06-24,28.58
2023-06-25,28.58
2023-06-26,28.2
2023-06-27,28.47
2023-06-28,28.34
2023-06-29,28.28
2023-06-30,28.51
2023-07-01,28.51
2023-07-02,28.51
2023-07-03,28.8
2023-07-04,29.0
2023-07-05,28.74
2023-07-06,28.55
2023-07-07,28.33
2023-07-08,28.33
2023-07-09,28.33
2023-07-10,28.51
2023-07-11,28.73
2023-07-12,28.41
2023-07-13,28.82
2023-07-14,28.77
2023-07-15,28.77
2023-07-16,28.77
2023-07-17,28.62
2023-07-18,28.57
2023-07-19,29.46
2023-07-20,29.09
2023-07-21,29.06
2023-07-22,29.06
2023-07-23,29.06
2023-07-24,28.96
2023-07-25,28.71
2023-07-26,29.74
2023-07-27,29.64
2023-07-28,30.16
2023-07-29,30.16
2023-07-30,30.16
2023-07-31,29.13
2023-08-01,29.1
2023-08-02,28.96
2023-08-03,29.16
2023-08-04,29.32
2023-08-05,29.32
2023-08-06,29.32
2023-08-07,29.08
2023-08-08,28.98
2023-08-09,28.83
2023-08-10,28.9
2023-08-11,28.22
2023-08-12,28.22
2023-08-13,28.22
2023-08-14,28.25
2023-08-15,28.99
2023-08-16,28.67
2023-08-17,28.81
2023-08-18,27.45
2023-08-19,27.45
2023-08-20,27.45
2023-08-21,27.22
2023-08-22,27.44
2023-08-23,26.83
2023-08-24,27.25
2023-08-25,26.79
2023-08-26,26.79
2023-08-27,26.79
2023-08-28,27.65
2023-08-29,28.18
2023-08-30,27.96
2023-08-31,28.4
2023-09-01,28.47
2023-09-02,28.47
2023-09-03,28.47
2023-09-04,28.85
2023-09-05,28.69
2023-09-06,28.66
2023-09-07,28.14
2023-09-08,28.12
2023-09-09,28.12
2023-09-10,28.12
2023-09-11,28.37
2023-09-12,28.31
2023-09-13,28.0
2023-09-14,27.87
2023-09-15,27.8
2023-09-16,27.8
2023-09-17,27.8
2023-09-18,27.9
2023-09-19,27.76
2023-09-20,27.57
2023-09-21,27.36
2023-09-22,27.8
2023-09-23,27.8
2023-09-24,27.8
2023-09-25,27.63
2023-09-26,27.53
2023-09-27,27.6
2023-09-28,27.62
2023-09-29,27.62
2023-09-30,27.62
2023-10-01,27.62
2023-10-02,27.62
2023-10-03,27.62
2023-10-04,27.62
2023-10-05,27.62
2023-10-06,27.62
2023-10-07,27.62
2023-10-08,27.62
2023-10-09,27.68
2023-10-10,27.48
2023-10-11,27.59
2023-10-12,27.79
2023-10-13,27.49
2023-10-14,27.49
2023-10-15,27.49
2023-10-16,27.16
2023-10-17,27.25
2023-10-18,26.81
2023-10-19,26.4
2023-10-20,26.13
2023-10-21,26.13
2023-10-22,26.13
2023-10-23,25.78
2023-10-24,26.04
2023-10-25,26.15
2023-10-26,26.56
2023-10-27,27.24
2023-10-28,27.24
2023-10-29,27.24
2023-10-30,27.69
2023-10-31,27.52
2023-11-01,27.37
2023-11-02,27.14
2023-11-03,27.5
2023-11-04,27.5
2023-11-05,27.5
2023-11-06,28.04
2023-11-07,28.01
2023-11-08,27.97
2023-11-09,27.92
2023-11-10,27.85
2023-11-11,27.85
2023-11-12,27.85
2023-11-13,27.89
2023-11-14,27.96
2023-11-15,28.14
2023-11-16,27.8
2023-11-17,27.84
2023-11-18,27.84
2023-11-19,27.84
2023-11-20,27.88
2023-11-21,27.8
2023-11-22,27.44
2023-11-23,27.62
2023-11-24,27.33
2023-11-25,27.33
2023-11-26,27.33
2023-11-27,27.2
2023-11-28,27.32
2023-11-29,27.14
2023-11-30,27.17
2023-12-01,27.17
2023-12-02,27.17
2023-12-03,27.17
2023-12-04,26.99
2023-12-05,26.41
2023-12-06,26.45
2023-12-07,26.34
2023-12-08,26.48
2023-12-09,26.48
2023-12-10,26.48
2023-12-11,27.88
2023-12-12,27.85
2023-12-13,27.45
2023-12-14,27.3
2023-12-15,27.16
2023-12-16,27.16
2023-12-17,27.16
2023-12-18,26.93
2023-12-19,26.98
2023-12-20,26.59
2023-12-21,26.85
2023-12-22,26.81
2023-12-23,26.81
2023-12-24,26.81
2023-12-25,26.89
2023-12-26,26.62
2023-12-27,26.74
2023-12-28,27.41
2023-12-29,27.57
2023-12-30,27.57
2023-12-31,27.57
2024-01-01,27.57
2024-01-02,27.42
2024-01-03,26.99
2024-01-04,26.64
2024-01-05,26.33
2024-01-06,26.33
2024-01-07,26.33
2024-01-08,25.84
2024-01-09,25.86
2024-01-10,25.74
2024-01-11,25.98
2024-01-12,25.76
2024-01-13,25.76
2024-01-14,25.76
2024-01-15,25.67
2024-01-16,25.74
2024-01-17,25.13
2024-01-18,25.45
2024-01-19,25.31
2024-01-20,25.31
2024-01-21,25.31
2024-01-22,24.65
2024-01-23,24.86
2024-01-24,25.12
2024-01-25,25.64
2024-01-26,25.35
2024-01-27,25.35
2024-01-28,25.35
2024-01-29,24.94
2024-01-30,24.37
2024-01-31,23.91
2024-02-01,24.01
2024-02-02,23.53
2024-02-03,23.53
2024-02-04,23.53
2024-02-05,23.44
2024-02-06,24.61
2024-02-07,25.0
2024-02-08,25.39
2024-02-09,25.39
2024-02-10,25.39
2024-02-11,25.39
2024-02-12,25.39
2024-02-13,25.39
2024-02-14,25.39
2024-02-15,25.39
2024-02-16,25.39
2024-02-17,25.39
2024-02-18,25.39
2024-02-19,25.75
2024-02-20,25.81
2024-02-21,26.04
2024-02-22,26.32
2024-02-23,26.27
2024-02-24,26.27
2024-02-25,26.27
2024-02-26,26.57
2024-02-27,27.23
2024-02-28,26.54
2024-02-29,27.29
2024-03-01,27.59
2024-03-02,27.59
2024-03-03,27.59
2024-03-04,27.86
2024-03-05,27.88
2024-03-06,27.77
2024-03-07,27.38
2024-03-08,27.62
2024-03-09,27.62
2024-03-10,27.62
2024-03-11,27.99
2024-03-12,28.1
2024-03-13,27.91
2024-03-14,27.73
2024-03-15,27.84
2024-03-16,27.84
2024-03-17,27.84
2024-03-18,28.22
2024-03-19,28.0
2024-03-20,28.09
2024-03-21,27.99
2024-03-22,27.56
2024-03-23,27.56
2024-03-24,27.56
2024-03-25,27.2
2024-03-26,27.71
2024-03-27,27.79
2024-03-28,27.2
2024-03-29,27.72
2024-03-30,27.72
2024-03-31,27.72
2024-04-01,28.25
2024-04-02,28.4
2024-04-03,29.14
2024-04-04,29.14
2024-04-05,29.14
2024-04-06,29.14
2024-04-07,29.14
2024-04-08,28.72
2024-04-09,28.95
2024-04-10,28.55
2024-04-11,28.57
2024-04-12,28.51
2024-04-13,28.51
2024-04-14,28.51
2024-04-15,28.87
2024-04-16,28.14
2024-04-17,28.82
2024-04-18,28.71
2024-04-19,28.39
2024-04-20,28.39
2024-04-21,28.39
2024-04-22,28.56
2024-04-23,29.09
2024-04-24,29.33
2024-04-25,29.01
2024-04-26,30.64
2024-04-27,30.64
2024-04-28,30.64
2024-04-29,30.91
2024-04-30,31.62
2024-05-01,31.62
2024-05-02,31.62
2024-05-03,31.62
2024-05-04,31.62
2024-05-05,31.62
2024-05-06,32.14
2024-05-07,32.22
2024-05-08,31.78
2024-05-09,32.22
2024-05-10,32.16
2024-05-11,32.16
2024-05-12,32.16
2024-05-13,32.16
2024-05-14,32.16
2024-05-15,31.69
2024-05-16,31.63
2024-05-17,31.92
2024-05-18,31.92
2024-05-19,31.92
2024-05-20,32.05
2024-05-21,31.78
2024-05-22,31.99
2024-05-23,31.44
2024-05-24,30.96
2024-05-25,30.96
2024-05-26,30.96
2024-05-27,31.26
2024-05-28,30.99
2024-05-29,31.04
2024-05-30,31.12
2024-05-31,31.03
2024-06-01,31.03
2024-06-02,31.03
2024-06-03,31.03
2024-06-04,31.21
2024-06-05,31.11
2024-06-06,30.81
2024-06-07,30.66
2024-06-08,30.66
2024-06-09,30.66
2024-06-10,30.66
2024-06-11,30.83
2024-06-12,30.84
2024-06-13,30.79
2024-06-14,30.88
2024-06-15,30.88
2024-06-16,30.88
2024-06-17,29.81
2024-06-18,29.93
2024-06-19,29.64
2024-06-20,29.31
2024-06-21,29.36
2024-06-22,29.36
2024-06-23,29.36
2024-06-24,28.86
2024-06-25,28.47
2024-06-26,29.0
2024-06-27,28.59
2024-06-28,28.65
2024-06-29,28.65
2024-06-30,28.65
2024-07-01,28.73
2024-07-02,28.43
2024-07-03,28.34
2024-07-04,27.99
2024-07-05,28.12
2024-07-06,28.12
2024-07-07,28.12
2024-07-08,27.71
2024-07-09,28.23
2024-07-10,28.24
2024-07-11,27.82
2024-07-12,27.76
2024-07-13,27.76
2024-07-14,27.76
2024-07-15,27.7
2024-07-16,28.06
2024-07-17,28.98
2024-07-18,29.08
2024-07-19,29.42
2024-07-20,29.42
2024-07-21,29.42
2024-07-22,29.32
2024-07-23,28.42
2024-07-24,28.14
2024-07-25,28.1
2024-07-26,28.37
2024-07-27,28.37
2024-07-28,28.37
2024-07-29,29.0
2024-07-30,29.0
2024-07-31,28.96
2024-08-01,29.7
2024-08-02,29.36
2024-08-03,29.36
2024-08-04,29.36
2024-08-05,28.77
2024-08-06,29.01
2024-08-07,28.91
2024-08-08,28.81
2024-08-09,28.77
2024-08-10,28.77
2024-08-11,28.77
2024-08-12,28.66
2024-08-13,28.77
2024-08-14,28.43
2024-08-15,28.54
2024-08-16,28.37
2024-08-17,28.37
2024-08-18,28.37
2024-08-19,28.36
2024-08-20,27.81
2024-08-21,27.3
2024-08-22,26.42
2024-08-23,26.41
2024-08-24,26.41
2024-08-25,26.41
2024-08-26,26.15
2024-08-27,26.07
2024-08-28,25.73
2024-08-29,25.97
2024-08-30,25.72
2024-08-31,25.72
2024-09-01,25.72
2024-09-02,24.87
2024-09-03,25.09
2024-09-04,24.92
2024-09-05,25.06
2024-09-06,24.75
2024-09-07,24.75
2024-09-08,24.75
2024-09-09,24.53
2024-09-10,24.64
2024-09-11,25.65
2024-09-12,25.47
2024-09-13,24.29
2024-09-14,24.29
2024-09-15,24.29
2024-09-16,24.29
2024-09-17,24.29
2024-09-18,25.25
2024-09-19,24.59
2024-09-20,24.55
2024-09-21,24.55
2024-09-22,24.55
2024-09-23,24.53
2024-09-24,25.51
2024-09-25,25.82
2024-09-26,25.93
2024-09-27,27.6
2024-09-28,27.6
2024-09-29,27.6
2024-09-30,29.68
2024-10-01,29.68
2024-10-02,29.68
2024-10-03,29.68
2024-10-04,29.68
2024-10-05,29.68
2024-10-06,29.68
2024-10-07,29.68
2024-10-08,32.52
2024-10-09,30.29
2024-10-10,29.86
2024-10-11,28.7
2024-10-12,28.7
2024-10-13,28.7
2024-10-14,29.26
2024-10-15,28.44
2024-10-16,27.9
2024-10-17,27.77
2024-10-18,29.19
2024-10-19,29.19
2024-10-20,29.19
2024-10-21,29.46
2024-10-22,29.49
2024-10-23,29.5
2024-10-24,29.14
2024-10-25,29.6
2024-10-26,29.6
2024-10-27,29.6
2024-10-28,29.57
2024-10-29,29.22
2024-10-30,29.49
2024-10-31,30.39
2024-11-01,29.93
2024-11-02,29.93
2024-11-03,29.93
2024-11-04,30.49
2024-11-05,31.64
2024-11-06,31.75
2024-11-07,32.77
2024-11-08,32.58
2024-11-09,32.58
2024-11-10,32.58
2024-11-11,33.4
2024-11-12,32.06
2024-11-13,32.31
2024-11-14,32.28
2024-11-15,31.45
2024-11-16,31.45
2024-11-17,31.45
2024-11-18,30.83
2024-11-19,31.38
2024-11-20,31.55
2024-11-21,31.57
2024-11-22,30.41
2024-11-23,30.41
2024-11-24,30.41
2024-11-25,30.26
2024-11-26,30.04
2024-11-27,30.82
2024-11-28,30.56
2024-11-29,31.07
2024-11-30,31.07
2024-12-01,31.07
2024-12-02,31.4
2024-12-03,31.17
2024-12-04,30.93
2024-12-05,30.98
2024-12-06,31.39
2024-12-07,31.39
2024-12-08,31.39
2024-12-09,31.2
2024-12-10,31.36
2024-12-11,31.39
2024-12-12,31.64
2024-12-13,30.97
2024-12-14,30.97
2024-12-15,30.97
2024-12-16,28.94
2024-12-17,28.84
2024-12-18,28.99
2024-12-19,29.16
2024-12-20,29.26
2024-12-21,29.26
2024-12-22,29.26
2024-12-23,29.01
2024-12-24,29.35
2024-12-25,29.32
2024-12-26,29.52
2024-12-27,29.44
2024-12-28,29.44
2024-12-29,29.44
2024-12-30,29.41
2024-12-31,28.69
2025-01-01,28.69
2025-01-02,27.7
2025-01-03,27.21
2025-01-04,27.21
2025-01-05,27.21
2025-01-06,27.13
2025-01-07,27.53
2025-01-08,27.43
2025-01-09,27.47
2025-01-10,27.06
2025-01-11,27.06
2025-01-12,27.06
2025-01-13,27.06
2025-01-14,28.06
2025-01-15,27.83
2025-01-16,27.82
2025-01-17,28.12
2025-01-18,28.12
2025-01-19,28.12
2025-01-20,28.17
2025-01-21,28.21
2025-01-22,28.08
2025-01-23,28.01
2025-01-24,28.26
2025-01-25,28.26
2025-01-26,28.26
2025-01-27,27.9
2025-01-28,27.9
2025-01-29,27.9
2025-01-30,27.9
2025-01-31,27.9
2025-02-01,27.9
2025-02-02,27.9
2025-02-03,27.9
2025-02-04,27.9
2025-02-05,28.19
2025-02-06,28.75
2025-02-07,29.05
2025-02-08,29.05
2025-02-09,29.05
2025-02-10,29.15
2025-02-11,28.92
2025-02-12,29.33
2025-02-13,28.98
2025-02-14,29.2
2025-02-15,29.2
2025-02-16,29.2
2025-02-17,29.34
2025-02-18,28.81
2025-02-19,29.2
2025-02-20,29.23
2025-02-21,29.71
2025-02-22,29.71
2025-02-23,29.71
2025-02-24,29.86
2025-02-25,29.33
2025-02-26,29.64
2025-02-27,29.48
2025-02-28,29.61
2025-03-01,29.61
2025-03-02,29.61
2025-03-03,29.61
2025-03-04,29.71
2025-03-05,29.82
2025-03-06,30.35
2025-03-07,29.18
2025-03-08,29.18
2025-03-09,29.18
2025-03-10,29.08
2025-03-11,29.11
2025-03-12,29.0
2025-03-13,28.7
2025-03-14,29.34
2025-03-15,29.34
2025-03-16,29.34
2025-03-17,29.2
2025-03-18,29.27
2025-03-19,29.1
2025-03-20,28.83
2025-03-21,28.35
2025-03-22,28.35
2025-03-23,28.35
2025-03-24,29.22
2025-03-25,28.05
2025-03-26,28.91
2025-03-27,28.02
2025-03-28,28.04
2025-03-29,28.04
2025-03-30,28.04
2025-03-31,28.12
2025-04-01,29.0
2025-04-02,28.96
2025-04-03,29.09
2025-04-04,29.09
2025-04-05,29.09
2025-04-06,29.09
2025-04-07,26.81
2025-04-08,27.29
2025-04-09,27.93
2025-04-10,28.32
2025-04-11,28.6
2025-04-12,28.6
2025-04-13,28.6
2025-04-14,28.62
2025-04-15,28.35
2025-04-16,28.34
2025-04-17,28.34
2025-04-18,28.21
2025-04-19,28.21
2025-04-20,28.21
2025-04-21,28.27
2025-04-22,29.23
2025-04-23,29.12
2025-04-24,28.88
2025-04-25,29.03
2025-04-26,29.03
2025-04-27,29.03
2025-04-28,28.53
2025-04-29,28.07
2025-04-30,28.12
2025-05-01,28.12
2025-05-02,28.12
2025-05-03,28.12
2025-05-04,28.12
2025-05-05,28.12
2025-05-06,28.6
2025-05-07,28.7
2025-05-08,28.78
2025-05-09,28.35
2025-05-10,28.35
2025-05-11,28.35
2025-05-12,28.77
2025-05-13,28.66
2025-05-14,28.84
2025-05-15,28.45
2025-05-16,28.38
2025-05-17,28.38
2025-05-18,28.38
2025-05-19,28.33
2025-05-20,28.5
2025-05-21,28.52
2025-05-22,28.37
2025-05-23,28.13
2025-05-24,28.13
2025-05-25,28.13
2025-05-26,28.12
2025-05-27,27.96
2025-05-28,27.88
2025-05-29,28.25
2025-05-30,28.07
2025-05-31,28.07
2025-06-01,28.07
2025-06-02,28.07
2025-06-03,28.17
2025-06-04,28.36
2025-06-05,28.48
2025-06-06,28.42
2025-06-07,28.42
2025-06-08,28.42
2025-06-09,28.65
2025-06-10,28.38
2025-06-11,28.58
2025-06-12,28.56
2025-06-13,28.37
2025-06-14,28.37
2025-06-15,28.37
2025-06-16,28.96
2025-06-17,28.93
2025-06-18,28.94
2025-06-19,28.64
2025-06-20,28.48
2025-06-21,28.48
2025-06-22,28.48
2025-06-23,28.63
2025-06-24,29.04
2025-06-25,29.56
2025-06-26,29.41
2025-06-27,29.41
2025-06-28,29.41
2025-06-29,29.41
2025-06-30,29.72
2025-07-01,29.68
2025-07-02,29.55
2025-07-03,29.77
2025-07-04,29.7
2025-07-05,29.7
2025-07-06,29.7
2025-07-07,29.57
2025-07-08,29.98
2025-07-09,29.86
2025-07-10,29.97
2025-07-11,30.14
2025-07-12,30.14
2025-07-13,30.14
2025-07-14,30.05
2025-07-15,30.17
2025-07-16,30.11
2025-07-17,30.54
2025-07-18,30.65
2025-07-19,30.65
2025-07-20,30.65
2025-07-21,30.91
2025-07-22,31.1
2025-07-23,31.02
2025-07-24,31.63
2025-07-25,31.62
2025-07-26,31.62
2025-07-27,31.62
2025-07-28,31.65
2025-07-29,31.94
2025-07-30,31.79
2025-07-31,31.19
2025-08-01,31.02
2025-08-02,31.02
2025-08-03,31.02
2025-08-04,31.17
2025-08-05,31.34
2025-08-06,31.44
2025-08-07,31.41
2025-08-08,31.2
2025-08-09,31.2
2025-08-10,31.2
2025-08-11,31.45
2025-08-12,31.53
2025-08-13,31.55
2025-08-14,31.32
2025-08-15,31.79
2025-08-16,31.79
2025-08-17,31.79
2025-08-18,32.26
2025-08-19,31.57
2025-08-20,32.99
2025-08-21,32.02
2025-08-22,32.07
2025-08-23,32.07
2025-08-24,32.07
2025-08-25,33.4
2025-08-26,33.28
2025-08-27,32.65
2025-08-28,32.52
2025-08-29,34.57
2025-08-30,34.57
2025-08-31,34.57
2025-09-01,34.69
2025-09-02,34.06
2025-09-03,34.48
2025-09-04,33.49
2025-09-05,34.31
2025-09-06,34.31
2025-09-07,34.31
2025-09-08,34.61
2025-09-09,34.14
2025-09-10,34.2
2025-09-11,35.11
2025-09-12,35.06
2025-09-13,35.06
2025-09-14,35.06
2025-09-15,35.26
2025-09-16,35.38
2025-09-17,35.57
2025-09-18,35.38
2025-09-19,35.4
2025-09-20,35.4
2025-09-21,35.4
2025-09-22,35.7
2025-09-23,35.46
2025-09-24,35.96
2025-09-25,36.12
2025-09-26,35.87
2025-09-27,35.87
2025-09-28,35.87
2025-09-29,35.4
2025-09-30,35.8
2025-10-01,35.8
2025-10-02,35.8
2025-10-03,35.8
2025-10-04,35.8
2025-10-05,35.8
2025-10-06,35.8
2025-10-07,35.8
2025-10-08,35.8
2025-10-09,36.46
2025-10-10,35.52
2025-10-11,35.52
2025-10-12,35.52
2025-10-13,35.43
2025-10-14,34.62
2025-10-15,35.07
2025-10-16,34.95
2025-10-17,34.02
2025-10-18,34.02
2025-10-19,34.02
2025-10-20,36.16
2025-10-21,35.63
2025-10-22,35.34
2025-10-23,35.3
2025-10-24,35.76
2025-10-25,35.76
2025-10-26,35.76
2025-10-27,36.27
2025-10-28,36.73
2025-10-29,36.23
2025-10-30,34.72
2025-10-31,31.66
2025-11-01,31.66
2025-11-02,31.66
2025-11-03,31.74
2025-11-04,31.4
2025-11-05,31.41
2025-11-06,31.86
2025-11-07,31.77
2025-11-08,31.77
2025-11-09,31.77
2025-11-10,31.88
2025-11-11,32.52
2025-11-12,31.25
2025-11-13,31.62
2025-11-14,32.0
2025-11-15,32.0
2025-11-16,32.0
2025-11-17,31.87
2025-11-18,31.62
2025-11-19,31.53
2025-11-20,31.31
2025-11-21,30.39
2025-11-22,30.39
2025-11-23,30.39
2025-11-24,30.45
2025-11-25,30.68
2025-11-26,30.83
2025-11-27,30.81
2025-11-28,30.99
2025-11-29,30.99
2025-11-30,30.99
2025-12-01,30.37
2025-12-02,31.11
2025-12-03,30.96
2025-12-04,30.04
2025-12-05,30.25
2025-12-06,30.25
2025-12-07,30.25
2025-12-08,30.54
2025-12-09,30.34
2025-12-10,30.43
2025-12-11,30.01
2025-12-12,30.21
2025-12-13,30.21
2025-12-14,30.21
2025-12-15,32.36
2025-12-16,31.9
2025-12-17,32.62
2025-12-18,32.26
2025-12-19,32.47
2025-12-20,32.47
2025-12-21,32.47
2025-12-22,32.98
2025-12-23,32.03
2025-12-24,33.31
2025-12-25,33.39
2025-12-26,33.47
2025-12-27,33.47
2025-12-28,33.47
2025-12-29,32.41
2025-12-30,32.5
2025-12-31,32.38
2026-01-01,32.38
2026-01-02,32.38
2026-01-03,32.38
2026-01-04,32.38
2026-01-05,33.04
2026-01-06,33.65
2026-01-07,33.59
2026-01-08,33.54
2026-01-09,33.85
2026-01-10,33.85
2026-01-11,33.85
2026-01-12,34.45
2026-01-13,33.94
2026-01-14,34.0
2026-01-15,34.03
2026-01-16,34.06
2026-01-17,34.06
2026-01-18,34.06
2026-01-19,34.18
2026-01-20,34.08
2026-01-21,34.39
2026-01-22,34.52
2026-01-23,35.59
2026-01-24,35.59
2026-01-25,35.59
2026-01-26,35.31
2026-01-27,35.3
2026-01-28,35.4
2026-01-29,35.36
2026-01-30,35.0
2026-01-31,35.0
2026-02-01,35.0
2026-02-02,33.33
2026-02-03,33.92
2026-02-04,33.96
2026-02-05,33.59
2026-02-06,33.47
2026-02-07,33.47
2026-02-08,33.47
2026-02-09,34.15
2026-02-10,34.32
2026-02-11,34.18
2026-02-12,34.43
2026-02-13,34.06
2026-02-14,34.06
2026-02-15,34.06
2026-02-16,34.06
2026-02-17,34.06
2026-02-18,34.06
2026-02-19,34.06
2026-02-20,34.06
2026-02-21,34.06
2026-02-22,34.06
2026-02-23,34.06
2026-02-24,34.38
2026-02-25,34.67
2026-02-26,34.92
2026-02-27,35.0
2026-02-28,35.0
2026-03-01,35.0
2026-03-02,34.8
2026-03-03,33.73
2026-03-04,34.38
2026-03-05,34.68
2026-03-06,33.84
2026-03-07,33.84
2026-03-08,33.84
2026-03-09,34.39
2026-03-10,34.47
2026-03-11,34.48
2026-03-12,34.3
2026-03-13,33.9
2026-03-14,33.9
2026-03-15,33.9
2026-03-16,33.88
2026-03-17,33.6
2026-03-18,33.8
2026-03-19,33.04
2026-03-20,32.66
2026-03-21,32.66
2026-03-22,32.66
2026-03-23,31.49
2026-03-24,31.93
2026-03-25,32.45
2026-03-26,31.86
2026-03-27,32.1
2026-03-28,32.1
2026-03-29,32.1
2026-03-30,32.57
2026-03-31,32.57
2026-04-01,33.34
2026-04-02,33.29
2026-04-03,33.03
2026-04-04,33.03
2026-04-05,33.03
2026-04-06,33.03
2026-04-07,34.14
2026-04-08,34.48
2026-04-09,34.23
2026-04-10,34.76
2026-04-11,34.76
2026-04-12,34.76
2026-04-13,34.71
2026-04-14,35.07
2026-04-15,34.73
2026-04-16,35.12
2026-04-17,35.1
2026-04-18,35.1
2026-04-19,35.1
2026-04-20,35.0
2026-04-21,34.96
2026-04-22,35.67
2026-04-23,35.42
2026-04-24,35.21
2026-04-25,35.21
2026-04-26,35.21
2026-04-27,34.85
2026-04-28,33.05
2026-04-29,33.34
2026-04-30,33.35
2026-05-01,33.35
2026-05-02,33.35
2026-05-03,33.35
2026-05-04,33.35
2026-05-05,33.35
2026-05-06,33.16
2026-05-07,33.43
2026-05-08,33.29
