date,value
2000-01-01,96.53023062538956
2000-01-02,96.53023062538956
2000-01-03,96.53023062538956
2000-01-04,96.53023062538956
2000-01-05,96.53023062538956
2000-01-06,96.53023062538956
2000-01-07,96.53023062538956
2000-01-08,96.53023062538956
2000-01-09,96.53023062538956
2000-01-10,96.53023062538956
2000-01-11,96.53023062538956
2000-01-12,96.53023062538956
2000-01-13,96.53023062538956
2000-01-14,96.53023062538956
2000-01-15,96.53023062538956
2000-01-16,96.53023062538956
2000-01-17,96.53023062538956
2000-01-18,96.53023062538956
2000-01-19,96.53023062538956
2000-01-20,96.53023062538956
2000-01-21,96.53023062538956
2000-01-22,96.53023062538956
2000-01-23,96.53023062538956
2000-01-24,96.53023062538956
2000-01-25,96.53023062538956
2000-01-26,96.53023062538956
2000-01-27,96.53023062538956
2000-01-28,96.53023062538956
2000-01-29,96.53023062538956
2000-01-30,96.53023062538956
2000-01-31,96.53023062538956
2000-02-01,98.09889881570746
2000-02-02,98.09889881570746
2000-02-03,98.09889881570746
2000-02-04,98.09889881570746
2000-02-05,98.09889881570746
2000-02-06,98.09889881570746
2000-02-07,98.09889881570746
2000-02-08,98.09889881570746
2000-02-09,98.09889881570746
2000-02-10,98.09889881570746
2000-02-11,98.09889881570746
2000-02-12,98.09889881570746
2000-02-13,98.09889881570746
2000-02-14,98.09889881570746
2000-02-15,98.09889881570746
2000-02-16,98.09889881570746
2000-02-17,98.09889881570746
2000-02-18,98.09889881570746
2000-02-19,98.09889881570746
2000-02-20,98.09889881570746
2000-02-21,98.09889881570746
2000-02-22,98.09889881570746
2000-02-23,98.09889881570746
2000-02-24,98.09889881570746
2000-02-25,98.09889881570746
2000-02-26,98.09889881570746
2000-02-27,98.09889881570746
2000-02-28,98.09889881570746
2000-02-29,98.09889881570746
2000-03-01,98.72221067940993
2000-03-02,98.72221067940993
2000-03-03,98.72221067940993
2000-03-04,98.72221067940993
2000-03-05,98.72221067940993
2000-03-06,98.72221067940993
2000-03-07,98.72221067940993
2000-03-08,98.72221067940993
2000-03-09,98.72221067940993
2000-03-10,98.72221067940993
2000-03-11,98.72221067940993
2000-03-12,98.72221067940993
2000-03-13,98.72221067940993
2000-03-14,98.72221067940993
2000-03-15,98.72221067940993
2000-03-16,98.72221067940993
2000-03-17,98.72221067940993
2000-03-18,98.72221067940993
2000-03-19,98.72221067940993
2000-03-20,98.72221067940993
2000-03-21,98.72221067940993
2000-03-22,98.72221067940993
2000-03-23,98.72221067940993
2000-03-24,98.72221067940993
2000-03-25,98.72221067940993
2000-03-26,98.72221067940993
2000-03-27,98.72221067940993
2000-03-28,98.72221067940993
2000-03-29,98.72221067940993
2000-03-30,98.72221067940993
2000-03-31,98.72221067940993
2000-04-01,97.78724288385622
2000-04-02,97.78724288385622
2000-04-03,97.78724288385622
2000-04-04,97.78724288385622
2000-04-05,97.78724288385622
2000-04-06,97.78724288385622
2000-04-07,97.78724288385622
2000-04-08,97.78724288385622
2000-04-09,97.78724288385622
2000-04-10,97.78724288385622
2000-04-11,97.78724288385622
2000-04-12,97.78724288385622
2000-04-13,97.78724288385622
2000-04-14,97.78724288385622
2000-04-15,97.78724288385622
2000-04-16,97.78724288385622
2000-04-17,97.78724288385622
2000-04-18,97.78724288385622
2000-04-19,97.78724288385622
2000-04-20,97.78724288385622
2000-04-21,97.78724288385622
2000-04-22,97.78724288385622
2000-04-23,97.78724288385622
2000-04-24,97.78724288385622
2000-04-25,97.78724288385622
2000-04-26,97.78724288385622
2000-04-27,97.78724288385622
2000-04-28,97.78724288385622
2000-04-29,97.78724288385622
2000-04-30,97.78724288385622
2000-05-01,94.62912944109702
2000-05-02,94.62912944109702
2000-05-03,94.62912944109702
2000-05-04,94.62912944109702
2000-05-05,94.62912944109702
2000-05-06,94.62912944109702
2000-05-07,94.62912944109702
2000-05-08,94.62912944109702
2000-05-09,94.62912944109702
2000-05-10,94.62912944109702
2000-05-11,94.62912944109702
2000-05-12,94.62912944109702
2000-05-13,94.62912944109702
2000-05-14,94.62912944109702
2000-05-15,94.62912944109702
2000-05-16,94.62912944109702
2000-05-17,94.62912944109702
2000-05-18,94.62912944109702
2000-05-19,94.62912944109702
2000-05-20,94.62912944109702
2000-05-21,94.62912944109702
2000-05-22,94.62912944109702
2000-05-23,94.62912944109702
2000-05-24,94.62912944109702
2000-05-25,94.62912944109702
2000-05-26,94.62912944109702
2000-05-27,94.62912944109702
2000-05-28,94.62912944109702
2000-05-29,94.62912944109702
2000-05-30,94.62912944109702
2000-05-31,94.62912944109702
2000-06-01,96.21857469353834
2000-06-02,96.21857469353834
2000-06-03,96.21857469353834
2000-06-04,96.21857469353834
2000-06-05,96.21857469353834
2000-06-06,96.21857469353834
2000-06-07,96.21857469353834
2000-06-08,96.21857469353834
2000-06-09,96.21857469353834
2000-06-10,96.21857469353834
2000-06-11,96.21857469353834
2000-06-12,96.21857469353834
2000-06-13,96.21857469353834
2000-06-14,96.21857469353834
2000-06-15,96.21857469353834
2000-06-16,96.21857469353834
2000-06-17,96.21857469353834
2000-06-18,96.21857469353834
2000-06-19,96.21857469353834
2000-06-20,96.21857469353834
2000-06-21,96.21857469353834
2000-06-22,96.21857469353834
2000-06-23,96.21857469353834
2000-06-24,96.21857469353834
2000-06-25,96.21857469353834
2000-06-26,96.21857469353834
2000-06-27,96.21857469353834
2000-06-28,96.21857469353834
2000-06-29,96.21857469353834
2000-06-30,96.21857469353834
2000-07-01,96.8522750883025
2000-07-02,96.8522750883025
2000-07-03,96.8522750883025
2000-07-04,96.8522750883025
2000-07-05,96.8522750883025
2000-07-06,96.8522750883025
2000-07-07,96.8522750883025
2000-07-08,96.8522750883025
2000-07-09,96.8522750883025
2000-07-10,96.8522750883025
2000-07-11,96.8522750883025
2000-07-12,96.8522750883025
2000-07-13,96.8522750883025
2000-07-14,96.8522750883025
2000-07-15,96.8522750883025
2000-07-16,96.8522750883025
2000-07-17,96.8522750883025
2000-07-18,96.8522750883025
2000-07-19,96.8522750883025
2000-07-20,96.8522750883025
2000-07-21,96.8522750883025
2000-07-22,96.8522750883025
2000-07-23,96.8522750883025
2000-07-24,96.8522750883025
2000-07-25,96.8522750883025
2000-07-26,96.8522750883025
2000-07-27,96.8522750883025
2000-07-28,96.8522750883025
2000-07-29,96.8522750883025
2000-07-30,96.8522750883025
2000-07-31,96.8522750883025
2000-08-01,95.89653023062539
2000-08-02,95.89653023062539
2000-08-03,95.89653023062539
2000-08-04,95.89653023062539
2000-08-05,95.89653023062539
2000-08-06,95.89653023062539
2000-08-07,95.89653023062539
2000-08-08,95.89653023062539
2000-08-09,95.89653023062539
2000-08-10,95.89653023062539
2000-08-11,95.89653023062539
2000-08-12,95.89653023062539
2000-08-13,95.89653023062539
2000-08-14,95.89653023062539
2000-08-15,95.89653023062539
2000-08-16,95.89653023062539
2000-08-17,95.89653023062539
2000-08-18,95.89653023062539
2000-08-19,95.89653023062539
2000-08-20,95.89653023062539
2000-08-21,95.89653023062539
2000-08-22,95.89653023062539
2000-08-23,95.89653023062539
2000-08-24,95.89653023062539
2000-08-25,95.89653023062539
2000-08-26,95.89653023062539
2000-08-27,95.89653023062539
2000-08-28,95.89653023062539
2000-08-29,95.89653023062539
2000-08-30,95.89653023062539
2000-08-31,95.89653023062539
2000-09-01,93.05007271971743
2000-09-02,93.05007271971743
2000-09-03,93.05007271971743
2000-09-04,93.05007271971743
2000-09-05,93.05007271971743
2000-09-06,93.05007271971743
2000-09-07,93.05007271971743
2000-09-08,93.05007271971743
2000-09-09,93.05007271971743
2000-09-10,93.05007271971743
2000-09-11,93.05007271971743
2000-09-12,93.05007271971743
2000-09-13,93.05007271971743
2000-09-14,93.05007271971743
2000-09-15,93.05007271971743
2000-09-16,93.05007271971743
2000-09-17,93.05007271971743
2000-09-18,93.05007271971743
2000-09-19,93.05007271971743
2000-09-20,93.05007271971743
2000-09-21,93.05007271971743
2000-09-22,93.05007271971743
2000-09-23,93.05007271971743
2000-09-24,93.05007271971743
2000-09-25,93.05007271971743
2000-09-26,93.05007271971743
2000-09-27,93.05007271971743
2000-09-28,93.05007271971743
2000-09-29,93.05007271971743
2000-09-30,93.05007271971743
2000-10-01,91.46062746727613
2000-10-02,91.46062746727613
2000-10-03,91.46062746727613
2000-10-04,91.46062746727613
2000-10-05,91.46062746727613
2000-10-06,91.46062746727613
2000-10-07,91.46062746727613
2000-10-08,91.46062746727613
2000-10-09,91.46062746727613
2000-10-10,91.46062746727613
2000-10-11,91.46062746727613
2000-10-12,91.46062746727613
2000-10-13,91.46062746727613
2000-10-14,91.46062746727613
2000-10-15,91.46062746727613
2000-10-16,91.46062746727613
2000-10-17,91.46062746727613
2000-10-18,91.46062746727613
2000-10-19,91.46062746727613
2000-10-20,91.46062746727613
2000-10-21,91.46062746727613
2000-10-22,91.46062746727613
2000-10-23,91.46062746727613
2000-10-24,91.46062746727613
2000-10-25,91.46062746727613
2000-10-26,91.46062746727613
2000-10-27,91.46062746727613
2000-10-28,91.46062746727613
2000-10-29,91.46062746727613
2000-10-30,91.46062746727613
2000-10-31,91.46062746727613
2000-11-01,89.53874922086017
2000-11-02,89.53874922086017
2000-11-03,89.53874922086017
2000-11-04,89.53874922086017
2000-11-05,89.53874922086017
2000-11-06,89.53874922086017
2000-11-07,89.53874922086017
2000-11-08,89.53874922086017
2000-11-09,89.53874922086017
2000-11-10,89.53874922086017
2000-11-11,89.53874922086017
2000-11-12,89.53874922086017
2000-11-13,89.53874922086017
2000-11-14,89.53874922086017
2000-11-15,89.53874922086017
2000-11-16,89.53874922086017
2000-11-17,89.53874922086017
2000-11-18,89.53874922086017
2000-11-19,89.53874922086017
2000-11-20,89.53874922086017
2000-11-21,89.53874922086017
2000-11-22,89.53874922086017
2000-11-23,89.53874922086017
2000-11-24,89.53874922086017
2000-11-25,89.53874922086017
2000-11-26,89.53874922086017
2000-11-27,89.53874922086017
2000-11-28,89.53874922086017
2000-11-29,89.53874922086017
2000-11-30,89.53874922086017
2000-12-01,87.95969249948057
2000-12-02,87.95969249948057
2000-12-03,87.95969249948057
2000-12-04,87.95969249948057
2000-12-05,87.95969249948057
2000-12-06,87.95969249948057
2000-12-07,87.95969249948057
2000-12-08,87.95969249948057
2000-12-09,87.95969249948057
2000-12-10,87.95969249948057
2000-12-11,87.95969249948057
2000-12-12,87.95969249948057
2000-12-13,87.95969249948057
2000-12-14,87.95969249948057
2000-12-15,87.95969249948057
2000-12-16,87.95969249948057
2000-12-17,87.95969249948057
2000-12-18,87.95969249948057
2000-12-19,87.95969249948057
2000-12-20,87.95969249948057
2000-12-21,87.95969249948057
2000-12-22,87.95969249948057
2000-12-23,87.95969249948057
2000-12-24,87.95969249948057
2000-12-25,87.95969249948057
2000-12-26,87.95969249948057
2000-12-27,87.95969249948057
2000-12-28,87.95969249948057
2000-12-29,87.95969249948057
2000-12-30,87.95969249948057
2000-12-31,87.95969249948057
2001-01-01,80.7292748805319
2001-01-02,80.7292748805319
2001-01-03,80.7292748805319
2001-01-04,80.7292748805319
2001-01-05,80.7292748805319
2001-01-06,80.7292748805319
2001-01-07,80.7292748805319
2001-01-08,80.7292748805319
2001-01-09,80.7292748805319
2001-01-10,80.7292748805319
2001-01-11,80.7292748805319
2001-01-12,80.7292748805319
2001-01-13,80.7292748805319
2001-01-14,80.7292748805319
2001-01-15,80.7292748805319
2001-01-16,80.7292748805319
2001-01-17,80.7292748805319
2001-01-18,80.7292748805319
2001-01-19,80.7292748805319
2001-01-20,80.7292748805319
2001-01-21,80.7292748805319
2001-01-22,80.7292748805319
2001-01-23,80.7292748805319
2001-01-24,80.7292748805319
2001-01-25,80.7292748805319
2001-01-26,80.7292748805319
2001-01-27,80.7292748805319
2001-01-28,80.7292748805319
2001-01-29,80.7292748805319
2001-01-30,80.7292748805319
2001-01-31,80.7292748805319
2001-02-01,80.7292748805319
2001-02-02,80.7292748805319
2001-02-03,80.7292748805319
2001-02-04,80.7292748805319
2001-02-05,80.7292748805319
2001-02-06,80.7292748805319
2001-02-07,80.7292748805319
2001-02-08,80.7292748805319
2001-02-09,80.7292748805319
2001-02-10,80.7292748805319
2001-02-11,80.7292748805319
2001-02-12,80.7292748805319
2001-02-13,80.7292748805319
2001-02-14,80.7292748805319
2001-02-15,80.7292748805319
2001-02-16,80.7292748805319
2001-02-17,80.7292748805319
2001-02-18,80.7292748805319
2001-02-19,80.7292748805319
2001-02-20,80.7292748805319
2001-02-21,80.7292748805319
2001-02-22,80.7292748805319
2001-02-23,80.7292748805319
2001-02-24,80.7292748805319
2001-02-25,80.7292748805319
2001-02-26,80.7292748805319
2001-02-27,80.7292748805319
2001-02-28,80.7292748805319
2001-03-01,80.7292748805319
2001-03-02,80.7292748805319
2001-03-03,80.7292748805319
2001-03-04,80.7292748805319
2001-03-05,80.7292748805319
2001-03-06,80.7292748805319
2001-03-07,80.7292748805319
2001-03-08,80.7292748805319
2001-03-09,80.7292748805319
2001-03-10,80.7292748805319
2001-03-11,80.7292748805319
2001-03-12,80.7292748805319
2001-03-13,80.7292748805319
2001-03-14,80.7292748805319
2001-03-15,80.7292748805319
2001-03-16,80.7292748805319
2001-03-17,80.7292748805319
2001-03-18,80.7292748805319
2001-03-19,80.7292748805319
2001-03-20,80.7292748805319
2001-03-21,80.7292748805319
2001-03-22,80.7292748805319
2001-03-23,80.7292748805319
2001-03-24,80.7292748805319
2001-03-25,80.7292748805319
2001-03-26,80.7292748805319
2001-03-27,80.7292748805319
2001-03-28,80.7292748805319
2001-03-29,80.7292748805319
2001-03-30,80.7292748805319
2001-03-31,80.7292748805319
2001-04-01,59.42239767296904
2001-04-02,59.42239767296904
2001-04-03,59.42239767296904
2001-04-04,59.42239767296904
2001-04-05,59.42239767296904
2001-04-06,59.42239767296904
2001-04-07,59.42239767296904
2001-04-08,59.42239767296904
2001-04-09,59.42239767296904
2001-04-10,59.42239767296904
2001-04-11,59.42239767296904
2001-04-12,59.42239767296904
2001-04-13,59.42239767296904
2001-04-14,59.42239767296904
2001-04-15,59.42239767296904
2001-04-16,59.42239767296904
2001-04-17,59.42239767296904
2001-04-18,59.42239767296904
2001-04-19,59.42239767296904
2001-04-20,59.42239767296904
2001-04-21,59.42239767296904
2001-04-22,59.42239767296904
2001-04-23,59.42239767296904
2001-04-24,59.42239767296904
2001-04-25,59.42239767296904
2001-04-26,59.42239767296904
2001-04-27,59.42239767296904
2001-04-28,59.42239767296904
2001-04-29,59.42239767296904
2001-04-30,59.42239767296904
2001-05-01,59.42239767296904
2001-05-02,59.42239767296904
2001-05-03,59.42239767296904
2001-05-04,59.42239767296904
2001-05-05,59.42239767296904
2001-05-06,59.42239767296904
2001-05-07,59.42239767296904
2001-05-08,59.42239767296904
2001-05-09,59.42239767296904
2001-05-10,59.42239767296904
2001-05-11,59.42239767296904
2001-05-12,59.42239767296904
2001-05-13,59.42239767296904
2001-05-14,59.42239767296904
2001-05-15,59.42239767296904
2001-05-16,59.42239767296904
2001-05-17,59.42239767296904
2001-05-18,59.42239767296904
2001-05-19,59.42239767296904
2001-05-20,59.42239767296904
2001-05-21,59.42239767296904
2001-05-22,59.42239767296904
2001-05-23,59.42239767296904
2001-05-24,59.42239767296904
2001-05-25,59.42239767296904
2001-05-26,59.42239767296904
2001-05-27,59.42239767296904
2001-05-28,59.42239767296904
2001-05-29,59.42239767296904
2001-05-30,59.42239767296904
2001-05-31,59.42239767296904
2001-06-01,84.17826719301891
2001-06-02,84.17826719301891
2001-06-03,84.17826719301891
2001-06-04,84.17826719301891
2001-06-05,84.17826719301891
2001-06-06,84.17826719301891
2001-06-07,84.17826719301891
2001-06-08,84.17826719301891
2001-06-09,84.17826719301891
2001-06-10,84.17826719301891
2001-06-11,84.17826719301891
2001-06-12,84.17826719301891
2001-06-13,84.17826719301891
2001-06-14,84.17826719301891
2001-06-15,84.17826719301891
2001-06-16,84.17826719301891
2001-06-17,84.17826719301891
2001-06-18,84.17826719301891
2001-06-19,84.17826719301891
2001-06-20,84.17826719301891
2001-06-21,84.17826719301891
2001-06-22,84.17826719301891
2001-06-23,84.17826719301891
2001-06-24,84.17826719301891
2001-06-25,84.17826719301891
2001-06-26,84.17826719301891
2001-06-27,84.17826719301891
2001-06-28,84.17826719301891
2001-06-29,84.17826719301891
2001-06-30,84.17826719301891
2001-07-01,86.39102430916269
2001-07-02,86.39102430916269
2001-07-03,86.39102430916269
2001-07-04,86.39102430916269
2001-07-05,86.39102430916269
2001-07-06,86.39102430916269
2001-07-07,86.39102430916269
2001-07-08,86.39102430916269
2001-07-09,86.39102430916269
2001-07-10,86.39102430916269
2001-07-11,86.39102430916269
2001-07-12,86.39102430916269
2001-07-13,86.39102430916269
2001-07-14,86.39102430916269
2001-07-15,86.39102430916269
2001-07-16,86.39102430916269
2001-07-17,86.39102430916269
2001-07-18,86.39102430916269
2001-07-19,86.39102430916269
2001-07-20,86.39102430916269
2001-07-21,86.39102430916269
2001-07-22,86.39102430916269
2001-07-23,86.39102430916269
2001-07-24,86.39102430916269
2001-07-25,86.39102430916269
2001-07-26,86.39102430916269
2001-07-27,86.39102430916269
2001-07-28,86.39102430916269
2001-07-29,86.39102430916269
2001-07-30,86.39102430916269
2001-07-31,86.39102430916269
2001-08-01,89.8504051527114
2001-08-02,89.8504051527114
2001-08-03,89.8504051527114
2001-08-04,89.8504051527114
2001-08-05,89.8504051527114
2001-08-06,89.8504051527114
2001-08-07,89.8504051527114
2001-08-08,89.8504051527114
2001-08-09,89.8504051527114
2001-08-10,89.8504051527114
2001-08-11,89.8504051527114
2001-08-12,89.8504051527114
2001-08-13,89.8504051527114
2001-08-14,89.8504051527114
2001-08-15,89.8504051527114
2001-08-16,89.8504051527114
2001-08-17,89.8504051527114
2001-08-18,89.8504051527114
2001-08-19,89.8504051527114
2001-08-20,89.8504051527114
2001-08-21,89.8504051527114
2001-08-22,89.8504051527114
2001-08-23,89.8504051527114
2001-08-24,89.8504051527114
2001-08-25,89.8504051527114
2001-08-26,89.8504051527114
2001-08-27,89.8504051527114
2001-08-28,89.8504051527114
2001-08-29,89.8504051527114
2001-08-30,89.8504051527114
2001-08-31,89.8504051527114
2001-09-01,86.07936837731145
2001-09-02,86.07936837731145
2001-09-03,86.07936837731145
2001-09-04,86.07936837731145
2001-09-05,86.07936837731145
2001-09-06,86.07936837731145
2001-09-07,86.07936837731145
2001-09-08,86.07936837731145
2001-09-09,86.07936837731145
2001-09-10,86.07936837731145
2001-09-11,86.07936837731145
2001-09-12,86.07936837731145
2001-09-13,86.07936837731145
2001-09-14,86.07936837731145
2001-09-15,86.07936837731145
2001-09-16,86.07936837731145
2001-09-17,86.07936837731145
2001-09-18,86.07936837731145
2001-09-19,86.07936837731145
2001-09-20,86.07936837731145
2001-09-21,86.07936837731145
2001-09-22,86.07936837731145
2001-09-23,86.07936837731145
2001-09-24,86.07936837731145
2001-09-25,86.07936837731145
2001-09-26,86.07936837731145
2001-09-27,86.07936837731145
2001-09-28,86.07936837731145
2001-09-29,86.07936837731145
2001-09-30,86.07936837731145
2001-10-01,90.49449407853729
2001-10-02,90.49449407853729
2001-10-03,90.49449407853729
2001-10-04,90.49449407853729
2001-10-05,90.49449407853729
2001-10-06,90.49449407853729
2001-10-07,90.49449407853729
2001-10-08,90.49449407853729
2001-10-09,90.49449407853729
2001-10-10,90.49449407853729
2001-10-11,90.49449407853729
2001-10-12,90.49449407853729
2001-10-13,90.49449407853729
2001-10-14,90.49449407853729
2001-10-15,90.49449407853729
2001-10-16,90.49449407853729
2001-10-17,90.49449407853729
2001-10-18,90.49449407853729
2001-10-19,90.49449407853729
2001-10-20,90.49449407853729
2001-10-21,90.49449407853729
2001-10-22,90.49449407853729
2001-10-23,90.49449407853729
2001-10-24,90.49449407853729
2001-10-25,90.49449407853729
2001-10-26,90.49449407853729
2001-10-27,90.49449407853729
2001-10-28,90.49449407853729
2001-10-29,90.49449407853729
2001-10-30,90.49449407853729
2001-10-31,90.49449407853729
2001-11-01,95.58487429877415
2001-11-02,95.58487429877415
2001-11-03,95.58487429877415
2001-11-04,95.58487429877415
2001-11-05,95.58487429877415
2001-11-06,95.58487429877415
2001-11-07,95.58487429877415
2001-11-08,95.58487429877415
2001-11-09,95.58487429877415
2001-11-10,95.58487429877415
2001-11-11,95.58487429877415
2001-11-12,95.58487429877415
2001-11-13,95.58487429877415
2001-11-14,95.58487429877415
2001-11-15,95.58487429877415
2001-11-16,95.58487429877415
2001-11-17,95.58487429877415
2001-11-18,95.58487429877415
2001-11-19,95.58487429877415
2001-11-20,95.58487429877415
2001-11-21,95.58487429877415
2001-11-22,95.58487429877415
2001-11-23,95.58487429877415
2001-11-24,95.58487429877415
2001-11-25,95.58487429877415
2001-11-26,95.58487429877415
2001-11-27,95.58487429877415
2001-11-28,95.58487429877415
2001-11-29,95.58487429877415
2001-11-30,95.58487429877415
2001-12-01,97.17431955121546
2001-12-02,97.17431955121546
2001-12-03,97.17431955121546
2001-12-04,97.17431955121546
2001-12-05,97.17431955121546
2001-12-06,97.17431955121546
2001-12-07,97.17431955121546
2001-12-08,97.17431955121546
2001-12-09,97.17431955121546
2001-12-10,97.17431955121546
2001-12-11,97.17431955121546
2001-12-12,97.17431955121546
2001-12-13,97.17431955121546
2001-12-14,97.17431955121546
2001-12-15,97.17431955121546
2001-12-16,97.17431955121546
2001-12-17,97.17431955121546
2001-12-18,97.17431955121546
2001-12-19,97.17431955121546
2001-12-20,97.17431955121546
2001-12-21,97.17431955121546
2001-12-22,97.17431955121546
2001-12-23,97.17431955121546
2001-12-24,97.17431955121546
2001-12-25,97.17431955121546
2001-12-26,97.17431955121546
2001-12-27,97.17431955121546
2001-12-28,97.17431955121546
2001-12-29,97.17431955121546
2001-12-30,97.17431955121546
2001-12-31,97.17431955121546
2002-01-01,98.40016621649698
2002-01-02,98.40016621649698
2002-01-03,98.40016621649698
2002-01-04,98.40016621649698
2002-01-05,98.40016621649698
2002-01-06,98.40016621649698
2002-01-07,98.40016621649698
2002-01-08,98.40016621649698
2002-01-09,98.40016621649698
2002-01-10,98.40016621649698
2002-01-11,98.40016621649698
2002-01-12,98.40016621649698
2002-01-13,98.40016621649698
2002-01-14,98.40016621649698
2002-01-15,98.40016621649698
2002-01-16,98.40016621649698
2002-01-17,98.40016621649698
2002-01-18,98.40016621649698
2002-01-19,98.40016621649698
2002-01-20,98.40016621649698
2002-01-21,98.40016621649698
2002-01-22,98.40016621649698
2002-01-23,98.40016621649698
2002-01-24,98.40016621649698
2002-01-25,98.40016621649698
2002-01-26,98.40016621649698
2002-01-27,98.40016621649698
2002-01-28,98.40016621649698
2002-01-29,98.40016621649698
2002-01-30,98.40016621649698
2002-01-31,98.40016621649698
2002-02-01,97.4963640141284
2002-02-02,97.4963640141284
2002-02-03,97.4963640141284
2002-02-04,97.4963640141284
2002-02-05,97.4963640141284
2002-02-06,97.4963640141284
2002-02-07,97.4963640141284
2002-02-08,97.4963640141284
2002-02-09,97.4963640141284
2002-02-10,97.4963640141284
2002-02-11,97.4963640141284
2002-02-12,97.4963640141284
2002-02-13,97.4963640141284
2002-02-14,97.4963640141284
2002-02-15,97.4963640141284
2002-02-16,97.4963640141284
2002-02-17,97.4963640141284
2002-02-18,97.4963640141284
2002-02-19,97.4963640141284
2002-02-20,97.4963640141284
2002-02-21,97.4963640141284
2002-02-22,97.4963640141284
2002-02-23,97.4963640141284
2002-02-24,97.4963640141284
2002-02-25,97.4963640141284
2002-02-26,97.4963640141284
2002-02-27,97.4963640141284
2002-02-28,97.4963640141284
2002-03-01,99.36629960523582
2002-03-02,99.36629960523582
2002-03-03,99.36629960523582
2002-03-04,99.36629960523582
2002-03-05,99.36629960523582
2002-03-06,99.36629960523582
2002-03-07,99.36629960523582
2002-03-08,99.36629960523582
2002-03-09,99.36629960523582
2002-03-10,99.36629960523582
2002-03-11,99.36629960523582
2002-03-12,99.36629960523582
2002-03-13,99.36629960523582
2002-03-14,99.36629960523582
2002-03-15,99.36629960523582
2002-03-16,99.36629960523582
2002-03-17,99.36629960523582
2002-03-18,99.36629960523582
2002-03-19,99.36629960523582
2002-03-20,99.36629960523582
2002-03-21,99.36629960523582
2002-03-22,99.36629960523582
2002-03-23,99.36629960523582
2002-03-24,99.36629960523582
2002-03-25,99.36629960523582
2002-03-26,99.36629960523582
2002-03-27,99.36629960523582
2002-03-28,99.36629960523582
2002-03-29,99.36629960523582
2002-03-30,99.36629960523582
2002-03-31,99.36629960523582
2002-04-01,99.68834406814877
2002-04-02,99.68834406814877
2002-04-03,99.68834406814877
2002-04-04,99.68834406814877
2002-04-05,99.68834406814877
2002-04-06,99.68834406814877
2002-04-07,99.68834406814877
2002-04-08,99.68834406814877
2002-04-09,99.68834406814877
2002-04-10,99.68834406814877
2002-04-11,99.68834406814877
2002-04-12,99.68834406814877
2002-04-13,99.68834406814877
2002-04-14,99.68834406814877
2002-04-15,99.68834406814877
2002-04-16,99.68834406814877
2002-04-17,99.68834406814877
2002-04-18,99.68834406814877
2002-04-19,99.68834406814877
2002-04-20,99.68834406814877
2002-04-21,99.68834406814877
2002-04-22,99.68834406814877
2002-04-23,99.68834406814877
2002-04-24,99.68834406814877
2002-04-25,99.68834406814877
2002-04-26,99.68834406814877
2002-04-27,99.68834406814877
2002-04-28,99.68834406814877
2002-04-29,99.68834406814877
2002-04-30,99.68834406814877
2002-05-01,99.04425514232288
2002-05-02,99.04425514232288
2002-05-03,99.04425514232288
2002-05-04,99.04425514232288
2002-05-05,99.04425514232288
2002-05-06,99.04425514232288
2002-05-07,99.04425514232288
2002-05-08,99.04425514232288
2002-05-09,99.04425514232288
2002-05-10,99.04425514232288
2002-05-11,99.04425514232288
2002-05-12,99.04425514232288
2002-05-13,99.04425514232288
2002-05-14,99.04425514232288
2002-05-15,99.04425514232288
2002-05-16,99.04425514232288
2002-05-17,99.04425514232288
2002-05-18,99.04425514232288
2002-05-19,99.04425514232288
2002-05-20,99.04425514232288
2002-05-21,99.04425514232288
2002-05-22,99.04425514232288
2002-05-23,99.04425514232288
2002-05-24,99.04425514232288
2002-05-25,99.04425514232288
2002-05-26,99.04425514232288
2002-05-27,99.04425514232288
2002-05-28,99.04425514232288
2002-05-29,99.04425514232288
2002-05-30,99.04425514232288
2002-05-31,99.04425514232288
2002-06-01,94.3174735092458
2002-06-02,94.3174735092458
2002-06-03,94.3174735092458
2002-06-04,94.3174735092458
2002-06-05,94.3174735092458
2002-06-06,94.3174735092458
2002-06-07,94.3174735092458
2002-06-08,94.3174735092458
2002-06-09,94.3174735092458
2002-06-10,94.3174735092458
2002-06-11,94.3174735092458
2002-06-12,94.3174735092458
2002-06-13,94.3174735092458
2002-06-14,94.3174735092458
2002-06-15,94.3174735092458
2002-06-16,94.3174735092458
2002-06-17,94.3174735092458
2002-06-18,94.3174735092458
2002-06-19,94.3174735092458
2002-06-20,94.3174735092458
2002-06-21,94.3174735092458
2002-06-22,94.3174735092458
2002-06-23,94.3174735092458
2002-06-24,94.3174735092458
2002-06-25,94.3174735092458
2002-06-26,94.3174735092458
2002-06-27,94.3174735092458
2002-06-28,94.3174735092458
2002-06-29,94.3174735092458
2002-06-30,94.3174735092458
2002-07-01,92.72802825680448
2002-07-02,92.72802825680448
2002-07-03,92.72802825680448
2002-07-04,92.72802825680448
2002-07-05,92.72802825680448
2002-07-06,92.72802825680448
2002-07-07,92.72802825680448
2002-07-08,92.72802825680448
2002-07-09,92.72802825680448
2002-07-10,92.72802825680448
2002-07-11,92.72802825680448
2002-07-12,92.72802825680448
2002-07-13,92.72802825680448
2002-07-14,92.72802825680448
2002-07-15,92.72802825680448
2002-07-16,92.72802825680448
2002-07-17,92.72802825680448
2002-07-18,92.72802825680448
2002-07-19,92.72802825680448
2002-07-20,92.72802825680448
2002-07-21,92.72802825680448
2002-07-22,92.72802825680448
2002-07-23,92.72802825680448
2002-07-24,92.72802825680448
2002-07-25,92.72802825680448
2002-07-26,92.72802825680448
2002-07-27,92.72802825680448
2002-07-28,92.72802825680448
2002-07-29,92.72802825680448
2002-07-30,92.72802825680448
2002-07-31,92.72802825680448
2002-08-01,88.89466029503427
2002-08-02,88.89466029503427
2002-08-03,88.89466029503427
2002-08-04,88.89466029503427
2002-08-05,88.89466029503427
2002-08-06,88.89466029503427
2002-08-07,88.89466029503427
2002-08-08,88.89466029503427
2002-08-09,88.89466029503427
2002-08-10,88.89466029503427
2002-08-11,88.89466029503427
2002-08-12,88.89466029503427
2002-08-13,88.89466029503427
2002-08-14,88.89466029503427
2002-08-15,88.89466029503427
2002-08-16,88.89466029503427
2002-08-17,88.89466029503427
2002-08-18,88.89466029503427
2002-08-19,88.89466029503427
2002-08-20,88.89466029503427
2002-08-21,88.89466029503427
2002-08-22,88.89466029503427
2002-08-23,88.89466029503427
2002-08-24,88.89466029503427
2002-08-25,88.89466029503427
2002-08-26,88.89466029503427
2002-08-27,88.89466029503427
2002-08-28,88.89466029503427
2002-08-29,88.89466029503427
2002-08-30,88.89466029503427
2002-08-31,88.89466029503427
2002-09-01,86.71306877207563
2002-09-02,86.71306877207563
2002-09-03,86.71306877207563
2002-09-04,86.71306877207563
2002-09-05,86.71306877207563
2002-09-06,86.71306877207563
2002-09-07,86.71306877207563
2002-09-08,86.71306877207563
2002-09-09,86.71306877207563
2002-09-10,86.71306877207563
2002-09-11,86.71306877207563
2002-09-12,86.71306877207563
2002-09-13,86.71306877207563
2002-09-14,86.71306877207563
2002-09-15,86.71306877207563
2002-09-16,86.71306877207563
2002-09-17,86.71306877207563
2002-09-18,86.71306877207563
2002-09-19,86.71306877207563
2002-09-20,86.71306877207563
2002-09-21,86.71306877207563
2002-09-22,86.71306877207563
2002-09-23,86.71306877207563
2002-09-24,86.71306877207563
2002-09-25,86.71306877207563
2002-09-26,86.71306877207563
2002-09-27,86.71306877207563
2002-09-28,86.71306877207563
2002-09-29,86.71306877207563
2002-09-30,86.71306877207563
2002-10-01,86.71306877207563
2002-10-02,86.71306877207563
2002-10-03,86.71306877207563
2002-10-04,86.71306877207563
2002-10-05,86.71306877207563
2002-10-06,86.71306877207563
2002-10-07,86.71306877207563
2002-10-08,86.71306877207563
2002-10-09,86.71306877207563
2002-10-10,86.71306877207563
2002-10-11,86.71306877207563
2002-10-12,86.71306877207563
2002-10-13,86.71306877207563
2002-10-14,86.71306877207563
2002-10-15,86.71306877207563
2002-10-16,86.71306877207563
2002-10-17,86.71306877207563
2002-10-18,86.71306877207563
2002-10-19,86.71306877207563
2002-10-20,86.71306877207563
2002-10-21,86.71306877207563
2002-10-22,86.71306877207563
2002-10-23,86.71306877207563
2002-10-24,86.71306877207563
2002-10-25,86.71306877207563
2002-10-26,86.71306877207563
2002-10-27,86.71306877207563
2002-10-28,86.71306877207563
2002-10-29,86.71306877207563
2002-10-30,86.71306877207563
2002-10-31,86.71306877207563
2002-11-01,87.3467691668398
2002-11-02,87.3467691668398
2002-11-03,87.3467691668398
2002-11-04,87.3467691668398
2002-11-05,87.3467691668398
2002-11-06,87.3467691668398
2002-11-07,87.3467691668398
2002-11-08,87.3467691668398
2002-11-09,87.3467691668398
2002-11-10,87.3467691668398
2002-11-11,87.3467691668398
2002-11-12,87.3467691668398
2002-11-13,87.3467691668398
2002-11-14,87.3467691668398
2002-11-15,87.3467691668398
2002-11-16,87.3467691668398
2002-11-17,87.3467691668398
2002-11-18,87.3467691668398
2002-11-19,87.3467691668398
2002-11-20,87.3467691668398
2002-11-21,87.3467691668398
2002-11-22,87.3467691668398
2002-11-23,87.3467691668398
2002-11-24,87.3467691668398
2002-11-25,87.3467691668398
2002-11-26,87.3467691668398
2002-11-27,87.3467691668398
2002-11-28,87.3467691668398
2002-11-29,87.3467691668398
2002-11-30,87.3467691668398
2002-12-01,90.81653854145024
2002-12-02,90.81653854145024
2002-12-03,90.81653854145024
2002-12-04,90.81653854145024
2002-12-05,90.81653854145024
2002-12-06,90.81653854145024
2002-12-07,90.81653854145024
2002-12-08,90.81653854145024
2002-12-09,90.81653854145024
2002-12-10,90.81653854145024
2002-12-11,90.81653854145024
2002-12-12,90.81653854145024
2002-12-13,90.81653854145024
2002-12-14,90.81653854145024
2002-12-15,90.81653854145024
2002-12-16,90.81653854145024
2002-12-17,90.81653854145024
2002-12-18,90.81653854145024
2002-12-19,90.81653854145024
2002-12-20,90.81653854145024
2002-12-21,90.81653854145024
2002-12-22,90.81653854145024
2002-12-23,90.81653854145024
2002-12-24,90.81653854145024
2002-12-25,90.81653854145024
2002-12-26,90.81653854145024
2002-12-27,90.81653854145024
2002-12-28,90.81653854145024
2002-12-29,90.81653854145024
2002-12-30,90.81653854145024
2002-12-31,90.81653854145024
2003-01-01,90.81653854145024
2003-01-02,90.81653854145024
2003-01-03,90.81653854145024
2003-01-04,90.81653854145024
2003-01-05,90.81653854145024
2003-01-06,90.81653854145024
2003-01-07,90.81653854145024
2003-01-08,90.81653854145024
2003-01-09,90.81653854145024
2003-01-10,90.81653854145024
2003-01-11,90.81653854145024
2003-01-12,90.81653854145024
2003-01-13,90.81653854145024
2003-01-14,90.81653854145024
2003-01-15,90.81653854145024
2003-01-16,90.81653854145024
2003-01-17,90.81653854145024
2003-01-18,90.81653854145024
2003-01-19,90.81653854145024
2003-01-20,90.81653854145024
2003-01-21,90.81653854145024
2003-01-22,90.81653854145024
2003-01-23,90.81653854145024
2003-01-24,90.81653854145024
2003-01-25,90.81653854145024
2003-01-26,90.81653854145024
2003-01-27,90.81653854145024
2003-01-28,90.81653854145024
2003-01-29,90.81653854145024
2003-01-30,90.81653854145024
2003-01-31,90.81653854145024
2003-02-01,88.28173696239352
2003-02-02,88.28173696239352
2003-02-03,88.28173696239352
2003-02-04,88.28173696239352
2003-02-05,88.28173696239352
2003-02-06,88.28173696239352
2003-02-07,88.28173696239352
2003-02-08,88.28173696239352
2003-02-09,88.28173696239352
2003-02-10,88.28173696239352
2003-02-11,88.28173696239352
2003-02-12,88.28173696239352
2003-02-13,88.28173696239352
2003-02-14,88.28173696239352
2003-02-15,88.28173696239352
2003-02-16,88.28173696239352
2003-02-17,88.28173696239352
2003-02-18,88.28173696239352
2003-02-19,88.28173696239352
2003-02-20,88.28173696239352
2003-02-21,88.28173696239352
2003-02-22,88.28173696239352
2003-02-23,88.28173696239352
2003-02-24,88.28173696239352
2003-02-25,88.28173696239352
2003-02-26,88.28173696239352
2003-02-27,88.28173696239352
2003-02-28,88.28173696239352
2003-03-01,88.28173696239352
2003-03-02,88.28173696239352
2003-03-03,88.28173696239352
2003-03-04,88.28173696239352
2003-03-05,88.28173696239352
2003-03-06,88.28173696239352
2003-03-07,88.28173696239352
2003-03-08,88.28173696239352
2003-03-09,88.28173696239352
2003-03-10,88.28173696239352
2003-03-11,88.28173696239352
2003-03-12,88.28173696239352
2003-03-13,88.28173696239352
2003-03-14,88.28173696239352
2003-03-15,88.28173696239352
2003-03-16,88.28173696239352
2003-03-17,88.28173696239352
2003-03-18,88.28173696239352
2003-03-19,88.28173696239352
2003-03-20,88.28173696239352
2003-03-21,88.28173696239352
2003-03-22,88.28173696239352
2003-03-23,88.28173696239352
2003-03-24,88.28173696239352
2003-03-25,88.28173696239352
2003-03-26,88.28173696239352
2003-03-27,88.28173696239352
2003-03-28,88.28173696239352
2003-03-29,88.28173696239352
2003-03-30,88.28173696239352
2003-03-31,88.28173696239352
2003-04-01,91.78267193018908
2003-04-02,91.78267193018908
2003-04-03,91.78267193018908
2003-04-04,91.78267193018908
2003-04-05,91.78267193018908
2003-04-06,91.78267193018908
2003-04-07,91.78267193018908
2003-04-08,91.78267193018908
2003-04-09,91.78267193018908
2003-04-10,91.78267193018908
2003-04-11,91.78267193018908
2003-04-12,91.78267193018908
2003-04-13,91.78267193018908
2003-04-14,91.78267193018908
2003-04-15,91.78267193018908
2003-04-16,91.78267193018908
2003-04-17,91.78267193018908
2003-04-18,91.78267193018908
2003-04-19,91.78267193018908
2003-04-20,91.78267193018908
2003-04-21,91.78267193018908
2003-04-22,91.78267193018908
2003-04-23,91.78267193018908
2003-04-24,91.78267193018908
2003-04-25,91.78267193018908
2003-04-26,91.78267193018908
2003-04-27,91.78267193018908
2003-04-28,91.78267193018908
2003-04-29,91.78267193018908
2003-04-30,91.78267193018908
2003-05-01,93.36172865156867
2003-05-02,93.36172865156867
2003-05-03,93.36172865156867
2003-05-04,93.36172865156867
2003-05-05,93.36172865156867
2003-05-06,93.36172865156867
2003-05-07,93.36172865156867
2003-05-08,93.36172865156867
2003-05-09,93.36172865156867
2003-05-10,93.36172865156867
2003-05-11,93.36172865156867
2003-05-12,93.36172865156867
2003-05-13,93.36172865156867
2003-05-14,93.36172865156867
2003-05-15,93.36172865156867
2003-05-16,93.36172865156867
2003-05-17,93.36172865156867
2003-05-18,93.36172865156867
2003-05-19,93.36172865156867
2003-05-20,93.36172865156867
2003-05-21,93.36172865156867
2003-05-22,93.36172865156867
2003-05-23,93.36172865156867
2003-05-24,93.36172865156867
2003-05-25,93.36172865156867
2003-05-26,93.36172865156867
2003-05-27,93.36172865156867
2003-05-28,93.36172865156867
2003-05-29,93.36172865156867
2003-05-30,93.36172865156867
2003-05-31,93.36172865156867
2003-06-01,93.36172865156867
2003-06-02,93.36172865156867
2003-06-03,93.36172865156867
2003-06-04,93.36172865156867
2003-06-05,93.36172865156867
2003-06-06,93.36172865156867
2003-06-07,93.36172865156867
2003-06-08,93.36172865156867
2003-06-09,93.36172865156867
2003-06-10,93.36172865156867
2003-06-11,93.36172865156867
2003-06-12,93.36172865156867
2003-06-13,93.36172865156867
2003-06-14,93.36172865156867
2003-06-15,93.36172865156867
2003-06-16,93.36172865156867
2003-06-17,93.36172865156867
2003-06-18,93.36172865156867
2003-06-19,93.36172865156867
2003-06-20,93.36172865156867
2003-06-21,93.36172865156867
2003-06-22,93.36172865156867
2003-06-23,93.36172865156867
2003-06-24,93.36172865156867
2003-06-25,93.36172865156867
2003-06-26,93.36172865156867
2003-06-27,93.36172865156867
2003-06-28,93.36172865156867
2003-06-29,93.36172865156867
2003-06-30,93.36172865156867
2003-07-01,93.99542904633284
2003-07-02,93.99542904633284
2003-07-03,93.99542904633284
2003-07-04,93.99542904633284
2003-07-05,93.99542904633284
2003-07-06,93.99542904633284
2003-07-07,93.99542904633284
2003-07-08,93.99542904633284
2003-07-09,93.99542904633284
2003-07-10,93.99542904633284
2003-07-11,93.99542904633284
2003-07-12,93.99542904633284
2003-07-13,93.99542904633284
2003-07-14,93.99542904633284
2003-07-15,93.99542904633284
2003-07-16,93.99542904633284
2003-07-17,93.99542904633284
2003-07-18,93.99542904633284
2003-07-19,93.99542904633284
2003-07-20,93.99542904633284
2003-07-21,93.99542904633284
2003-07-22,93.99542904633284
2003-07-23,93.99542904633284
2003-07-24,93.99542904633284
2003-07-25,93.99542904633284
2003-07-26,93.99542904633284
2003-07-27,93.99542904633284
2003-07-28,93.99542904633284
2003-07-29,93.99542904633284
2003-07-30,93.99542904633284
2003-07-31,93.99542904633284
2003-08-01,94.95117390400998
2003-08-02,94.95117390400998
2003-08-03,94.95117390400998
2003-08-04,94.95117390400998
2003-08-05,94.95117390400998
2003-08-06,94.95117390400998
2003-08-07,94.95117390400998
2003-08-08,94.95117390400998
2003-08-09,94.95117390400998
2003-08-10,94.95117390400998
2003-08-11,94.95117390400998
2003-08-12,94.95117390400998
2003-08-13,94.95117390400998
2003-08-14,94.95117390400998
2003-08-15,94.95117390400998
2003-08-16,94.95117390400998
2003-08-17,94.95117390400998
2003-08-18,94.95117390400998
2003-08-19,94.95117390400998
2003-08-20,94.95117390400998
2003-08-21,94.95117390400998
2003-08-22,94.95117390400998
2003-08-23,94.95117390400998
2003-08-24,94.95117390400998
2003-08-25,94.95117390400998
2003-08-26,94.95117390400998
2003-08-27,94.95117390400998
2003-08-28,94.95117390400998
2003-08-29,94.95117390400998
2003-08-30,94.95117390400998
2003-08-31,94.95117390400998
2003-09-01,94.95117390400998
2003-09-02,94.95117390400998
2003-09-03,94.95117390400998
2003-09-04,94.95117390400998
2003-09-05,94.95117390400998
2003-09-06,94.95117390400998
2003-09-07,94.95117390400998
2003-09-08,94.95117390400998
2003-09-09,94.95117390400998
2003-09-10,94.95117390400998
2003-09-11,94.95117390400998
2003-09-12,94.95117390400998
2003-09-13,94.95117390400998
2003-09-14,94.95117390400998
2003-09-15,94.95117390400998
2003-09-16,94.95117390400998
2003-09-17,94.95117390400998
2003-09-18,94.95117390400998
2003-09-19,94.95117390400998
2003-09-20,94.95117390400998
2003-09-21,94.95117390400998
2003-09-22,94.95117390400998
2003-09-23,94.95117390400998
2003-09-24,94.95117390400998
2003-09-25,94.95117390400998
2003-09-26,94.95117390400998
2003-09-27,94.95117390400998
2003-09-28,94.95117390400998
2003-09-29,94.95117390400998
2003-09-30,94.95117390400998
2003-10-01,92.0943278620403
2003-10-02,92.0943278620403
2003-10-03,92.0943278620403
2003-10-04,92.0943278620403
2003-10-05,92.0943278620403
2003-10-06,92.0943278620403
2003-10-07,92.0943278620403
2003-10-08,92.0943278620403
2003-10-09,92.0943278620403
2003-10-10,92.0943278620403
2003-10-11,92.0943278620403
2003-10-12,92.0943278620403
2003-10-13,92.0943278620403
2003-10-14,92.0943278620403
2003-10-15,92.0943278620403
2003-10-16,92.0943278620403
2003-10-17,92.0943278620403
2003-10-18,92.0943278620403
2003-10-19,92.0943278620403
2003-10-20,92.0943278620403
2003-10-21,92.0943278620403
2003-10-22,92.0943278620403
2003-10-23,92.0943278620403
2003-10-24,92.0943278620403
2003-10-25,92.0943278620403
2003-10-26,92.0943278620403
2003-10-27,92.0943278620403
2003-10-28,92.0943278620403
2003-10-29,92.0943278620403
2003-10-30,92.0943278620403
2003-10-31,92.0943278620403
2003-11-01,92.0943278620403
2003-11-02,92.0943278620403
2003-11-03,92.0943278620403
2003-11-04,92.0943278620403
2003-11-05,92.0943278620403
2003-11-06,92.0943278620403
2003-11-07,92.0943278620403
2003-11-08,92.0943278620403
2003-11-09,92.0943278620403
2003-11-10,92.0943278620403
2003-11-11,92.0943278620403
2003-11-12,92.0943278620403
2003-11-13,92.0943278620403
2003-11-14,92.0943278620403
2003-11-15,92.0943278620403
2003-11-16,92.0943278620403
2003-11-17,92.0943278620403
2003-11-18,92.0943278620403
2003-11-19,92.0943278620403
2003-11-20,92.0943278620403
2003-11-21,92.0943278620403
2003-11-22,92.0943278620403
2003-11-23,92.0943278620403
2003-11-24,92.0943278620403
2003-11-25,92.0943278620403
2003-11-26,92.0943278620403
2003-11-27,92.0943278620403
2003-11-28,92.0943278620403
2003-11-29,92.0943278620403
2003-11-30,92.0943278620403
2003-12-01,90.17244961562434
2003-12-02,90.17244961562434
2003-12-03,90.17244961562434
2003-12-04,90.17244961562434
2003-12-05,90.17244961562434
2003-12-06,90.17244961562434
2003-12-07,90.17244961562434
2003-12-08,90.17244961562434
2003-12-09,90.17244961562434
2003-12-10,90.17244961562434
2003-12-11,90.17244961562434
2003-12-12,90.17244961562434
2003-12-13,90.17244961562434
2003-12-14,90.17244961562434
2003-12-15,90.17244961562434
2003-12-16,90.17244961562434
2003-12-17,90.17244961562434
2003-12-18,90.17244961562434
2003-12-19,90.17244961562434
2003-12-20,90.17244961562434
2003-12-21,90.17244961562434
2003-12-22,90.17244961562434
2003-12-23,90.17244961562434
2003-12-24,90.17244961562434
2003-12-25,90.17244961562434
2003-12-26,90.17244961562434
2003-12-27,90.17244961562434
2003-12-28,90.17244961562434
2003-12-29,90.17244961562434
2003-12-30,90.17244961562434
2003-12-31,90.17244961562434
2004-01-01,89.21670475794723
2004-01-02,89.21670475794723
2004-01-03,89.21670475794723
2004-01-04,89.21670475794723
2004-01-05,89.21670475794723
2004-01-06,89.21670475794723
2004-01-07,89.21670475794723
2004-01-08,89.21670475794723
2004-01-09,89.21670475794723
2004-01-10,89.21670475794723
2004-01-11,89.21670475794723
2004-01-12,89.21670475794723
2004-01-13,89.21670475794723
2004-01-14,89.21670475794723
2004-01-15,89.21670475794723
2004-01-16,89.21670475794723
2004-01-17,89.21670475794723
2004-01-18,89.21670475794723
2004-01-19,89.21670475794723
2004-01-20,89.21670475794723
2004-01-21,89.21670475794723
2004-01-22,89.21670475794723
2004-01-23,89.21670475794723
2004-01-24,89.21670475794723
2004-01-25,89.21670475794723
2004-01-26,89.21670475794723
2004-01-27,89.21670475794723
2004-01-28,89.21670475794723
2004-01-29,89.21670475794723
2004-01-30,89.21670475794723
2004-01-31,89.21670475794723
2004-02-01,87.65842509869104
2004-02-02,87.65842509869104
2004-02-03,87.65842509869104
2004-02-04,87.65842509869104
2004-02-05,87.65842509869104
2004-02-06,87.65842509869104
2004-02-07,87.65842509869104
2004-02-08,87.65842509869104
2004-02-09,87.65842509869104
2004-02-10,87.65842509869104
2004-02-11,87.65842509869104
2004-02-12,87.65842509869104
2004-02-13,87.65842509869104
2004-02-14,87.65842509869104
2004-02-15,87.65842509869104
2004-02-16,87.65842509869104
2004-02-17,87.65842509869104
2004-02-18,87.65842509869104
2004-02-19,87.65842509869104
2004-02-20,87.65842509869104
2004-02-21,87.65842509869104
2004-02-22,87.65842509869104
2004-02-23,87.65842509869104
2004-02-24,87.65842509869104
2004-02-25,87.65842509869104
2004-02-26,87.65842509869104
2004-02-27,87.65842509869104
2004-02-28,87.65842509869104
2004-02-29,87.65842509869104
2004-03-01,85.75732391439851
2004-03-02,85.75732391439851
2004-03-03,85.75732391439851
2004-03-04,85.75732391439851
2004-03-05,85.75732391439851
2004-03-06,85.75732391439851
2004-03-07,85.75732391439851
2004-03-08,85.75732391439851
2004-03-09,85.75732391439851
2004-03-10,85.75732391439851
2004-03-11,85.75732391439851
2004-03-12,85.75732391439851
2004-03-13,85.75732391439851
2004-03-14,85.75732391439851
2004-03-15,85.75732391439851
2004-03-16,85.75732391439851
2004-03-17,85.75732391439851
2004-03-18,85.75732391439851
2004-03-19,85.75732391439851
2004-03-20,85.75732391439851
2004-03-21,85.75732391439851
2004-03-22,85.75732391439851
2004-03-23,85.75732391439851
2004-03-24,85.75732391439851
2004-03-25,85.75732391439851
2004-03-26,85.75732391439851
2004-03-27,85.75732391439851
2004-03-28,85.75732391439851
2004-03-29,85.75732391439851
2004-03-30,85.75732391439851
2004-03-31,85.75732391439851
2004-04-01,81.98628713899855
2004-04-02,81.98628713899855
2004-04-03,81.98628713899855
2004-04-04,81.98628713899855
2004-04-05,81.98628713899855
2004-04-06,81.98628713899855
2004-04-07,81.98628713899855
2004-04-08,81.98628713899855
2004-04-09,81.98628713899855
2004-04-10,81.98628713899855
2004-04-11,81.98628713899855
2004-04-12,81.98628713899855
2004-04-13,81.98628713899855
2004-04-14,81.98628713899855
2004-04-15,81.98628713899855
2004-04-16,81.98628713899855
2004-04-17,81.98628713899855
2004-04-18,81.98628713899855
2004-04-19,81.98628713899855
2004-04-20,81.98628713899855
2004-04-21,81.98628713899855
2004-04-22,81.98628713899855
2004-04-23,81.98628713899855
2004-04-24,81.98628713899855
2004-04-25,81.98628713899855
2004-04-26,81.98628713899855
2004-04-27,81.98628713899855
2004-04-28,81.98628713899855
2004-04-29,81.98628713899855
2004-04-30,81.98628713899855
2004-05-01,81.98628713899855
2004-05-02,81.98628713899855
2004-05-03,81.98628713899855
2004-05-04,81.98628713899855
2004-05-05,81.98628713899855
2004-05-06,81.98628713899855
2004-05-07,81.98628713899855
2004-05-08,81.98628713899855
2004-05-09,81.98628713899855
2004-05-10,81.98628713899855
2004-05-11,81.98628713899855
2004-05-12,81.98628713899855
2004-05-13,81.98628713899855
2004-05-14,81.98628713899855
2004-05-15,81.98628713899855
2004-05-16,81.98628713899855
2004-05-17,81.98628713899855
2004-05-18,81.98628713899855
2004-05-19,81.98628713899855
2004-05-20,81.98628713899855
2004-05-21,81.98628713899855
2004-05-22,81.98628713899855
2004-05-23,81.98628713899855
2004-05-24,81.98628713899855
2004-05-25,81.98628713899855
2004-05-26,81.98628713899855
2004-05-27,81.98628713899855
2004-05-28,81.98628713899855
2004-05-29,81.98628713899855
2004-05-30,81.98628713899855
2004-05-31,81.98628713899855
2004-06-01,81.98628713899855
2004-06-02,81.98628713899855
2004-06-03,81.98628713899855
2004-06-04,81.98628713899855
2004-06-05,81.98628713899855
2004-06-06,81.98628713899855
2004-06-07,81.98628713899855
2004-06-08,81.98628713899855
2004-06-09,81.98628713899855
2004-06-10,81.98628713899855
2004-06-11,81.98628713899855
2004-06-12,81.98628713899855
2004-06-13,81.98628713899855
2004-06-14,81.98628713899855
2004-06-15,81.98628713899855
2004-06-16,81.98628713899855
2004-06-17,81.98628713899855
2004-06-18,81.98628713899855
2004-06-19,81.98628713899855
2004-06-20,81.98628713899855
2004-06-21,81.98628713899855
2004-06-22,81.98628713899855
2004-06-23,81.98628713899855
2004-06-24,81.98628713899855
2004-06-25,81.98628713899855
2004-06-26,81.98628713899855
2004-06-27,81.98628713899855
2004-06-28,81.98628713899855
2004-06-29,81.98628713899855
2004-06-30,81.98628713899855
2004-07-01,79.78391855391648
2004-07-02,79.78391855391648
2004-07-03,79.78391855391648
2004-07-04,79.78391855391648
2004-07-05,79.78391855391648
2004-07-06,79.78391855391648
2004-07-07,79.78391855391648
2004-07-08,79.78391855391648
2004-07-09,79.78391855391648
2004-07-10,79.78391855391648
2004-07-11,79.78391855391648
2004-07-12,79.78391855391648
2004-07-13,79.78391855391648
2004-07-14,79.78391855391648
2004-07-15,79.78391855391648
2004-07-16,79.78391855391648
2004-07-17,79.78391855391648
2004-07-18,79.78391855391648
2004-07-19,79.78391855391648
2004-07-20,79.78391855391648
2004-07-21,79.78391855391648
2004-07-22,79.78391855391648
2004-07-23,79.78391855391648
2004-07-24,79.78391855391648
2004-07-25,79.78391855391648
2004-07-26,79.78391855391648
2004-07-27,79.78391855391648
2004-07-28,79.78391855391648
2004-07-29,79.78391855391648
2004-07-30,79.78391855391648
2004-07-31,79.78391855391648
2004-08-01,69.86287138998546
2004-08-02,69.86287138998546
2004-08-03,69.86287138998546
2004-08-04,69.86287138998546
2004-08-05,69.86287138998546
2004-08-06,69.86287138998546
2004-08-07,69.86287138998546
2004-08-08,69.86287138998546
2004-08-09,69.86287138998546
2004-08-10,69.86287138998546
2004-08-11,69.86287138998546
2004-08-12,69.86287138998546
2004-08-13,69.86287138998546
2004-08-14,69.86287138998546
2004-08-15,69.86287138998546
2004-08-16,69.86287138998546
2004-08-17,69.86287138998546
2004-08-18,69.86287138998546
2004-08-19,69.86287138998546
2004-08-20,69.86287138998546
2004-08-21,69.86287138998546
2004-08-22,69.86287138998546
2004-08-23,69.86287138998546
2004-08-24,69.86287138998546
2004-08-25,69.86287138998546
2004-08-26,69.86287138998546
2004-08-27,69.86287138998546
2004-08-28,69.86287138998546
2004-08-29,69.86287138998546
2004-08-30,69.86287138998546
2004-08-31,69.86287138998546
2004-09-01,69.86287138998546
2004-09-02,69.86287138998546
2004-09-03,69.86287138998546
2004-09-04,69.86287138998546
2004-09-05,69.86287138998546
2004-09-06,69.86287138998546
2004-09-07,69.86287138998546
2004-09-08,69.86287138998546
2004-09-09,69.86287138998546
2004-09-10,69.86287138998546
2004-09-11,69.86287138998546
2004-09-12,69.86287138998546
2004-09-13,69.86287138998546
2004-09-14,69.86287138998546
2004-09-15,69.86287138998546
2004-09-16,69.86287138998546
2004-09-17,69.86287138998546
2004-09-18,69.86287138998546
2004-09-19,69.86287138998546
2004-09-20,69.86287138998546
2004-09-21,69.86287138998546
2004-09-22,69.86287138998546
2004-09-23,69.86287138998546
2004-09-24,69.86287138998546
2004-09-25,69.86287138998546
2004-09-26,69.86287138998546
2004-09-27,69.86287138998546
2004-09-28,69.86287138998546
2004-09-29,69.86287138998546
2004-09-30,69.86287138998546
2004-10-01,69.86287138998546
2004-10-02,69.86287138998546
2004-10-03,69.86287138998546
2004-10-04,69.86287138998546
2004-10-05,69.86287138998546
2004-10-06,69.86287138998546
2004-10-07,69.86287138998546
2004-10-08,69.86287138998546
2004-10-09,69.86287138998546
2004-10-10,69.86287138998546
2004-10-11,69.86287138998546
2004-10-12,69.86287138998546
2004-10-13,69.86287138998546
2004-10-14,69.86287138998546
2004-10-15,69.86287138998546
2004-10-16,69.86287138998546
2004-10-17,69.86287138998546
2004-10-18,69.86287138998546
2004-10-19,69.86287138998546
2004-10-20,69.86287138998546
2004-10-21,69.86287138998546
2004-10-22,69.86287138998546
2004-10-23,69.86287138998546
2004-10-24,69.86287138998546
2004-10-25,69.86287138998546
2004-10-26,69.86287138998546
2004-10-27,69.86287138998546
2004-10-28,69.86287138998546
2004-10-29,69.86287138998546
2004-10-30,69.86287138998546
2004-10-31,69.86287138998546
2004-11-01,69.22917099522128
2004-11-02,69.22917099522128
2004-11-03,69.22917099522128
2004-11-04,69.22917099522128
2004-11-05,69.22917099522128
2004-11-06,69.22917099522128
2004-11-07,69.22917099522128
2004-11-08,69.22917099522128
2004-11-09,69.22917099522128
2004-11-10,69.22917099522128
2004-11-11,69.22917099522128
2004-11-12,69.22917099522128
2004-11-13,69.22917099522128
2004-11-14,69.22917099522128
2004-11-15,69.22917099522128
2004-11-16,69.22917099522128
2004-11-17,69.22917099522128
2004-11-18,69.22917099522128
2004-11-19,69.22917099522128
2004-11-20,69.22917099522128
2004-11-21,69.22917099522128
2004-11-22,69.22917099522128
2004-11-23,69.22917099522128
2004-11-24,69.22917099522128
2004-11-25,69.22917099522128
2004-11-26,69.22917099522128
2004-11-27,69.22917099522128
2004-11-28,69.22917099522128
2004-11-29,69.22917099522128
2004-11-30,69.22917099522128
2004-12-01,69.22917099522128
2004-12-02,69.22917099522128
2004-12-03,69.22917099522128
2004-12-04,69.22917099522128
2004-12-05,69.22917099522128
2004-12-06,69.22917099522128
2004-12-07,69.22917099522128
2004-12-08,69.22917099522128
2004-12-09,69.22917099522128
2004-12-10,69.22917099522128
2004-12-11,69.22917099522128
2004-12-12,69.22917099522128
2004-12-13,69.22917099522128
2004-12-14,69.22917099522128
2004-12-15,69.22917099522128
2004-12-16,69.22917099522128
2004-12-17,69.22917099522128
2004-12-18,69.22917099522128
2004-12-19,69.22917099522128
2004-12-20,69.22917099522128
2004-12-21,69.22917099522128
2004-12-22,69.22917099522128
2004-12-23,69.22917099522128
2004-12-24,69.22917099522128
2004-12-25,69.22917099522128
2004-12-26,69.22917099522128
2004-12-27,69.22917099522128
2004-12-28,69.22917099522128
2004-12-29,69.22917099522128
2004-12-30,69.22917099522128
2004-12-31,69.22917099522128
2005-01-01,66.38271348431331
2005-01-02,66.38271348431331
2005-01-03,66.38271348431331
2005-01-04,66.38271348431331
2005-01-05,66.38271348431331
2005-01-06,66.38271348431331
2005-01-07,66.38271348431331
2005-01-08,66.38271348431331
2005-01-09,66.38271348431331
2005-01-10,66.38271348431331
2005-01-11,66.38271348431331
2005-01-12,66.38271348431331
2005-01-13,66.38271348431331
2005-01-14,66.38271348431331
2005-01-15,66.38271348431331
2005-01-16,66.38271348431331
2005-01-17,66.38271348431331
2005-01-18,66.38271348431331
2005-01-19,66.38271348431331
2005-01-20,66.38271348431331
2005-01-21,66.38271348431331
2005-01-22,66.38271348431331
2005-01-23,66.38271348431331
2005-01-24,66.38271348431331
2005-01-25,66.38271348431331
2005-01-26,66.38271348431331
2005-01-27,66.38271348431331
2005-01-28,66.38271348431331
2005-01-29,66.38271348431331
2005-01-30,66.38271348431331
2005-01-31,66.38271348431331
2005-02-01,66.38271348431331
2005-02-02,66.38271348431331
2005-02-03,66.38271348431331
2005-02-04,66.38271348431331
2005-02-05,66.38271348431331
2005-02-06,66.38271348431331
2005-02-07,66.38271348431331
2005-02-08,66.38271348431331
2005-02-09,66.38271348431331
2005-02-10,66.38271348431331
2005-02-11,66.38271348431331
2005-02-12,66.38271348431331
2005-02-13,66.38271348431331
2005-02-14,66.38271348431331
2005-02-15,66.38271348431331
2005-02-16,66.38271348431331
2005-02-17,66.38271348431331
2005-02-18,66.38271348431331
2005-02-19,66.38271348431331
2005-02-20,66.38271348431331
2005-02-21,66.38271348431331
2005-02-22,66.38271348431331
2005-02-23,66.38271348431331
2005-02-24,66.38271348431331
2005-02-25,66.38271348431331
2005-02-26,66.38271348431331
2005-02-27,66.38271348431331
2005-02-28,66.38271348431331
2005-03-01,60.6897984624974
2005-03-02,60.6897984624974
2005-03-03,60.6897984624974
2005-03-04,60.6897984624974
2005-03-05,60.6897984624974
2005-03-06,60.6897984624974
2005-03-07,60.6897984624974
2005-03-08,60.6897984624974
2005-03-09,60.6897984624974
2005-03-10,60.6897984624974
2005-03-11,60.6897984624974
2005-03-12,60.6897984624974
2005-03-13,60.6897984624974
2005-03-14,60.6897984624974
2005-03-15,60.6897984624974
2005-03-16,60.6897984624974
2005-03-17,60.6897984624974
2005-03-18,60.6897984624974
2005-03-19,60.6897984624974
2005-03-20,60.6897984624974
2005-03-21,60.6897984624974
2005-03-22,60.6897984624974
2005-03-23,60.6897984624974
2005-03-24,60.6897984624974
2005-03-25,60.6897984624974
2005-03-26,60.6897984624974
2005-03-27,60.6897984624974
2005-03-28,60.6897984624974
2005-03-29,60.6897984624974
2005-03-30,60.6897984624974
2005-03-31,60.6897984624974
2005-04-01,60.6897984624974
2005-04-02,60.6897984624974
2005-04-03,60.6897984624974
2005-04-04,60.6897984624974
2005-04-05,60.6897984624974
2005-04-06,60.6897984624974
2005-04-07,60.6897984624974
2005-04-08,60.6897984624974
2005-04-09,60.6897984624974
2005-04-10,60.6897984624974
2005-04-11,60.6897984624974
2005-04-12,60.6897984624974
2005-04-13,60.6897984624974
2005-04-14,60.6897984624974
2005-04-15,60.6897984624974
2005-04-16,60.6897984624974
2005-04-17,60.6897984624974
2005-04-18,60.6897984624974
2005-04-19,60.6897984624974
2005-04-20,60.6897984624974
2005-04-21,60.6897984624974
2005-04-22,60.6897984624974
2005-04-23,60.6897984624974
2005-04-24,60.6897984624974
2005-04-25,60.6897984624974
2005-04-26,60.6897984624974
2005-04-27,60.6897984624974
2005-04-28,60.6897984624974
2005-04-29,60.6897984624974
2005-04-30,60.6897984624974
2005-05-01,60.6897984624974
2005-05-02,60.6897984624974
2005-05-03,60.6897984624974
2005-05-04,60.6897984624974
2005-05-05,60.6897984624974
2005-05-06,60.6897984624974
2005-05-07,60.6897984624974
2005-05-08,60.6897984624974
2005-05-09,60.6897984624974
2005-05-10,60.6897984624974
2005-05-11,60.6897984624974
2005-05-12,60.6897984624974
2005-05-13,60.6897984624974
2005-05-14,60.6897984624974
2005-05-15,60.6897984624974
2005-05-16,60.6897984624974
2005-05-17,60.6897984624974
2005-05-18,60.6897984624974
2005-05-19,60.6897984624974
2005-05-20,60.6897984624974
2005-05-21,60.6897984624974
2005-05-22,60.6897984624974
2005-05-23,60.6897984624974
2005-05-24,60.6897984624974
2005-05-25,60.6897984624974
2005-05-26,60.6897984624974
2005-05-27,60.6897984624974
2005-05-28,60.6897984624974
2005-05-29,60.6897984624974
2005-05-30,60.6897984624974
2005-05-31,60.6897984624974
2005-06-01,57.18886349470185
2005-06-02,57.18886349470185
2005-06-03,57.18886349470185
2005-06-04,57.18886349470185
2005-06-05,57.18886349470185
2005-06-06,57.18886349470185
2005-06-07,57.18886349470185
2005-06-08,57.18886349470185
2005-06-09,57.18886349470185
2005-06-10,57.18886349470185
2005-06-11,57.18886349470185
2005-06-12,57.18886349470185
2005-06-13,57.18886349470185
2005-06-14,57.18886349470185
2005-06-15,57.18886349470185
2005-06-16,57.18886349470185
2005-06-17,57.18886349470185
2005-06-18,57.18886349470185
2005-06-19,57.18886349470185
2005-06-20,57.18886349470185
2005-06-21,57.18886349470185
2005-06-22,57.18886349470185
2005-06-23,57.18886349470185
2005-06-24,57.18886349470185
2005-06-25,57.18886349470185
2005-06-26,57.18886349470185
2005-06-27,57.18886349470185
2005-06-28,57.18886349470185
2005-06-29,57.18886349470185
2005-06-30,57.18886349470185
2005-07-01,57.18886349470185
2005-07-02,57.18886349470185
2005-07-03,57.18886349470185
2005-07-04,57.18886349470185
2005-07-05,57.18886349470185
2005-07-06,57.18886349470185
2005-07-07,57.18886349470185
2005-07-08,57.18886349470185
2005-07-09,57.18886349470185
2005-07-10,57.18886349470185
2005-07-11,57.18886349470185
2005-07-12,57.18886349470185
2005-07-13,57.18886349470185
2005-07-14,57.18886349470185
2005-07-15,57.18886349470185
2005-07-16,57.18886349470185
2005-07-17,57.18886349470185
2005-07-18,57.18886349470185
2005-07-19,57.18886349470185
2005-07-20,57.18886349470185
2005-07-21,57.18886349470185
2005-07-22,57.18886349470185
2005-07-23,57.18886349470185
2005-07-24,57.18886349470185
2005-07-25,57.18886349470185
2005-07-26,57.18886349470185
2005-07-27,57.18886349470185
2005-07-28,57.18886349470185
2005-07-29,57.18886349470185
2005-07-30,57.18886349470185
2005-07-31,57.18886349470185
2005-08-01,57.18886349470185
2005-08-02,57.18886349470185
2005-08-03,57.18886349470185
2005-08-04,57.18886349470185
2005-08-05,57.18886349470185
2005-08-06,57.18886349470185
2005-08-07,57.18886349470185
2005-08-08,57.18886349470185
2005-08-09,57.18886349470185
2005-08-10,57.18886349470185
2005-08-11,57.18886349470185
2005-08-12,57.18886349470185
2005-08-13,57.18886349470185
2005-08-14,57.18886349470185
2005-08-15,57.18886349470185
2005-08-16,57.18886349470185
2005-08-17,57.18886349470185
2005-08-18,57.18886349470185
2005-08-19,57.18886349470185
2005-08-20,57.18886349470185
2005-08-21,57.18886349470185
2005-08-22,57.18886349470185
2005-08-23,57.18886349470185
2005-08-24,57.18886349470185
2005-08-25,57.18886349470185
2005-08-26,57.18886349470185
2005-08-27,57.18886349470185
2005-08-28,57.18886349470185
2005-08-29,57.18886349470185
2005-08-30,57.18886349470185
2005-08-31,57.18886349470185
2005-09-01,57.18886349470185
2005-09-02,57.18886349470185
2005-09-03,57.18886349470185
2005-09-04,57.18886349470185
2005-09-05,57.18886349470185
2005-09-06,57.18886349470185
2005-09-07,57.18886349470185
2005-09-08,57.18886349470185
2005-09-09,57.18886349470185
2005-09-10,57.18886349470185
2005-09-11,57.18886349470185
2005-09-12,57.18886349470185
2005-09-13,57.18886349470185
2005-09-14,57.18886349470185
2005-09-15,57.18886349470185
2005-09-16,57.18886349470185
2005-09-17,57.18886349470185
2005-09-18,57.18886349470185
2005-09-19,57.18886349470185
2005-09-20,57.18886349470185
2005-09-21,57.18886349470185
2005-09-22,57.18886349470185
2005-09-23,57.18886349470185
2005-09-24,57.18886349470185
2005-09-25,57.18886349470185
2005-09-26,57.18886349470185
2005-09-27,57.18886349470185
2005-09-28,57.18886349470185
2005-09-29,57.18886349470185
2005-09-30,57.18886349470185
2005-10-01,57.18886349470185
2005-10-02,57.18886349470185
2005-10-03,57.18886349470185
2005-10-04,57.18886349470185
2005-10-05,57.18886349470185
2005-10-06,57.18886349470185
2005-10-07,57.18886349470185
2005-10-08,57.18886349470185
2005-10-09,57.18886349470185
2005-10-10,57.18886349470185
2005-10-11,57.18886349470185
2005-10-12,57.18886349470185
2005-10-13,57.18886349470185
2005-10-14,57.18886349470185
2005-10-15,57.18886349470185
2005-10-16,57.18886349470185
2005-10-17,57.18886349470185
2005-10-18,57.18886349470185
2005-10-19,57.18886349470185
2005-10-20,57.18886349470185
2005-10-21,57.18886349470185
2005-10-22,57.18886349470185
2005-10-23,57.18886349470185
2005-10-24,57.18886349470185
2005-10-25,57.18886349470185
2005-10-26,57.18886349470185
2005-10-27,57.18886349470185
2005-10-28,57.18886349470185
2005-10-29,57.18886349470185
2005-10-30,57.18886349470185
2005-10-31,57.18886349470185
2005-11-01,56.877207562850614
2005-11-02,56.877207562850614
2005-11-03,56.877207562850614
2005-11-04,56.877207562850614
2005-11-05,56.877207562850614
2005-11-06,56.877207562850614
2005-11-07,56.877207562850614
2005-11-08,56.877207562850614
2005-11-09,56.877207562850614
2005-11-10,56.877207562850614
2005-11-11,56.877207562850614
2005-11-12,56.877207562850614
2005-11-13,56.877207562850614
2005-11-14,56.877207562850614
2005-11-15,56.877207562850614
2005-11-16,56.877207562850614
2005-11-17,56.877207562850614
2005-11-18,56.877207562850614
2005-11-19,56.877207562850614
2005-11-20,56.877207562850614
2005-11-21,56.877207562850614
2005-11-22,56.877207562850614
2005-11-23,56.877207562850614
2005-11-24,56.877207562850614
2005-11-25,56.877207562850614
2005-11-26,56.877207562850614
2005-11-27,56.877207562850614
2005-11-28,56.877207562850614
2005-11-29,56.877207562850614
2005-11-30,56.877207562850614
2005-12-01,50.924579264491996
2005-12-02,50.924579264491996
2005-12-03,50.924579264491996
2005-12-04,50.924579264491996
2005-12-05,50.924579264491996
2005-12-06,50.924579264491996
2005-12-07,50.924579264491996
2005-12-08,50.924579264491996
2005-12-09,50.924579264491996
2005-12-10,50.924579264491996
2005-12-11,50.924579264491996
2005-12-12,50.924579264491996
2005-12-13,50.924579264491996
2005-12-14,50.924579264491996
2005-12-15,50.924579264491996
2005-12-16,50.924579264491996
2005-12-17,50.924579264491996
2005-12-18,50.924579264491996
2005-12-19,50.924579264491996
2005-12-20,50.924579264491996
2005-12-21,50.924579264491996
2005-12-22,50.924579264491996
2005-12-23,50.924579264491996
2005-12-24,50.924579264491996
2005-12-25,50.924579264491996
2005-12-26,50.924579264491996
2005-12-27,50.924579264491996
2005-12-28,50.924579264491996
2005-12-29,50.924579264491996
2005-12-30,50.924579264491996
2005-12-31,50.924579264491996
2006-01-01,47.44442135881986
2006-01-02,47.44442135881986
2006-01-03,47.44442135881986
2006-01-04,47.44442135881986
2006-01-05,47.44442135881986
2006-01-06,47.44442135881986
2006-01-07,47.44442135881986
2006-01-08,47.44442135881986
2006-01-09,47.44442135881986
2006-01-10,47.44442135881986
2006-01-11,47.44442135881986
2006-01-12,47.44442135881986
2006-01-13,47.44442135881986
2006-01-14,47.44442135881986
2006-01-15,47.44442135881986
2006-01-16,47.44442135881986
2006-01-17,47.44442135881986
2006-01-18,47.44442135881986
2006-01-19,47.44442135881986
2006-01-20,47.44442135881986
2006-01-21,47.44442135881986
2006-01-22,47.44442135881986
2006-01-23,47.44442135881986
2006-01-24,47.44442135881986
2006-01-25,47.44442135881986
2006-01-26,47.44442135881986
2006-01-27,47.44442135881986
2006-01-28,47.44442135881986
2006-01-29,47.44442135881986
2006-01-30,47.44442135881986
2006-01-31,47.44442135881986
2006-02-01,42.69686266361936
2006-02-02,42.69686266361936
2006-02-03,42.69686266361936
2006-02-04,42.69686266361936
2006-02-05,42.69686266361936
2006-02-06,42.69686266361936
2006-02-07,42.69686266361936
2006-02-08,42.69686266361936
2006-02-09,42.69686266361936
2006-02-10,42.69686266361936
2006-02-11,42.69686266361936
2006-02-12,42.69686266361936
2006-02-13,42.69686266361936
2006-02-14,42.69686266361936
2006-02-15,42.69686266361936
2006-02-16,42.69686266361936
2006-02-17,42.69686266361936
2006-02-18,42.69686266361936
2006-02-19,42.69686266361936
2006-02-20,42.69686266361936
2006-02-21,42.69686266361936
2006-02-22,42.69686266361936
2006-02-23,42.69686266361936
2006-02-24,42.69686266361936
2006-02-25,42.69686266361936
2006-02-26,42.69686266361936
2006-02-27,42.69686266361936
2006-02-28,42.69686266361936
2006-03-01,42.37481820070642
2006-03-02,42.37481820070642
2006-03-03,42.37481820070642
2006-03-04,42.37481820070642
2006-03-05,42.37481820070642
2006-03-06,42.37481820070642
2006-03-07,42.37481820070642
2006-03-08,42.37481820070642
2006-03-09,42.37481820070642
2006-03-10,42.37481820070642
2006-03-11,42.37481820070642
2006-03-12,42.37481820070642
2006-03-13,42.37481820070642
2006-03-14,42.37481820070642
2006-03-15,42.37481820070642
2006-03-16,42.37481820070642
2006-03-17,42.37481820070642
2006-03-18,42.37481820070642
2006-03-19,42.37481820070642
2006-03-20,42.37481820070642
2006-03-21,42.37481820070642
2006-03-22,42.37481820070642
2006-03-23,42.37481820070642
2006-03-24,42.37481820070642
2006-03-25,42.37481820070642
2006-03-26,42.37481820070642
2006-03-27,42.37481820070642
2006-03-28,42.37481820070642
2006-03-29,42.37481820070642
2006-03-30,42.37481820070642
2006-03-31,42.37481820070642
2006-04-01,41.74111780594224
2006-04-02,41.74111780594224
2006-04-03,41.74111780594224
2006-04-04,41.74111780594224
2006-04-05,41.74111780594224
2006-04-06,41.74111780594224
2006-04-07,41.74111780594224
2006-04-08,41.74111780594224
2006-04-09,41.74111780594224
2006-04-10,41.74111780594224
2006-04-11,41.74111780594224
2006-04-12,41.74111780594224
2006-04-13,41.74111780594224
2006-04-14,41.74111780594224
2006-04-15,41.74111780594224
2006-04-16,41.74111780594224
2006-04-17,41.74111780594224
2006-04-18,41.74111780594224
2006-04-19,41.74111780594224
2006-04-20,41.74111780594224
2006-04-21,41.74111780594224
2006-04-22,41.74111780594224
2006-04-23,41.74111780594224
2006-04-24,41.74111780594224
2006-04-25,41.74111780594224
2006-04-26,41.74111780594224
2006-04-27,41.74111780594224
2006-04-28,41.74111780594224
2006-04-29,41.74111780594224
2006-04-30,41.74111780594224
2006-05-01,32.87970081030542
2006-05-02,32.87970081030542
2006-05-03,32.87970081030542
2006-05-04,32.87970081030542
2006-05-05,32.87970081030542
2006-05-06,32.87970081030542
2006-05-07,32.87970081030542
2006-05-08,32.87970081030542
2006-05-09,32.87970081030542
2006-05-10,32.87970081030542
2006-05-11,32.87970081030542
2006-05-12,32.87970081030542
2006-05-13,32.87970081030542
2006-05-14,32.87970081030542
2006-05-15,32.87970081030542
2006-05-16,32.87970081030542
2006-05-17,32.87970081030542
2006-05-18,32.87970081030542
2006-05-19,32.87970081030542
2006-05-20,32.87970081030542
2006-05-21,32.87970081030542
2006-05-22,32.87970081030542
2006-05-23,32.87970081030542
2006-05-24,32.87970081030542
2006-05-25,32.87970081030542
2006-05-26,32.87970081030542
2006-05-27,32.87970081030542
2006-05-28,32.87970081030542
2006-05-29,32.87970081030542
2006-05-30,32.87970081030542
2006-05-31,32.87970081030542
2006-06-01,45.543320174527324
2006-06-02,45.543320174527324
2006-06-03,45.543320174527324
2006-06-04,45.543320174527324
2006-06-05,45.543320174527324
2006-06-06,45.543320174527324
2006-06-07,45.543320174527324
2006-06-08,45.543320174527324
2006-06-09,45.543320174527324
2006-06-10,45.543320174527324
2006-06-11,45.543320174527324
2006-06-12,45.543320174527324
2006-06-13,45.543320174527324
2006-06-14,45.543320174527324
2006-06-15,45.543320174527324
2006-06-16,45.543320174527324
2006-06-17,45.543320174527324
2006-06-18,45.543320174527324
2006-06-19,45.543320174527324
2006-06-20,45.543320174527324
2006-06-21,45.543320174527324
2006-06-22,45.543320174527324
2006-06-23,45.543320174527324
2006-06-24,45.543320174527324
2006-06-25,45.543320174527324
2006-06-26,45.543320174527324
2006-06-27,45.543320174527324
2006-06-28,45.543320174527324
2006-06-29,45.543320174527324
2006-06-30,45.543320174527324
2006-07-01,39.52836068979846
2006-07-02,39.52836068979846
2006-07-03,39.52836068979846
2006-07-04,39.52836068979846
2006-07-05,39.52836068979846
2006-07-06,39.52836068979846
2006-07-07,39.52836068979846
2006-07-08,39.52836068979846
2006-07-09,39.52836068979846
2006-07-10,39.52836068979846
2006-07-11,39.52836068979846
2006-07-12,39.52836068979846
2006-07-13,39.52836068979846
2006-07-14,39.52836068979846
2006-07-15,39.52836068979846
2006-07-16,39.52836068979846
2006-07-17,39.52836068979846
2006-07-18,39.52836068979846
2006-07-19,39.52836068979846
2006-07-20,39.52836068979846
2006-07-21,39.52836068979846
2006-07-22,39.52836068979846
2006-07-23,39.52836068979846
2006-07-24,39.52836068979846
2006-07-25,39.52836068979846
2006-07-26,39.52836068979846
2006-07-27,39.52836068979846
2006-07-28,39.52836068979846
2006-07-29,39.52836068979846
2006-07-30,39.52836068979846
2006-07-31,39.52836068979846
2006-08-01,46.16663203822979
2006-08-02,46.16663203822979
2006-08-03,46.16663203822979
2006-08-04,46.16663203822979
2006-08-05,46.16663203822979
2006-08-06,46.16663203822979
2006-08-07,46.16663203822979
2006-08-08,46.16663203822979
2006-08-09,46.16663203822979
2006-08-10,46.16663203822979
2006-08-11,46.16663203822979
2006-08-12,46.16663203822979
2006-08-13,46.16663203822979
2006-08-14,46.16663203822979
2006-08-15,46.16663203822979
2006-08-16,46.16663203822979
2006-08-17,46.16663203822979
2006-08-18,46.16663203822979
2006-08-19,46.16663203822979
2006-08-20,46.16663203822979
2006-08-21,46.16663203822979
2006-08-22,46.16663203822979
2006-08-23,46.16663203822979
2006-08-24,46.16663203822979
2006-08-25,46.16663203822979
2006-08-26,46.16663203822979
2006-08-27,46.16663203822979
2006-08-28,46.16663203822979
2006-08-29,46.16663203822979
2006-08-30,46.16663203822979
2006-08-31,46.16663203822979
2006-09-01,49.98961146893829
2006-09-02,49.98961146893829
2006-09-03,49.98961146893829
2006-09-04,49.98961146893829
2006-09-05,49.98961146893829
2006-09-06,49.98961146893829
2006-09-07,49.98961146893829
2006-09-08,49.98961146893829
2006-09-09,49.98961146893829
2006-09-10,49.98961146893829
2006-09-11,49.98961146893829
2006-09-12,49.98961146893829
2006-09-13,49.98961146893829
2006-09-14,49.98961146893829
2006-09-15,49.98961146893829
2006-09-16,49.98961146893829
2006-09-17,49.98961146893829
2006-09-18,49.98961146893829
2006-09-19,49.98961146893829
2006-09-20,49.98961146893829
2006-09-21,49.98961146893829
2006-09-22,49.98961146893829
2006-09-23,49.98961146893829
2006-09-24,49.98961146893829
2006-09-25,49.98961146893829
2006-09-26,49.98961146893829
2006-09-27,49.98961146893829
2006-09-28,49.98961146893829
2006-09-29,49.98961146893829
2006-09-30,49.98961146893829
2006-10-01,43.94348639102431
2006-10-02,43.94348639102431
2006-10-03,43.94348639102431
2006-10-04,43.94348639102431
2006-10-05,43.94348639102431
2006-10-06,43.94348639102431
2006-10-07,43.94348639102431
2006-10-08,43.94348639102431
2006-10-09,43.94348639102431
2006-10-10,43.94348639102431
2006-10-11,43.94348639102431
2006-10-12,43.94348639102431
2006-10-13,43.94348639102431
2006-10-14,43.94348639102431
2006-10-15,43.94348639102431
2006-10-16,43.94348639102431
2006-10-17,43.94348639102431
2006-10-18,43.94348639102431
2006-10-19,43.94348639102431
2006-10-20,43.94348639102431
2006-10-21,43.94348639102431
2006-10-22,43.94348639102431
2006-10-23,43.94348639102431
2006-10-24,43.94348639102431
2006-10-25,43.94348639102431
2006-10-26,43.94348639102431
2006-10-27,43.94348639102431
2006-10-28,43.94348639102431
2006-10-29,43.94348639102431
2006-10-30,43.94348639102431
2006-10-31,43.94348639102431
2006-11-01,48.400166216496984
2006-11-02,48.400166216496984
2006-11-03,48.400166216496984
2006-11-04,48.400166216496984
2006-11-05,48.400166216496984
2006-11-06,48.400166216496984
2006-11-07,48.400166216496984
2006-11-08,48.400166216496984
2006-11-09,48.400166216496984
2006-11-10,48.400166216496984
2006-11-11,48.400166216496984
2006-11-12,48.400166216496984
2006-11-13,48.400166216496984
2006-11-14,48.400166216496984
2006-11-15,48.400166216496984
2006-11-16,48.400166216496984
2006-11-17,48.400166216496984
2006-11-18,48.400166216496984
2006-11-19,48.400166216496984
2006-11-20,48.400166216496984
2006-11-21,48.400166216496984
2006-11-22,48.400166216496984
2006-11-23,48.400166216496984
2006-11-24,48.400166216496984
2006-11-25,48.400166216496984
2006-11-26,48.400166216496984
2006-11-27,48.400166216496984
2006-11-28,48.400166216496984
2006-11-29,48.400166216496984
2006-11-30,48.400166216496984
2006-12-01,46.800332432993976
2006-12-02,46.800332432993976
2006-12-03,46.800332432993976
2006-12-04,46.800332432993976
2006-12-05,46.800332432993976
2006-12-06,46.800332432993976
2006-12-07,46.800332432993976
2006-12-08,46.800332432993976
2006-12-09,46.800332432993976
2006-12-10,46.800332432993976
2006-12-11,46.800332432993976
2006-12-12,46.800332432993976
2006-12-13,46.800332432993976
2006-12-14,46.800332432993976
2006-12-15,46.800332432993976
2006-12-16,46.800332432993976
2006-12-17,46.800332432993976
2006-12-18,46.800332432993976
2006-12-19,46.800332432993976
2006-12-20,46.800332432993976
2006-12-21,46.800332432993976
2006-12-22,46.800332432993976
2006-12-23,46.800332432993976
2006-12-24,46.800332432993976
2006-12-25,46.800332432993976
2006-12-26,46.800332432993976
2006-12-27,46.800332432993976
2006-12-28,46.800332432993976
2006-12-29,46.800332432993976
2006-12-30,46.800332432993976
2006-12-31,46.800332432993976
2007-01-01,59.1003532100561
2007-01-02,59.1003532100561
2007-01-03,59.1003532100561
2007-01-04,59.1003532100561
2007-01-05,59.1003532100561
2007-01-06,59.1003532100561
2007-01-07,59.1003532100561
2007-01-08,59.1003532100561
2007-01-09,59.1003532100561
2007-01-10,59.1003532100561
2007-01-11,59.1003532100561
2007-01-12,59.1003532100561
2007-01-13,59.1003532100561
2007-01-14,59.1003532100561
2007-01-15,59.1003532100561
2007-01-16,59.1003532100561
2007-01-17,59.1003532100561
2007-01-18,59.1003532100561
2007-01-19,59.1003532100561
2007-01-20,59.1003532100561
2007-01-21,59.1003532100561
2007-01-22,59.1003532100561
2007-01-23,59.1003532100561
2007-01-24,59.1003532100561
2007-01-25,59.1003532100561
2007-01-26,59.1003532100561
2007-01-27,59.1003532100561
2007-01-28,59.1003532100561
2007-01-29,59.1003532100561
2007-01-30,59.1003532100561
2007-01-31,59.1003532100561
2007-02-01,55.620195304383955
2007-02-02,55.620195304383955
2007-02-03,55.620195304383955
2007-02-04,55.620195304383955
2007-02-05,55.620195304383955
2007-02-06,55.620195304383955
2007-02-07,55.620195304383955
2007-02-08,55.620195304383955
2007-02-09,55.620195304383955
2007-02-10,55.620195304383955
2007-02-11,55.620195304383955
2007-02-12,55.620195304383955
2007-02-13,55.620195304383955
2007-02-14,55.620195304383955
2007-02-15,55.620195304383955
2007-02-16,55.620195304383955
2007-02-17,55.620195304383955
2007-02-18,55.620195304383955
2007-02-19,55.620195304383955
2007-02-20,55.620195304383955
2007-02-21,55.620195304383955
2007-02-22,55.620195304383955
2007-02-23,55.620195304383955
2007-02-24,55.620195304383955
2007-02-25,55.620195304383955
2007-02-26,55.620195304383955
2007-02-27,55.620195304383955
2007-02-28,55.620195304383955
2007-03-01,55.91107417411179
2007-03-02,55.91107417411179
2007-03-03,55.91107417411179
2007-03-04,55.91107417411179
2007-03-05,55.91107417411179
2007-03-06,55.91107417411179
2007-03-07,55.91107417411179
2007-03-08,55.91107417411179
2007-03-09,55.91107417411179
2007-03-10,55.91107417411179
2007-03-11,55.91107417411179
2007-03-12,55.91107417411179
2007-03-13,55.91107417411179
2007-03-14,55.91107417411179
2007-03-15,55.91107417411179
2007-03-16,55.91107417411179
2007-03-17,55.91107417411179
2007-03-18,55.91107417411179
2007-03-19,55.91107417411179
2007-03-20,55.91107417411179
2007-03-21,55.91107417411179
2007-03-22,55.91107417411179
2007-03-23,55.91107417411179
2007-03-24,55.91107417411179
2007-03-25,55.91107417411179
2007-03-26,55.91107417411179
2007-03-27,55.91107417411179
2007-03-28,55.91107417411179
2007-03-29,55.91107417411179
2007-03-30,55.91107417411179
2007-03-31,55.91107417411179
2007-04-01,50.61292333264077
2007-04-02,50.61292333264077
2007-04-03,50.61292333264077
2007-04-04,50.61292333264077
2007-04-05,50.61292333264077
2007-04-06,50.61292333264077
2007-04-07,50.61292333264077
2007-04-08,50.61292333264077
2007-04-09,50.61292333264077
2007-04-10,50.61292333264077
2007-04-11,50.61292333264077
2007-04-12,50.61292333264077
2007-04-13,50.61292333264077
2007-04-14,50.61292333264077
2007-04-15,50.61292333264077
2007-04-16,50.61292333264077
2007-04-17,50.61292333264077
2007-04-18,50.61292333264077
2007-04-19,50.61292333264077
2007-04-20,50.61292333264077
2007-04-21,50.61292333264077
2007-04-22,50.61292333264077
2007-04-23,50.61292333264077
2007-04-24,50.61292333264077
2007-04-25,50.61292333264077
2007-04-26,50.61292333264077
2007-04-27,50.61292333264077
2007-04-28,50.61292333264077
2007-04-29,50.61292333264077
2007-04-30,50.61292333264077
2007-05-01,53.76064824433825
2007-05-02,53.76064824433825
2007-05-03,53.76064824433825
2007-05-04,53.76064824433825
2007-05-05,53.76064824433825
2007-05-06,53.76064824433825
2007-05-07,53.76064824433825
2007-05-08,53.76064824433825
2007-05-09,53.76064824433825
2007-05-10,53.76064824433825
2007-05-11,53.76064824433825
2007-05-12,53.76064824433825
2007-05-13,53.76064824433825
2007-05-14,53.76064824433825
2007-05-15,53.76064824433825
2007-05-16,53.76064824433825
2007-05-17,53.76064824433825
2007-05-18,53.76064824433825
2007-05-19,53.76064824433825
2007-05-20,53.76064824433825
2007-05-21,53.76064824433825
2007-05-22,53.76064824433825
2007-05-23,53.76064824433825
2007-05-24,53.76064824433825
2007-05-25,53.76064824433825
2007-05-26,53.76064824433825
2007-05-27,53.76064824433825
2007-05-28,53.76064824433825
2007-05-29,53.76064824433825
2007-05-30,53.76064824433825
2007-05-31,53.76064824433825
2007-06-01,54.08269270725119
2007-06-02,54.08269270725119
2007-06-03,54.08269270725119
2007-06-04,54.08269270725119
2007-06-05,54.08269270725119
2007-06-06,54.08269270725119
2007-06-07,54.08269270725119
2007-06-08,54.08269270725119
2007-06-09,54.08269270725119
2007-06-10,54.08269270725119
2007-06-11,54.08269270725119
2007-06-12,54.08269270725119
2007-06-13,54.08269270725119
2007-06-14,54.08269270725119
2007-06-15,54.08269270725119
2007-06-16,54.08269270725119
2007-06-17,54.08269270725119
2007-06-18,54.08269270725119
2007-06-19,54.08269270725119
2007-06-20,54.08269270725119
2007-06-21,54.08269270725119
2007-06-22,54.08269270725119
2007-06-23,54.08269270725119
2007-06-24,54.08269270725119
2007-06-25,54.08269270725119
2007-06-26,54.08269270725119
2007-06-27,54.08269270725119
2007-06-28,54.08269270725119
2007-06-29,54.08269270725119
2007-06-30,54.08269270725119
2007-07-01,42.05277373779347
2007-07-02,42.05277373779347
2007-07-03,42.05277373779347
2007-07-04,42.05277373779347
2007-07-05,42.05277373779347
2007-07-06,42.05277373779347
2007-07-07,42.05277373779347
2007-07-08,42.05277373779347
2007-07-09,42.05277373779347
2007-07-10,42.05277373779347
2007-07-11,42.05277373779347
2007-07-12,42.05277373779347
2007-07-13,42.05277373779347
2007-07-14,42.05277373779347
2007-07-15,42.05277373779347
2007-07-16,42.05277373779347
2007-07-17,42.05277373779347
2007-07-18,42.05277373779347
2007-07-19,42.05277373779347
2007-07-20,42.05277373779347
2007-07-21,42.05277373779347
2007-07-22,42.05277373779347
2007-07-23,42.05277373779347
2007-07-24,42.05277373779347
2007-07-25,42.05277373779347
2007-07-26,42.05277373779347
2007-07-27,42.05277373779347
2007-07-28,42.05277373779347
2007-07-29,42.05277373779347
2007-07-30,42.05277373779347
2007-07-31,42.05277373779347
2007-08-01,47.76646582173281
2007-08-02,47.76646582173281
2007-08-03,47.76646582173281
2007-08-04,47.76646582173281
2007-08-05,47.76646582173281
2007-08-06,47.76646582173281
2007-08-07,47.76646582173281
2007-08-08,47.76646582173281
2007-08-09,47.76646582173281
2007-08-10,47.76646582173281
2007-08-11,47.76646582173281
2007-08-12,47.76646582173281
2007-08-13,47.76646582173281
2007-08-14,47.76646582173281
2007-08-15,47.76646582173281
2007-08-16,47.76646582173281
2007-08-17,47.76646582173281
2007-08-18,47.76646582173281
2007-08-19,47.76646582173281
2007-08-20,47.76646582173281
2007-08-21,47.76646582173281
2007-08-22,47.76646582173281
2007-08-23,47.76646582173281
2007-08-24,47.76646582173281
2007-08-25,47.76646582173281
2007-08-26,47.76646582173281
2007-08-27,47.76646582173281
2007-08-28,47.76646582173281
2007-08-29,47.76646582173281
2007-08-30,47.76646582173281
2007-08-31,47.76646582173281
2007-09-01,52.49324745480989
2007-09-02,52.49324745480989
2007-09-03,52.49324745480989
2007-09-04,52.49324745480989
2007-09-05,52.49324745480989
2007-09-06,52.49324745480989
2007-09-07,52.49324745480989
2007-09-08,52.49324745480989
2007-09-09,52.49324745480989
2007-09-10,52.49324745480989
2007-09-11,52.49324745480989
2007-09-12,52.49324745480989
2007-09-13,52.49324745480989
2007-09-14,52.49324745480989
2007-09-15,52.49324745480989
2007-09-16,52.49324745480989
2007-09-17,52.49324745480989
2007-09-18,52.49324745480989
2007-09-19,52.49324745480989
2007-09-20,52.49324745480989
2007-09-21,52.49324745480989
2007-09-22,52.49324745480989
2007-09-23,52.49324745480989
2007-09-24,52.49324745480989
2007-09-25,52.49324745480989
2007-09-26,52.49324745480989
2007-09-27,52.49324745480989
2007-09-28,52.49324745480989
2007-09-29,52.49324745480989
2007-09-30,52.49324745480989
2007-10-01,58.77830874714315
2007-10-02,58.77830874714315
2007-10-03,58.77830874714315
2007-10-04,58.77830874714315
2007-10-05,58.77830874714315
2007-10-06,58.77830874714315
2007-10-07,58.77830874714315
2007-10-08,58.77830874714315
2007-10-09,58.77830874714315
2007-10-10,58.77830874714315
2007-10-11,58.77830874714315
2007-10-12,58.77830874714315
2007-10-13,58.77830874714315
2007-10-14,58.77830874714315
2007-10-15,58.77830874714315
2007-10-16,58.77830874714315
2007-10-17,58.77830874714315
2007-10-18,58.77830874714315
2007-10-19,58.77830874714315
2007-10-20,58.77830874714315
2007-10-21,58.77830874714315
2007-10-22,58.77830874714315
2007-10-23,58.77830874714315
2007-10-24,58.77830874714315
2007-10-25,58.77830874714315
2007-10-26,58.77830874714315
2007-10-27,58.77830874714315
2007-10-28,58.77830874714315
2007-10-29,58.77830874714315
2007-10-30,58.77830874714315
2007-10-31,58.77830874714315
2007-11-01,50.30126740078953
2007-11-02,50.30126740078953
2007-11-03,50.30126740078953
2007-11-04,50.30126740078953
2007-11-05,50.30126740078953
2007-11-06,50.30126740078953
2007-11-07,50.30126740078953
2007-11-08,50.30126740078953
2007-11-09,50.30126740078953
2007-11-10,50.30126740078953
2007-11-11,50.30126740078953
2007-11-12,50.30126740078953
2007-11-13,50.30126740078953
2007-11-14,50.30126740078953
2007-11-15,50.30126740078953
2007-11-16,50.30126740078953
2007-11-17,50.30126740078953
2007-11-18,50.30126740078953
2007-11-19,50.30126740078953
2007-11-20,50.30126740078953
2007-11-21,50.30126740078953
2007-11-22,50.30126740078953
2007-11-23,50.30126740078953
2007-11-24,50.30126740078953
2007-11-25,50.30126740078953
2007-11-26,50.30126740078953
2007-11-27,50.30126740078953
2007-11-28,50.30126740078953
2007-11-29,50.30126740078953
2007-11-30,50.30126740078953
2007-12-01,48.71182214834822
2007-12-02,48.71182214834822
2007-12-03,48.71182214834822
2007-12-04,48.71182214834822
2007-12-05,48.71182214834822
2007-12-06,48.71182214834822
2007-12-07,48.71182214834822
2007-12-08,48.71182214834822
2007-12-09,48.71182214834822
2007-12-10,48.71182214834822
2007-12-11,48.71182214834822
2007-12-12,48.71182214834822
2007-12-13,48.71182214834822
2007-12-14,48.71182214834822
2007-12-15,48.71182214834822
2007-12-16,48.71182214834822
2007-12-17,48.71182214834822
2007-12-18,48.71182214834822
2007-12-19,48.71182214834822
2007-12-20,48.71182214834822
2007-12-21,48.71182214834822
2007-12-22,48.71182214834822
2007-12-23,48.71182214834822
2007-12-24,48.71182214834822
2007-12-25,48.71182214834822
2007-12-26,48.71182214834822
2007-12-27,48.71182214834822
2007-12-28,48.71182214834822
2007-12-29,48.71182214834822
2007-12-30,48.71182214834822
2007-12-31,48.71182214834822
2008-01-01,31.923955952628297
2008-01-02,31.923955952628297
2008-01-03,31.923955952628297
2008-01-04,31.923955952628297
2008-01-05,31.923955952628297
2008-01-06,31.923955952628297
2008-01-07,31.923955952628297
2008-01-08,31.923955952628297
2008-01-09,31.923955952628297
2008-01-10,31.923955952628297
2008-01-11,31.923955952628297
2008-01-12,31.923955952628297
2008-01-13,31.923955952628297
2008-01-14,31.923955952628297
2008-01-15,31.923955952628297
2008-01-16,31.923955952628297
2008-01-17,31.923955952628297
2008-01-18,31.923955952628297
2008-01-19,31.923955952628297
2008-01-20,31.923955952628297
2008-01-21,31.923955952628297
2008-01-22,31.923955952628297
2008-01-23,31.923955952628297
2008-01-24,31.923955952628297
2008-01-25,31.923955952628297
2008-01-26,31.923955952628297
2008-01-27,31.923955952628297
2008-01-28,31.923955952628297
2008-01-29,31.923955952628297
2008-01-30,31.923955952628297
2008-01-31,31.923955952628297
2008-02-01,27.789320590068566
2008-02-02,27.789320590068566
2008-02-03,27.789320590068566
2008-02-04,27.789320590068566
2008-02-05,27.789320590068566
2008-02-06,27.789320590068566
2008-02-07,27.789320590068566
2008-02-08,27.789320590068566
2008-02-09,27.789320590068566
2008-02-10,27.789320590068566
2008-02-11,27.789320590068566
2008-02-12,27.789320590068566
2008-02-13,27.789320590068566
2008-02-14,27.789320590068566
2008-02-15,27.789320590068566
2008-02-16,27.789320590068566
2008-02-17,27.789320590068566
2008-02-18,27.789320590068566
2008-02-19,27.789320590068566
2008-02-20,27.789320590068566
2008-02-21,27.789320590068566
2008-02-22,27.789320590068566
2008-02-23,27.789320590068566
2008-02-24,27.789320590068566
2008-02-25,27.789320590068566
2008-02-26,27.789320590068566
2008-02-27,27.789320590068566
2008-02-28,27.789320590068566
2008-02-29,27.789320590068566
2008-03-01,28.09058799085809
2008-03-02,28.09058799085809
2008-03-03,28.09058799085809
2008-03-04,28.09058799085809
2008-03-05,28.09058799085809
2008-03-06,28.09058799085809
2008-03-07,28.09058799085809
2008-03-08,28.09058799085809
2008-03-09,28.09058799085809
2008-03-10,28.09058799085809
2008-03-11,28.09058799085809
2008-03-12,28.09058799085809
2008-03-13,28.09058799085809
2008-03-14,28.09058799085809
2008-03-15,28.09058799085809
2008-03-16,28.09058799085809
2008-03-17,28.09058799085809
2008-03-18,28.09058799085809
2008-03-19,28.09058799085809
2008-03-20,28.09058799085809
2008-03-21,28.09058799085809
2008-03-22,28.09058799085809
2008-03-23,28.09058799085809
2008-03-24,28.09058799085809
2008-03-25,28.09058799085809
2008-03-26,28.09058799085809
2008-03-27,28.09058799085809
2008-03-28,28.09058799085809
2008-03-29,28.09058799085809
2008-03-30,28.09058799085809
2008-03-31,28.09058799085809
2008-04-01,34.80157905672138
2008-04-02,34.80157905672138
2008-04-03,34.80157905672138
2008-04-04,34.80157905672138
2008-04-05,34.80157905672138
2008-04-06,34.80157905672138
2008-04-07,34.80157905672138
2008-04-08,34.80157905672138
2008-04-09,34.80157905672138
2008-04-10,34.80157905672138
2008-04-11,34.80157905672138
2008-04-12,34.80157905672138
2008-04-13,34.80157905672138
2008-04-14,34.80157905672138
2008-04-15,34.80157905672138
2008-04-16,34.80157905672138
2008-04-17,34.80157905672138
2008-04-18,34.80157905672138
2008-04-19,34.80157905672138
2008-04-20,34.80157905672138
2008-04-21,34.80157905672138
2008-04-22,34.80157905672138
2008-04-23,34.80157905672138
2008-04-24,34.80157905672138
2008-04-25,34.80157905672138
2008-04-26,34.80157905672138
2008-04-27,34.80157905672138
2008-04-28,34.80157905672138
2008-04-29,34.80157905672138
2008-04-30,34.80157905672138
2008-05-01,42.98774153334718
2008-05-02,42.98774153334718
2008-05-03,42.98774153334718
2008-05-04,42.98774153334718
2008-05-05,42.98774153334718
2008-05-06,42.98774153334718
2008-05-07,42.98774153334718
2008-05-08,42.98774153334718
2008-05-09,42.98774153334718
2008-05-10,42.98774153334718
2008-05-11,42.98774153334718
2008-05-12,42.98774153334718
2008-05-13,42.98774153334718
2008-05-14,42.98774153334718
2008-05-15,42.98774153334718
2008-05-16,42.98774153334718
2008-05-17,42.98774153334718
2008-05-18,42.98774153334718
2008-05-19,42.98774153334718
2008-05-20,42.98774153334718
2008-05-21,42.98774153334718
2008-05-22,42.98774153334718
2008-05-23,42.98774153334718
2008-05-24,42.98774153334718
2008-05-25,42.98774153334718
2008-05-26,42.98774153334718
2008-05-27,42.98774153334718
2008-05-28,42.98774153334718
2008-05-29,42.98774153334718
2008-05-30,42.98774153334718
2008-05-31,42.98774153334718
2008-06-01,30.022854768335755
2008-06-02,30.022854768335755
2008-06-03,30.022854768335755
2008-06-04,30.022854768335755
2008-06-05,30.022854768335755
2008-06-06,30.022854768335755
2008-06-07,30.022854768335755
2008-06-08,30.022854768335755
2008-06-09,30.022854768335755
2008-06-10,30.022854768335755
2008-06-11,30.022854768335755
2008-06-12,30.022854768335755
2008-06-13,30.022854768335755
2008-06-14,30.022854768335755
2008-06-15,30.022854768335755
2008-06-16,30.022854768335755
2008-06-17,30.022854768335755
2008-06-18,30.022854768335755
2008-06-19,30.022854768335755
2008-06-20,30.022854768335755
2008-06-21,30.022854768335755
2008-06-22,30.022854768335755
2008-06-23,30.022854768335755
2008-06-24,30.022854768335755
2008-06-25,30.022854768335755
2008-06-26,30.022854768335755
2008-06-27,30.022854768335755
2008-06-28,30.022854768335755
2008-06-29,30.022854768335755
2008-06-30,30.022854768335755
2008-07-01,31.290255557864118
2008-07-02,31.290255557864118
2008-07-03,31.290255557864118
2008-07-04,31.290255557864118
2008-07-05,31.290255557864118
2008-07-06,31.290255557864118
2008-07-07,31.290255557864118
2008-07-08,31.290255557864118
2008-07-09,31.290255557864118
2008-07-10,31.290255557864118
2008-07-11,31.290255557864118
2008-07-12,31.290255557864118
2008-07-13,31.290255557864118
2008-07-14,31.290255557864118
2008-07-15,31.290255557864118
2008-07-16,31.290255557864118
2008-07-17,31.290255557864118
2008-07-18,31.290255557864118
2008-07-19,31.290255557864118
2008-07-20,31.290255557864118
2008-07-21,31.290255557864118
2008-07-22,31.290255557864118
2008-07-23,31.290255557864118
2008-07-24,31.290255557864118
2008-07-25,31.290255557864118
2008-07-26,31.290255557864118
2008-07-27,31.290255557864118
2008-07-28,31.290255557864118
2008-07-29,31.290255557864118
2008-07-30,31.290255557864118
2008-07-31,31.290255557864118
2008-08-01,32.55765634739248
2008-08-02,32.55765634739248
2008-08-03,32.55765634739248
2008-08-04,32.55765634739248
2008-08-05,32.55765634739248
2008-08-06,32.55765634739248
2008-08-07,32.55765634739248
2008-08-08,32.55765634739248
2008-08-09,32.55765634739248
2008-08-10,32.55765634739248
2008-08-11,32.55765634739248
2008-08-12,32.55765634739248
2008-08-13,32.55765634739248
2008-08-14,32.55765634739248
2008-08-15,32.55765634739248
2008-08-16,32.55765634739248
2008-08-17,32.55765634739248
2008-08-18,32.55765634739248
2008-08-19,32.55765634739248
2008-08-20,32.55765634739248
2008-08-21,32.55765634739248
2008-08-22,32.55765634739248
2008-08-23,32.55765634739248
2008-08-24,32.55765634739248
2008-08-25,32.55765634739248
2008-08-26,32.55765634739248
2008-08-27,32.55765634739248
2008-08-28,32.55765634739248
2008-08-29,32.55765634739248
2008-08-30,32.55765634739248
2008-08-31,32.55765634739248
2008-09-01,24.34032827758155
2008-09-02,24.34032827758155
2008-09-03,24.34032827758155
2008-09-04,24.34032827758155
2008-09-05,24.34032827758155
2008-09-06,24.34032827758155
2008-09-07,24.34032827758155
2008-09-08,24.34032827758155
2008-09-09,24.34032827758155
2008-09-10,24.34032827758155
2008-09-11,24.34032827758155
2008-09-12,24.34032827758155
2008-09-13,24.34032827758155
2008-09-14,24.34032827758155
2008-09-15,24.34032827758155
2008-09-16,24.34032827758155
2008-09-17,24.34032827758155
2008-09-18,24.34032827758155
2008-09-19,24.34032827758155
2008-09-20,24.34032827758155
2008-09-21,24.34032827758155
2008-09-22,24.34032827758155
2008-09-23,24.34032827758155
2008-09-24,24.34032827758155
2008-09-25,24.34032827758155
2008-09-26,24.34032827758155
2008-09-27,24.34032827758155
2008-09-28,24.34032827758155
2008-09-29,24.34032827758155
2008-09-30,24.34032827758155
2008-10-01,18.647413255765635
2008-10-02,18.647413255765635
2008-10-03,18.647413255765635
2008-10-04,18.647413255765635
2008-10-05,18.647413255765635
2008-10-06,18.647413255765635
2008-10-07,18.647413255765635
2008-10-08,18.647413255765635
2008-10-09,18.647413255765635
2008-10-10,18.647413255765635
2008-10-11,18.647413255765635
2008-10-12,18.647413255765635
2008-10-13,18.647413255765635
2008-10-14,18.647413255765635
2008-10-15,18.647413255765635
2008-10-16,18.647413255765635
2008-10-17,18.647413255765635
2008-10-18,18.647413255765635
2008-10-19,18.647413255765635
2008-10-20,18.647413255765635
2008-10-21,18.647413255765635
2008-10-22,18.647413255765635
2008-10-23,18.647413255765635
2008-10-24,18.647413255765635
2008-10-25,18.647413255765635
2008-10-26,18.647413255765635
2008-10-27,18.647413255765635
2008-10-28,18.647413255765635
2008-10-29,18.647413255765635
2008-10-30,18.647413255765635
2008-10-31,18.647413255765635
2008-11-01,11.697485975483067
2008-11-02,11.697485975483067
2008-11-03,11.697485975483067
2008-11-04,11.697485975483067
2008-11-05,11.697485975483067
2008-11-06,11.697485975483067
2008-11-07,11.697485975483067
2008-11-08,11.697485975483067
2008-11-09,11.697485975483067
2008-11-10,11.697485975483067
2008-11-11,11.697485975483067
2008-11-12,11.697485975483067
2008-11-13,11.697485975483067
2008-11-14,11.697485975483067
2008-11-15,11.697485975483067
2008-11-16,11.697485975483067
2008-11-17,11.697485975483067
2008-11-18,11.697485975483067
2008-11-19,11.697485975483067
2008-11-20,11.697485975483067
2008-11-21,11.697485975483067
2008-11-22,11.697485975483067
2008-11-23,11.697485975483067
2008-11-24,11.697485975483067
2008-11-25,11.697485975483067
2008-11-26,11.697485975483067
2008-11-27,11.697485975483067
2008-11-28,11.697485975483067
2008-11-29,11.697485975483067
2008-11-30,11.697485975483067
2008-12-01,23.052150425929774
2008-12-02,23.052150425929774
2008-12-03,23.052150425929774
2008-12-04,23.052150425929774
2008-12-05,23.052150425929774
2008-12-06,23.052150425929774
2008-12-07,23.052150425929774
2008-12-08,23.052150425929774
2008-12-09,23.052150425929774
2008-12-10,23.052150425929774
2008-12-11,23.052150425929774
2008-12-12,23.052150425929774
2008-12-13,23.052150425929774
2008-12-14,23.052150425929774
2008-12-15,23.052150425929774
2008-12-16,23.052150425929774
2008-12-17,23.052150425929774
2008-12-18,23.052150425929774
2008-12-19,23.052150425929774
2008-12-20,23.052150425929774
2008-12-21,23.052150425929774
2008-12-22,23.052150425929774
2008-12-23,23.052150425929774
2008-12-24,23.052150425929774
2008-12-25,23.052150425929774
2008-12-26,23.052150425929774
2008-12-27,23.052150425929774
2008-12-28,23.052150425929774
2008-12-29,23.052150425929774
2008-12-30,23.052150425929774
2008-12-31,23.052150425929774
2009-01-01,21.49387076667359
2009-01-02,21.49387076667359
2009-01-03,21.49387076667359
2009-01-04,21.49387076667359
2009-01-05,21.49387076667359
2009-01-06,21.49387076667359
2009-01-07,21.49387076667359
2009-01-08,21.49387076667359
2009-01-09,21.49387076667359
2009-01-10,21.49387076667359
2009-01-11,21.49387076667359
2009-01-12,21.49387076667359
2009-01-13,21.49387076667359
2009-01-14,21.49387076667359
2009-01-15,21.49387076667359
2009-01-16,21.49387076667359
2009-01-17,21.49387076667359
2009-01-18,21.49387076667359
2009-01-19,21.49387076667359
2009-01-20,21.49387076667359
2009-01-21,21.49387076667359
2009-01-22,21.49387076667359
2009-01-23,21.49387076667359
2009-01-24,21.49387076667359
2009-01-25,21.49387076667359
2009-01-26,21.49387076667359
2009-01-27,21.49387076667359
2009-01-28,21.49387076667359
2009-01-29,21.49387076667359
2009-01-30,21.49387076667359
2009-01-31,21.49387076667359
2009-02-01,19.60315811344276
2009-02-02,19.60315811344276
2009-02-03,19.60315811344276
2009-02-04,19.60315811344276
2009-02-05,19.60315811344276
2009-02-06,19.60315811344276
2009-02-07,19.60315811344276
2009-02-08,19.60315811344276
2009-02-09,19.60315811344276
2009-02-10,19.60315811344276
2009-02-11,19.60315811344276
2009-02-12,19.60315811344276
2009-02-13,19.60315811344276
2009-02-14,19.60315811344276
2009-02-15,19.60315811344276
2009-02-16,19.60315811344276
2009-02-17,19.60315811344276
2009-02-18,19.60315811344276
2009-02-19,19.60315811344276
2009-02-20,19.60315811344276
2009-02-21,19.60315811344276
2009-02-22,19.60315811344276
2009-02-23,19.60315811344276
2009-02-24,19.60315811344276
2009-02-25,19.60315811344276
2009-02-26,19.60315811344276
2009-02-27,19.60315811344276
2009-02-28,19.60315811344276
2009-03-01,30.022854768335755
2009-03-02,30.022854768335755
2009-03-03,30.022854768335755
2009-03-04,30.022854768335755
2009-03-05,30.022854768335755
2009-03-06,30.022854768335755
2009-03-07,30.022854768335755
2009-03-08,30.022854768335755
2009-03-09,30.022854768335755
2009-03-10,30.022854768335755
2009-03-11,30.022854768335755
2009-03-12,30.022854768335755
2009-03-13,30.022854768335755
2009-03-14,30.022854768335755
2009-03-15,30.022854768335755
2009-03-16,30.022854768335755
2009-03-17,30.022854768335755
2009-03-18,30.022854768335755
2009-03-19,30.022854768335755
2009-03-20,30.022854768335755
2009-03-21,30.022854768335755
2009-03-22,30.022854768335755
2009-03-23,30.022854768335755
2009-03-24,30.022854768335755
2009-03-25,30.022854768335755
2009-03-26,30.022854768335755
2009-03-27,30.022854768335755
2009-03-28,30.022854768335755
2009-03-29,30.022854768335755
2009-03-30,30.022854768335755
2009-03-31,30.022854768335755
2009-04-01,46.48867650114274
2009-04-02,46.48867650114274
2009-04-03,46.48867650114274
2009-04-04,46.48867650114274
2009-04-05,46.48867650114274
2009-04-06,46.48867650114274
2009-04-07,46.48867650114274
2009-04-08,46.48867650114274
2009-04-09,46.48867650114274
2009-04-10,46.48867650114274
2009-04-11,46.48867650114274
2009-04-12,46.48867650114274
2009-04-13,46.48867650114274
2009-04-14,46.48867650114274
2009-04-15,46.48867650114274
2009-04-16,46.48867650114274
2009-04-17,46.48867650114274
2009-04-18,46.48867650114274
2009-04-19,46.48867650114274
2009-04-20,46.48867650114274
2009-04-21,46.48867650114274
2009-04-22,46.48867650114274
2009-04-23,46.48867650114274
2009-04-24,46.48867650114274
2009-04-25,46.48867650114274
2009-04-26,46.48867650114274
2009-04-27,46.48867650114274
2009-04-28,46.48867650114274
2009-04-29,46.48867650114274
2009-04-30,46.48867650114274
2009-05-01,49.3455225431124
2009-05-02,49.3455225431124
2009-05-03,49.3455225431124
2009-05-04,49.3455225431124
2009-05-05,49.3455225431124
2009-05-06,49.3455225431124
2009-05-07,49.3455225431124
2009-05-08,49.3455225431124
2009-05-09,49.3455225431124
2009-05-10,49.3455225431124
2009-05-11,49.3455225431124
2009-05-12,49.3455225431124
2009-05-13,49.3455225431124
2009-05-14,49.3455225431124
2009-05-15,49.3455225431124
2009-05-16,49.3455225431124
2009-05-17,49.3455225431124
2009-05-18,49.3455225431124
2009-05-19,49.3455225431124
2009-05-20,49.3455225431124
2009-05-21,49.3455225431124
2009-05-22,49.3455225431124
2009-05-23,49.3455225431124
2009-05-24,49.3455225431124
2009-05-25,49.3455225431124
2009-05-26,49.3455225431124
2009-05-27,49.3455225431124
2009-05-28,49.3455225431124
2009-05-29,49.3455225431124
2009-05-30,49.3455225431124
2009-05-31,49.3455225431124
2009-06-01,64.5023893621442
2009-06-02,64.5023893621442
2009-06-03,64.5023893621442
2009-06-04,64.5023893621442
2009-06-05,64.5023893621442
2009-06-06,64.5023893621442
2009-06-07,64.5023893621442
2009-06-08,64.5023893621442
2009-06-09,64.5023893621442
2009-06-10,64.5023893621442
2009-06-11,64.5023893621442
2009-06-12,64.5023893621442
2009-06-13,64.5023893621442
2009-06-14,64.5023893621442
2009-06-15,64.5023893621442
2009-06-16,64.5023893621442
2009-06-17,64.5023893621442
2009-06-18,64.5023893621442
2009-06-19,64.5023893621442
2009-06-20,64.5023893621442
2009-06-21,64.5023893621442
2009-06-22,64.5023893621442
2009-06-23,64.5023893621442
2009-06-24,64.5023893621442
2009-06-25,64.5023893621442
2009-06-26,64.5023893621442
2009-06-27,64.5023893621442
2009-06-28,64.5023893621442
2009-06-29,64.5023893621442
2009-06-30,64.5023893621442
2009-07-01,74.0078952836069
2009-07-02,74.0078952836069
2009-07-03,74.0078952836069
2009-07-04,74.0078952836069
2009-07-05,74.0078952836069
2009-07-06,74.0078952836069
2009-07-07,74.0078952836069
2009-07-08,74.0078952836069
2009-07-09,74.0078952836069
2009-07-10,74.0078952836069
2009-07-11,74.0078952836069
2009-07-12,74.0078952836069
2009-07-13,74.0078952836069
2009-07-14,74.0078952836069
2009-07-15,74.0078952836069
2009-07-16,74.0078952836069
2009-07-17,74.0078952836069
2009-07-18,74.0078952836069
2009-07-19,74.0078952836069
2009-07-20,74.0078952836069
2009-07-21,74.0078952836069
2009-07-22,74.0078952836069
2009-07-23,74.0078952836069
2009-07-24,74.0078952836069
2009-07-25,74.0078952836069
2009-07-26,74.0078952836069
2009-07-27,74.0078952836069
2009-07-28,74.0078952836069
2009-07-29,74.0078952836069
2009-07-30,74.0078952836069
2009-07-31,74.0078952836069
2009-08-01,74.65198420943278
2009-08-02,74.65198420943278
2009-08-03,74.65198420943278
2009-08-04,74.65198420943278
2009-08-05,74.65198420943278
2009-08-06,74.65198420943278
2009-08-07,74.65198420943278
2009-08-08,74.65198420943278
2009-08-09,74.65198420943278
2009-08-10,74.65198420943278
2009-08-11,74.65198420943278
2009-08-12,74.65198420943278
2009-08-13,74.65198420943278
2009-08-14,74.65198420943278
2009-08-15,74.65198420943278
2009-08-16,74.65198420943278
2009-08-17,74.65198420943278
2009-08-18,74.65198420943278
2009-08-19,74.65198420943278
2009-08-20,74.65198420943278
2009-08-21,74.65198420943278
2009-08-22,74.65198420943278
2009-08-23,74.65198420943278
2009-08-24,74.65198420943278
2009-08-25,74.65198420943278
2009-08-26,74.65198420943278
2009-08-27,74.65198420943278
2009-08-28,74.65198420943278
2009-08-29,74.65198420943278
2009-08-30,74.65198420943278
2009-08-31,74.65198420943278
2009-09-01,75.06752545190109
2009-09-02,75.06752545190109
2009-09-03,75.06752545190109
2009-09-04,75.06752545190109
2009-09-05,75.06752545190109
2009-09-06,75.06752545190109
2009-09-07,75.06752545190109
2009-09-08,75.06752545190109
2009-09-09,75.06752545190109
2009-09-10,75.06752545190109
2009-09-11,75.06752545190109
2009-09-12,75.06752545190109
2009-09-13,75.06752545190109
2009-09-14,75.06752545190109
2009-09-15,75.06752545190109
2009-09-16,75.06752545190109
2009-09-17,75.06752545190109
2009-09-18,75.06752545190109
2009-09-19,75.06752545190109
2009-09-20,75.06752545190109
2009-09-21,75.06752545190109
2009-09-22,75.06752545190109
2009-09-23,75.06752545190109
2009-09-24,75.06752545190109
2009-09-25,75.06752545190109
2009-09-26,75.06752545190109
2009-09-27,75.06752545190109
2009-09-28,75.06752545190109
2009-09-29,75.06752545190109
2009-09-30,75.06752545190109
2009-10-01,72.08601703719094
2009-10-02,72.08601703719094
2009-10-03,72.08601703719094
2009-10-04,72.08601703719094
2009-10-05,72.08601703719094
2009-10-06,72.08601703719094
2009-10-07,72.08601703719094
2009-10-08,72.08601703719094
2009-10-09,72.08601703719094
2009-10-10,72.08601703719094
2009-10-11,72.08601703719094
2009-10-12,72.08601703719094
2009-10-13,72.08601703719094
2009-10-14,72.08601703719094
2009-10-15,72.08601703719094
2009-10-16,72.08601703719094
2009-10-17,72.08601703719094
2009-10-18,72.08601703719094
2009-10-19,72.08601703719094
2009-10-20,72.08601703719094
2009-10-21,72.08601703719094
2009-10-22,72.08601703719094
2009-10-23,72.08601703719094
2009-10-24,72.08601703719094
2009-10-25,72.08601703719094
2009-10-26,72.08601703719094
2009-10-27,72.08601703719094
2009-10-28,72.08601703719094
2009-10-29,72.08601703719094
2009-10-30,72.08601703719094
2009-10-31,72.08601703719094
2009-11-01,78.52690629544983
2009-11-02,78.52690629544983
2009-11-03,78.52690629544983
2009-11-04,78.52690629544983
2009-11-05,78.52690629544983
2009-11-06,78.52690629544983
2009-11-07,78.52690629544983
2009-11-08,78.52690629544983
2009-11-09,78.52690629544983
2009-11-10,78.52690629544983
2009-11-11,78.52690629544983
2009-11-12,78.52690629544983
2009-11-13,78.52690629544983
2009-11-14,78.52690629544983
2009-11-15,78.52690629544983
2009-11-16,78.52690629544983
2009-11-17,78.52690629544983
2009-11-18,78.52690629544983
2009-11-19,78.52690629544983
2009-11-20,78.52690629544983
2009-11-21,78.52690629544983
2009-11-22,78.52690629544983
2009-11-23,78.52690629544983
2009-11-24,78.52690629544983
2009-11-25,78.52690629544983
2009-11-26,78.52690629544983
2009-11-27,78.52690629544983
2009-11-28,78.52690629544983
2009-11-29,78.52690629544983
2009-11-30,78.52690629544983
2009-12-01,23.374194888842716
2009-12-02,23.374194888842716
2009-12-03,23.374194888842716
2009-12-04,23.374194888842716
2009-12-05,23.374194888842716
2009-12-06,23.374194888842716
2009-12-07,23.374194888842716
2009-12-08,23.374194888842716
2009-12-09,23.374194888842716
2009-12-10,23.374194888842716
2009-12-11,23.374194888842716
2009-12-12,23.374194888842716
2009-12-13,23.374194888842716
2009-12-14,23.374194888842716
2009-12-15,23.374194888842716
2009-12-16,23.374194888842716
2009-12-17,23.374194888842716
2009-12-18,23.374194888842716
2009-12-19,23.374194888842716
2009-12-20,23.374194888842716
2009-12-21,23.374194888842716
2009-12-22,23.374194888842716
2009-12-23,23.374194888842716
2009-12-24,23.374194888842716
2009-12-25,23.374194888842716
2009-12-26,23.374194888842716
2009-12-27,23.374194888842716
2009-12-28,23.374194888842716
2009-12-29,23.374194888842716
2009-12-30,23.374194888842716
2009-12-31,23.374194888842716
2010-01-01,20.21608144608352
2010-01-02,20.21608144608352
2010-01-03,20.21608144608352
2010-01-04,20.21608144608352
2010-01-05,20.21608144608352
2010-01-06,20.21608144608352
2010-01-07,20.21608144608352
2010-01-08,20.21608144608352
2010-01-09,20.21608144608352
2010-01-10,20.21608144608352
2010-01-11,20.21608144608352
2010-01-12,20.21608144608352
2010-01-13,20.21608144608352
2010-01-14,20.21608144608352
2010-01-15,20.21608144608352
2010-01-16,20.21608144608352
2010-01-17,20.21608144608352
2010-01-18,20.21608144608352
2010-01-19,20.21608144608352
2010-01-20,20.21608144608352
2010-01-21,20.21608144608352
2010-01-22,20.21608144608352
2010-01-23,20.21608144608352
2010-01-24,20.21608144608352
2010-01-25,20.21608144608352
2010-01-26,20.21608144608352
2010-01-27,20.21608144608352
2010-01-28,20.21608144608352
2010-01-29,20.21608144608352
2010-01-30,20.21608144608352
2010-01-31,20.21608144608352
2010-02-01,22.761271556201955
2010-02-02,22.761271556201955
2010-02-03,22.761271556201955
2010-02-04,22.761271556201955
2010-02-05,22.761271556201955
2010-02-06,22.761271556201955
2010-02-07,22.761271556201955
2010-02-08,22.761271556201955
2010-02-09,22.761271556201955
2010-02-10,22.761271556201955
2010-02-11,22.761271556201955
2010-02-12,22.761271556201955
2010-02-13,22.761271556201955
2010-02-14,22.761271556201955
2010-02-15,22.761271556201955
2010-02-16,22.761271556201955
2010-02-17,22.761271556201955
2010-02-18,22.761271556201955
2010-02-19,22.761271556201955
2010-02-20,22.761271556201955
2010-02-21,22.761271556201955
2010-02-22,22.761271556201955
2010-02-23,22.761271556201955
2010-02-24,22.761271556201955
2010-02-25,22.761271556201955
2010-02-26,22.761271556201955
2010-02-27,22.761271556201955
2010-02-28,22.761271556201955
2010-03-01,18.96945771867858
2010-03-02,18.96945771867858
2010-03-03,18.96945771867858
2010-03-04,18.96945771867858
2010-03-05,18.96945771867858
2010-03-06,18.96945771867858
2010-03-07,18.96945771867858
2010-03-08,18.96945771867858
2010-03-09,18.96945771867858
2010-03-10,18.96945771867858
2010-03-11,18.96945771867858
2010-03-12,18.96945771867858
2010-03-13,18.96945771867858
2010-03-14,18.96945771867858
2010-03-15,18.96945771867858
2010-03-16,18.96945771867858
2010-03-17,18.96945771867858
2010-03-18,18.96945771867858
2010-03-19,18.96945771867858
2010-03-20,18.96945771867858
2010-03-21,18.96945771867858
2010-03-22,18.96945771867858
2010-03-23,18.96945771867858
2010-03-24,18.96945771867858
2010-03-25,18.96945771867858
2010-03-26,18.96945771867858
2010-03-27,18.96945771867858
2010-03-28,18.96945771867858
2010-03-29,18.96945771867858
2010-03-30,18.96945771867858
2010-03-31,18.96945771867858
2010-04-01,19.29150218159152
2010-04-02,19.29150218159152
2010-04-03,19.29150218159152
2010-04-04,19.29150218159152
2010-04-05,19.29150218159152
2010-04-06,19.29150218159152
2010-04-07,19.29150218159152
2010-04-08,19.29150218159152
2010-04-09,19.29150218159152
2010-04-10,19.29150218159152
2010-04-11,19.29150218159152
2010-04-12,19.29150218159152
2010-04-13,19.29150218159152
2010-04-14,19.29150218159152
2010-04-15,19.29150218159152
2010-04-16,19.29150218159152
2010-04-17,19.29150218159152
2010-04-18,19.29150218159152
2010-04-19,19.29150218159152
2010-04-20,19.29150218159152
2010-04-21,19.29150218159152
2010-04-22,19.29150218159152
2010-04-23,19.29150218159152
2010-04-24,19.29150218159152
2010-04-25,19.29150218159152
2010-04-26,19.29150218159152
2010-04-27,19.29150218159152
2010-04-28,19.29150218159152
2010-04-29,19.29150218159152
2010-04-30,19.29150218159152
2010-05-01,16.746312071473092
2010-05-02,16.746312071473092
2010-05-03,16.746312071473092
2010-05-04,16.746312071473092
2010-05-05,16.746312071473092
2010-05-06,16.746312071473092
2010-05-07,16.746312071473092
2010-05-08,16.746312071473092
2010-05-09,16.746312071473092
2010-05-10,16.746312071473092
2010-05-11,16.746312071473092
2010-05-12,16.746312071473092
2010-05-13,16.746312071473092
2010-05-14,16.746312071473092
2010-05-15,16.746312071473092
2010-05-16,16.746312071473092
2010-05-17,16.746312071473092
2010-05-18,16.746312071473092
2010-05-19,16.746312071473092
2010-05-20,16.746312071473092
2010-05-21,16.746312071473092
2010-05-22,16.746312071473092
2010-05-23,16.746312071473092
2010-05-24,16.746312071473092
2010-05-25,16.746312071473092
2010-05-26,16.746312071473092
2010-05-27,16.746312071473092
2010-05-28,16.746312071473092
2010-05-29,16.746312071473092
2010-05-30,16.746312071473092
2010-05-31,16.746312071473092
2010-06-01,6.046125077913983
2010-06-02,6.046125077913983
2010-06-03,6.046125077913983
2010-06-04,6.046125077913983
2010-06-05,6.046125077913983
2010-06-06,6.046125077913983
2010-06-07,6.046125077913983
2010-06-08,6.046125077913983
2010-06-09,6.046125077913983
2010-06-10,6.046125077913983
2010-06-11,6.046125077913983
2010-06-12,6.046125077913983
2010-06-13,6.046125077913983
2010-06-14,6.046125077913983
2010-06-15,6.046125077913983
2010-06-16,6.046125077913983
2010-06-17,6.046125077913983
2010-06-18,6.046125077913983
2010-06-19,6.046125077913983
2010-06-20,6.046125077913983
2010-06-21,6.046125077913983
2010-06-22,6.046125077913983
2010-06-23,6.046125077913983
2010-06-24,6.046125077913983
2010-06-25,6.046125077913983
2010-06-26,6.046125077913983
2010-06-27,6.046125077913983
2010-06-28,6.046125077913983
2010-06-29,6.046125077913983
2010-06-30,6.046125077913983
2010-07-01,12.331186370247247
2010-07-02,12.331186370247247
2010-07-03,12.331186370247247
2010-07-04,12.331186370247247
2010-07-05,12.331186370247247
2010-07-06,12.331186370247247
2010-07-07,12.331186370247247
2010-07-08,12.331186370247247
2010-07-09,12.331186370247247
2010-07-10,12.331186370247247
2010-07-11,12.331186370247247
2010-07-12,12.331186370247247
2010-07-13,12.331186370247247
2010-07-14,12.331186370247247
2010-07-15,12.331186370247247
2010-07-16,12.331186370247247
2010-07-17,12.331186370247247
2010-07-18,12.331186370247247
2010-07-19,12.331186370247247
2010-07-20,12.331186370247247
2010-07-21,12.331186370247247
2010-07-22,12.331186370247247
2010-07-23,12.331186370247247
2010-07-24,12.331186370247247
2010-07-25,12.331186370247247
2010-07-26,12.331186370247247
2010-07-27,12.331186370247247
2010-07-28,12.331186370247247
2010-07-29,12.331186370247247
2010-07-30,12.331186370247247
2010-07-31,12.331186370247247
2010-08-01,6.9914814045294
2010-08-02,6.9914814045294
2010-08-03,6.9914814045294
2010-08-04,6.9914814045294
2010-08-05,6.9914814045294
2010-08-06,6.9914814045294
2010-08-07,6.9914814045294
2010-08-08,6.9914814045294
2010-08-09,6.9914814045294
2010-08-10,6.9914814045294
2010-08-11,6.9914814045294
2010-08-12,6.9914814045294
2010-08-13,6.9914814045294
2010-08-14,6.9914814045294
2010-08-15,6.9914814045294
2010-08-16,6.9914814045294
2010-08-17,6.9914814045294
2010-08-18,6.9914814045294
2010-08-19,6.9914814045294
2010-08-20,6.9914814045294
2010-08-21,6.9914814045294
2010-08-22,6.9914814045294
2010-08-23,6.9914814045294
2010-08-24,6.9914814045294
2010-08-25,6.9914814045294
2010-08-26,6.9914814045294
2010-08-27,6.9914814045294
2010-08-28,6.9914814045294
2010-08-29,6.9914814045294
2010-08-30,6.9914814045294
2010-08-31,6.9914814045294
2010-09-01,2.5451901101184293
2010-09-02,2.5451901101184293
2010-09-03,2.5451901101184293
2010-09-04,2.5451901101184293
2010-09-05,2.5451901101184293
2010-09-06,2.5451901101184293
2010-09-07,2.5451901101184293
2010-09-08,2.5451901101184293
2010-09-09,2.5451901101184293
2010-09-10,2.5451901101184293
2010-09-11,2.5451901101184293
2010-09-12,2.5451901101184293
2010-09-13,2.5451901101184293
2010-09-14,2.5451901101184293
2010-09-15,2.5451901101184293
2010-09-16,2.5451901101184293
2010-09-17,2.5451901101184293
2010-09-18,2.5451901101184293
2010-09-19,2.5451901101184293
2010-09-20,2.5451901101184293
2010-09-21,2.5451901101184293
2010-09-22,2.5451901101184293
2010-09-23,2.5451901101184293
2010-09-24,2.5451901101184293
2010-09-25,2.5451901101184293
2010-09-26,2.5451901101184293
2010-09-27,2.5451901101184293
2010-09-28,2.5451901101184293
2010-09-29,2.5451901101184293
2010-09-30,2.5451901101184293
2010-10-01,7.313525867442344
2010-10-02,7.313525867442344
2010-10-03,7.313525867442344
2010-10-04,7.313525867442344
2010-10-05,7.313525867442344
2010-10-06,7.313525867442344
2010-10-07,7.313525867442344
2010-10-08,7.313525867442344
2010-10-09,7.313525867442344
2010-10-10,7.313525867442344
2010-10-11,7.313525867442344
2010-10-12,7.313525867442344
2010-10-13,7.313525867442344
2010-10-14,7.313525867442344
2010-10-15,7.313525867442344
2010-10-16,7.313525867442344
2010-10-17,7.313525867442344
2010-10-18,7.313525867442344
2010-10-19,7.313525867442344
2010-10-20,7.313525867442344
2010-10-21,7.313525867442344
2010-10-22,7.313525867442344
2010-10-23,7.313525867442344
2010-10-24,7.313525867442344
2010-10-25,7.313525867442344
2010-10-26,7.313525867442344
2010-10-27,7.313525867442344
2010-10-28,7.313525867442344
2010-10-29,7.313525867442344
2010-10-30,7.313525867442344
2010-10-31,7.313525867442344
2010-11-01,6.679825472678163
2010-11-02,6.679825472678163
2010-11-03,6.679825472678163
2010-11-04,6.679825472678163
2010-11-05,6.679825472678163
2010-11-06,6.679825472678163
2010-11-07,6.679825472678163
2010-11-08,6.679825472678163
2010-11-09,6.679825472678163
2010-11-10,6.679825472678163
2010-11-11,6.679825472678163
2010-11-12,6.679825472678163
2010-11-13,6.679825472678163
2010-11-14,6.679825472678163
2010-11-15,6.679825472678163
2010-11-16,6.679825472678163
2010-11-17,6.679825472678163
2010-11-18,6.679825472678163
2010-11-19,6.679825472678163
2010-11-20,6.679825472678163
2010-11-21,6.679825472678163
2010-11-22,6.679825472678163
2010-11-23,6.679825472678163
2010-11-24,6.679825472678163
2010-11-25,6.679825472678163
2010-11-26,6.679825472678163
2010-11-27,6.679825472678163
2010-11-28,6.679825472678163
2010-11-29,6.679825472678163
2010-11-30,6.679825472678163
2010-12-01,5.724080615001039
2010-12-02,5.724080615001039
2010-12-03,5.724080615001039
2010-12-04,5.724080615001039
2010-12-05,5.724080615001039
2010-12-06,5.724080615001039
2010-12-07,5.724080615001039
2010-12-08,5.724080615001039
2010-12-09,5.724080615001039
2010-12-10,5.724080615001039
2010-12-11,5.724080615001039
2010-12-12,5.724080615001039
2010-12-13,5.724080615001039
2010-12-14,5.724080615001039
2010-12-15,5.724080615001039
2010-12-16,5.724080615001039
2010-12-17,5.724080615001039
2010-12-18,5.724080615001039
2010-12-19,5.724080615001039
2010-12-20,5.724080615001039
2010-12-21,5.724080615001039
2010-12-22,5.724080615001039
2010-12-23,5.724080615001039
2010-12-24,5.724080615001039
2010-12-25,5.724080615001039
2010-12-26,5.724080615001039
2010-12-27,5.724080615001039
2010-12-28,5.724080615001039
2010-12-29,5.724080615001039
2010-12-30,5.724080615001039
2010-12-31,5.724080615001039
2011-01-01,8.580926656970703
2011-01-02,8.580926656970703
2011-01-03,8.580926656970703
2011-01-04,8.580926656970703
2011-01-05,8.580926656970703
2011-01-06,8.580926656970703
2011-01-07,8.580926656970703
2011-01-08,8.580926656970703
2011-01-09,8.580926656970703
2011-01-10,8.580926656970703
2011-01-11,8.580926656970703
2011-01-12,8.580926656970703
2011-01-13,8.580926656970703
2011-01-14,8.580926656970703
2011-01-15,8.580926656970703
2011-01-16,8.580926656970703
2011-01-17,8.580926656970703
2011-01-18,8.580926656970703
2011-01-19,8.580926656970703
2011-01-20,8.580926656970703
2011-01-21,8.580926656970703
2011-01-22,8.580926656970703
2011-01-23,8.580926656970703
2011-01-24,8.580926656970703
2011-01-25,8.580926656970703
2011-01-26,8.580926656970703
2011-01-27,8.580926656970703
2011-01-28,8.580926656970703
2011-01-29,8.580926656970703
2011-01-30,8.580926656970703
2011-01-31,8.580926656970703
2011-02-01,10.772906710991066
2011-02-02,10.772906710991066
2011-02-03,10.772906710991066
2011-02-04,10.772906710991066
2011-02-05,10.772906710991066
2011-02-06,10.772906710991066
2011-02-07,10.772906710991066
2011-02-08,10.772906710991066
2011-02-09,10.772906710991066
2011-02-10,10.772906710991066
2011-02-11,10.772906710991066
2011-02-12,10.772906710991066
2011-02-13,10.772906710991066
2011-02-14,10.772906710991066
2011-02-15,10.772906710991066
2011-02-16,10.772906710991066
2011-02-17,10.772906710991066
2011-02-18,10.772906710991066
2011-02-19,10.772906710991066
2011-02-20,10.772906710991066
2011-02-21,10.772906710991066
2011-02-22,10.772906710991066
2011-02-23,10.772906710991066
2011-02-24,10.772906710991066
2011-02-25,10.772906710991066
2011-02-26,10.772906710991066
2011-02-27,10.772906710991066
2011-02-28,10.772906710991066
2011-03-01,9.193849989611468
2011-03-02,9.193849989611468
2011-03-03,9.193849989611468
2011-03-04,9.193849989611468
2011-03-05,9.193849989611468
2011-03-06,9.193849989611468
2011-03-07,9.193849989611468
2011-03-08,9.193849989611468
2011-03-09,9.193849989611468
2011-03-10,9.193849989611468
2011-03-11,9.193849989611468
2011-03-12,9.193849989611468
2011-03-13,9.193849989611468
2011-03-14,9.193849989611468
2011-03-15,9.193849989611468
2011-03-16,9.193849989611468
2011-03-17,9.193849989611468
2011-03-18,9.193849989611468
2011-03-19,9.193849989611468
2011-03-20,9.193849989611468
2011-03-21,9.193849989611468
2011-03-22,9.193849989611468
2011-03-23,9.193849989611468
2011-03-24,9.193849989611468
2011-03-25,9.193849989611468
2011-03-26,9.193849989611468
2011-03-27,9.193849989611468
2011-03-28,9.193849989611468
2011-03-29,9.193849989611468
2011-03-30,9.193849989611468
2011-03-31,9.193849989611468
2011-04-01,11.385830043631831
2011-04-02,11.385830043631831
2011-04-03,11.385830043631831
2011-04-04,11.385830043631831
2011-04-05,11.385830043631831
2011-04-06,11.385830043631831
2011-04-07,11.385830043631831
2011-04-08,11.385830043631831
2011-04-09,11.385830043631831
2011-04-10,11.385830043631831
2011-04-11,11.385830043631831
2011-04-12,11.385830043631831
2011-04-13,11.385830043631831
2011-04-14,11.385830043631831
2011-04-15,11.385830043631831
2011-04-16,11.385830043631831
2011-04-17,11.385830043631831
2011-04-18,11.385830043631831
2011-04-19,11.385830043631831
2011-04-20,11.385830043631831
2011-04-21,11.385830043631831
2011-04-22,11.385830043631831
2011-04-23,11.385830043631831
2011-04-24,11.385830043631831
2011-04-25,11.385830043631831
2011-04-26,11.385830043631831
2011-04-27,11.385830043631831
2011-04-28,11.385830043631831
2011-04-29,11.385830043631831
2011-04-30,11.385830043631831
2011-05-01,9.82755038437565
2011-05-02,9.82755038437565
2011-05-03,9.82755038437565
2011-05-04,9.82755038437565
2011-05-05,9.82755038437565
2011-05-06,9.82755038437565
2011-05-07,9.82755038437565
2011-05-08,9.82755038437565
2011-05-09,9.82755038437565
2011-05-10,9.82755038437565
2011-05-11,9.82755038437565
2011-05-12,9.82755038437565
2011-05-13,9.82755038437565
2011-05-14,9.82755038437565
2011-05-15,9.82755038437565
2011-05-16,9.82755038437565
2011-05-17,9.82755038437565
2011-05-18,9.82755038437565
2011-05-19,9.82755038437565
2011-05-20,9.82755038437565
2011-05-21,9.82755038437565
2011-05-22,9.82755038437565
2011-05-23,9.82755038437565
2011-05-24,9.82755038437565
2011-05-25,9.82755038437565
2011-05-26,9.82755038437565
2011-05-27,9.82755038437565
2011-05-28,9.82755038437565
2011-05-29,9.82755038437565
2011-05-30,9.82755038437565
2011-05-31,9.82755038437565
2011-06-01,5.090380220236859
2011-06-02,5.090380220236859
2011-06-03,5.090380220236859
2011-06-04,5.090380220236859
2011-06-05,5.090380220236859
2011-06-06,5.090380220236859
2011-06-07,5.090380220236859
2011-06-08,5.090380220236859
2011-06-09,5.090380220236859
2011-06-10,5.090380220236859
2011-06-11,5.090380220236859
2011-06-12,5.090380220236859
2011-06-13,5.090380220236859
2011-06-14,5.090380220236859
2011-06-15,5.090380220236859
2011-06-16,5.090380220236859
2011-06-17,5.090380220236859
2011-06-18,5.090380220236859
2011-06-19,5.090380220236859
2011-06-20,5.090380220236859
2011-06-21,5.090380220236859
2011-06-22,5.090380220236859
2011-06-23,5.090380220236859
2011-06-24,5.090380220236859
2011-06-25,5.090380220236859
2011-06-26,5.090380220236859
2011-06-27,5.090380220236859
2011-06-28,5.090380220236859
2011-06-29,5.090380220236859
2011-06-30,5.090380220236859
2011-07-01,6.357781009765219
2011-07-02,6.357781009765219
2011-07-03,6.357781009765219
2011-07-04,6.357781009765219
2011-07-05,6.357781009765219
2011-07-06,6.357781009765219
2011-07-07,6.357781009765219
2011-07-08,6.357781009765219
2011-07-09,6.357781009765219
2011-07-10,6.357781009765219
2011-07-11,6.357781009765219
2011-07-12,6.357781009765219
2011-07-13,6.357781009765219
2011-07-14,6.357781009765219
2011-07-15,6.357781009765219
2011-07-16,6.357781009765219
2011-07-17,6.357781009765219
2011-07-18,6.357781009765219
2011-07-19,6.357781009765219
2011-07-20,6.357781009765219
2011-07-21,6.357781009765219
2011-07-22,6.357781009765219
2011-07-23,6.357781009765219
2011-07-24,6.357781009765219
2011-07-25,6.357781009765219
2011-07-26,6.357781009765219
2011-07-27,6.357781009765219
2011-07-28,6.357781009765219
2011-07-29,6.357781009765219
2011-07-30,6.357781009765219
2011-07-31,6.357781009765219
2011-08-01,1.9011011842925412
2011-08-02,1.9011011842925412
2011-08-03,1.9011011842925412
2011-08-04,1.9011011842925412
2011-08-05,1.9011011842925412
2011-08-06,1.9011011842925412
2011-08-07,1.9011011842925412
2011-08-08,1.9011011842925412
2011-08-09,1.9011011842925412
2011-08-10,1.9011011842925412
2011-08-11,1.9011011842925412
2011-08-12,1.9011011842925412
2011-08-13,1.9011011842925412
2011-08-14,1.9011011842925412
2011-08-15,1.9011011842925412
2011-08-16,1.9011011842925412
2011-08-17,1.9011011842925412
2011-08-18,1.9011011842925412
2011-08-19,1.9011011842925412
2011-08-20,1.9011011842925412
2011-08-21,1.9011011842925412
2011-08-22,1.9011011842925412
2011-08-23,1.9011011842925412
2011-08-24,1.9011011842925412
2011-08-25,1.9011011842925412
2011-08-26,1.9011011842925412
2011-08-27,1.9011011842925412
2011-08-28,1.9011011842925412
2011-08-29,1.9011011842925412
2011-08-30,1.9011011842925412
2011-08-31,1.9011011842925412
2011-09-01,0.0
2011-09-02,0.0
2011-09-03,0.0
2011-09-04,0.0
2011-09-05,0.0
2011-09-06,0.0
2011-09-07,0.0
2011-09-08,0.0
2011-09-09,0.0
2011-09-10,0.0
2011-09-11,0.0
2011-09-12,0.0
2011-09-13,0.0
2011-09-14,0.0
2011-09-15,0.0
2011-09-16,0.0
2011-09-17,0.0
2011-09-18,0.0
2011-09-19,0.0
2011-09-20,0.0
2011-09-21,0.0
2011-09-22,0.0
2011-09-23,0.0
2011-09-24,0.0
2011-09-25,0.0
2011-09-26,0.0
2011-09-27,0.0
2011-09-28,0.0
2011-09-29,0.0
2011-09-30,0.0
2011-10-01,4.768335757323914
2011-10-02,4.768335757323914
2011-10-03,4.768335757323914
2011-10-04,4.768335757323914
2011-10-05,4.768335757323914
2011-10-06,4.768335757323914
2011-10-07,4.768335757323914
2011-10-08,4.768335757323914
2011-10-09,4.768335757323914
2011-10-10,4.768335757323914
2011-10-11,4.768335757323914
2011-10-12,4.768335757323914
2011-10-13,4.768335757323914
2011-10-14,4.768335757323914
2011-10-15,4.768335757323914
2011-10-16,4.768335757323914
2011-10-17,4.768335757323914
2011-10-18,4.768335757323914
2011-10-19,4.768335757323914
2011-10-20,4.768335757323914
2011-10-21,4.768335757323914
2011-10-22,4.768335757323914
2011-10-23,4.768335757323914
2011-10-24,4.768335757323914
2011-10-25,4.768335757323914
2011-10-26,4.768335757323914
2011-10-27,4.768335757323914
2011-10-28,4.768335757323914
2011-10-29,4.768335757323914
2011-10-30,4.768335757323914
2011-10-31,4.768335757323914
2011-11-01,2.8568460419696655
2011-11-02,2.8568460419696655
2011-11-03,2.8568460419696655
2011-11-04,2.8568460419696655
2011-11-05,2.8568460419696655
2011-11-06,2.8568460419696655
2011-11-07,2.8568460419696655
2011-11-08,2.8568460419696655
2011-11-09,2.8568460419696655
2011-11-10,2.8568460419696655
2011-11-11,2.8568460419696655
2011-11-12,2.8568460419696655
2011-11-13,2.8568460419696655
2011-11-14,2.8568460419696655
2011-11-15,2.8568460419696655
2011-11-16,2.8568460419696655
2011-11-17,2.8568460419696655
2011-11-18,2.8568460419696655
2011-11-19,2.8568460419696655
2011-11-20,2.8568460419696655
2011-11-21,2.8568460419696655
2011-11-22,2.8568460419696655
2011-11-23,2.8568460419696655
2011-11-24,2.8568460419696655
2011-11-25,2.8568460419696655
2011-11-26,2.8568460419696655
2011-11-27,2.8568460419696655
2011-11-28,2.8568460419696655
2011-11-29,2.8568460419696655
2011-11-30,2.8568460419696655
2011-12-01,1.9011011842925412
2011-12-02,1.9011011842925412
2011-12-03,1.9011011842925412
2011-12-04,1.9011011842925412
2011-12-05,1.9011011842925412
2011-12-06,1.9011011842925412
2011-12-07,1.9011011842925412
2011-12-08,1.9011011842925412
2011-12-09,1.9011011842925412
2011-12-10,1.9011011842925412
2011-12-11,1.9011011842925412
2011-12-12,1.9011011842925412
2011-12-13,1.9011011842925412
2011-12-14,1.9011011842925412
2011-12-15,1.9011011842925412
2011-12-16,1.9011011842925412
2011-12-17,1.9011011842925412
2011-12-18,1.9011011842925412
2011-12-19,1.9011011842925412
2011-12-20,1.9011011842925412
2011-12-21,1.9011011842925412
2011-12-22,1.9011011842925412
2011-12-23,1.9011011842925412
2011-12-24,1.9011011842925412
2011-12-25,1.9011011842925412
2011-12-26,1.9011011842925412
2011-12-27,1.9011011842925412
2011-12-28,1.9011011842925412
2011-12-29,1.9011011842925412
2011-12-30,1.9011011842925412
2011-12-31,1.9011011842925412
2012-01-01,5.402036152088095
2012-01-02,5.402036152088095
2012-01-03,5.402036152088095
2012-01-04,5.402036152088095
2012-01-05,5.402036152088095
2012-01-06,5.402036152088095
2012-01-07,5.402036152088095
2012-01-08,5.402036152088095
2012-01-09,5.402036152088095
2012-01-10,5.402036152088095
2012-01-11,5.402036152088095
2012-01-12,5.402036152088095
2012-01-13,5.402036152088095
2012-01-14,5.402036152088095
2012-01-15,5.402036152088095
2012-01-16,5.402036152088095
2012-01-17,5.402036152088095
2012-01-18,5.402036152088095
2012-01-19,5.402036152088095
2012-01-20,5.402036152088095
2012-01-21,5.402036152088095
2012-01-22,5.402036152088095
2012-01-23,5.402036152088095
2012-01-24,5.402036152088095
2012-01-25,5.402036152088095
2012-01-26,5.402036152088095
2012-01-27,5.402036152088095
2012-01-28,5.402036152088095
2012-01-29,5.402036152088095
2012-01-30,5.402036152088095
2012-01-31,5.402036152088095
2012-02-01,10.149594847288594
2012-02-02,10.149594847288594
2012-02-03,10.149594847288594
2012-02-04,10.149594847288594
2012-02-05,10.149594847288594
2012-02-06,10.149594847288594
2012-02-07,10.149594847288594
2012-02-08,10.149594847288594
2012-02-09,10.149594847288594
2012-02-10,10.149594847288594
2012-02-11,10.149594847288594
2012-02-12,10.149594847288594
2012-02-13,10.149594847288594
2012-02-14,10.149594847288594
2012-02-15,10.149594847288594
2012-02-16,10.149594847288594
2012-02-17,10.149594847288594
2012-02-18,10.149594847288594
2012-02-19,10.149594847288594
2012-02-20,10.149594847288594
2012-02-21,10.149594847288594
2012-02-22,10.149594847288594
2012-02-23,10.149594847288594
2012-02-24,10.149594847288594
2012-02-25,10.149594847288594
2012-02-26,10.149594847288594
2012-02-27,10.149594847288594
2012-02-28,10.149594847288594
2012-02-29,10.149594847288594
2012-03-01,14.845210887180551
2012-03-02,14.845210887180551
2012-03-03,14.845210887180551
2012-03-04,14.845210887180551
2012-03-05,14.845210887180551
2012-03-06,14.845210887180551
2012-03-07,14.845210887180551
2012-03-08,14.845210887180551
2012-03-09,14.845210887180551
2012-03-10,14.845210887180551
2012-03-11,14.845210887180551
2012-03-12,14.845210887180551
2012-03-13,14.845210887180551
2012-03-14,14.845210887180551
2012-03-15,14.845210887180551
2012-03-16,14.845210887180551
2012-03-17,14.845210887180551
2012-03-18,14.845210887180551
2012-03-19,14.845210887180551
2012-03-20,14.845210887180551
2012-03-21,14.845210887180551
2012-03-22,14.845210887180551
2012-03-23,14.845210887180551
2012-03-24,14.845210887180551
2012-03-25,14.845210887180551
2012-03-26,14.845210887180551
2012-03-27,14.845210887180551
2012-03-28,14.845210887180551
2012-03-29,14.845210887180551
2012-03-30,14.845210887180551
2012-03-31,14.845210887180551
2012-04-01,7.6355703303552875
2012-04-02,7.6355703303552875
2012-04-03,7.6355703303552875
2012-04-04,7.6355703303552875
2012-04-05,7.6355703303552875
2012-04-06,7.6355703303552875
2012-04-07,7.6355703303552875
2012-04-08,7.6355703303552875
2012-04-09,7.6355703303552875
2012-04-10,7.6355703303552875
2012-04-11,7.6355703303552875
2012-04-12,7.6355703303552875
2012-04-13,7.6355703303552875
2012-04-14,7.6355703303552875
2012-04-15,7.6355703303552875
2012-04-16,7.6355703303552875
2012-04-17,7.6355703303552875
2012-04-18,7.6355703303552875
2012-04-19,7.6355703303552875
2012-04-20,7.6355703303552875
2012-04-21,7.6355703303552875
2012-04-22,7.6355703303552875
2012-04-23,7.6355703303552875
2012-04-24,7.6355703303552875
2012-04-25,7.6355703303552875
2012-04-26,7.6355703303552875
2012-04-27,7.6355703303552875
2012-04-28,7.6355703303552875
2012-04-29,7.6355703303552875
2012-04-30,7.6355703303552875
2012-05-01,1.579056721379597
2012-05-02,1.579056721379597
2012-05-03,1.579056721379597
2012-05-04,1.579056721379597
2012-05-05,1.579056721379597
2012-05-06,1.579056721379597
2012-05-07,1.579056721379597
2012-05-08,1.579056721379597
2012-05-09,1.579056721379597
2012-05-10,1.579056721379597
2012-05-11,1.579056721379597
2012-05-12,1.579056721379597
2012-05-13,1.579056721379597
2012-05-14,1.579056721379597
2012-05-15,1.579056721379597
2012-05-16,1.579056721379597
2012-05-17,1.579056721379597
2012-05-18,1.579056721379597
2012-05-19,1.579056721379597
2012-05-20,1.579056721379597
2012-05-21,1.579056721379597
2012-05-22,1.579056721379597
2012-05-23,1.579056721379597
2012-05-24,1.579056721379597
2012-05-25,1.579056721379597
2012-05-26,1.579056721379597
2012-05-27,1.579056721379597
2012-05-28,1.579056721379597
2012-05-29,1.579056721379597
2012-05-30,1.579056721379597
2012-05-31,1.579056721379597
2012-06-01,4.134635362559734
2012-06-02,4.134635362559734
2012-06-03,4.134635362559734
2012-06-04,4.134635362559734
2012-06-05,4.134635362559734
2012-06-06,4.134635362559734
2012-06-07,4.134635362559734
2012-06-08,4.134635362559734
2012-06-09,4.134635362559734
2012-06-10,4.134635362559734
2012-06-11,4.134635362559734
2012-06-12,4.134635362559734
2012-06-13,4.134635362559734
2012-06-14,4.134635362559734
2012-06-15,4.134635362559734
2012-06-16,4.134635362559734
2012-06-17,4.134635362559734
2012-06-18,4.134635362559734
2012-06-19,4.134635362559734
2012-06-20,4.134635362559734
2012-06-21,4.134635362559734
2012-06-22,4.134635362559734
2012-06-23,4.134635362559734
2012-06-24,4.134635362559734
2012-06-25,4.134635362559734
2012-06-26,4.134635362559734
2012-06-27,4.134635362559734
2012-06-28,4.134635362559734
2012-06-29,4.134635362559734
2012-06-30,4.134635362559734
2012-07-01,7.947226262206524
2012-07-02,7.947226262206524
2012-07-03,7.947226262206524
2012-07-04,7.947226262206524
2012-07-05,7.947226262206524
2012-07-06,7.947226262206524
2012-07-07,7.947226262206524
2012-07-08,7.947226262206524
2012-07-09,7.947226262206524
2012-07-10,7.947226262206524
2012-07-11,7.947226262206524
2012-07-12,7.947226262206524
2012-07-13,7.947226262206524
2012-07-14,7.947226262206524
2012-07-15,7.947226262206524
2012-07-16,7.947226262206524
2012-07-17,7.947226262206524
2012-07-18,7.947226262206524
2012-07-19,7.947226262206524
2012-07-20,7.947226262206524
2012-07-21,7.947226262206524
2012-07-22,7.947226262206524
2012-07-23,7.947226262206524
2012-07-24,7.947226262206524
2012-07-25,7.947226262206524
2012-07-26,7.947226262206524
2012-07-27,7.947226262206524
2012-07-28,7.947226262206524
2012-07-29,7.947226262206524
2012-07-30,7.947226262206524
2012-07-31,7.947226262206524
2012-08-01,12.009141907334303
2012-08-02,12.009141907334303
2012-08-03,12.009141907334303
2012-08-04,12.009141907334303
2012-08-05,12.009141907334303
2012-08-06,12.009141907334303
2012-08-07,12.009141907334303
2012-08-08,12.009141907334303
2012-08-09,12.009141907334303
2012-08-10,12.009141907334303
2012-08-11,12.009141907334303
2012-08-12,12.009141907334303
2012-08-13,12.009141907334303
2012-08-14,12.009141907334303
2012-08-15,12.009141907334303
2012-08-16,12.009141907334303
2012-08-17,12.009141907334303
2012-08-18,12.009141907334303
2012-08-19,12.009141907334303
2012-08-20,12.009141907334303
2012-08-21,12.009141907334303
2012-08-22,12.009141907334303
2012-08-23,12.009141907334303
2012-08-24,12.009141907334303
2012-08-25,12.009141907334303
2012-08-26,12.009141907334303
2012-08-27,12.009141907334303
2012-08-28,12.009141907334303
2012-08-29,12.009141907334303
2012-08-30,12.009141907334303
2012-08-31,12.009141907334303
2012-09-01,12.653230833160192
2012-09-02,12.653230833160192
2012-09-03,12.653230833160192
2012-09-04,12.653230833160192
2012-09-05,12.653230833160192
2012-09-06,12.653230833160192
2012-09-07,12.653230833160192
2012-09-08,12.653230833160192
2012-09-09,12.653230833160192
2012-09-10,12.653230833160192
2012-09-11,12.653230833160192
2012-09-12,12.653230833160192
2012-09-13,12.653230833160192
2012-09-14,12.653230833160192
2012-09-15,12.653230833160192
2012-09-16,12.653230833160192
2012-09-17,12.653230833160192
2012-09-18,12.653230833160192
2012-09-19,12.653230833160192
2012-09-20,12.653230833160192
2012-09-21,12.653230833160192
2012-09-22,12.653230833160192
2012-09-23,12.653230833160192
2012-09-24,12.653230833160192
2012-09-25,12.653230833160192
2012-09-26,12.653230833160192
2012-09-27,12.653230833160192
2012-09-28,12.653230833160192
2012-09-29,12.653230833160192
2012-09-30,12.653230833160192
2012-10-01,12.964886765011427
2012-10-02,12.964886765011427
2012-10-03,12.964886765011427
2012-10-04,12.964886765011427
2012-10-05,12.964886765011427
2012-10-06,12.964886765011427
2012-10-07,12.964886765011427
2012-10-08,12.964886765011427
2012-10-09,12.964886765011427
2012-10-10,12.964886765011427
2012-10-11,12.964886765011427
2012-10-12,12.964886765011427
2012-10-13,12.964886765011427
2012-10-14,12.964886765011427
2012-10-15,12.964886765011427
2012-10-16,12.964886765011427
2012-10-17,12.964886765011427
2012-10-18,12.964886765011427
2012-10-19,12.964886765011427
2012-10-20,12.964886765011427
2012-10-21,12.964886765011427
2012-10-22,12.964886765011427
2012-10-23,12.964886765011427
2012-10-24,12.964886765011427
2012-10-25,12.964886765011427
2012-10-26,12.964886765011427
2012-10-27,12.964886765011427
2012-10-28,12.964886765011427
2012-10-29,12.964886765011427
2012-10-30,12.964886765011427
2012-10-31,12.964886765011427
2012-11-01,14.22189902347808
2012-11-02,14.22189902347808
2012-11-03,14.22189902347808
2012-11-04,14.22189902347808
2012-11-05,14.22189902347808
2012-11-06,14.22189902347808
2012-11-07,14.22189902347808
2012-11-08,14.22189902347808
2012-11-09,14.22189902347808
2012-11-10,14.22189902347808
2012-11-11,14.22189902347808
2012-11-12,14.22189902347808
2012-11-13,14.22189902347808
2012-11-14,14.22189902347808
2012-11-15,14.22189902347808
2012-11-16,14.22189902347808
2012-11-17,14.22189902347808
2012-11-18,14.22189902347808
2012-11-19,14.22189902347808
2012-11-20,14.22189902347808
2012-11-21,14.22189902347808
2012-11-22,14.22189902347808
2012-11-23,14.22189902347808
2012-11-24,14.22189902347808
2012-11-25,14.22189902347808
2012-11-26,14.22189902347808
2012-11-27,14.22189902347808
2012-11-28,14.22189902347808
2012-11-29,14.22189902347808
2012-11-30,14.22189902347808
2012-12-01,11.063785580718886
2012-12-02,11.063785580718886
2012-12-03,11.063785580718886
2012-12-04,11.063785580718886
2012-12-05,11.063785580718886
2012-12-06,11.063785580718886
2012-12-07,11.063785580718886
2012-12-08,11.063785580718886
2012-12-09,11.063785580718886
2012-12-10,11.063785580718886
2012-12-11,11.063785580718886
2012-12-12,11.063785580718886
2012-12-13,11.063785580718886
2012-12-14,11.063785580718886
2012-12-15,11.063785580718886
2012-12-16,11.063785580718886
2012-12-17,11.063785580718886
2012-12-18,11.063785580718886
2012-12-19,11.063785580718886
2012-12-20,11.063785580718886
2012-12-21,11.063785580718886
2012-12-22,11.063785580718886
2012-12-23,11.063785580718886
2012-12-24,11.063785580718886
2012-12-25,11.063785580718886
2012-12-26,11.063785580718886
2012-12-27,11.063785580718886
2012-12-28,11.063785580718886
2012-12-29,11.063785580718886
2012-12-30,11.063785580718886
2012-12-31,11.063785580718886
2013-01-01,13.286931227924374
2013-01-02,13.286931227924374
2013-01-03,13.286931227924374
2013-01-04,13.286931227924374
2013-01-05,13.286931227924374
2013-01-06,13.286931227924374
2013-01-07,13.286931227924374
2013-01-08,13.286931227924374
2013-01-09,13.286931227924374
2013-01-10,13.286931227924374
2013-01-11,13.286931227924374
2013-01-12,13.286931227924374
2013-01-13,13.286931227924374
2013-01-14,13.286931227924374
2013-01-15,13.286931227924374
2013-01-16,13.286931227924374
2013-01-17,13.286931227924374
2013-01-18,13.286931227924374
2013-01-19,13.286931227924374
2013-01-20,13.286931227924374
2013-01-21,13.286931227924374
2013-01-22,13.286931227924374
2013-01-23,13.286931227924374
2013-01-24,13.286931227924374
2013-01-25,13.286931227924374
2013-01-26,13.286931227924374
2013-01-27,13.286931227924374
2013-01-28,13.286931227924374
2013-01-29,13.286931227924374
2013-01-30,13.286931227924374
2013-01-31,13.286931227924374
2013-02-01,13.931020153750259
2013-02-02,13.931020153750259
2013-02-03,13.931020153750259
2013-02-04,13.931020153750259
2013-02-05,13.931020153750259
2013-02-06,13.931020153750259
2013-02-07,13.931020153750259
2013-02-08,13.931020153750259
2013-02-09,13.931020153750259
2013-02-10,13.931020153750259
2013-02-11,13.931020153750259
2013-02-12,13.931020153750259
2013-02-13,13.931020153750259
2013-02-14,13.931020153750259
2013-02-15,13.931020153750259
2013-02-16,13.931020153750259
2013-02-17,13.931020153750259
2013-02-18,13.931020153750259
2013-02-19,13.931020153750259
2013-02-20,13.931020153750259
2013-02-21,13.931020153750259
2013-02-22,13.931020153750259
2013-02-23,13.931020153750259
2013-02-24,13.931020153750259
2013-02-25,13.931020153750259
2013-02-26,13.931020153750259
2013-02-27,13.931020153750259
2013-02-28,13.931020153750259
2013-03-01,15.478911281944733
2013-03-02,15.478911281944733
2013-03-03,15.478911281944733
2013-03-04,15.478911281944733
2013-03-05,15.478911281944733
2013-03-06,15.478911281944733
2013-03-07,15.478911281944733
2013-03-08,15.478911281944733
2013-03-09,15.478911281944733
2013-03-10,15.478911281944733
2013-03-11,15.478911281944733
2013-03-12,15.478911281944733
2013-03-13,15.478911281944733
2013-03-14,15.478911281944733
2013-03-15,15.478911281944733
2013-03-16,15.478911281944733
2013-03-17,15.478911281944733
2013-03-18,15.478911281944733
2013-03-19,15.478911281944733
2013-03-20,15.478911281944733
2013-03-21,15.478911281944733
2013-03-22,15.478911281944733
2013-03-23,15.478911281944733
2013-03-24,15.478911281944733
2013-03-25,15.478911281944733
2013-03-26,15.478911281944733
2013-03-27,15.478911281944733
2013-03-28,15.478911281944733
2013-03-29,15.478911281944733
2013-03-30,15.478911281944733
2013-03-31,15.478911281944733
2013-04-01,15.167255350093498
2013-04-02,15.167255350093498
2013-04-03,15.167255350093498
2013-04-04,15.167255350093498
2013-04-05,15.167255350093498
2013-04-06,15.167255350093498
2013-04-07,15.167255350093498
2013-04-08,15.167255350093498
2013-04-09,15.167255350093498
2013-04-10,15.167255350093498
2013-04-11,15.167255350093498
2013-04-12,15.167255350093498
2013-04-13,15.167255350093498
2013-04-14,15.167255350093498
2013-04-15,15.167255350093498
2013-04-16,15.167255350093498
2013-04-17,15.167255350093498
2013-04-18,15.167255350093498
2013-04-19,15.167255350093498
2013-04-20,15.167255350093498
2013-04-21,15.167255350093498
2013-04-22,15.167255350093498
2013-04-23,15.167255350093498
2013-04-24,15.167255350093498
2013-04-25,15.167255350093498
2013-04-26,15.167255350093498
2013-04-27,15.167255350093498
2013-04-28,15.167255350093498
2013-04-29,15.167255350093498
2013-04-30,15.167255350093498
2013-05-01,17.068356534386037
2013-05-02,17.068356534386037
2013-05-03,17.068356534386037
2013-05-04,17.068356534386037
2013-05-05,17.068356534386037
2013-05-06,17.068356534386037
2013-05-07,17.068356534386037
2013-05-08,17.068356534386037
2013-05-09,17.068356534386037
2013-05-10,17.068356534386037
2013-05-11,17.068356534386037
2013-05-12,17.068356534386037
2013-05-13,17.068356534386037
2013-05-14,17.068356534386037
2013-05-15,17.068356534386037
2013-05-16,17.068356534386037
2013-05-17,17.068356534386037
2013-05-18,17.068356534386037
2013-05-19,17.068356534386037
2013-05-20,17.068356534386037
2013-05-21,17.068356534386037
2013-05-22,17.068356534386037
2013-05-23,17.068356534386037
2013-05-24,17.068356534386037
2013-05-25,17.068356534386037
2013-05-26,17.068356534386037
2013-05-27,17.068356534386037
2013-05-28,17.068356534386037
2013-05-29,17.068356534386037
2013-05-30,17.068356534386037
2013-05-31,17.068356534386037
2013-06-01,16.112611676708912
2013-06-02,16.112611676708912
2013-06-03,16.112611676708912
2013-06-04,16.112611676708912
2013-06-05,16.112611676708912
2013-06-06,16.112611676708912
2013-06-07,16.112611676708912
2013-06-08,16.112611676708912
2013-06-09,16.112611676708912
2013-06-10,16.112611676708912
2013-06-11,16.112611676708912
2013-06-12,16.112611676708912
2013-06-13,16.112611676708912
2013-06-14,16.112611676708912
2013-06-15,16.112611676708912
2013-06-16,16.112611676708912
2013-06-17,16.112611676708912
2013-06-18,16.112611676708912
2013-06-19,16.112611676708912
2013-06-20,16.112611676708912
2013-06-21,16.112611676708912
2013-06-22,16.112611676708912
2013-06-23,16.112611676708912
2013-06-24,16.112611676708912
2013-06-25,16.112611676708912
2013-06-26,16.112611676708912
2013-06-27,16.112611676708912
2013-06-28,16.112611676708912
2013-06-29,16.112611676708912
2013-06-30,16.112611676708912
2013-07-01,18.03448992312487
2013-07-02,18.03448992312487
2013-07-03,18.03448992312487
2013-07-04,18.03448992312487
2013-07-05,18.03448992312487
2013-07-06,18.03448992312487
2013-07-07,18.03448992312487
2013-07-08,18.03448992312487
2013-07-09,18.03448992312487
2013-07-10,18.03448992312487
2013-07-11,18.03448992312487
2013-07-12,18.03448992312487
2013-07-13,18.03448992312487
2013-07-14,18.03448992312487
2013-07-15,18.03448992312487
2013-07-16,18.03448992312487
2013-07-17,18.03448992312487
2013-07-18,18.03448992312487
2013-07-19,18.03448992312487
2013-07-20,18.03448992312487
2013-07-21,18.03448992312487
2013-07-22,18.03448992312487
2013-07-23,18.03448992312487
2013-07-24,18.03448992312487
2013-07-25,18.03448992312487
2013-07-26,18.03448992312487
2013-07-27,18.03448992312487
2013-07-28,18.03448992312487
2013-07-29,18.03448992312487
2013-07-30,18.03448992312487
2013-07-31,18.03448992312487
2013-08-01,17.712445460211924
2013-08-02,17.712445460211924
2013-08-03,17.712445460211924
2013-08-04,17.712445460211924
2013-08-05,17.712445460211924
2013-08-06,17.712445460211924
2013-08-07,17.712445460211924
2013-08-08,17.712445460211924
2013-08-09,17.712445460211924
2013-08-10,17.712445460211924
2013-08-11,17.712445460211924
2013-08-12,17.712445460211924
2013-08-13,17.712445460211924
2013-08-14,17.712445460211924
2013-08-15,17.712445460211924
2013-08-16,17.712445460211924
2013-08-17,17.712445460211924
2013-08-18,17.712445460211924
2013-08-19,17.712445460211924
2013-08-20,17.712445460211924
2013-08-21,17.712445460211924
2013-08-22,17.712445460211924
2013-08-23,17.712445460211924
2013-08-24,17.712445460211924
2013-08-25,17.712445460211924
2013-08-26,17.712445460211924
2013-08-27,17.712445460211924
2013-08-28,17.712445460211924
2013-08-29,17.712445460211924
2013-08-30,17.712445460211924
2013-08-31,17.712445460211924
2013-09-01,9.515894452524414
2013-09-02,9.515894452524414
2013-09-03,9.515894452524414
2013-09-04,9.515894452524414
2013-09-05,9.515894452524414
2013-09-06,9.515894452524414
2013-09-07,9.515894452524414
2013-09-08,9.515894452524414
2013-09-09,9.515894452524414
2013-09-10,9.515894452524414
2013-09-11,9.515894452524414
2013-09-12,9.515894452524414
2013-09-13,9.515894452524414
2013-09-14,9.515894452524414
2013-09-15,9.515894452524414
2013-09-16,9.515894452524414
2013-09-17,9.515894452524414
2013-09-18,9.515894452524414
2013-09-19,9.515894452524414
2013-09-20,9.515894452524414
2013-09-21,9.515894452524414
2013-09-22,9.515894452524414
2013-09-23,9.515894452524414
2013-09-24,9.515894452524414
2013-09-25,9.515894452524414
2013-09-26,9.515894452524414
2013-09-27,9.515894452524414
2013-09-28,9.515894452524414
2013-09-29,9.515894452524414
2013-09-30,9.515894452524414
2013-10-01,13.608975690837315
2013-10-02,13.608975690837315
2013-10-03,13.608975690837315
2013-10-04,13.608975690837315
2013-10-05,13.608975690837315
2013-10-06,13.608975690837315
2013-10-07,13.608975690837315
2013-10-08,13.608975690837315
2013-10-09,13.608975690837315
2013-10-10,13.608975690837315
2013-10-11,13.608975690837315
2013-10-12,13.608975690837315
2013-10-13,13.608975690837315
2013-10-14,13.608975690837315
2013-10-15,13.608975690837315
2013-10-16,13.608975690837315
2013-10-17,13.608975690837315
2013-10-18,13.608975690837315
2013-10-19,13.608975690837315
2013-10-20,13.608975690837315
2013-10-21,13.608975690837315
2013-10-22,13.608975690837315
2013-10-23,13.608975690837315
2013-10-24,13.608975690837315
2013-10-25,13.608975690837315
2013-10-26,13.608975690837315
2013-10-27,13.608975690837315
2013-10-28,13.608975690837315
2013-10-29,13.608975690837315
2013-10-30,13.608975690837315
2013-10-31,13.608975690837315
2013-11-01,15.800955744857678
2013-11-02,15.800955744857678
2013-11-03,15.800955744857678
2013-11-04,15.800955744857678
2013-11-05,15.800955744857678
2013-11-06,15.800955744857678
2013-11-07,15.800955744857678
2013-11-08,15.800955744857678
2013-11-09,15.800955744857678
2013-11-10,15.800955744857678
2013-11-11,15.800955744857678
2013-11-12,15.800955744857678
2013-11-13,15.800955744857678
2013-11-14,15.800955744857678
2013-11-15,15.800955744857678
2013-11-16,15.800955744857678
2013-11-17,15.800955744857678
2013-11-18,15.800955744857678
2013-11-19,15.800955744857678
2013-11-20,15.800955744857678
2013-11-21,15.800955744857678
2013-11-22,15.800955744857678
2013-11-23,15.800955744857678
2013-11-24,15.800955744857678
2013-11-25,15.800955744857678
2013-11-26,15.800955744857678
2013-11-27,15.800955744857678
2013-11-28,15.800955744857678
2013-11-29,15.800955744857678
2013-11-30,15.800955744857678
2013-12-01,17.390400997298983
2013-12-02,17.390400997298983
2013-12-03,17.390400997298983
2013-12-04,17.390400997298983
2013-12-05,17.390400997298983
2013-12-06,17.390400997298983
2013-12-07,17.390400997298983
2013-12-08,17.390400997298983
2013-12-09,17.390400997298983
2013-12-10,17.390400997298983
2013-12-11,17.390400997298983
2013-12-12,17.390400997298983
2013-12-13,17.390400997298983
2013-12-14,17.390400997298983
2013-12-15,17.390400997298983
2013-12-16,17.390400997298983
2013-12-17,17.390400997298983
2013-12-18,17.390400997298983
2013-12-19,17.390400997298983
2013-12-20,17.390400997298983
2013-12-21,17.390400997298983
2013-12-22,17.390400997298983
2013-12-23,17.390400997298983
2013-12-24,17.390400997298983
2013-12-25,17.390400997298983
2013-12-26,17.390400997298983
2013-12-27,17.390400997298983
2013-12-28,17.390400997298983
2013-12-29,17.390400997298983
2013-12-30,17.390400997298983
2013-12-31,17.390400997298983
2014-01-01,16.42426760856015
2014-01-02,16.42426760856015
2014-01-03,16.42426760856015
2014-01-04,16.42426760856015
2014-01-05,16.42426760856015
2014-01-06,16.42426760856015
2014-01-07,16.42426760856015
2014-01-08,16.42426760856015
2014-01-09,16.42426760856015
2014-01-10,16.42426760856015
2014-01-11,16.42426760856015
2014-01-12,16.42426760856015
2014-01-13,16.42426760856015
2014-01-14,16.42426760856015
2014-01-15,16.42426760856015
2014-01-16,16.42426760856015
2014-01-17,16.42426760856015
2014-01-18,16.42426760856015
2014-01-19,16.42426760856015
2014-01-20,16.42426760856015
2014-01-21,16.42426760856015
2014-01-22,16.42426760856015
2014-01-23,16.42426760856015
2014-01-24,16.42426760856015
2014-01-25,16.42426760856015
2014-01-26,16.42426760856015
2014-01-27,16.42426760856015
2014-01-28,16.42426760856015
2014-01-29,16.42426760856015
2014-01-30,16.42426760856015
2014-01-31,16.42426760856015
2014-02-01,18.356534386037815
2014-02-02,18.356534386037815
2014-02-03,18.356534386037815
2014-02-04,18.356534386037815
2014-02-05,18.356534386037815
2014-02-06,18.356534386037815
2014-02-07,18.356534386037815
2014-02-08,18.356534386037815
2014-02-09,18.356534386037815
2014-02-10,18.356534386037815
2014-02-11,18.356534386037815
2014-02-12,18.356534386037815
2014-02-13,18.356534386037815
2014-02-14,18.356534386037815
2014-02-15,18.356534386037815
2014-02-16,18.356534386037815
2014-02-17,18.356534386037815
2014-02-18,18.356534386037815
2014-02-19,18.356534386037815
2014-02-20,18.356534386037815
2014-02-21,18.356534386037815
2014-02-22,18.356534386037815
2014-02-23,18.356534386037815
2014-02-24,18.356534386037815
2014-02-25,18.356534386037815
2014-02-26,18.356534386037815
2014-02-27,18.356534386037815
2014-02-28,18.356534386037815
2014-03-01,0.9349677955537088
2014-03-02,0.9349677955537088
2014-03-03,0.9349677955537088
2014-03-04,0.9349677955537088
2014-03-05,0.9349677955537088
2014-03-06,0.9349677955537088
2014-03-07,0.9349677955537088
2014-03-08,0.9349677955537088
2014-03-09,0.9349677955537088
2014-03-10,0.9349677955537088
2014-03-11,0.9349677955537088
2014-03-12,0.9349677955537088
2014-03-13,0.9349677955537088
2014-03-14,0.9349677955537088
2014-03-15,0.9349677955537088
2014-03-16,0.9349677955537088
2014-03-17,0.9349677955537088
2014-03-18,0.9349677955537088
2014-03-19,0.9349677955537088
2014-03-20,0.9349677955537088
2014-03-21,0.9349677955537088
2014-03-22,0.9349677955537088
2014-03-23,0.9349677955537088
2014-03-24,0.9349677955537088
2014-03-25,0.9349677955537088
2014-03-26,0.9349677955537088
2014-03-27,0.9349677955537088
2014-03-28,0.9349677955537088
2014-03-29,0.9349677955537088
2014-03-30,0.9349677955537088
2014-03-31,0.9349677955537088
2014-04-01,0.6233118637024725
2014-04-02,0.6233118637024725
2014-04-03,0.6233118637024725
2014-04-04,0.6233118637024725
2014-04-05,0.6233118637024725
2014-04-06,0.6233118637024725
2014-04-07,0.6233118637024725
2014-04-08,0.6233118637024725
2014-04-09,0.6233118637024725
2014-04-10,0.6233118637024725
2014-04-11,0.6233118637024725
2014-04-12,0.6233118637024725
2014-04-13,0.6233118637024725
2014-04-14,0.6233118637024725
2014-04-15,0.6233118637024725
2014-04-16,0.6233118637024725
2014-04-17,0.6233118637024725
2014-04-18,0.6233118637024725
2014-04-19,0.6233118637024725
2014-04-20,0.6233118637024725
2014-04-21,0.6233118637024725
2014-04-22,0.6233118637024725
2014-04-23,0.6233118637024725
2014-04-24,0.6233118637024725
2014-04-25,0.6233118637024725
2014-04-26,0.6233118637024725
2014-04-27,0.6233118637024725
2014-04-28,0.6233118637024725
2014-04-29,0.6233118637024725
2014-04-30,0.6233118637024725
2014-05-01,3.4905464367338457
2014-05-02,3.4905464367338457
2014-05-03,3.4905464367338457
2014-05-04,3.4905464367338457
2014-05-05,3.4905464367338457
2014-05-06,3.4905464367338457
2014-05-07,3.4905464367338457
2014-05-08,3.4905464367338457
2014-05-09,3.4905464367338457
2014-05-10,3.4905464367338457
2014-05-11,3.4905464367338457
2014-05-12,3.4905464367338457
2014-05-13,3.4905464367338457
2014-05-14,3.4905464367338457
2014-05-15,3.4905464367338457
2014-05-16,3.4905464367338457
2014-05-17,3.4905464367338457
2014-05-18,3.4905464367338457
2014-05-19,3.4905464367338457
2014-05-20,3.4905464367338457
2014-05-21,3.4905464367338457
2014-05-22,3.4905464367338457
2014-05-23,3.4905464367338457
2014-05-24,3.4905464367338457
2014-05-25,3.4905464367338457
2014-05-26,3.4905464367338457
2014-05-27,3.4905464367338457
2014-05-28,3.4905464367338457
2014-05-29,3.4905464367338457
2014-05-30,3.4905464367338457
2014-05-31,3.4905464367338457
2014-06-01,0.31165593185123625
2014-06-02,0.31165593185123625
2014-06-03,0.31165593185123625
2014-06-04,0.31165593185123625
2014-06-05,0.31165593185123625
2014-06-06,0.31165593185123625
2014-06-07,0.31165593185123625
2014-06-08,0.31165593185123625
2014-06-09,0.31165593185123625
2014-06-10,0.31165593185123625
2014-06-11,0.31165593185123625
2014-06-12,0.31165593185123625
2014-06-13,0.31165593185123625
2014-06-14,0.31165593185123625
2014-06-15,0.31165593185123625
2014-06-16,0.31165593185123625
2014-06-17,0.31165593185123625
2014-06-18,0.31165593185123625
2014-06-19,0.31165593185123625
2014-06-20,0.31165593185123625
2014-06-21,0.31165593185123625
2014-06-22,0.31165593185123625
2014-06-23,0.31165593185123625
2014-06-24,0.31165593185123625
2014-06-25,0.31165593185123625
2014-06-26,0.31165593185123625
2014-06-27,0.31165593185123625
2014-06-28,0.31165593185123625
2014-06-29,0.31165593185123625
2014-06-30,0.31165593185123625
2014-07-01,1.2570122584666528
2014-07-02,1.2570122584666528
2014-07-03,1.2570122584666528
2014-07-04,1.2570122584666528
2014-07-05,1.2570122584666528
2014-07-06,1.2570122584666528
2014-07-07,1.2570122584666528
2014-07-08,1.2570122584666528
2014-07-09,1.2570122584666528
2014-07-10,1.2570122584666528
2014-07-11,1.2570122584666528
2014-07-12,1.2570122584666528
2014-07-13,1.2570122584666528
2014-07-14,1.2570122584666528
2014-07-15,1.2570122584666528
2014-07-16,1.2570122584666528
2014-07-17,1.2570122584666528
2014-07-18,1.2570122584666528
2014-07-19,1.2570122584666528
2014-07-20,1.2570122584666528
2014-07-21,1.2570122584666528
2014-07-22,1.2570122584666528
2014-07-23,1.2570122584666528
2014-07-24,1.2570122584666528
2014-07-25,1.2570122584666528
2014-07-26,1.2570122584666528
2014-07-27,1.2570122584666528
2014-07-28,1.2570122584666528
2014-07-29,1.2570122584666528
2014-07-30,1.2570122584666528
2014-07-31,1.2570122584666528
2014-08-01,3.81259089964679
2014-08-02,3.81259089964679
2014-08-03,3.81259089964679
2014-08-04,3.81259089964679
2014-08-05,3.81259089964679
2014-08-06,3.81259089964679
2014-08-07,3.81259089964679
2014-08-08,3.81259089964679
2014-08-09,3.81259089964679
2014-08-10,3.81259089964679
2014-08-11,3.81259089964679
2014-08-12,3.81259089964679
2014-08-13,3.81259089964679
2014-08-14,3.81259089964679
2014-08-15,3.81259089964679
2014-08-16,3.81259089964679
2014-08-17,3.81259089964679
2014-08-18,3.81259089964679
2014-08-19,3.81259089964679
2014-08-20,3.81259089964679
2014-08-21,3.81259089964679
2014-08-22,3.81259089964679
2014-08-23,3.81259089964679
2014-08-24,3.81259089964679
2014-08-25,3.81259089964679
2014-08-26,3.81259089964679
2014-08-27,3.81259089964679
2014-08-28,3.81259089964679
2014-08-29,3.81259089964679
2014-08-30,3.81259089964679
2014-08-31,3.81259089964679
2014-09-01,8.269270725119467
2014-09-02,8.269270725119467
2014-09-03,8.269270725119467
2014-09-04,8.269270725119467
2014-09-05,8.269270725119467
2014-09-06,8.269270725119467
2014-09-07,8.269270725119467
2014-09-08,8.269270725119467
2014-09-09,8.269270725119467
2014-09-10,8.269270725119467
2014-09-11,8.269270725119467
2014-09-12,8.269270725119467
2014-09-13,8.269270725119467
2014-09-14,8.269270725119467
2014-09-15,8.269270725119467
2014-09-16,8.269270725119467
2014-09-17,8.269270725119467
2014-09-18,8.269270725119467
2014-09-19,8.269270725119467
2014-09-20,8.269270725119467
2014-09-21,8.269270725119467
2014-09-22,8.269270725119467
2014-09-23,8.269270725119467
2014-09-24,8.269270725119467
2014-09-25,8.269270725119467
2014-09-26,8.269270725119467
2014-09-27,8.269270725119467
2014-09-28,8.269270725119467
2014-09-29,8.269270725119467
2014-09-30,8.269270725119467
2014-10-01,10.450862248078122
2014-10-02,10.450862248078122
2014-10-03,10.450862248078122
2014-10-04,10.450862248078122
2014-10-05,10.450862248078122
2014-10-06,10.450862248078122
2014-10-07,10.450862248078122
2014-10-08,10.450862248078122
2014-10-09,10.450862248078122
2014-10-10,10.450862248078122
2014-10-11,10.450862248078122
2014-10-12,10.450862248078122
2014-10-13,10.450862248078122
2014-10-14,10.450862248078122
2014-10-15,10.450862248078122
2014-10-16,10.450862248078122
2014-10-17,10.450862248078122
2014-10-18,10.450862248078122
2014-10-19,10.450862248078122
2014-10-20,10.450862248078122
2014-10-21,10.450862248078122
2014-10-22,10.450862248078122
2014-10-23,10.450862248078122
2014-10-24,10.450862248078122
2014-10-25,10.450862248078122
2014-10-26,10.450862248078122
2014-10-27,10.450862248078122
2014-10-28,10.450862248078122
2014-10-29,10.450862248078122
2014-10-30,10.450862248078122
2014-10-31,10.450862248078122
2014-11-01,14.533554955329317
2014-11-02,14.533554955329317
2014-11-03,14.533554955329317
2014-11-04,14.533554955329317
2014-11-05,14.533554955329317
2014-11-06,14.533554955329317
2014-11-07,14.533554955329317
2014-11-08,14.533554955329317
2014-11-09,14.533554955329317
2014-11-10,14.533554955329317
2014-11-11,14.533554955329317
2014-11-12,14.533554955329317
2014-11-13,14.533554955329317
2014-11-14,14.533554955329317
2014-11-15,14.533554955329317
2014-11-16,14.533554955329317
2014-11-17,14.533554955329317
2014-11-18,14.533554955329317
2014-11-19,14.533554955329317
2014-11-20,14.533554955329317
2014-11-21,14.533554955329317
2014-11-22,14.533554955329317
2014-11-23,14.533554955329317
2014-11-24,14.533554955329317
2014-11-25,14.533554955329317
2014-11-26,14.533554955329317
2014-11-27,14.533554955329317
2014-11-28,14.533554955329317
2014-11-29,14.533554955329317
2014-11-30,14.533554955329317
2014-12-01,4.44629129441097
2014-12-02,4.44629129441097
2014-12-03,4.44629129441097
2014-12-04,4.44629129441097
2014-12-05,4.44629129441097
2014-12-06,4.44629129441097
2014-12-07,4.44629129441097
2014-12-08,4.44629129441097
2014-12-09,4.44629129441097
2014-12-10,4.44629129441097
2014-12-11,4.44629129441097
2014-12-12,4.44629129441097
2014-12-13,4.44629129441097
2014-12-14,4.44629129441097
2014-12-15,4.44629129441097
2014-12-16,4.44629129441097
2014-12-17,4.44629129441097
2014-12-18,4.44629129441097
2014-12-19,4.44629129441097
2014-12-20,4.44629129441097
2014-12-21,4.44629129441097
2014-12-22,4.44629129441097
2014-12-23,4.44629129441097
2014-12-24,4.44629129441097
2014-12-25,4.44629129441097
2014-12-26,4.44629129441097
2014-12-27,4.44629129441097
2014-12-28,4.44629129441097
2014-12-29,4.44629129441097
2014-12-30,4.44629129441097
2014-12-31,4.44629129441097
2015-01-01,3.1685019738209017
2015-01-02,3.1685019738209017
2015-01-03,3.1685019738209017
2015-01-04,3.1685019738209017
2015-01-05,3.1685019738209017
2015-01-06,3.1685019738209017
2015-01-07,3.1685019738209017
2015-01-08,3.1685019738209017
2015-01-09,3.1685019738209017
2015-01-10,3.1685019738209017
2015-01-11,3.1685019738209017
2015-01-12,3.1685019738209017
2015-01-13,3.1685019738209017
2015-01-14,3.1685019738209017
2015-01-15,3.1685019738209017
2015-01-16,3.1685019738209017
2015-01-17,3.1685019738209017
2015-01-18,3.1685019738209017
2015-01-19,3.1685019738209017
2015-01-20,3.1685019738209017
2015-01-21,3.1685019738209017
2015-01-22,3.1685019738209017
2015-01-23,3.1685019738209017
2015-01-24,3.1685019738209017
2015-01-25,3.1685019738209017
2015-01-26,3.1685019738209017
2015-01-27,3.1685019738209017
2015-01-28,3.1685019738209017
2015-01-29,3.1685019738209017
2015-01-30,3.1685019738209017
2015-01-31,3.1685019738209017
2015-02-01,8.902971119883649
2015-02-02,8.902971119883649
2015-02-03,8.902971119883649
2015-02-04,8.902971119883649
2015-02-05,8.902971119883649
2015-02-06,8.902971119883649
2015-02-07,8.902971119883649
2015-02-08,8.902971119883649
2015-02-09,8.902971119883649
2015-02-10,8.902971119883649
2015-02-11,8.902971119883649
2015-02-12,8.902971119883649
2015-02-13,8.902971119883649
2015-02-14,8.902971119883649
2015-02-15,8.902971119883649
2015-02-16,8.902971119883649
2015-02-17,8.902971119883649
2015-02-18,8.902971119883649
2015-02-19,8.902971119883649
2015-02-20,8.902971119883649
2015-02-21,8.902971119883649
2015-02-22,8.902971119883649
2015-02-23,8.902971119883649
2015-02-24,8.902971119883649
2015-02-25,8.902971119883649
2015-02-26,8.902971119883649
2015-02-27,8.902971119883649
2015-02-28,8.902971119883649
2015-03-01,19.89403698317058
2015-03-02,19.89403698317058
2015-03-03,19.89403698317058
2015-03-04,19.89403698317058
2015-03-05,19.89403698317058
2015-03-06,19.89403698317058
2015-03-07,19.89403698317058
2015-03-08,19.89403698317058
2015-03-09,19.89403698317058
2015-03-10,19.89403698317058
2015-03-11,19.89403698317058
2015-03-12,19.89403698317058
2015-03-13,19.89403698317058
2015-03-14,19.89403698317058
2015-03-15,19.89403698317058
2015-03-16,19.89403698317058
2015-03-17,19.89403698317058
2015-03-18,19.89403698317058
2015-03-19,19.89403698317058
2015-03-20,19.89403698317058
2015-03-21,19.89403698317058
2015-03-22,19.89403698317058
2015-03-23,19.89403698317058
2015-03-24,19.89403698317058
2015-03-25,19.89403698317058
2015-03-26,19.89403698317058
2015-03-27,19.89403698317058
2015-03-28,19.89403698317058
2015-03-29,19.89403698317058
2015-03-30,19.89403698317058
2015-03-31,19.89403698317058
2015-04-01,21.182214834822354
2015-04-02,21.182214834822354
2015-04-03,21.182214834822354
2015-04-04,21.182214834822354
2015-04-05,21.182214834822354
2015-04-06,21.182214834822354
2015-04-07,21.182214834822354
2015-04-08,21.182214834822354
2015-04-09,21.182214834822354
2015-04-10,21.182214834822354
2015-04-11,21.182214834822354
2015-04-12,21.182214834822354
2015-04-13,21.182214834822354
2015-04-14,21.182214834822354
2015-04-15,21.182214834822354
2015-04-16,21.182214834822354
2015-04-17,21.182214834822354
2015-04-18,21.182214834822354
2015-04-19,21.182214834822354
2015-04-20,21.182214834822354
2015-04-21,21.182214834822354
2015-04-22,21.182214834822354
2015-04-23,21.182214834822354
2015-04-24,21.182214834822354
2015-04-25,21.182214834822354
2015-04-26,21.182214834822354
2015-04-27,21.182214834822354
2015-04-28,21.182214834822354
2015-04-29,21.182214834822354
2015-04-30,21.182214834822354
2015-05-01,22.12757116143777
2015-05-02,22.12757116143777
2015-05-03,22.12757116143777
2015-05-04,22.12757116143777
2015-05-05,22.12757116143777
2015-05-06,22.12757116143777
2015-05-07,22.12757116143777
2015-05-08,22.12757116143777
2015-05-09,22.12757116143777
2015-05-10,22.12757116143777
2015-05-11,22.12757116143777
2015-05-12,22.12757116143777
2015-05-13,22.12757116143777
2015-05-14,22.12757116143777
2015-05-15,22.12757116143777
2015-05-16,22.12757116143777
2015-05-17,22.12757116143777
2015-05-18,22.12757116143777
2015-05-19,22.12757116143777
2015-05-20,22.12757116143777
2015-05-21,22.12757116143777
2015-05-22,22.12757116143777
2015-05-23,22.12757116143777
2015-05-24,22.12757116143777
2015-05-25,22.12757116143777
2015-05-26,22.12757116143777
2015-05-27,22.12757116143777
2015-05-28,22.12757116143777
2015-05-29,22.12757116143777
2015-05-30,22.12757116143777
2015-05-31,22.12757116143777
2015-06-01,22.449615624350717
2015-06-02,22.449615624350717
2015-06-03,22.449615624350717
2015-06-04,22.449615624350717
2015-06-05,22.449615624350717
2015-06-06,22.449615624350717
2015-06-07,22.449615624350717
2015-06-08,22.449615624350717
2015-06-09,22.449615624350717
2015-06-10,22.449615624350717
2015-06-11,22.449615624350717
2015-06-12,22.449615624350717
2015-06-13,22.449615624350717
2015-06-14,22.449615624350717
2015-06-15,22.449615624350717
2015-06-16,22.449615624350717
2015-06-17,22.449615624350717
2015-06-18,22.449615624350717
2015-06-19,22.449615624350717
2015-06-20,22.449615624350717
2015-06-21,22.449615624350717
2015-06-22,22.449615624350717
2015-06-23,22.449615624350717
2015-06-24,22.449615624350717
2015-06-25,22.449615624350717
2015-06-26,22.449615624350717
2015-06-27,22.449615624350717
2015-06-28,22.449615624350717
2015-06-29,22.449615624350717
2015-06-30,22.449615624350717
2015-07-01,23.69623935175566
2015-07-02,23.69623935175566
2015-07-03,23.69623935175566
2015-07-04,23.69623935175566
2015-07-05,23.69623935175566
2015-07-06,23.69623935175566
2015-07-07,23.69623935175566
2015-07-08,23.69623935175566
2015-07-09,23.69623935175566
2015-07-10,23.69623935175566
2015-07-11,23.69623935175566
2015-07-12,23.69623935175566
2015-07-13,23.69623935175566
2015-07-14,23.69623935175566
2015-07-15,23.69623935175566
2015-07-16,23.69623935175566
2015-07-17,23.69623935175566
2015-07-18,23.69623935175566
2015-07-19,23.69623935175566
2015-07-20,23.69623935175566
2015-07-21,23.69623935175566
2015-07-22,23.69623935175566
2015-07-23,23.69623935175566
2015-07-24,23.69623935175566
2015-07-25,23.69623935175566
2015-07-26,23.69623935175566
2015-07-27,23.69623935175566
2015-07-28,23.69623935175566
2015-07-29,23.69623935175566
2015-07-30,23.69623935175566
2015-07-31,23.69623935175566
2015-08-01,20.860170371909412
2015-08-02,20.860170371909412
2015-08-03,20.860170371909412
2015-08-04,20.860170371909412
2015-08-05,20.860170371909412
2015-08-06,20.860170371909412
2015-08-07,20.860170371909412
2015-08-08,20.860170371909412
2015-08-09,20.860170371909412
2015-08-10,20.860170371909412
2015-08-11,20.860170371909412
2015-08-12,20.860170371909412
2015-08-13,20.860170371909412
2015-08-14,20.860170371909412
2015-08-15,20.860170371909412
2015-08-16,20.860170371909412
2015-08-17,20.860170371909412
2015-08-18,20.860170371909412
2015-08-19,20.860170371909412
2015-08-20,20.860170371909412
2015-08-21,20.860170371909412
2015-08-22,20.860170371909412
2015-08-23,20.860170371909412
2015-08-24,20.860170371909412
2015-08-25,20.860170371909412
2015-08-26,20.860170371909412
2015-08-27,20.860170371909412
2015-08-28,20.860170371909412
2015-08-29,20.860170371909412
2015-08-30,20.860170371909412
2015-08-31,20.860170371909412
2015-09-01,21.815915229586537
2015-09-02,21.815915229586537
2015-09-03,21.815915229586537
2015-09-04,21.815915229586537
2015-09-05,21.815915229586537
2015-09-06,21.815915229586537
2015-09-07,21.815915229586537
2015-09-08,21.815915229586537
2015-09-09,21.815915229586537
2015-09-10,21.815915229586537
2015-09-11,21.815915229586537
2015-09-12,21.815915229586537
2015-09-13,21.815915229586537
2015-09-14,21.815915229586537
2015-09-15,21.815915229586537
2015-09-16,21.815915229586537
2015-09-17,21.815915229586537
2015-09-18,21.815915229586537
2015-09-19,21.815915229586537
2015-09-20,21.815915229586537
2015-09-21,21.815915229586537
2015-09-22,21.815915229586537
2015-09-23,21.815915229586537
2015-09-24,21.815915229586537
2015-09-25,21.815915229586537
2015-09-26,21.815915229586537
2015-09-27,21.815915229586537
2015-09-28,21.815915229586537
2015-09-29,21.815915229586537
2015-09-30,21.815915229586537
2015-10-01,26.511531269478496
2015-10-02,26.511531269478496
2015-10-03,26.511531269478496
2015-10-04,26.511531269478496
2015-10-05,26.511531269478496
2015-10-06,26.511531269478496
2015-10-07,26.511531269478496
2015-10-08,26.511531269478496
2015-10-09,26.511531269478496
2015-10-10,26.511531269478496
2015-10-11,26.511531269478496
2015-10-12,26.511531269478496
2015-10-13,26.511531269478496
2015-10-14,26.511531269478496
2015-10-15,26.511531269478496
2015-10-16,26.511531269478496
2015-10-17,26.511531269478496
2015-10-18,26.511531269478496
2015-10-19,26.511531269478496
2015-10-20,26.511531269478496
2015-10-21,26.511531269478496
2015-10-22,26.511531269478496
2015-10-23,26.511531269478496
2015-10-24,26.511531269478496
2015-10-25,26.511531269478496
2015-10-26,26.511531269478496
2015-10-27,26.511531269478496
2015-10-28,26.511531269478496
2015-10-29,26.511531269478496
2015-10-30,26.511531269478496
2015-10-31,26.511531269478496
2015-11-01,26.83357573239144
2015-11-02,26.83357573239144
2015-11-03,26.83357573239144
2015-11-04,26.83357573239144
2015-11-05,26.83357573239144
2015-11-06,26.83357573239144
2015-11-07,26.83357573239144
2015-11-08,26.83357573239144
2015-11-09,26.83357573239144
2015-11-10,26.83357573239144
2015-11-11,26.83357573239144
2015-11-12,26.83357573239144
2015-11-13,26.83357573239144
2015-11-14,26.83357573239144
2015-11-15,26.83357573239144
2015-11-16,26.83357573239144
2015-11-17,26.83357573239144
2015-11-18,26.83357573239144
2015-11-19,26.83357573239144
2015-11-20,26.83357573239144
2015-11-21,26.83357573239144
2015-11-22,26.83357573239144
2015-11-23,26.83357573239144
2015-11-24,26.83357573239144
2015-11-25,26.83357573239144
2015-11-26,26.83357573239144
2015-11-27,26.83357573239144
2015-11-28,26.83357573239144
2015-11-29,26.83357573239144
2015-11-30,26.83357573239144
2015-12-01,29.056721379596922
2015-12-02,29.056721379596922
2015-12-03,29.056721379596922
2015-12-04,29.056721379596922
2015-12-05,29.056721379596922
2015-12-06,29.056721379596922
2015-12-07,29.056721379596922
2015-12-08,29.056721379596922
2015-12-09,29.056721379596922
2015-12-10,29.056721379596922
2015-12-11,29.056721379596922
2015-12-12,29.056721379596922
2015-12-13,29.056721379596922
2015-12-14,29.056721379596922
2015-12-15,29.056721379596922
2015-12-16,29.056721379596922
2015-12-17,29.056721379596922
2015-12-18,29.056721379596922
2015-12-19,29.056721379596922
2015-12-20,29.056721379596922
2015-12-21,29.056721379596922
2015-12-22,29.056721379596922
2015-12-23,29.056721379596922
2015-12-24,29.056721379596922
2015-12-25,29.056721379596922
2015-12-26,29.056721379596922
2015-12-27,29.056721379596922
2015-12-28,29.056721379596922
2015-12-29,29.056721379596922
2015-12-30,29.056721379596922
2015-12-31,29.056721379596922
2016-01-01,24.953251610222317
2016-01-02,24.953251610222317
2016-01-03,24.953251610222317
2016-01-04,24.953251610222317
2016-01-05,24.953251610222317
2016-01-06,24.953251610222317
2016-01-07,24.953251610222317
2016-01-08,24.953251610222317
2016-01-09,24.953251610222317
2016-01-10,24.953251610222317
2016-01-11,24.953251610222317
2016-01-12,24.953251610222317
2016-01-13,24.953251610222317
2016-01-14,24.953251610222317
2016-01-15,24.953251610222317
2016-01-16,24.953251610222317
2016-01-17,24.953251610222317
2016-01-18,24.953251610222317
2016-01-19,24.953251610222317
2016-01-20,24.953251610222317
2016-01-21,24.953251610222317
2016-01-22,24.953251610222317
2016-01-23,24.953251610222317
2016-01-24,24.953251610222317
2016-01-25,24.953251610222317
2016-01-26,24.953251610222317
2016-01-27,24.953251610222317
2016-01-28,24.953251610222317
2016-01-29,24.953251610222317
2016-01-30,24.953251610222317
2016-01-31,24.953251610222317
2016-02-01,24.651984209432786
2016-02-02,24.651984209432786
2016-02-03,24.651984209432786
2016-02-04,24.651984209432786
2016-02-05,24.651984209432786
2016-02-06,24.651984209432786
2016-02-07,24.651984209432786
2016-02-08,24.651984209432786
2016-02-09,24.651984209432786
2016-02-10,24.651984209432786
2016-02-11,24.651984209432786
2016-02-12,24.651984209432786
2016-02-13,24.651984209432786
2016-02-14,24.651984209432786
2016-02-15,24.651984209432786
2016-02-16,24.651984209432786
2016-02-17,24.651984209432786
2016-02-18,24.651984209432786
2016-02-19,24.651984209432786
2016-02-20,24.651984209432786
2016-02-21,24.651984209432786
2016-02-22,24.651984209432786
2016-02-23,24.651984209432786
2016-02-24,24.651984209432786
2016-02-25,24.651984209432786
2016-02-26,24.651984209432786
2016-02-27,24.651984209432786
2016-02-28,24.651984209432786
2016-02-29,24.651984209432786
2016-03-01,27.145231664242676
2016-03-02,27.145231664242676
2016-03-03,27.145231664242676
2016-03-04,27.145231664242676
2016-03-05,27.145231664242676
2016-03-06,27.145231664242676
2016-03-07,27.145231664242676
2016-03-08,27.145231664242676
2016-03-09,27.145231664242676
2016-03-10,27.145231664242676
2016-03-11,27.145231664242676
2016-03-12,27.145231664242676
2016-03-13,27.145231664242676
2016-03-14,27.145231664242676
2016-03-15,27.145231664242676
2016-03-16,27.145231664242676
2016-03-17,27.145231664242676
2016-03-18,27.145231664242676
2016-03-19,27.145231664242676
2016-03-20,27.145231664242676
2016-03-21,27.145231664242676
2016-03-22,27.145231664242676
2016-03-23,27.145231664242676
2016-03-24,27.145231664242676
2016-03-25,27.145231664242676
2016-03-26,27.145231664242676
2016-03-27,27.145231664242676
2016-03-28,27.145231664242676
2016-03-29,27.145231664242676
2016-03-30,27.145231664242676
2016-03-31,27.145231664242676
2016-04-01,26.199875337627258
2016-04-02,26.199875337627258
2016-04-03,26.199875337627258
2016-04-04,26.199875337627258
2016-04-05,26.199875337627258
2016-04-06,26.199875337627258
2016-04-07,26.199875337627258
2016-04-08,26.199875337627258
2016-04-09,26.199875337627258
2016-04-10,26.199875337627258
2016-04-11,26.199875337627258
2016-04-12,26.199875337627258
2016-04-13,26.199875337627258
2016-04-14,26.199875337627258
2016-04-15,26.199875337627258
2016-04-16,26.199875337627258
2016-04-17,26.199875337627258
2016-04-18,26.199875337627258
2016-04-19,26.199875337627258
2016-04-20,26.199875337627258
2016-04-21,26.199875337627258
2016-04-22,26.199875337627258
2016-04-23,26.199875337627258
2016-04-24,26.199875337627258
2016-04-25,26.199875337627258
2016-04-26,26.199875337627258
2016-04-27,26.199875337627258
2016-04-28,26.199875337627258
2016-04-29,26.199875337627258
2016-04-30,26.199875337627258
2016-05-01,28.412632453771035
2016-05-02,28.412632453771035
2016-05-03,28.412632453771035
2016-05-04,28.412632453771035
2016-05-05,28.412632453771035
2016-05-06,28.412632453771035
2016-05-07,28.412632453771035
2016-05-08,28.412632453771035
2016-05-09,28.412632453771035
2016-05-10,28.412632453771035
2016-05-11,28.412632453771035
2016-05-12,28.412632453771035
2016-05-13,28.412632453771035
2016-05-14,28.412632453771035
2016-05-15,28.412632453771035
2016-05-16,28.412632453771035
2016-05-17,28.412632453771035
2016-05-18,28.412632453771035
2016-05-19,28.412632453771035
2016-05-20,28.412632453771035
2016-05-21,28.412632453771035
2016-05-22,28.412632453771035
2016-05-23,28.412632453771035
2016-05-24,28.412632453771035
2016-05-25,28.412632453771035
2016-05-26,28.412632453771035
2016-05-27,28.412632453771035
2016-05-28,28.412632453771035
2016-05-29,28.412632453771035
2016-05-30,28.412632453771035
2016-05-31,28.412632453771035
2016-06-01,24.953251610222317
2016-06-02,24.953251610222317
2016-06-03,24.953251610222317
2016-06-04,24.953251610222317
2016-06-05,24.953251610222317
2016-06-06,24.953251610222317
2016-06-07,24.953251610222317
2016-06-08,24.953251610222317
2016-06-09,24.953251610222317
2016-06-10,24.953251610222317
2016-06-11,24.953251610222317
2016-06-12,24.953251610222317
2016-06-13,24.953251610222317
2016-06-14,24.953251610222317
2016-06-15,24.953251610222317
2016-06-16,24.953251610222317
2016-06-17,24.953251610222317
2016-06-18,24.953251610222317
2016-06-19,24.953251610222317
2016-06-20,24.953251610222317
2016-06-21,24.953251610222317
2016-06-22,24.953251610222317
2016-06-23,24.953251610222317
2016-06-24,24.953251610222317
2016-06-25,24.953251610222317
2016-06-26,24.953251610222317
2016-06-27,24.953251610222317
2016-06-28,24.953251610222317
2016-06-29,24.953251610222317
2016-06-30,24.953251610222317
2016-07-01,28.73467691668398
2016-07-02,28.73467691668398
2016-07-03,28.73467691668398
2016-07-04,28.73467691668398
2016-07-05,28.73467691668398
2016-07-06,28.73467691668398
2016-07-07,28.73467691668398
2016-07-08,28.73467691668398
2016-07-09,28.73467691668398
2016-07-10,28.73467691668398
2016-07-11,28.73467691668398
2016-07-12,28.73467691668398
2016-07-13,28.73467691668398
2016-07-14,28.73467691668398
2016-07-15,28.73467691668398
2016-07-16,28.73467691668398
2016-07-17,28.73467691668398
2016-07-18,28.73467691668398
2016-07-19,28.73467691668398
2016-07-20,28.73467691668398
2016-07-21,28.73467691668398
2016-07-22,28.73467691668398
2016-07-23,28.73467691668398
2016-07-24,28.73467691668398
2016-07-25,28.73467691668398
2016-07-26,28.73467691668398
2016-07-27,28.73467691668398
2016-07-28,28.73467691668398
2016-07-29,28.73467691668398
2016-07-30,28.73467691668398
2016-07-31,28.73467691668398
2016-08-01,29.700810305422813
2016-08-02,29.700810305422813
2016-08-03,29.700810305422813
2016-08-04,29.700810305422813
2016-08-05,29.700810305422813
2016-08-06,29.700810305422813
2016-08-07,29.700810305422813
2016-08-08,29.700810305422813
2016-08-09,29.700810305422813
2016-08-10,29.700810305422813
2016-08-11,29.700810305422813
2016-08-12,29.700810305422813
2016-08-13,29.700810305422813
2016-08-14,29.700810305422813
2016-08-15,29.700810305422813
2016-08-16,29.700810305422813
2016-08-17,29.700810305422813
2016-08-18,29.700810305422813
2016-08-19,29.700810305422813
2016-08-20,29.700810305422813
2016-08-21,29.700810305422813
2016-08-22,29.700810305422813
2016-08-23,29.700810305422813
2016-08-24,29.700810305422813
2016-08-25,29.700810305422813
2016-08-26,29.700810305422813
2016-08-27,29.700810305422813
2016-08-28,29.700810305422813
2016-08-29,29.700810305422813
2016-08-30,29.700810305422813
2016-08-31,29.700810305422813
2016-09-01,37.94930396841887
2016-09-02,37.94930396841887
2016-09-03,37.94930396841887
2016-09-04,37.94930396841887
2016-09-05,37.94930396841887
2016-09-06,37.94930396841887
2016-09-07,37.94930396841887
2016-09-08,37.94930396841887
2016-09-09,37.94930396841887
2016-09-10,37.94930396841887
2016-09-11,37.94930396841887
2016-09-12,37.94930396841887
2016-09-13,37.94930396841887
2016-09-14,37.94930396841887
2016-09-15,37.94930396841887
2016-09-16,37.94930396841887
2016-09-17,37.94930396841887
2016-09-18,37.94930396841887
2016-09-19,37.94930396841887
2016-09-20,37.94930396841887
2016-09-21,37.94930396841887
2016-09-22,37.94930396841887
2016-09-23,37.94930396841887
2016-09-24,37.94930396841887
2016-09-25,37.94930396841887
2016-09-26,37.94930396841887
2016-09-27,37.94930396841887
2016-09-28,37.94930396841887
2016-09-29,37.94930396841887
2016-09-30,37.94930396841887
2016-10-01,35.42489092042385
2016-10-02,35.42489092042385
2016-10-03,35.42489092042385
2016-10-04,35.42489092042385
2016-10-05,35.42489092042385
2016-10-06,35.42489092042385
2016-10-07,35.42489092042385
2016-10-08,35.42489092042385
2016-10-09,35.42489092042385
2016-10-10,35.42489092042385
2016-10-11,35.42489092042385
2016-10-12,35.42489092042385
2016-10-13,35.42489092042385
2016-10-14,35.42489092042385
2016-10-15,35.42489092042385
2016-10-16,35.42489092042385
2016-10-17,35.42489092042385
2016-10-18,35.42489092042385
2016-10-19,35.42489092042385
2016-10-20,35.42489092042385
2016-10-21,35.42489092042385
2016-10-22,35.42489092042385
2016-10-23,35.42489092042385
2016-10-24,35.42489092042385
2016-10-25,35.42489092042385
2016-10-26,35.42489092042385
2016-10-27,35.42489092042385
2016-10-28,35.42489092042385
2016-10-29,35.42489092042385
2016-10-30,35.42489092042385
2016-10-31,35.42489092042385
2016-11-01,35.7469353833368
2016-11-02,35.7469353833368
2016-11-03,35.7469353833368
2016-11-04,35.7469353833368
2016-11-05,35.7469353833368
2016-11-06,35.7469353833368
2016-11-07,35.7469353833368
2016-11-08,35.7469353833368
2016-11-09,35.7469353833368
2016-11-10,35.7469353833368
2016-11-11,35.7469353833368
2016-11-12,35.7469353833368
2016-11-13,35.7469353833368
2016-11-14,35.7469353833368
2016-11-15,35.7469353833368
2016-11-16,35.7469353833368
2016-11-17,35.7469353833368
2016-11-18,35.7469353833368
2016-11-19,35.7469353833368
2016-11-20,35.7469353833368
2016-11-21,35.7469353833368
2016-11-22,35.7469353833368
2016-11-23,35.7469353833368
2016-11-24,35.7469353833368
2016-11-25,35.7469353833368
2016-11-26,35.7469353833368
2016-11-27,35.7469353833368
2016-11-28,35.7469353833368
2016-11-29,35.7469353833368
2016-11-30,35.7469353833368
2016-12-01,37.627259505505926
2016-12-02,37.627259505505926
2016-12-03,37.627259505505926
2016-12-04,37.627259505505926
2016-12-05,37.627259505505926
2016-12-06,37.627259505505926
2016-12-07,37.627259505505926
2016-12-08,37.627259505505926
2016-12-09,37.627259505505926
2016-12-10,37.627259505505926
2016-12-11,37.627259505505926
2016-12-12,37.627259505505926
2016-12-13,37.627259505505926
2016-12-14,37.627259505505926
2016-12-15,37.627259505505926
2016-12-16,37.627259505505926
2016-12-17,37.627259505505926
2016-12-18,37.627259505505926
2016-12-19,37.627259505505926
2016-12-20,37.627259505505926
2016-12-21,37.627259505505926
2016-12-22,37.627259505505926
2016-12-23,37.627259505505926
2016-12-24,37.627259505505926
2016-12-25,37.627259505505926
2016-12-26,37.627259505505926
2016-12-27,37.627259505505926
2016-12-28,37.627259505505926
2016-12-29,37.627259505505926
2016-12-30,37.627259505505926
2016-12-31,37.627259505505926
2017-01-01,34.15749013089549
2017-01-02,34.15749013089549
2017-01-03,34.15749013089549
2017-01-04,34.15749013089549
2017-01-05,34.15749013089549
2017-01-06,34.15749013089549
2017-01-07,34.15749013089549
2017-01-08,34.15749013089549
2017-01-09,34.15749013089549
2017-01-10,34.15749013089549
2017-01-11,34.15749013089549
2017-01-12,34.15749013089549
2017-01-13,34.15749013089549
2017-01-14,34.15749013089549
2017-01-15,34.15749013089549
2017-01-16,34.15749013089549
2017-01-17,34.15749013089549
2017-01-18,34.15749013089549
2017-01-19,34.15749013089549
2017-01-20,34.15749013089549
2017-01-21,34.15749013089549
2017-01-22,34.15749013089549
2017-01-23,34.15749013089549
2017-01-24,34.15749013089549
2017-01-25,34.15749013089549
2017-01-26,34.15749013089549
2017-01-27,34.15749013089549
2017-01-28,34.15749013089549
2017-01-29,34.15749013089549
2017-01-30,34.15749013089549
2017-01-31,34.15749013089549
2017-02-01,39.8504051527114
2017-02-02,39.8504051527114
2017-02-03,39.8504051527114
2017-02-04,39.8504051527114
2017-02-05,39.8504051527114
2017-02-06,39.8504051527114
2017-02-07,39.8504051527114
2017-02-08,39.8504051527114
2017-02-09,39.8504051527114
2017-02-10,39.8504051527114
2017-02-11,39.8504051527114
2017-02-12,39.8504051527114
2017-02-13,39.8504051527114
2017-02-14,39.8504051527114
2017-02-15,39.8504051527114
2017-02-16,39.8504051527114
2017-02-17,39.8504051527114
2017-02-18,39.8504051527114
2017-02-19,39.8504051527114
2017-02-20,39.8504051527114
2017-02-21,39.8504051527114
2017-02-22,39.8504051527114
2017-02-23,39.8504051527114
2017-02-24,39.8504051527114
2017-02-25,39.8504051527114
2017-02-26,39.8504051527114
2017-02-27,39.8504051527114
2017-02-28,39.8504051527114
2017-03-01,34.47953459380844
2017-03-02,34.47953459380844
2017-03-03,34.47953459380844
2017-03-04,34.47953459380844
2017-03-05,34.47953459380844
2017-03-06,34.47953459380844
2017-03-07,34.47953459380844
2017-03-08,34.47953459380844
2017-03-09,34.47953459380844
2017-03-10,34.47953459380844
2017-03-11,34.47953459380844
2017-03-12,34.47953459380844
2017-03-13,34.47953459380844
2017-03-14,34.47953459380844
2017-03-15,34.47953459380844
2017-03-16,34.47953459380844
2017-03-17,34.47953459380844
2017-03-18,34.47953459380844
2017-03-19,34.47953459380844
2017-03-20,34.47953459380844
2017-03-21,34.47953459380844
2017-03-22,34.47953459380844
2017-03-23,34.47953459380844
2017-03-24,34.47953459380844
2017-03-25,34.47953459380844
2017-03-26,34.47953459380844
2017-03-27,34.47953459380844
2017-03-28,34.47953459380844
2017-03-29,34.47953459380844
2017-03-30,34.47953459380844
2017-03-31,34.47953459380844
2017-04-01,38.58300436318304
2017-04-02,38.58300436318304
2017-04-03,38.58300436318304
2017-04-04,38.58300436318304
2017-04-05,38.58300436318304
2017-04-06,38.58300436318304
2017-04-07,38.58300436318304
2017-04-08,38.58300436318304
2017-04-09,38.58300436318304
2017-04-10,38.58300436318304
2017-04-11,38.58300436318304
2017-04-12,38.58300436318304
2017-04-13,38.58300436318304
2017-04-14,38.58300436318304
2017-04-15,38.58300436318304
2017-04-16,38.58300436318304
2017-04-17,38.58300436318304
2017-04-18,38.58300436318304
2017-04-19,38.58300436318304
2017-04-20,38.58300436318304
2017-04-21,38.58300436318304
2017-04-22,38.58300436318304
2017-04-23,38.58300436318304
2017-04-24,38.58300436318304
2017-04-25,38.58300436318304
2017-04-26,38.58300436318304
2017-04-27,38.58300436318304
2017-04-28,38.58300436318304
2017-04-29,38.58300436318304
2017-04-30,38.58300436318304
2017-05-01,43.621441928111366
2017-05-02,43.621441928111366
2017-05-03,43.621441928111366
2017-05-04,43.621441928111366
2017-05-05,43.621441928111366
2017-05-06,43.621441928111366
2017-05-07,43.621441928111366
2017-05-08,43.621441928111366
2017-05-09,43.621441928111366
2017-05-10,43.621441928111366
2017-05-11,43.621441928111366
2017-05-12,43.621441928111366
2017-05-13,43.621441928111366
2017-05-14,43.621441928111366
2017-05-15,43.621441928111366
2017-05-16,43.621441928111366
2017-05-17,43.621441928111366
2017-05-18,43.621441928111366
2017-05-19,43.621441928111366
2017-05-20,43.621441928111366
2017-05-21,43.621441928111366
2017-05-22,43.621441928111366
2017-05-23,43.621441928111366
2017-05-24,43.621441928111366
2017-05-25,43.621441928111366
2017-05-26,43.621441928111366
2017-05-27,43.621441928111366
2017-05-28,43.621441928111366
2017-05-29,43.621441928111366
2017-05-30,43.621441928111366
2017-05-31,43.621441928111366
2017-06-01,36.68190317889051
2017-06-02,36.68190317889051
2017-06-03,36.68190317889051
2017-06-04,36.68190317889051
2017-06-05,36.68190317889051
2017-06-06,36.68190317889051
2017-06-07,36.68190317889051
2017-06-08,36.68190317889051
2017-06-09,36.68190317889051
2017-06-10,36.68190317889051
2017-06-11,36.68190317889051
2017-06-12,36.68190317889051
2017-06-13,36.68190317889051
2017-06-14,36.68190317889051
2017-06-15,36.68190317889051
2017-06-16,36.68190317889051
2017-06-17,36.68190317889051
2017-06-18,36.68190317889051
2017-06-19,36.68190317889051
2017-06-20,36.68190317889051
2017-06-21,36.68190317889051
2017-06-22,36.68190317889051
2017-06-23,36.68190317889051
2017-06-24,36.68190317889051
2017-06-25,36.68190317889051
2017-06-26,36.68190317889051
2017-06-27,36.68190317889051
2017-06-28,36.68190317889051
2017-06-29,36.68190317889051
2017-06-30,36.68190317889051
2017-07-01,41.4190733430293
2017-07-02,41.4190733430293
2017-07-03,41.4190733430293
2017-07-04,41.4190733430293
2017-07-05,41.4190733430293
2017-07-06,41.4190733430293
2017-07-07,41.4190733430293
2017-07-08,41.4190733430293
2017-07-09,41.4190733430293
2017-07-10,41.4190733430293
2017-07-11,41.4190733430293
2017-07-12,41.4190733430293
2017-07-13,41.4190733430293
2017-07-14,41.4190733430293
2017-07-15,41.4190733430293
2017-07-16,41.4190733430293
2017-07-17,41.4190733430293
2017-07-18,41.4190733430293
2017-07-19,41.4190733430293
2017-07-20,41.4190733430293
2017-07-21,41.4190733430293
2017-07-22,41.4190733430293
2017-07-23,41.4190733430293
2017-07-24,41.4190733430293
2017-07-25,41.4190733430293
2017-07-26,41.4190733430293
2017-07-27,41.4190733430293
2017-07-28,41.4190733430293
2017-07-29,41.4190733430293
2017-07-30,41.4190733430293
2017-07-31,41.4190733430293
2017-08-01,45.221275711614375
2017-08-02,45.221275711614375
2017-08-03,45.221275711614375
2017-08-04,45.221275711614375
2017-08-05,45.221275711614375
2017-08-06,45.221275711614375
2017-08-07,45.221275711614375
2017-08-08,45.221275711614375
2017-08-09,45.221275711614375
2017-08-10,45.221275711614375
2017-08-11,45.221275711614375
2017-08-12,45.221275711614375
2017-08-13,45.221275711614375
2017-08-14,45.221275711614375
2017-08-15,45.221275711614375
2017-08-16,45.221275711614375
2017-08-17,45.221275711614375
2017-08-18,45.221275711614375
2017-08-19,45.221275711614375
2017-08-20,45.221275711614375
2017-08-21,45.221275711614375
2017-08-22,45.221275711614375
2017-08-23,45.221275711614375
2017-08-24,45.221275711614375
2017-08-25,45.221275711614375
2017-08-26,45.221275711614375
2017-08-27,45.221275711614375
2017-08-28,45.221275711614375
2017-08-29,45.221275711614375
2017-08-30,45.221275711614375
2017-08-31,45.221275711614375
2017-09-01,44.26553085393725
2017-09-02,44.26553085393725
2017-09-03,44.26553085393725
2017-09-04,44.26553085393725
2017-09-05,44.26553085393725
2017-09-06,44.26553085393725
2017-09-07,44.26553085393725
2017-09-08,44.26553085393725
2017-09-09,44.26553085393725
2017-09-10,44.26553085393725
2017-09-11,44.26553085393725
2017-09-12,44.26553085393725
2017-09-13,44.26553085393725
2017-09-14,44.26553085393725
2017-09-15,44.26553085393725
2017-09-16,44.26553085393725
2017-09-17,44.26553085393725
2017-09-18,44.26553085393725
2017-09-19,44.26553085393725
2017-09-20,44.26553085393725
2017-09-21,44.26553085393725
2017-09-22,44.26553085393725
2017-09-23,44.26553085393725
2017-09-24,44.26553085393725
2017-09-25,44.26553085393725
2017-09-26,44.26553085393725
2017-09-27,44.26553085393725
2017-09-28,44.26553085393725
2017-09-29,44.26553085393725
2017-09-30,44.26553085393725
2017-10-01,37.30521504259298
2017-10-02,37.30521504259298
2017-10-03,37.30521504259298
2017-10-04,37.30521504259298
2017-10-05,37.30521504259298
2017-10-06,37.30521504259298
2017-10-07,37.30521504259298
2017-10-08,37.30521504259298
2017-10-09,37.30521504259298
2017-10-10,37.30521504259298
2017-10-11,37.30521504259298
2017-10-12,37.30521504259298
2017-10-13,37.30521504259298
2017-10-14,37.30521504259298
2017-10-15,37.30521504259298
2017-10-16,37.30521504259298
2017-10-17,37.30521504259298
2017-10-18,37.30521504259298
2017-10-19,37.30521504259298
2017-10-20,37.30521504259298
2017-10-21,37.30521504259298
2017-10-22,37.30521504259298
2017-10-23,37.30521504259298
2017-10-24,37.30521504259298
2017-10-25,37.30521504259298
2017-10-26,37.30521504259298
2017-10-27,37.30521504259298
2017-10-28,37.30521504259298
2017-10-29,37.30521504259298
2017-10-30,37.30521504259298
2017-10-31,37.30521504259298
2017-11-01,39.21670475794723
2017-11-02,39.21670475794723
2017-11-03,39.21670475794723
2017-11-04,39.21670475794723
2017-11-05,39.21670475794723
2017-11-06,39.21670475794723
2017-11-07,39.21670475794723
2017-11-08,39.21670475794723
2017-11-09,39.21670475794723
2017-11-10,39.21670475794723
2017-11-11,39.21670475794723
2017-11-12,39.21670475794723
2017-11-13,39.21670475794723
2017-11-14,39.21670475794723
2017-11-15,39.21670475794723
2017-11-16,39.21670475794723
2017-11-17,39.21670475794723
2017-11-18,39.21670475794723
2017-11-19,39.21670475794723
2017-11-20,39.21670475794723
2017-11-21,39.21670475794723
2017-11-22,39.21670475794723
2017-11-23,39.21670475794723
2017-11-24,39.21670475794723
2017-11-25,39.21670475794723
2017-11-26,39.21670475794723
2017-11-27,39.21670475794723
2017-11-28,39.21670475794723
2017-11-29,39.21670475794723
2017-11-30,39.21670475794723
2017-12-01,40.14128402243923
2017-12-02,40.14128402243923
2017-12-03,40.14128402243923
2017-12-04,40.14128402243923
2017-12-05,40.14128402243923
2017-12-06,40.14128402243923
2017-12-07,40.14128402243923
2017-12-08,40.14128402243923
2017-12-09,40.14128402243923
2017-12-10,40.14128402243923
2017-12-11,40.14128402243923
2017-12-12,40.14128402243923
2017-12-13,40.14128402243923
2017-12-14,40.14128402243923
2017-12-15,40.14128402243923
2017-12-16,40.14128402243923
2017-12-17,40.14128402243923
2017-12-18,40.14128402243923
2017-12-19,40.14128402243923
2017-12-20,40.14128402243923
2017-12-21,40.14128402243923
2017-12-22,40.14128402243923
2017-12-23,40.14128402243923
2017-12-24,40.14128402243923
2017-12-25,40.14128402243923
2017-12-26,40.14128402243923
2017-12-27,40.14128402243923
2017-12-28,40.14128402243923
2017-12-29,40.14128402243923
2017-12-30,40.14128402243923
2017-12-31,40.14128402243923
2018-01-01,56.555163099937666
2018-01-02,56.555163099937666
2018-01-03,56.555163099937666
2018-01-04,56.555163099937666
2018-01-05,56.555163099937666
2018-01-06,56.555163099937666
2018-01-07,56.555163099937666
2018-01-08,56.555163099937666
2018-01-09,56.555163099937666
2018-01-10,56.555163099937666
2018-01-11,56.555163099937666
2018-01-12,56.555163099937666
2018-01-13,56.555163099937666
2018-01-14,56.555163099937666
2018-01-15,56.555163099937666
2018-01-16,56.555163099937666
2018-01-17,56.555163099937666
2018-01-18,56.555163099937666
2018-01-19,56.555163099937666
2018-01-20,56.555163099937666
2018-01-21,56.555163099937666
2018-01-22,56.555163099937666
2018-01-23,56.555163099937666
2018-01-24,56.555163099937666
2018-01-25,56.555163099937666
2018-01-26,56.555163099937666
2018-01-27,56.555163099937666
2018-01-28,56.555163099937666
2018-01-29,56.555163099937666
2018-01-30,56.555163099937666
2018-01-31,56.555163099937666
2018-02-01,54.39434863910243
2018-02-02,54.39434863910243
2018-02-03,54.39434863910243
2018-02-04,54.39434863910243
2018-02-05,54.39434863910243
2018-02-06,54.39434863910243
2018-02-07,54.39434863910243
2018-02-08,54.39434863910243
2018-02-09,54.39434863910243
2018-02-10,54.39434863910243
2018-02-11,54.39434863910243
2018-02-12,54.39434863910243
2018-02-13,54.39434863910243
2018-02-14,54.39434863910243
2018-02-15,54.39434863910243
2018-02-16,54.39434863910243
2018-02-17,54.39434863910243
2018-02-18,54.39434863910243
2018-02-19,54.39434863910243
2018-02-20,54.39434863910243
2018-02-21,54.39434863910243
2018-02-22,54.39434863910243
2018-02-23,54.39434863910243
2018-02-24,54.39434863910243
2018-02-25,54.39434863910243
2018-02-26,54.39434863910243
2018-02-27,54.39434863910243
2018-02-28,54.39434863910243
2018-03-01,51.859547060045706
2018-03-02,51.859547060045706
2018-03-03,51.859547060045706
2018-03-04,51.859547060045706
2018-03-05,51.859547060045706
2018-03-06,51.859547060045706
2018-03-07,51.859547060045706
2018-03-08,51.859547060045706
2018-03-09,51.859547060045706
2018-03-10,51.859547060045706
2018-03-11,51.859547060045706
2018-03-12,51.859547060045706
2018-03-13,51.859547060045706
2018-03-14,51.859547060045706
2018-03-15,51.859547060045706
2018-03-16,51.859547060045706
2018-03-17,51.859547060045706
2018-03-18,51.859547060045706
2018-03-19,51.859547060045706
2018-03-20,51.859547060045706
2018-03-21,51.859547060045706
2018-03-22,51.859547060045706
2018-03-23,51.859547060045706
2018-03-24,51.859547060045706
2018-03-25,51.859547060045706
2018-03-26,51.859547060045706
2018-03-27,51.859547060045706
2018-03-28,51.859547060045706
2018-03-29,51.859547060045706
2018-03-30,51.859547060045706
2018-03-31,51.859547060045706
2018-04-01,45.85497610637856
2018-04-02,45.85497610637856
2018-04-03,45.85497610637856
2018-04-04,45.85497610637856
2018-04-05,45.85497610637856
2018-04-06,45.85497610637856
2018-04-07,45.85497610637856
2018-04-08,45.85497610637856
2018-04-09,45.85497610637856
2018-04-10,45.85497610637856
2018-04-11,45.85497610637856
2018-04-12,45.85497610637856
2018-04-13,45.85497610637856
2018-04-14,45.85497610637856
2018-04-15,45.85497610637856
2018-04-16,45.85497610637856
2018-04-17,45.85497610637856
2018-04-18,45.85497610637856
2018-04-19,45.85497610637856
2018-04-20,45.85497610637856
2018-04-21,45.85497610637856
2018-04-22,45.85497610637856
2018-04-23,45.85497610637856
2018-04-24,45.85497610637856
2018-04-25,45.85497610637856
2018-04-26,45.85497610637856
2018-04-27,45.85497610637856
2018-04-28,45.85497610637856
2018-04-29,45.85497610637856
2018-04-30,45.85497610637856
2018-05-01,51.24662372740495
2018-05-02,51.24662372740495
2018-05-03,51.24662372740495
2018-05-04,51.24662372740495
2018-05-05,51.24662372740495
2018-05-06,51.24662372740495
2018-05-07,51.24662372740495
2018-05-08,51.24662372740495
2018-05-09,51.24662372740495
2018-05-10,51.24662372740495
2018-05-11,51.24662372740495
2018-05-12,51.24662372740495
2018-05-13,51.24662372740495
2018-05-14,51.24662372740495
2018-05-15,51.24662372740495
2018-05-16,51.24662372740495
2018-05-17,51.24662372740495
2018-05-18,51.24662372740495
2018-05-19,51.24662372740495
2018-05-20,51.24662372740495
2018-05-21,51.24662372740495
2018-05-22,51.24662372740495
2018-05-23,51.24662372740495
2018-05-24,51.24662372740495
2018-05-25,51.24662372740495
2018-05-26,51.24662372740495
2018-05-27,51.24662372740495
2018-05-28,51.24662372740495
2018-05-29,51.24662372740495
2018-05-30,51.24662372740495
2018-05-31,51.24662372740495
2018-06-01,53.126947849574066
2018-06-02,53.126947849574066
2018-06-03,53.126947849574066
2018-06-04,53.126947849574066
2018-06-05,53.126947849574066
2018-06-06,53.126947849574066
2018-06-07,53.126947849574066
2018-06-08,53.126947849574066
2018-06-09,53.126947849574066
2018-06-10,53.126947849574066
2018-06-11,53.126947849574066
2018-06-12,53.126947849574066
2018-06-13,53.126947849574066
2018-06-14,53.126947849574066
2018-06-15,53.126947849574066
2018-06-16,53.126947849574066
2018-06-17,53.126947849574066
2018-06-18,53.126947849574066
2018-06-19,53.126947849574066
2018-06-20,53.126947849574066
2018-06-21,53.126947849574066
2018-06-22,53.126947849574066
2018-06-23,53.126947849574066
2018-06-24,53.126947849574066
2018-06-25,53.126947849574066
2018-06-26,53.126947849574066
2018-06-27,53.126947849574066
2018-06-28,53.126947849574066
2018-06-29,53.126947849574066
2018-06-30,53.126947849574066
2018-07-01,46.800332432993976
2018-07-02,46.800332432993976
2018-07-03,46.800332432993976
2018-07-04,46.800332432993976
2018-07-05,46.800332432993976
2018-07-06,46.800332432993976
2018-07-07,46.800332432993976
2018-07-08,46.800332432993976
2018-07-09,46.800332432993976
2018-07-10,46.800332432993976
2018-07-11,46.800332432993976
2018-07-12,46.800332432993976
2018-07-13,46.800332432993976
2018-07-14,46.800332432993976
2018-07-15,46.800332432993976
2018-07-16,46.800332432993976
2018-07-17,46.800332432993976
2018-07-18,46.800332432993976
2018-07-19,46.800332432993976
2018-07-20,46.800332432993976
2018-07-21,46.800332432993976
2018-07-22,46.800332432993976
2018-07-23,46.800332432993976
2018-07-24,46.800332432993976
2018-07-25,46.800332432993976
2018-07-26,46.800332432993976
2018-07-27,46.800332432993976
2018-07-28,46.800332432993976
2018-07-29,46.800332432993976
2018-07-30,46.800332432993976
2018-07-31,46.800332432993976
2018-08-01,52.80490338666113
2018-08-02,52.80490338666113
2018-08-03,52.80490338666113
2018-08-04,52.80490338666113
2018-08-05,52.80490338666113
2018-08-06,52.80490338666113
2018-08-07,52.80490338666113
2018-08-08,52.80490338666113
2018-08-09,52.80490338666113
2018-08-10,52.80490338666113
2018-08-11,52.80490338666113
2018-08-12,52.80490338666113
2018-08-13,52.80490338666113
2018-08-14,52.80490338666113
2018-08-15,52.80490338666113
2018-08-16,52.80490338666113
2018-08-17,52.80490338666113
2018-08-18,52.80490338666113
2018-08-19,52.80490338666113
2018-08-20,52.80490338666113
2018-08-21,52.80490338666113
2018-08-22,52.80490338666113
2018-08-23,52.80490338666113
2018-08-24,52.80490338666113
2018-08-25,52.80490338666113
2018-08-26,52.80490338666113
2018-08-27,52.80490338666113
2018-08-28,52.80490338666113
2018-08-29,52.80490338666113
2018-08-30,52.80490338666113
2018-08-31,52.80490338666113
2018-09-01,52.18159152295866
2018-09-02,52.18159152295866
2018-09-03,52.18159152295866
2018-09-04,52.18159152295866
2018-09-05,52.18159152295866
2018-09-06,52.18159152295866
2018-09-07,52.18159152295866
2018-09-08,52.18159152295866
2018-09-09,52.18159152295866
2018-09-10,52.18159152295866
2018-09-11,52.18159152295866
2018-09-12,52.18159152295866
2018-09-13,52.18159152295866
2018-09-14,52.18159152295866
2018-09-15,52.18159152295866
2018-09-16,52.18159152295866
2018-09-17,52.18159152295866
2018-09-18,52.18159152295866
2018-09-19,52.18159152295866
2018-09-20,52.18159152295866
2018-09-21,52.18159152295866
2018-09-22,52.18159152295866
2018-09-23,52.18159152295866
2018-09-24,52.18159152295866
2018-09-25,52.18159152295866
2018-09-26,52.18159152295866
2018-09-27,52.18159152295866
2018-09-28,52.18159152295866
2018-09-29,52.18159152295866
2018-09-30,52.18159152295866
2018-10-01,33.513401205069606
2018-10-02,33.513401205069606
2018-10-03,33.513401205069606
2018-10-04,33.513401205069606
2018-10-05,33.513401205069606
2018-10-06,33.513401205069606
2018-10-07,33.513401205069606
2018-10-08,33.513401205069606
2018-10-09,33.513401205069606
2018-10-10,33.513401205069606
2018-10-11,33.513401205069606
2018-10-12,33.513401205069606
2018-10-13,33.513401205069606
2018-10-14,33.513401205069606
2018-10-15,33.513401205069606
2018-10-16,33.513401205069606
2018-10-17,33.513401205069606
2018-10-18,33.513401205069606
2018-10-19,33.513401205069606
2018-10-20,33.513401205069606
2018-10-21,33.513401205069606
2018-10-22,33.513401205069606
2018-10-23,33.513401205069606
2018-10-24,33.513401205069606
2018-10-25,33.513401205069606
2018-10-26,33.513401205069606
2018-10-27,33.513401205069606
2018-10-28,33.513401205069606
2018-10-29,33.513401205069606
2018-10-30,33.513401205069606
2018-10-31,33.513401205069606
2018-11-01,32.87970081030542
2018-11-02,32.87970081030542
2018-11-03,32.87970081030542
2018-11-04,32.87970081030542
2018-11-05,32.87970081030542
2018-11-06,32.87970081030542
2018-11-07,32.87970081030542
2018-11-08,32.87970081030542
2018-11-09,32.87970081030542
2018-11-10,32.87970081030542
2018-11-11,32.87970081030542
2018-11-12,32.87970081030542
2018-11-13,32.87970081030542
2018-11-14,32.87970081030542
2018-11-15,32.87970081030542
2018-11-16,32.87970081030542
2018-11-17,32.87970081030542
2018-11-18,32.87970081030542
2018-11-19,32.87970081030542
2018-11-20,32.87970081030542
2018-11-21,32.87970081030542
2018-11-22,32.87970081030542
2018-11-23,32.87970081030542
2018-11-24,32.87970081030542
2018-11-25,32.87970081030542
2018-11-26,32.87970081030542
2018-11-27,32.87970081030542
2018-11-28,32.87970081030542
2018-11-29,32.87970081030542
2018-11-30,32.87970081030542
2018-12-01,20.53812590899647
2018-12-02,20.53812590899647
2018-12-03,20.53812590899647
2018-12-04,20.53812590899647
2018-12-05,20.53812590899647
2018-12-06,20.53812590899647
2018-12-07,20.53812590899647
2018-12-08,20.53812590899647
2018-12-09,20.53812590899647
2018-12-10,20.53812590899647
2018-12-11,20.53812590899647
2018-12-12,20.53812590899647
2018-12-13,20.53812590899647
2018-12-14,20.53812590899647
2018-12-15,20.53812590899647
2018-12-16,20.53812590899647
2018-12-17,20.53812590899647
2018-12-18,20.53812590899647
2018-12-19,20.53812590899647
2018-12-20,20.53812590899647
2018-12-21,20.53812590899647
2018-12-22,20.53812590899647
2018-12-23,20.53812590899647
2018-12-24,20.53812590899647
2018-12-25,20.53812590899647
2018-12-26,20.53812590899647
2018-12-27,20.53812590899647
2018-12-28,20.53812590899647
2018-12-29,20.53812590899647
2018-12-30,20.53812590899647
2018-12-31,20.53812590899647
2019-01-01,24.018283814668607
2019-01-02,24.018283814668607
2019-01-03,24.018283814668607
2019-01-04,24.018283814668607
2019-01-05,24.018283814668607
2019-01-06,24.018283814668607
2019-01-07,24.018283814668607
2019-01-08,24.018283814668607
2019-01-09,24.018283814668607
2019-01-10,24.018283814668607
2019-01-11,24.018283814668607
2019-01-12,24.018283814668607
2019-01-13,24.018283814668607
2019-01-14,24.018283814668607
2019-01-15,24.018283814668607
2019-01-16,24.018283814668607
2019-01-17,24.018283814668607
2019-01-18,24.018283814668607
2019-01-19,24.018283814668607
2019-01-20,24.018283814668607
2019-01-21,24.018283814668607
2019-01-22,24.018283814668607
2019-01-23,24.018283814668607
2019-01-24,24.018283814668607
2019-01-25,24.018283814668607
2019-01-26,24.018283814668607
2019-01-27,24.018283814668607
2019-01-28,24.018283814668607
2019-01-29,24.018283814668607
2019-01-30,24.018283814668607
2019-01-31,24.018283814668607
2019-02-01,25.586952004986497
2019-02-02,25.586952004986497
2019-02-03,25.586952004986497
2019-02-04,25.586952004986497
2019-02-05,25.586952004986497
2019-02-06,25.586952004986497
2019-02-07,25.586952004986497
2019-02-08,25.586952004986497
2019-02-09,25.586952004986497
2019-02-10,25.586952004986497
2019-02-11,25.586952004986497
2019-02-12,25.586952004986497
2019-02-13,25.586952004986497
2019-02-14,25.586952004986497
2019-02-15,25.586952004986497
2019-02-16,25.586952004986497
2019-02-17,25.586952004986497
2019-02-18,25.586952004986497
2019-02-19,25.586952004986497
2019-02-20,25.586952004986497
2019-02-21,25.586952004986497
2019-02-22,25.586952004986497
2019-02-23,25.586952004986497
2019-02-24,25.586952004986497
2019-02-25,25.586952004986497
2019-02-26,25.586952004986497
2019-02-27,25.586952004986497
2019-02-28,25.586952004986497
2019-03-01,27.145231664242676
2019-03-02,27.145231664242676
2019-03-03,27.145231664242676
2019-03-04,27.145231664242676
2019-03-05,27.145231664242676
2019-03-06,27.145231664242676
2019-03-07,27.145231664242676
2019-03-08,27.145231664242676
2019-03-09,27.145231664242676
2019-03-10,27.145231664242676
2019-03-11,27.145231664242676
2019-03-12,27.145231664242676
2019-03-13,27.145231664242676
2019-03-14,27.145231664242676
2019-03-15,27.145231664242676
2019-03-16,27.145231664242676
2019-03-17,27.145231664242676
2019-03-18,27.145231664242676
2019-03-19,27.145231664242676
2019-03-20,27.145231664242676
2019-03-21,27.145231664242676
2019-03-22,27.145231664242676
2019-03-23,27.145231664242676
2019-03-24,27.145231664242676
2019-03-25,27.145231664242676
2019-03-26,27.145231664242676
2019-03-27,27.145231664242676
2019-03-28,27.145231664242676
2019-03-29,27.145231664242676
2019-03-30,27.145231664242676
2019-03-31,27.145231664242676
2019-04-01,31.612300020777063
2019-04-02,31.612300020777063
2019-04-03,31.612300020777063
2019-04-04,31.612300020777063
2019-04-05,31.612300020777063
2019-04-06,31.612300020777063
2019-04-07,31.612300020777063
2019-04-08,31.612300020777063
2019-04-09,31.612300020777063
2019-04-10,31.612300020777063
2019-04-11,31.612300020777063
2019-04-12,31.612300020777063
2019-04-13,31.612300020777063
2019-04-14,31.612300020777063
2019-04-15,31.612300020777063
2019-04-16,31.612300020777063
2019-04-17,31.612300020777063
2019-04-18,31.612300020777063
2019-04-19,31.612300020777063
2019-04-20,31.612300020777063
2019-04-21,31.612300020777063
2019-04-22,31.612300020777063
2019-04-23,31.612300020777063
2019-04-24,31.612300020777063
2019-04-25,31.612300020777063
2019-04-26,31.612300020777063
2019-04-27,31.612300020777063
2019-04-28,31.612300020777063
2019-04-29,31.612300020777063
2019-04-30,31.612300020777063
2019-05-01,25.877830874714313
2019-05-02,25.877830874714313
2019-05-03,25.877830874714313
2019-05-04,25.877830874714313
2019-05-05,25.877830874714313
2019-05-06,25.877830874714313
2019-05-07,25.877830874714313
2019-05-08,25.877830874714313
2019-05-09,25.877830874714313
2019-05-10,25.877830874714313
2019-05-11,25.877830874714313
2019-05-12,25.877830874714313
2019-05-13,25.877830874714313
2019-05-14,25.877830874714313
2019-05-15,25.877830874714313
2019-05-16,25.877830874714313
2019-05-17,25.877830874714313
2019-05-18,25.877830874714313
2019-05-19,25.877830874714313
2019-05-20,25.877830874714313
2019-05-21,25.877830874714313
2019-05-22,25.877830874714313
2019-05-23,25.877830874714313
2019-05-24,25.877830874714313
2019-05-25,25.877830874714313
2019-05-26,25.877830874714313
2019-05-27,25.877830874714313
2019-05-28,25.877830874714313
2019-05-29,25.877830874714313
2019-05-30,25.877830874714313
2019-05-31,25.877830874714313
2019-06-01,30.022854768335755
2019-06-02,30.022854768335755
2019-06-03,30.022854768335755
2019-06-04,30.022854768335755
2019-06-05,30.022854768335755
2019-06-06,30.022854768335755
2019-06-07,30.022854768335755
2019-06-08,30.022854768335755
2019-06-09,30.022854768335755
2019-06-10,30.022854768335755
2019-06-11,30.022854768335755
2019-06-12,30.022854768335755
2019-06-13,30.022854768335755
2019-06-14,30.022854768335755
2019-06-15,30.022854768335755
2019-06-16,30.022854768335755
2019-06-17,30.022854768335755
2019-06-18,30.022854768335755
2019-06-19,30.022854768335755
2019-06-20,30.022854768335755
2019-06-21,30.022854768335755
2019-06-22,30.022854768335755
2019-06-23,30.022854768335755
2019-06-24,30.022854768335755
2019-06-25,30.022854768335755
2019-06-26,30.022854768335755
2019-06-27,30.022854768335755
2019-06-28,30.022854768335755
2019-06-29,30.022854768335755
2019-06-30,30.022854768335755
2019-07-01,33.83544566798255
2019-07-02,33.83544566798255
2019-07-03,33.83544566798255
2019-07-04,33.83544566798255
2019-07-05,33.83544566798255
2019-07-06,33.83544566798255
2019-07-07,33.83544566798255
2019-07-08,33.83544566798255
2019-07-09,33.83544566798255
2019-07-10,33.83544566798255
2019-07-11,33.83544566798255
2019-07-12,33.83544566798255
2019-07-13,33.83544566798255
2019-07-14,33.83544566798255
2019-07-15,33.83544566798255
2019-07-16,33.83544566798255
2019-07-17,33.83544566798255
2019-07-18,33.83544566798255
2019-07-19,33.83544566798255
2019-07-20,33.83544566798255
2019-07-21,33.83544566798255
2019-07-22,33.83544566798255
2019-07-23,33.83544566798255
2019-07-24,33.83544566798255
2019-07-25,33.83544566798255
2019-07-26,33.83544566798255
2019-07-27,33.83544566798255
2019-07-28,33.83544566798255
2019-07-29,33.83544566798255
2019-07-30,33.83544566798255
2019-07-31,33.83544566798255
2019-08-01,30.968211094951176
2019-08-02,30.968211094951176
2019-08-03,30.968211094951176
2019-08-04,30.968211094951176
2019-08-05,30.968211094951176
2019-08-06,30.968211094951176
2019-08-07,30.968211094951176
2019-08-08,30.968211094951176
2019-08-09,30.968211094951176
2019-08-10,30.968211094951176
2019-08-11,30.968211094951176
2019-08-12,30.968211094951176
2019-08-13,30.968211094951176
2019-08-14,30.968211094951176
2019-08-15,30.968211094951176
2019-08-16,30.968211094951176
2019-08-17,30.968211094951176
2019-08-18,30.968211094951176
2019-08-19,30.968211094951176
2019-08-20,30.968211094951176
2019-08-21,30.968211094951176
2019-08-22,30.968211094951176
2019-08-23,30.968211094951176
2019-08-24,30.968211094951176
2019-08-25,30.968211094951176
2019-08-26,30.968211094951176
2019-08-27,30.968211094951176
2019-08-28,30.968211094951176
2019-08-29,30.968211094951176
2019-08-30,30.968211094951176
2019-08-31,30.968211094951176
2019-09-01,32.246000415541246
2019-09-02,32.246000415541246
2019-09-03,32.246000415541246
2019-09-04,32.246000415541246
2019-09-05,32.246000415541246
2019-09-06,32.246000415541246
2019-09-07,32.246000415541246
2019-09-08,32.246000415541246
2019-09-09,32.246000415541246
2019-09-10,32.246000415541246
2019-09-11,32.246000415541246
2019-09-12,32.246000415541246
2019-09-13,32.246000415541246
2019-09-14,32.246000415541246
2019-09-15,32.246000415541246
2019-09-16,32.246000415541246
2019-09-17,32.246000415541246
2019-09-18,32.246000415541246
2019-09-19,32.246000415541246
2019-09-20,32.246000415541246
2019-09-21,32.246000415541246
2019-09-22,32.246000415541246
2019-09-23,32.246000415541246
2019-09-24,32.246000415541246
2019-09-25,32.246000415541246
2019-09-26,32.246000415541246
2019-09-27,32.246000415541246
2019-09-28,32.246000415541246
2019-09-29,32.246000415541246
2019-09-30,32.246000415541246
2019-10-01,38.2609599002701
2019-10-02,38.2609599002701
2019-10-03,38.2609599002701
2019-10-04,38.2609599002701
2019-10-05,38.2609599002701
2019-10-06,38.2609599002701
2019-10-07,38.2609599002701
2019-10-08,38.2609599002701
2019-10-09,38.2609599002701
2019-10-10,38.2609599002701
2019-10-11,38.2609599002701
2019-10-12,38.2609599002701
2019-10-13,38.2609599002701
2019-10-14,38.2609599002701
2019-10-15,38.2609599002701
2019-10-16,38.2609599002701
2019-10-17,38.2609599002701
2019-10-18,38.2609599002701
2019-10-19,38.2609599002701
2019-10-20,38.2609599002701
2019-10-21,38.2609599002701
2019-10-22,38.2609599002701
2019-10-23,38.2609599002701
2019-10-24,38.2609599002701
2019-10-25,38.2609599002701
2019-10-26,38.2609599002701
2019-10-27,38.2609599002701
2019-10-28,38.2609599002701
2019-10-29,38.2609599002701
2019-10-30,38.2609599002701
2019-10-31,38.2609599002701
2019-11-01,43.30978599626013
2019-11-02,43.30978599626013
2019-11-03,43.30978599626013
2019-11-04,43.30978599626013
2019-11-05,43.30978599626013
2019-11-06,43.30978599626013
2019-11-07,43.30978599626013
2019-11-08,43.30978599626013
2019-11-09,43.30978599626013
2019-11-10,43.30978599626013
2019-11-11,43.30978599626013
2019-11-12,43.30978599626013
2019-11-13,43.30978599626013
2019-11-14,43.30978599626013
2019-11-15,43.30978599626013
2019-11-16,43.30978599626013
2019-11-17,43.30978599626013
2019-11-18,43.30978599626013
2019-11-19,43.30978599626013
2019-11-20,43.30978599626013
2019-11-21,43.30978599626013
2019-11-22,43.30978599626013
2019-11-23,43.30978599626013
2019-11-24,43.30978599626013
2019-11-25,43.30978599626013
2019-11-26,43.30978599626013
2019-11-27,43.30978599626013
2019-11-28,43.30978599626013
2019-11-29,43.30978599626013
2019-11-30,43.30978599626013
2019-12-01,40.46332848535217
2019-12-02,40.46332848535217
2019-12-03,40.46332848535217
2019-12-04,40.46332848535217
2019-12-05,40.46332848535217
2019-12-06,40.46332848535217
2019-12-07,40.46332848535217
2019-12-08,40.46332848535217
2019-12-09,40.46332848535217
2019-12-10,40.46332848535217
2019-12-11,40.46332848535217
2019-12-12,40.46332848535217
2019-12-13,40.46332848535217
2019-12-14,40.46332848535217
2019-12-15,40.46332848535217
2019-12-16,40.46332848535217
2019-12-17,40.46332848535217
2019-12-18,40.46332848535217
2019-12-19,40.46332848535217
2019-12-20,40.46332848535217
2019-12-21,40.46332848535217
2019-12-22,40.46332848535217
2019-12-23,40.46332848535217
2019-12-24,40.46332848535217
2019-12-25,40.46332848535217
2019-12-26,40.46332848535217
2019-12-27,40.46332848535217
2019-12-28,40.46332848535217
2019-12-29,40.46332848535217
2019-12-30,40.46332848535217
2019-12-31,40.46332848535217
2020-01-01,44.89923124870143
2020-01-02,44.89923124870143
2020-01-03,44.89923124870143
2020-01-04,44.89923124870143
2020-01-05,44.89923124870143
2020-01-06,44.89923124870143
2020-01-07,44.89923124870143
2020-01-08,44.89923124870143
2020-01-09,44.89923124870143
2020-01-10,44.89923124870143
2020-01-11,44.89923124870143
2020-01-12,44.89923124870143
2020-01-13,44.89923124870143
2020-01-14,44.89923124870143
2020-01-15,44.89923124870143
2020-01-16,44.89923124870143
2020-01-17,44.89923124870143
2020-01-18,44.89923124870143
2020-01-19,44.89923124870143
2020-01-20,44.89923124870143
2020-01-21,44.89923124870143
2020-01-22,44.89923124870143
2020-01-23,44.89923124870143
2020-01-24,44.89923124870143
2020-01-25,44.89923124870143
2020-01-26,44.89923124870143
2020-01-27,44.89923124870143
2020-01-28,44.89923124870143
2020-01-29,44.89923124870143
2020-01-30,44.89923124870143
2020-01-31,44.89923124870143
2020-02-01,36.05859131518803
2020-02-02,36.05859131518803
2020-02-03,36.05859131518803
2020-02-04,36.05859131518803
2020-02-05,36.05859131518803
2020-02-06,36.05859131518803
2020-02-07,36.05859131518803
2020-02-08,36.05859131518803
2020-02-09,36.05859131518803
2020-02-10,36.05859131518803
2020-02-11,36.05859131518803
2020-02-12,36.05859131518803
2020-02-13,36.05859131518803
2020-02-14,36.05859131518803
2020-02-15,36.05859131518803
2020-02-16,36.05859131518803
2020-02-17,36.05859131518803
2020-02-18,36.05859131518803
2020-02-19,36.05859131518803
2020-02-20,36.05859131518803
2020-02-21,36.05859131518803
2020-02-22,36.05859131518803
2020-02-23,36.05859131518803
2020-02-24,36.05859131518803
2020-02-25,36.05859131518803
2020-02-26,36.05859131518803
2020-02-27,36.05859131518803
2020-02-28,36.05859131518803
2020-02-29,36.05859131518803
2020-03-01,29.378765842509868
2020-03-02,29.378765842509868
2020-03-03,29.378765842509868
2020-03-04,29.378765842509868
2020-03-05,29.378765842509868
2020-03-06,29.378765842509868
2020-03-07,29.378765842509868
2020-03-08,29.378765842509868
2020-03-09,29.378765842509868
2020-03-10,29.378765842509868
2020-03-11,29.378765842509868
2020-03-12,29.378765842509868
2020-03-13,29.378765842509868
2020-03-14,29.378765842509868
2020-03-15,29.378765842509868
2020-03-16,29.378765842509868
2020-03-17,29.378765842509868
2020-03-18,29.378765842509868
2020-03-19,29.378765842509868
2020-03-20,29.378765842509868
2020-03-21,29.378765842509868
2020-03-22,29.378765842509868
2020-03-23,29.378765842509868
2020-03-24,29.378765842509868
2020-03-25,29.378765842509868
2020-03-26,29.378765842509868
2020-03-27,29.378765842509868
2020-03-28,29.378765842509868
2020-03-29,29.378765842509868
2020-03-30,29.378765842509868
2020-03-31,29.378765842509868
2020-04-01,48.08851028464575
2020-04-02,48.08851028464575
2020-04-03,48.08851028464575
2020-04-04,48.08851028464575
2020-04-05,48.08851028464575
2020-04-06,48.08851028464575
2020-04-07,48.08851028464575
2020-04-08,48.08851028464575
2020-04-09,48.08851028464575
2020-04-10,48.08851028464575
2020-04-11,48.08851028464575
2020-04-12,48.08851028464575
2020-04-13,48.08851028464575
2020-04-14,48.08851028464575
2020-04-15,48.08851028464575
2020-04-16,48.08851028464575
2020-04-17,48.08851028464575
2020-04-18,48.08851028464575
2020-04-19,48.08851028464575
2020-04-20,48.08851028464575
2020-04-21,48.08851028464575
2020-04-22,48.08851028464575
2020-04-23,48.08851028464575
2020-04-24,48.08851028464575
2020-04-25,48.08851028464575
2020-04-26,48.08851028464575
2020-04-27,48.08851028464575
2020-04-28,48.08851028464575
2020-04-29,48.08851028464575
2020-04-30,48.08851028464575
2020-05-01,53.43860378142531
2020-05-02,53.43860378142531
2020-05-03,53.43860378142531
2020-05-04,53.43860378142531
2020-05-05,53.43860378142531
2020-05-06,53.43860378142531
2020-05-07,53.43860378142531
2020-05-08,53.43860378142531
2020-05-09,53.43860378142531
2020-05-10,53.43860378142531
2020-05-11,53.43860378142531
2020-05-12,53.43860378142531
2020-05-13,53.43860378142531
2020-05-14,53.43860378142531
2020-05-15,53.43860378142531
2020-05-16,53.43860378142531
2020-05-17,53.43860378142531
2020-05-18,53.43860378142531
2020-05-19,53.43860378142531
2020-05-20,53.43860378142531
2020-05-21,53.43860378142531
2020-05-22,53.43860378142531
2020-05-23,53.43860378142531
2020-05-24,53.43860378142531
2020-05-25,53.43860378142531
2020-05-26,53.43860378142531
2020-05-27,53.43860378142531
2020-05-28,53.43860378142531
2020-05-29,53.43860378142531
2020-05-30,53.43860378142531
2020-05-31,53.43860378142531
2020-06-01,61.645543320174525
2020-06-02,61.645543320174525
2020-06-03,61.645543320174525
2020-06-04,61.645543320174525
2020-06-05,61.645543320174525
2020-06-06,61.645543320174525
2020-06-07,61.645543320174525
2020-06-08,61.645543320174525
2020-06-09,61.645543320174525
2020-06-10,61.645543320174525
2020-06-11,61.645543320174525
2020-06-12,61.645543320174525
2020-06-13,61.645543320174525
2020-06-14,61.645543320174525
2020-06-15,61.645543320174525
2020-06-16,61.645543320174525
2020-06-17,61.645543320174525
2020-06-18,61.645543320174525
2020-06-19,61.645543320174525
2020-06-20,61.645543320174525
2020-06-21,61.645543320174525
2020-06-22,61.645543320174525
2020-06-23,61.645543320174525
2020-06-24,61.645543320174525
2020-06-25,61.645543320174525
2020-06-26,61.645543320174525
2020-06-27,61.645543320174525
2020-06-28,61.645543320174525
2020-06-29,61.645543320174525
2020-06-30,61.645543320174525
2020-07-01,66.06066902140037
2020-07-02,66.06066902140037
2020-07-03,66.06066902140037
2020-07-04,66.06066902140037
2020-07-05,66.06066902140037
2020-07-06,66.06066902140037
2020-07-07,66.06066902140037
2020-07-08,66.06066902140037
2020-07-09,66.06066902140037
2020-07-10,66.06066902140037
2020-07-11,66.06066902140037
2020-07-12,66.06066902140037
2020-07-13,66.06066902140037
2020-07-14,66.06066902140037
2020-07-15,66.06066902140037
2020-07-16,66.06066902140037
2020-07-17,66.06066902140037
2020-07-18,66.06066902140037
2020-07-19,66.06066902140037
2020-07-20,66.06066902140037
2020-07-21,66.06066902140037
2020-07-22,66.06066902140037
2020-07-23,66.06066902140037
2020-07-24,66.06066902140037
2020-07-25,66.06066902140037
2020-07-26,66.06066902140037
2020-07-27,66.06066902140037
2020-07-28,66.06066902140037
2020-07-29,66.06066902140037
2020-07-30,66.06066902140037
2020-07-31,66.06066902140037
2020-08-01,77.59193849989612
2020-08-02,77.59193849989612
2020-08-03,77.59193849989612
2020-08-04,77.59193849989612
2020-08-05,77.59193849989612
2020-08-06,77.59193849989612
2020-08-07,77.59193849989612
2020-08-08,77.59193849989612
2020-08-09,77.59193849989612
2020-08-10,77.59193849989612
2020-08-11,77.59193849989612
2020-08-12,77.59193849989612
2020-08-13,77.59193849989612
2020-08-14,77.59193849989612
2020-08-15,77.59193849989612
2020-08-16,77.59193849989612
2020-08-17,77.59193849989612
2020-08-18,77.59193849989612
2020-08-19,77.59193849989612
2020-08-20,77.59193849989612
2020-08-21,77.59193849989612
2020-08-22,77.59193849989612
2020-08-23,77.59193849989612
2020-08-24,77.59193849989612
2020-08-25,77.59193849989612
2020-08-26,77.59193849989612
2020-08-27,77.59193849989612
2020-08-28,77.59193849989612
2020-08-29,77.59193849989612
2020-08-30,77.59193849989612
2020-08-31,77.59193849989612
2020-09-01,71.77436110533971
2020-09-02,71.77436110533971
2020-09-03,71.77436110533971
2020-09-04,71.77436110533971
2020-09-05,71.77436110533971
2020-09-06,71.77436110533971
2020-09-07,71.77436110533971
2020-09-08,71.77436110533971
2020-09-09,71.77436110533971
2020-09-10,71.77436110533971
2020-09-11,71.77436110533971
2020-09-12,71.77436110533971
2020-09-13,71.77436110533971
2020-09-14,71.77436110533971
2020-09-15,71.77436110533971
2020-09-16,71.77436110533971
2020-09-17,71.77436110533971
2020-09-18,71.77436110533971
2020-09-19,71.77436110533971
2020-09-20,71.77436110533971
2020-09-21,71.77436110533971
2020-09-22,71.77436110533971
2020-09-23,71.77436110533971
2020-09-24,71.77436110533971
2020-09-25,71.77436110533971
2020-09-26,71.77436110533971
2020-09-27,71.77436110533971
2020-09-28,71.77436110533971
2020-09-29,71.77436110533971
2020-09-30,71.77436110533971
2020-10-01,68.26303760648244
2020-10-02,68.26303760648244
2020-10-03,68.26303760648244
2020-10-04,68.26303760648244
2020-10-05,68.26303760648244
2020-10-06,68.26303760648244
2020-10-07,68.26303760648244
2020-10-08,68.26303760648244
2020-10-09,68.26303760648244
2020-10-10,68.26303760648244
2020-10-11,68.26303760648244
2020-10-12,68.26303760648244
2020-10-13,68.26303760648244
2020-10-14,68.26303760648244
2020-10-15,68.26303760648244
2020-10-16,68.26303760648244
2020-10-17,68.26303760648244
2020-10-18,68.26303760648244
2020-10-19,68.26303760648244
2020-10-20,68.26303760648244
2020-10-21,68.26303760648244
2020-10-22,68.26303760648244
2020-10-23,68.26303760648244
2020-10-24,68.26303760648244
2020-10-25,68.26303760648244
2020-10-26,68.26303760648244
2020-10-27,68.26303760648244
2020-10-28,68.26303760648244
2020-10-29,68.26303760648244
2020-10-30,68.26303760648244
2020-10-31,68.26303760648244
2020-11-01,80.10596301682942
2020-11-02,80.10596301682942
2020-11-03,80.10596301682942
2020-11-04,80.10596301682942
2020-11-05,80.10596301682942
2020-11-06,80.10596301682942
2020-11-07,80.10596301682942
2020-11-08,80.10596301682942
2020-11-09,80.10596301682942
2020-11-10,80.10596301682942
2020-11-11,80.10596301682942
2020-11-12,80.10596301682942
2020-11-13,80.10596301682942
2020-11-14,80.10596301682942
2020-11-15,80.10596301682942
2020-11-16,80.10596301682942
2020-11-17,80.10596301682942
2020-11-18,80.10596301682942
2020-11-19,80.10596301682942
2020-11-20,80.10596301682942
2020-11-21,80.10596301682942
2020-11-22,80.10596301682942
2020-11-23,80.10596301682942
2020-11-24,80.10596301682942
2020-11-25,80.10596301682942
2020-11-26,80.10596301682942
2020-11-27,80.10596301682942
2020-11-28,80.10596301682942
2020-11-29,80.10596301682942
2020-11-30,80.10596301682942
2020-12-01,76.33492624142946
2020-12-02,76.33492624142946
2020-12-03,76.33492624142946
2020-12-04,76.33492624142946
2020-12-05,76.33492624142946
2020-12-06,76.33492624142946
2020-12-07,76.33492624142946
2020-12-08,76.33492624142946
2020-12-09,76.33492624142946
2020-12-10,76.33492624142946
2020-12-11,76.33492624142946
2020-12-12,76.33492624142946
2020-12-13,76.33492624142946
2020-12-14,76.33492624142946
2020-12-15,76.33492624142946
2020-12-16,76.33492624142946
2020-12-17,76.33492624142946
2020-12-18,76.33492624142946
2020-12-19,76.33492624142946
2020-12-20,76.33492624142946
2020-12-21,76.33492624142946
2020-12-22,76.33492624142946
2020-12-23,76.33492624142946
2020-12-24,76.33492624142946
2020-12-25,76.33492624142946
2020-12-26,76.33492624142946
2020-12-27,76.33492624142946
2020-12-28,76.33492624142946
2020-12-29,76.33492624142946
2020-12-30,76.33492624142946
2020-12-31,76.33492624142946
2021-01-01,76.94784957407023
2021-01-02,76.94784957407023
2021-01-03,76.94784957407023
2021-01-04,76.94784957407023
2021-01-05,76.94784957407023
2021-01-06,76.94784957407023
2021-01-07,76.94784957407023
2021-01-08,76.94784957407023
2021-01-09,76.94784957407023
2021-01-10,76.94784957407023
2021-01-11,76.94784957407023
2021-01-12,76.94784957407023
2021-01-13,76.94784957407023
2021-01-14,76.94784957407023
2021-01-15,76.94784957407023
2021-01-16,76.94784957407023
2021-01-17,76.94784957407023
2021-01-18,76.94784957407023
2021-01-19,76.94784957407023
2021-01-20,76.94784957407023
2021-01-21,76.94784957407023
2021-01-22,76.94784957407023
2021-01-23,76.94784957407023
2021-01-24,76.94784957407023
2021-01-25,76.94784957407023
2021-01-26,76.94784957407023
2021-01-27,76.94784957407023
2021-01-28,76.94784957407023
2021-01-29,76.94784957407023
2021-01-30,76.94784957407023
2021-01-31,76.94784957407023
2021-02-01,76.65697070434241
2021-02-02,76.65697070434241
2021-02-03,76.65697070434241
2021-02-04,76.65697070434241
2021-02-05,76.65697070434241
2021-02-06,76.65697070434241
2021-02-07,76.65697070434241
2021-02-08,76.65697070434241
2021-02-09,76.65697070434241
2021-02-10,76.65697070434241
2021-02-11,76.65697070434241
2021-02-12,76.65697070434241
2021-02-13,76.65697070434241
2021-02-14,76.65697070434241
2021-02-15,76.65697070434241
2021-02-16,76.65697070434241
2021-02-17,76.65697070434241
2021-02-18,76.65697070434241
2021-02-19,76.65697070434241
2021-02-20,76.65697070434241
2021-02-21,76.65697070434241
2021-02-22,76.65697070434241
2021-02-23,76.65697070434241
2021-02-24,76.65697070434241
2021-02-25,76.65697070434241
2021-02-26,76.65697070434241
2021-02-27,76.65697070434241
2021-02-28,76.65697070434241
2021-03-01,64.81404529399542
2021-03-02,64.81404529399542
2021-03-03,64.81404529399542
2021-03-04,64.81404529399542
2021-03-05,64.81404529399542
2021-03-06,64.81404529399542
2021-03-07,64.81404529399542
2021-03-08,64.81404529399542
2021-03-09,64.81404529399542
2021-03-10,64.81404529399542
2021-03-11,64.81404529399542
2021-03-12,64.81404529399542
2021-03-13,64.81404529399542
2021-03-14,64.81404529399542
2021-03-15,64.81404529399542
2021-03-16,64.81404529399542
2021-03-17,64.81404529399542
2021-03-18,64.81404529399542
2021-03-19,64.81404529399542
2021-03-20,64.81404529399542
2021-03-21,64.81404529399542
2021-03-22,64.81404529399542
2021-03-23,64.81404529399542
2021-03-24,64.81404529399542
2021-03-25,64.81404529399542
2021-03-26,64.81404529399542
2021-03-27,64.81404529399542
2021-03-28,64.81404529399542
2021-03-29,64.81404529399542
2021-03-30,64.81404529399542
2021-03-31,64.81404529399542
2021-04-01,71.46270517348847
2021-04-02,71.46270517348847
2021-04-03,71.46270517348847
2021-04-04,71.46270517348847
2021-04-05,71.46270517348847
2021-04-06,71.46270517348847
2021-04-07,71.46270517348847
2021-04-08,71.46270517348847
2021-04-09,71.46270517348847
2021-04-10,71.46270517348847
2021-04-11,71.46270517348847
2021-04-12,71.46270517348847
2021-04-13,71.46270517348847
2021-04-14,71.46270517348847
2021-04-15,71.46270517348847
2021-04-16,71.46270517348847
2021-04-17,71.46270517348847
2021-04-18,71.46270517348847
2021-04-19,71.46270517348847
2021-04-20,71.46270517348847
2021-04-21,71.46270517348847
2021-04-22,71.46270517348847
2021-04-23,71.46270517348847
2021-04-24,71.46270517348847
2021-04-25,71.46270517348847
2021-04-26,71.46270517348847
2021-04-27,71.46270517348847
2021-04-28,71.46270517348847
2021-04-29,71.46270517348847
2021-04-30,71.46270517348847
2021-05-01,70.81861624766258
2021-05-02,70.81861624766258
2021-05-03,70.81861624766258
2021-05-04,70.81861624766258
2021-05-05,70.81861624766258
2021-05-06,70.81861624766258
2021-05-07,70.81861624766258
2021-05-08,70.81861624766258
2021-05-09,70.81861624766258
2021-05-10,70.81861624766258
2021-05-11,70.81861624766258
2021-05-12,70.81861624766258
2021-05-13,70.81861624766258
2021-05-14,70.81861624766258
2021-05-15,70.81861624766258
2021-05-16,70.81861624766258
2021-05-17,70.81861624766258
2021-05-18,70.81861624766258
2021-05-19,70.81861624766258
2021-05-20,70.81861624766258
2021-05-21,70.81861624766258
2021-05-22,70.81861624766258
2021-05-23,70.81861624766258
2021-05-24,70.81861624766258
2021-05-25,70.81861624766258
2021-05-26,70.81861624766258
2021-05-27,70.81861624766258
2021-05-28,70.81861624766258
2021-05-29,70.81861624766258
2021-05-30,70.81861624766258
2021-05-31,70.81861624766258
2021-06-01,61.95719925202576
2021-06-02,61.95719925202576
2021-06-03,61.95719925202576
2021-06-04,61.95719925202576
2021-06-05,61.95719925202576
2021-06-06,61.95719925202576
2021-06-07,61.95719925202576
2021-06-08,61.95719925202576
2021-06-09,61.95719925202576
2021-06-10,61.95719925202576
2021-06-11,61.95719925202576
2021-06-12,61.95719925202576
2021-06-13,61.95719925202576
2021-06-14,61.95719925202576
2021-06-15,61.95719925202576
2021-06-16,61.95719925202576
2021-06-17,61.95719925202576
2021-06-18,61.95719925202576
2021-06-19,61.95719925202576
2021-06-20,61.95719925202576
2021-06-21,61.95719925202576
2021-06-22,61.95719925202576
2021-06-23,61.95719925202576
2021-06-24,61.95719925202576
2021-06-25,61.95719925202576
2021-06-26,61.95719925202576
2021-06-27,61.95719925202576
2021-06-28,61.95719925202576
2021-06-29,61.95719925202576
2021-06-30,61.95719925202576
2021-07-01,63.54664450446707
2021-07-02,63.54664450446707
2021-07-03,63.54664450446707
2021-07-04,63.54664450446707
2021-07-05,63.54664450446707
2021-07-06,63.54664450446707
2021-07-07,63.54664450446707
2021-07-08,63.54664450446707
2021-07-09,63.54664450446707
2021-07-10,63.54664450446707
2021-07-11,63.54664450446707
2021-07-12,63.54664450446707
2021-07-13,63.54664450446707
2021-07-14,63.54664450446707
2021-07-15,63.54664450446707
2021-07-16,63.54664450446707
2021-07-17,63.54664450446707
2021-07-18,63.54664450446707
2021-07-19,63.54664450446707
2021-07-20,63.54664450446707
2021-07-21,63.54664450446707
2021-07-22,63.54664450446707
2021-07-23,63.54664450446707
2021-07-24,63.54664450446707
2021-07-25,63.54664450446707
2021-07-26,63.54664450446707
2021-07-27,63.54664450446707
2021-07-28,63.54664450446707
2021-07-29,63.54664450446707
2021-07-30,63.54664450446707
2021-07-31,63.54664450446707
2021-08-01,66.99563681695409
2021-08-02,66.99563681695409
2021-08-03,66.99563681695409
2021-08-04,66.99563681695409
2021-08-05,66.99563681695409
2021-08-06,66.99563681695409
2021-08-07,66.99563681695409
2021-08-08,66.99563681695409
2021-08-09,66.99563681695409
2021-08-10,66.99563681695409
2021-08-11,66.99563681695409
2021-08-12,66.99563681695409
2021-08-13,66.99563681695409
2021-08-14,66.99563681695409
2021-08-15,66.99563681695409
2021-08-16,66.99563681695409
2021-08-17,66.99563681695409
2021-08-18,66.99563681695409
2021-08-19,66.99563681695409
2021-08-20,66.99563681695409
2021-08-21,66.99563681695409
2021-08-22,66.99563681695409
2021-08-23,66.99563681695409
2021-08-24,66.99563681695409
2021-08-25,66.99563681695409
2021-08-26,66.99563681695409
2021-08-27,66.99563681695409
2021-08-28,66.99563681695409
2021-08-29,66.99563681695409
2021-08-30,66.99563681695409
2021-08-31,66.99563681695409
2021-09-01,60.056098067733224
2021-09-02,60.056098067733224
2021-09-03,60.056098067733224
2021-09-04,60.056098067733224
2021-09-05,60.056098067733224
2021-09-06,60.056098067733224
2021-09-07,60.056098067733224
2021-09-08,60.056098067733224
2021-09-09,60.056098067733224
2021-09-10,60.056098067733224
2021-09-11,60.056098067733224
2021-09-12,60.056098067733224
2021-09-13,60.056098067733224
2021-09-14,60.056098067733224
2021-09-15,60.056098067733224
2021-09-16,60.056098067733224
2021-09-17,60.056098067733224
2021-09-18,60.056098067733224
2021-09-19,60.056098067733224
2021-09-20,60.056098067733224
2021-09-21,60.056098067733224
2021-09-22,60.056098067733224
2021-09-23,60.056098067733224
2021-09-24,60.056098067733224
2021-09-25,60.056098067733224
2021-09-26,60.056098067733224
2021-09-27,60.056098067733224
2021-09-28,60.056098067733224
2021-09-29,60.056098067733224
2021-09-30,60.056098067733224
2021-10-01,63.86868896738002
2021-10-02,63.86868896738002
2021-10-03,63.86868896738002
2021-10-04,63.86868896738002
2021-10-05,63.86868896738002
2021-10-06,63.86868896738002
2021-10-07,63.86868896738002
2021-10-08,63.86868896738002
2021-10-09,63.86868896738002
2021-10-10,63.86868896738002
2021-10-11,63.86868896738002
2021-10-12,63.86868896738002
2021-10-13,63.86868896738002
2021-10-14,63.86868896738002
2021-10-15,63.86868896738002
2021-10-16,63.86868896738002
2021-10-17,63.86868896738002
2021-10-18,63.86868896738002
2021-10-19,63.86868896738002
2021-10-20,63.86868896738002
2021-10-21,63.86868896738002
2021-10-22,63.86868896738002
2021-10-23,63.86868896738002
2021-10-24,63.86868896738002
2021-10-25,63.86868896738002
2021-10-26,63.86868896738002
2021-10-27,63.86868896738002
2021-10-28,63.86868896738002
2021-10-29,63.86868896738002
2021-10-30,63.86868896738002
2021-10-31,63.86868896738002
2021-11-01,65.13608975690838
2021-11-02,65.13608975690838
2021-11-03,65.13608975690838
2021-11-04,65.13608975690838
2021-11-05,65.13608975690838
2021-11-06,65.13608975690838
2021-11-07,65.13608975690838
2021-11-08,65.13608975690838
2021-11-09,65.13608975690838
2021-11-10,65.13608975690838
2021-11-11,65.13608975690838
2021-11-12,65.13608975690838
2021-11-13,65.13608975690838
2021-11-14,65.13608975690838
2021-11-15,65.13608975690838
2021-11-16,65.13608975690838
2021-11-17,65.13608975690838
2021-11-18,65.13608975690838
2021-11-19,65.13608975690838
2021-11-20,65.13608975690838
2021-11-21,65.13608975690838
2021-11-22,65.13608975690838
2021-11-23,65.13608975690838
2021-11-24,65.13608975690838
2021-11-25,65.13608975690838
2021-11-26,65.13608975690838
2021-11-27,65.13608975690838
2021-11-28,65.13608975690838
2021-11-29,65.13608975690838
2021-11-30,65.13608975690838
2021-12-01,63.224600041554126
2021-12-02,63.224600041554126
2021-12-03,63.224600041554126
2021-12-04,63.224600041554126
2021-12-05,63.224600041554126
2021-12-06,63.224600041554126
2021-12-07,63.224600041554126
2021-12-08,63.224600041554126
2021-12-09,63.224600041554126
2021-12-10,63.224600041554126
2021-12-11,63.224600041554126
2021-12-12,63.224600041554126
2021-12-13,63.224600041554126
2021-12-14,63.224600041554126
2021-12-15,63.224600041554126
2021-12-16,63.224600041554126
2021-12-17,63.224600041554126
2021-12-18,63.224600041554126
2021-12-19,63.224600041554126
2021-12-20,63.224600041554126
2021-12-21,63.224600041554126
2021-12-22,63.224600041554126
2021-12-23,63.224600041554126
2021-12-24,63.224600041554126
2021-12-25,63.224600041554126
2021-12-26,63.224600041554126
2021-12-27,63.224600041554126
2021-12-28,63.224600041554126
2021-12-29,63.224600041554126
2021-12-30,63.224600041554126
2021-12-31,63.224600041554126
2022-01-01,54.97610637855808
2022-01-02,54.97610637855808
2022-01-03,54.97610637855808
2022-01-04,54.97610637855808
2022-01-05,54.97610637855808
2022-01-06,54.97610637855808
2022-01-07,54.97610637855808
2022-01-08,54.97610637855808
2022-01-09,54.97610637855808
2022-01-10,54.97610637855808
2022-01-11,54.97610637855808
2022-01-12,54.97610637855808
2022-01-13,54.97610637855808
2022-01-14,54.97610637855808
2022-01-15,54.97610637855808
2022-01-16,54.97610637855808
2022-01-17,54.97610637855808
2022-01-18,54.97610637855808
2022-01-19,54.97610637855808
2022-01-20,54.97610637855808
2022-01-21,54.97610637855808
2022-01-22,54.97610637855808
2022-01-23,54.97610637855808
2022-01-24,54.97610637855808
2022-01-25,54.97610637855808
2022-01-26,54.97610637855808
2022-01-27,54.97610637855808
2022-01-28,54.97610637855808
2022-01-29,54.97610637855808
2022-01-30,54.97610637855808
2022-01-31,54.97610637855808
2022-02-01,51.568668190317894
2022-02-02,51.568668190317894
2022-02-03,51.568668190317894
2022-02-04,51.568668190317894
2022-02-05,51.568668190317894
2022-02-06,51.568668190317894
2022-02-07,51.568668190317894
2022-02-08,51.568668190317894
2022-02-09,51.568668190317894
2022-02-10,51.568668190317894
2022-02-11,51.568668190317894
2022-02-12,51.568668190317894
2022-02-13,51.568668190317894
2022-02-14,51.568668190317894
2022-02-15,51.568668190317894
2022-02-16,51.568668190317894
2022-02-17,51.568668190317894
2022-02-18,51.568668190317894
2022-02-19,51.568668190317894
2022-02-20,51.568668190317894
2022-02-21,51.568668190317894
2022-02-22,51.568668190317894
2022-02-23,51.568668190317894
2022-02-24,51.568668190317894
2022-02-25,51.568668190317894
2022-02-26,51.568668190317894
2022-02-27,51.568668190317894
2022-02-28,51.568668190317894
2022-03-01,56.233118637024724
2022-03-02,56.233118637024724
2022-03-03,56.233118637024724
2022-03-04,56.233118637024724
2022-03-05,56.233118637024724
2022-03-06,56.233118637024724
2022-03-07,56.233118637024724
2022-03-08,56.233118637024724
2022-03-09,56.233118637024724
2022-03-10,56.233118637024724
2022-03-11,56.233118637024724
2022-03-12,56.233118637024724
2022-03-13,56.233118637024724
2022-03-14,56.233118637024724
2022-03-15,56.233118637024724
2022-03-16,56.233118637024724
2022-03-17,56.233118637024724
2022-03-18,56.233118637024724
2022-03-19,56.233118637024724
2022-03-20,56.233118637024724
2022-03-21,56.233118637024724
2022-03-22,56.233118637024724
2022-03-23,56.233118637024724
2022-03-24,56.233118637024724
2022-03-25,56.233118637024724
2022-03-26,56.233118637024724
2022-03-27,56.233118637024724
2022-03-28,56.233118637024724
2022-03-29,56.233118637024724
2022-03-30,56.233118637024724
2022-03-31,56.233118637024724
2022-04-01,40.78537294826511
2022-04-02,40.78537294826511
2022-04-03,40.78537294826511
2022-04-04,40.78537294826511
2022-04-05,40.78537294826511
2022-04-06,40.78537294826511
2022-04-07,40.78537294826511
2022-04-08,40.78537294826511
2022-04-09,40.78537294826511
2022-04-10,40.78537294826511
2022-04-11,40.78537294826511
2022-04-12,40.78537294826511
2022-04-13,40.78537294826511
2022-04-14,40.78537294826511
2022-04-15,40.78537294826511
2022-04-16,40.78537294826511
2022-04-17,40.78537294826511
2022-04-18,40.78537294826511
2022-04-19,40.78537294826511
2022-04-20,40.78537294826511
2022-04-21,40.78537294826511
2022-04-22,40.78537294826511
2022-04-23,40.78537294826511
2022-04-24,40.78537294826511
2022-04-25,40.78537294826511
2022-04-26,40.78537294826511
2022-04-27,40.78537294826511
2022-04-28,40.78537294826511
2022-04-29,40.78537294826511
2022-04-30,40.78537294826511
2022-05-01,38.894660295034285
2022-05-02,38.894660295034285
2022-05-03,38.894660295034285
2022-05-04,38.894660295034285
2022-05-05,38.894660295034285
2022-05-06,38.894660295034285
2022-05-07,38.894660295034285
2022-05-08,38.894660295034285
2022-05-09,38.894660295034285
2022-05-10,38.894660295034285
2022-05-11,38.894660295034285
2022-05-12,38.894660295034285
2022-05-13,38.894660295034285
2022-05-14,38.894660295034285
2022-05-15,38.894660295034285
2022-05-16,38.894660295034285
2022-05-17,38.894660295034285
2022-05-18,38.894660295034285
2022-05-19,38.894660295034285
2022-05-20,38.894660295034285
2022-05-21,38.894660295034285
2022-05-22,38.894660295034285
2022-05-23,38.894660295034285
2022-05-24,38.894660295034285
2022-05-25,38.894660295034285
2022-05-26,38.894660295034285
2022-05-27,38.894660295034285
2022-05-28,38.894660295034285
2022-05-29,38.894660295034285
2022-05-30,38.894660295034285
2022-05-31,38.894660295034285
2022-06-01,35.113234988572614
2022-06-02,35.113234988572614
2022-06-03,35.113234988572614
2022-06-04,35.113234988572614
2022-06-05,35.113234988572614
2022-06-06,35.113234988572614
2022-06-07,35.113234988572614
2022-06-08,35.113234988572614
2022-06-09,35.113234988572614
2022-06-10,35.113234988572614
2022-06-11,35.113234988572614
2022-06-12,35.113234988572614
2022-06-13,35.113234988572614
2022-06-14,35.113234988572614
2022-06-15,35.113234988572614
2022-06-16,35.113234988572614
2022-06-17,35.113234988572614
2022-06-18,35.113234988572614
2022-06-19,35.113234988572614
2022-06-20,35.113234988572614
2022-06-21,35.113234988572614
2022-06-22,35.113234988572614
2022-06-23,35.113234988572614
2022-06-24,35.113234988572614
2022-06-25,35.113234988572614
2022-06-26,35.113234988572614
2022-06-27,35.113234988572614
2022-06-28,35.113234988572614
2022-06-29,35.113234988572614
2022-06-30,35.113234988572614
2022-07-01,49.66756700602535
2022-07-02,49.66756700602535
2022-07-03,49.66756700602535
2022-07-04,49.66756700602535
2022-07-05,49.66756700602535
2022-07-06,49.66756700602535
2022-07-07,49.66756700602535
2022-07-08,49.66756700602535
2022-07-09,49.66756700602535
2022-07-10,49.66756700602535
2022-07-11,49.66756700602535
2022-07-12,49.66756700602535
2022-07-13,49.66756700602535
2022-07-14,49.66756700602535
2022-07-15,49.66756700602535
2022-07-16,49.66756700602535
2022-07-17,49.66756700602535
2022-07-18,49.66756700602535
2022-07-19,49.66756700602535
2022-07-20,49.66756700602535
2022-07-21,49.66756700602535
2022-07-22,49.66756700602535
2022-07-23,49.66756700602535
2022-07-24,49.66756700602535
2022-07-25,49.66756700602535
2022-07-26,49.66756700602535
2022-07-27,49.66756700602535
2022-07-28,49.66756700602535
2022-07-29,49.66756700602535
2022-07-30,49.66756700602535
2022-07-31,49.66756700602535
2022-08-01,44.57718678578849
2022-08-02,44.57718678578849
2022-08-03,44.57718678578849
2022-08-04,44.57718678578849
2022-08-05,44.57718678578849
2022-08-06,44.57718678578849
2022-08-07,44.57718678578849
2022-08-08,44.57718678578849
2022-08-09,44.57718678578849
2022-08-10,44.57718678578849
2022-08-11,44.57718678578849
2022-08-12,44.57718678578849
2022-08-13,44.57718678578849
2022-08-14,44.57718678578849
2022-08-15,44.57718678578849
2022-08-16,44.57718678578849
2022-08-17,44.57718678578849
2022-08-18,44.57718678578849
2022-08-19,44.57718678578849
2022-08-20,44.57718678578849
2022-08-21,44.57718678578849
2022-08-22,44.57718678578849
2022-08-23,44.57718678578849
2022-08-24,44.57718678578849
2022-08-25,44.57718678578849
2022-08-26,44.57718678578849
2022-08-27,44.57718678578849
2022-08-28,44.57718678578849
2022-08-29,44.57718678578849
2022-08-30,44.57718678578849
2022-08-31,44.57718678578849
2022-09-01,36.99355911074174
2022-09-02,36.99355911074174
2022-09-03,36.99355911074174
2022-09-04,36.99355911074174
2022-09-05,36.99355911074174
2022-09-06,36.99355911074174
2022-09-07,36.99355911074174
2022-09-08,36.99355911074174
2022-09-09,36.99355911074174
2022-09-10,36.99355911074174
2022-09-11,36.99355911074174
2022-09-12,36.99355911074174
2022-09-13,36.99355911074174
2022-09-14,36.99355911074174
2022-09-15,36.99355911074174
2022-09-16,36.99355911074174
2022-09-17,36.99355911074174
2022-09-18,36.99355911074174
2022-09-19,36.99355911074174
2022-09-20,36.99355911074174
2022-09-21,36.99355911074174
2022-09-22,36.99355911074174
2022-09-23,36.99355911074174
2022-09-24,36.99355911074174
2022-09-25,36.99355911074174
2022-09-26,36.99355911074174
2022-09-27,36.99355911074174
2022-09-28,36.99355911074174
2022-09-29,36.99355911074174
2022-09-30,36.99355911074174
2022-10-01,41.097028880116355
2022-10-02,41.097028880116355
2022-10-03,41.097028880116355
2022-10-04,41.097028880116355
2022-10-05,41.097028880116355
2022-10-06,41.097028880116355
2022-10-07,41.097028880116355
2022-10-08,41.097028880116355
2022-10-09,41.097028880116355
2022-10-10,41.097028880116355
2022-10-11,41.097028880116355
2022-10-12,41.097028880116355
2022-10-13,41.097028880116355
2022-10-14,41.097028880116355
2022-10-15,41.097028880116355
2022-10-16,41.097028880116355
2022-10-17,41.097028880116355
2022-10-18,41.097028880116355
2022-10-19,41.097028880116355
2022-10-20,41.097028880116355
2022-10-21,41.097028880116355
2022-10-22,41.097028880116355
2022-10-23,41.097028880116355
2022-10-24,41.097028880116355
2022-10-25,41.097028880116355
2022-10-26,41.097028880116355
2022-10-27,41.097028880116355
2022-10-28,41.097028880116355
2022-10-29,41.097028880116355
2022-10-30,41.097028880116355
2022-10-31,41.097028880116355
2022-11-01,49.03386661126117
2022-11-02,49.03386661126117
2022-11-03,49.03386661126117
2022-11-04,49.03386661126117
2022-11-05,49.03386661126117
2022-11-06,49.03386661126117
2022-11-07,49.03386661126117
2022-11-08,49.03386661126117
2022-11-09,49.03386661126117
2022-11-10,49.03386661126117
2022-11-11,49.03386661126117
2022-11-12,49.03386661126117
2022-11-13,49.03386661126117
2022-11-14,49.03386661126117
2022-11-15,49.03386661126117
2022-11-16,49.03386661126117
2022-11-17,49.03386661126117
2022-11-18,49.03386661126117
2022-11-19,49.03386661126117
2022-11-20,49.03386661126117
2022-11-21,49.03386661126117
2022-11-22,49.03386661126117
2022-11-23,49.03386661126117
2022-11-24,49.03386661126117
2022-11-25,49.03386661126117
2022-11-26,49.03386661126117
2022-11-27,49.03386661126117
2022-11-28,49.03386661126117
2022-11-29,49.03386661126117
2022-11-30,49.03386661126117
2022-12-01,36.35985871597756
2022-12-02,36.35985871597756
2022-12-03,36.35985871597756
2022-12-04,36.35985871597756
2022-12-05,36.35985871597756
2022-12-06,36.35985871597756
2022-12-07,36.35985871597756
2022-12-08,36.35985871597756
2022-12-09,36.35985871597756
2022-12-10,36.35985871597756
2022-12-11,36.35985871597756
2022-12-12,36.35985871597756
2022-12-13,36.35985871597756
2022-12-14,36.35985871597756
2022-12-15,36.35985871597756
2022-12-16,36.35985871597756
2022-12-17,36.35985871597756
2022-12-18,36.35985871597756
2022-12-19,36.35985871597756
2022-12-20,36.35985871597756
2022-12-21,36.35985871597756
2022-12-22,36.35985871597756
2022-12-23,36.35985871597756
2022-12-24,36.35985871597756
2022-12-25,36.35985871597756
2022-12-26,36.35985871597756
2022-12-27,36.35985871597756
2022-12-28,36.35985871597756
2022-12-29,36.35985871597756
2022-12-30,36.35985871597756
2022-12-31,36.35985871597756
2023-01-01,54.97610637855808
2023-01-02,54.97610637855808
2023-01-03,54.97610637855808
2023-01-04,54.97610637855808
2023-01-05,54.97610637855808
2023-01-06,54.97610637855808
2023-01-07,54.97610637855808
2023-01-08,54.97610637855808
2023-01-09,54.97610637855808
2023-01-10,54.97610637855808
2023-01-11,54.97610637855808
2023-01-12,54.97610637855808
2023-01-13,54.97610637855808
2023-01-14,54.97610637855808
2023-01-15,54.97610637855808
2023-01-16,54.97610637855808
2023-01-17,54.97610637855808
2023-01-18,54.97610637855808
2023-01-19,54.97610637855808
2023-01-20,54.97610637855808
2023-01-21,54.97610637855808
2023-01-22,54.97610637855808
2023-01-23,54.97610637855808
2023-01-24,54.97610637855808
2023-01-25,54.97610637855808
2023-01-26,54.97610637855808
2023-01-27,54.97610637855808
2023-01-28,54.97610637855808
2023-01-29,54.97610637855808
2023-01-30,54.97610637855808
2023-01-31,54.97610637855808
2023-02-01,54.685227508830245
2023-02-02,54.685227508830245
2023-02-03,54.685227508830245
2023-02-04,54.685227508830245
2023-02-05,54.685227508830245
2023-02-06,54.685227508830245
2023-02-07,54.685227508830245
2023-02-08,54.685227508830245
2023-02-09,54.685227508830245
2023-02-10,54.685227508830245
2023-02-11,54.685227508830245
2023-02-12,54.685227508830245
2023-02-13,54.685227508830245
2023-02-14,54.685227508830245
2023-02-15,54.685227508830245
2023-02-16,54.685227508830245
2023-02-17,54.685227508830245
2023-02-18,54.685227508830245
2023-02-19,54.685227508830245
2023-02-20,54.685227508830245
2023-02-21,54.685227508830245
2023-02-22,54.685227508830245
2023-02-23,54.685227508830245
2023-02-24,54.685227508830245
2023-02-25,54.685227508830245
2023-02-26,54.685227508830245
2023-02-27,54.685227508830245
2023-02-28,54.685227508830245
2023-03-01,62.59089964678994
2023-03-02,62.59089964678994
2023-03-03,62.59089964678994
2023-03-04,62.59089964678994
2023-03-05,62.59089964678994
2023-03-06,62.59089964678994
2023-03-07,62.59089964678994
2023-03-08,62.59089964678994
2023-03-09,62.59089964678994
2023-03-10,62.59089964678994
2023-03-11,62.59089964678994
2023-03-12,62.59089964678994
2023-03-13,62.59089964678994
2023-03-14,62.59089964678994
2023-03-15,62.59089964678994
2023-03-16,62.59089964678994
2023-03-17,62.59089964678994
2023-03-18,62.59089964678994
2023-03-19,62.59089964678994
2023-03-20,62.59089964678994
2023-03-21,62.59089964678994
2023-03-22,62.59089964678994
2023-03-23,62.59089964678994
2023-03-24,62.59089964678994
2023-03-25,62.59089964678994
2023-03-26,62.59089964678994
2023-03-27,62.59089964678994
2023-03-28,62.59089964678994
2023-03-29,62.59089964678994
2023-03-30,62.59089964678994
2023-03-31,62.59089964678994
2023-04-01,62.912944109702885
2023-04-02,62.912944109702885
2023-04-03,62.912944109702885
2023-04-04,62.912944109702885
2023-04-05,62.912944109702885
2023-04-06,62.912944109702885
2023-04-07,62.912944109702885
2023-04-08,62.912944109702885
2023-04-09,62.912944109702885
2023-04-10,62.912944109702885
2023-04-11,62.912944109702885
2023-04-12,62.912944109702885
2023-04-13,62.912944109702885
2023-04-14,62.912944109702885
2023-04-15,62.912944109702885
2023-04-16,62.912944109702885
2023-04-17,62.912944109702885
2023-04-18,62.912944109702885
2023-04-19,62.912944109702885
2023-04-20,62.912944109702885
2023-04-21,62.912944109702885
2023-04-22,62.912944109702885
2023-04-23,62.912944109702885
2023-04-24,62.912944109702885
2023-04-25,62.912944109702885
2023-04-26,62.912944109702885
2023-04-27,62.912944109702885
2023-04-28,62.912944109702885
2023-04-29,62.912944109702885
2023-04-30,62.912944109702885
2023-05-01,68.58508206939538
2023-05-02,68.58508206939538
2023-05-03,68.58508206939538
2023-05-04,68.58508206939538
2023-05-05,68.58508206939538
2023-05-06,68.58508206939538
2023-05-07,68.58508206939538
2023-05-08,68.58508206939538
2023-05-09,68.58508206939538
2023-05-10,68.58508206939538
2023-05-11,68.58508206939538
2023-05-12,68.58508206939538
2023-05-13,68.58508206939538
2023-05-14,68.58508206939538
2023-05-15,68.58508206939538
2023-05-16,68.58508206939538
2023-05-17,68.58508206939538
2023-05-18,68.58508206939538
2023-05-19,68.58508206939538
2023-05-20,68.58508206939538
2023-05-21,68.58508206939538
2023-05-22,68.58508206939538
2023-05-23,68.58508206939538
2023-05-24,68.58508206939538
2023-05-25,68.58508206939538
2023-05-26,68.58508206939538
2023-05-27,68.58508206939538
2023-05-28,68.58508206939538
2023-05-29,68.58508206939538
2023-05-30,68.58508206939538
2023-05-31,68.58508206939538
2023-06-01,67.63972574277997
2023-06-02,67.63972574277997
2023-06-03,67.63972574277997
2023-06-04,67.63972574277997
2023-06-05,67.63972574277997
2023-06-06,67.63972574277997
2023-06-07,67.63972574277997
2023-06-08,67.63972574277997
2023-06-09,67.63972574277997
2023-06-10,67.63972574277997
2023-06-11,67.63972574277997
2023-06-12,67.63972574277997
2023-06-13,67.63972574277997
2023-06-14,67.63972574277997
2023-06-15,67.63972574277997
2023-06-16,67.63972574277997
2023-06-17,67.63972574277997
2023-06-18,67.63972574277997
2023-06-19,67.63972574277997
2023-06-20,67.63972574277997
2023-06-21,67.63972574277997
2023-06-22,67.63972574277997
2023-06-23,67.63972574277997
2023-06-24,67.63972574277997
2023-06-25,67.63972574277997
2023-06-26,67.63972574277997
2023-06-27,67.63972574277997
2023-06-28,67.63972574277997
2023-06-29,67.63972574277997
2023-06-30,67.63972574277997
2023-07-01,71.14066071057552
2023-07-02,71.14066071057552
2023-07-03,71.14066071057552
2023-07-04,71.14066071057552
2023-07-05,71.14066071057552
2023-07-06,71.14066071057552
2023-07-07,71.14066071057552
2023-07-08,71.14066071057552
2023-07-09,71.14066071057552
2023-07-10,71.14066071057552
2023-07-11,71.14066071057552
2023-07-12,71.14066071057552
2023-07-13,71.14066071057552
2023-07-14,71.14066071057552
2023-07-15,71.14066071057552
2023-07-16,71.14066071057552
2023-07-17,71.14066071057552
2023-07-18,71.14066071057552
2023-07-19,71.14066071057552
2023-07-20,71.14066071057552
2023-07-21,71.14066071057552
2023-07-22,71.14066071057552
2023-07-23,71.14066071057552
2023-07-24,71.14066071057552
2023-07-25,71.14066071057552
2023-07-26,71.14066071057552
2023-07-27,71.14066071057552
2023-07-28,71.14066071057552
2023-07-29,71.14066071057552
2023-07-30,71.14066071057552
2023-07-31,71.14066071057552
2023-08-01,68.90712653230833
2023-08-02,68.90712653230833
2023-08-03,68.90712653230833
2023-08-04,68.90712653230833
2023-08-05,68.90712653230833
2023-08-06,68.90712653230833
2023-08-07,68.90712653230833
2023-08-08,68.90712653230833
2023-08-09,68.90712653230833
2023-08-10,68.90712653230833
2023-08-11,68.90712653230833
2023-08-12,68.90712653230833
2023-08-13,68.90712653230833
2023-08-14,68.90712653230833
2023-08-15,68.90712653230833
2023-08-16,68.90712653230833
2023-08-17,68.90712653230833
2023-08-18,68.90712653230833
2023-08-19,68.90712653230833
2023-08-20,68.90712653230833
2023-08-21,68.90712653230833
2023-08-22,68.90712653230833
2023-08-23,68.90712653230833
2023-08-24,68.90712653230833
2023-08-25,68.90712653230833
2023-08-26,68.90712653230833
2023-08-27,68.90712653230833
2023-08-28,68.90712653230833
2023-08-29,68.90712653230833
2023-08-30,68.90712653230833
2023-08-31,68.90712653230833
2023-09-01,64.19073343029295
2023-09-02,64.19073343029295
2023-09-03,64.19073343029295
2023-09-04,64.19073343029295
2023-09-05,64.19073343029295
2023-09-06,64.19073343029295
2023-09-07,64.19073343029295
2023-09-08,64.19073343029295
2023-09-09,64.19073343029295
2023-09-10,64.19073343029295
2023-09-11,64.19073343029295
2023-09-12,64.19073343029295
2023-09-13,64.19073343029295
2023-09-14,64.19073343029295
2023-09-15,64.19073343029295
2023-09-16,64.19073343029295
2023-09-17,64.19073343029295
2023-09-18,64.19073343029295
2023-09-19,64.19073343029295
2023-09-20,64.19073343029295
2023-09-21,64.19073343029295
2023-09-22,64.19073343029295
2023-09-23,64.19073343029295
2023-09-24,64.19073343029295
2023-09-25,64.19073343029295
2023-09-26,64.19073343029295
2023-09-27,64.19073343029295
2023-09-28,64.19073343029295
2023-09-29,64.19073343029295
2023-09-30,64.19073343029295
2023-10-01,60.36775399958446
2023-10-02,60.36775399958446
2023-10-03,60.36775399958446
2023-10-04,60.36775399958446
2023-10-05,60.36775399958446
2023-10-06,60.36775399958446
2023-10-07,60.36775399958446
2023-10-08,60.36775399958446
2023-10-09,60.36775399958446
2023-10-10,60.36775399958446
2023-10-11,60.36775399958446
2023-10-12,60.36775399958446
2023-10-13,60.36775399958446
2023-10-14,60.36775399958446
2023-10-15,60.36775399958446
2023-10-16,60.36775399958446
2023-10-17,60.36775399958446
2023-10-18,60.36775399958446
2023-10-19,60.36775399958446
2023-10-20,60.36775399958446
2023-10-21,60.36775399958446
2023-10-22,60.36775399958446
2023-10-23,60.36775399958446
2023-10-24,60.36775399958446
2023-10-25,60.36775399958446
2023-10-26,60.36775399958446
2023-10-27,60.36775399958446
2023-10-28,60.36775399958446
2023-10-29,60.36775399958446
2023-10-30,60.36775399958446
2023-10-31,60.36775399958446
2023-11-01,67.95138167463121
2023-11-02,67.95138167463121
2023-11-03,67.95138167463121
2023-11-04,67.95138167463121
2023-11-05,67.95138167463121
2023-11-06,67.95138167463121
2023-11-07,67.95138167463121
2023-11-08,67.95138167463121
2023-11-09,67.95138167463121
2023-11-10,67.95138167463121
2023-11-11,67.95138167463121
2023-11-12,67.95138167463121
2023-11-13,67.95138167463121
2023-11-14,67.95138167463121
2023-11-15,67.95138167463121
2023-11-16,67.95138167463121
2023-11-17,67.95138167463121
2023-11-18,67.95138167463121
2023-11-19,67.95138167463121
2023-11-20,67.95138167463121
2023-11-21,67.95138167463121
2023-11-22,67.95138167463121
2023-11-23,67.95138167463121
2023-11-24,67.95138167463121
2023-11-25,67.95138167463121
2023-11-26,67.95138167463121
2023-11-27,67.95138167463121
2023-11-28,67.95138167463121
2023-11-29,67.95138167463121
2023-11-30,67.95138167463121
2023-12-01,73.68585082069396
2023-12-02,73.68585082069396
2023-12-03,73.68585082069396
2023-12-04,73.68585082069396
2023-12-05,73.68585082069396
2023-12-06,73.68585082069396
2023-12-07,73.68585082069396
2023-12-08,73.68585082069396
2023-12-09,73.68585082069396
2023-12-10,73.68585082069396
2023-12-11,73.68585082069396
2023-12-12,73.68585082069396
2023-12-13,73.68585082069396
2023-12-14,73.68585082069396
2023-12-15,73.68585082069396
2023-12-16,73.68585082069396
2023-12-17,73.68585082069396
2023-12-18,73.68585082069396
2023-12-19,73.68585082069396
2023-12-20,73.68585082069396
2023-12-21,73.68585082069396
2023-12-22,73.68585082069396
2023-12-23,73.68585082069396
2023-12-24,73.68585082069396
2023-12-25,73.68585082069396
2023-12-26,73.68585082069396
2023-12-27,73.68585082069396
2023-12-28,73.68585082069396
2023-12-29,73.68585082069396
2023-12-30,73.68585082069396
2023-12-31,73.68585082069396
2024-01-01,62.268855183877
2024-01-02,62.268855183877
2024-01-03,62.268855183877
2024-01-04,62.268855183877
2024-01-05,62.268855183877
2024-01-06,62.268855183877
2024-01-07,62.268855183877
2024-01-08,62.268855183877
2024-01-09,62.268855183877
2024-01-10,62.268855183877
2024-01-11,62.268855183877
2024-01-12,62.268855183877
2024-01-13,62.268855183877
2024-01-14,62.268855183877
2024-01-15,62.268855183877
2024-01-16,62.268855183877
2024-01-17,62.268855183877
2024-01-18,62.268855183877
2024-01-19,62.268855183877
2024-01-20,62.268855183877
2024-01-21,62.268855183877
2024-01-22,62.268855183877
2024-01-23,62.268855183877
2024-01-24,62.268855183877
2024-01-25,62.268855183877
2024-01-26,62.268855183877
2024-01-27,62.268855183877
2024-01-28,62.268855183877
2024-01-29,62.268855183877
2024-01-30,62.268855183877
2024-01-31,62.268855183877
2024-02-01,65.44774568875961
2024-02-02,65.44774568875961
2024-02-03,65.44774568875961
2024-02-04,65.44774568875961
2024-02-05,65.44774568875961
2024-02-06,65.44774568875961
2024-02-07,65.44774568875961
2024-02-08,65.44774568875961
2024-02-09,65.44774568875961
2024-02-10,65.44774568875961
2024-02-11,65.44774568875961
2024-02-12,65.44774568875961
2024-02-13,65.44774568875961
2024-02-14,65.44774568875961
2024-02-15,65.44774568875961
2024-02-16,65.44774568875961
2024-02-17,65.44774568875961
2024-02-18,65.44774568875961
2024-02-19,65.44774568875961
2024-02-20,65.44774568875961
2024-02-21,65.44774568875961
2024-02-22,65.44774568875961
2024-02-23,65.44774568875961
2024-02-24,65.44774568875961
2024-02-25,65.44774568875961
2024-02-26,65.44774568875961
2024-02-27,65.44774568875961
2024-02-28,65.44774568875961
2024-02-29,65.44774568875961
2024-03-01,67.31768127986703
2024-03-02,67.31768127986703
2024-03-03,67.31768127986703
2024-03-04,67.31768127986703
2024-03-05,67.31768127986703
2024-03-06,67.31768127986703
2024-03-07,67.31768127986703
2024-03-08,67.31768127986703
2024-03-09,67.31768127986703
2024-03-10,67.31768127986703
2024-03-11,67.31768127986703
2024-03-12,67.31768127986703
2024-03-13,67.31768127986703
2024-03-14,67.31768127986703
2024-03-15,67.31768127986703
2024-03-16,67.31768127986703
2024-03-17,67.31768127986703
2024-03-18,67.31768127986703
2024-03-19,67.31768127986703
2024-03-20,67.31768127986703
2024-03-21,67.31768127986703
2024-03-22,67.31768127986703
2024-03-23,67.31768127986703
2024-03-24,67.31768127986703
2024-03-25,67.31768127986703
2024-03-26,67.31768127986703
2024-03-27,67.31768127986703
2024-03-28,67.31768127986703
2024-03-29,67.31768127986703
2024-03-30,67.31768127986703
2024-03-31,67.31768127986703
2024-04-01,65.74901308954914
2024-04-02,65.74901308954914
2024-04-03,65.74901308954914
2024-04-04,65.74901308954914
2024-04-05,65.74901308954914
2024-04-06,65.74901308954914
2024-04-07,65.74901308954914
2024-04-08,65.74901308954914
2024-04-09,65.74901308954914
2024-04-10,65.74901308954914
2024-04-11,65.74901308954914
2024-04-12,65.74901308954914
2024-04-13,65.74901308954914
2024-04-14,65.74901308954914
2024-04-15,65.74901308954914
2024-04-16,65.74901308954914
2024-04-17,65.74901308954914
2024-04-18,65.74901308954914
2024-04-19,65.74901308954914
2024-04-20,65.74901308954914
2024-04-21,65.74901308954914
2024-04-22,65.74901308954914
2024-04-23,65.74901308954914
2024-04-24,65.74901308954914
2024-04-25,65.74901308954914
2024-04-26,65.74901308954914
2024-04-27,65.74901308954914
2024-04-28,65.74901308954914
2024-04-29,65.74901308954914
2024-04-30,65.74901308954914
2024-05-01,72.40806150010388
2024-05-02,72.40806150010388
2024-05-03,72.40806150010388
2024-05-04,72.40806150010388
2024-05-05,72.40806150010388
2024-05-06,72.40806150010388
2024-05-07,72.40806150010388
2024-05-08,72.40806150010388
2024-05-09,72.40806150010388
2024-05-10,72.40806150010388
2024-05-11,72.40806150010388
2024-05-12,72.40806150010388
2024-05-13,72.40806150010388
2024-05-14,72.40806150010388
2024-05-15,72.40806150010388
2024-05-16,72.40806150010388
2024-05-17,72.40806150010388
2024-05-18,72.40806150010388
2024-05-19,72.40806150010388
2024-05-20,72.40806150010388
2024-05-21,72.40806150010388
2024-05-22,72.40806150010388
2024-05-23,72.40806150010388
2024-05-24,72.40806150010388
2024-05-25,72.40806150010388
2024-05-26,72.40806150010388
2024-05-27,72.40806150010388
2024-05-28,72.40806150010388
2024-05-29,72.40806150010388
2024-05-30,72.40806150010388
2024-05-31,72.40806150010388
2024-06-01,79.16060669021401
2024-06-02,79.16060669021401
2024-06-03,79.16060669021401
2024-06-04,79.16060669021401
2024-06-05,79.16060669021401
2024-06-06,79.16060669021401
2024-06-07,79.16060669021401
2024-06-08,79.16060669021401
2024-06-09,79.16060669021401
2024-06-10,79.16060669021401
2024-06-11,79.16060669021401
2024-06-12,79.16060669021401
2024-06-13,79.16060669021401
2024-06-14,79.16060669021401
2024-06-15,79.16060669021401
2024-06-16,79.16060669021401
2024-06-17,79.16060669021401
2024-06-18,79.16060669021401
2024-06-19,79.16060669021401
2024-06-20,79.16060669021401
2024-06-21,79.16060669021401
2024-06-22,79.16060669021401
2024-06-23,79.16060669021401
2024-06-24,79.16060669021401
2024-06-25,79.16060669021401
2024-06-26,79.16060669021401
2024-06-27,79.16060669021401
2024-06-28,79.16060669021401
2024-06-29,79.16060669021401
2024-06-30,79.16060669021401
2024-07-01,75.69083731560357
2024-07-02,75.69083731560357
2024-07-03,75.69083731560357
2024-07-04,75.69083731560357
2024-07-05,75.69083731560357
2024-07-06,75.69083731560357
2024-07-07,75.69083731560357
2024-07-08,75.69083731560357
2024-07-09,75.69083731560357
2024-07-10,75.69083731560357
2024-07-11,75.69083731560357
2024-07-12,75.69083731560357
2024-07-13,75.69083731560357
2024-07-14,75.69083731560357
2024-07-15,75.69083731560357
2024-07-16,75.69083731560357
2024-07-17,75.69083731560357
2024-07-18,75.69083731560357
2024-07-19,75.69083731560357
2024-07-20,75.69083731560357
2024-07-21,75.69083731560357
2024-07-22,75.69083731560357
2024-07-23,75.69083731560357
2024-07-24,75.69083731560357
2024-07-25,75.69083731560357
2024-07-26,75.69083731560357
2024-07-27,75.69083731560357
2024-07-28,75.69083731560357
2024-07-29,75.69083731560357
2024-07-30,75.69083731560357
2024-07-31,75.69083731560357
2024-08-01,77.26989403698316
2024-08-02,77.26989403698316
2024-08-03,77.26989403698316
2024-08-04,77.26989403698316
2024-08-05,77.26989403698316
2024-08-06,77.26989403698316
2024-08-07,77.26989403698316
2024-08-08,77.26989403698316
2024-08-09,77.26989403698316
2024-08-10,77.26989403698316
2024-08-11,77.26989403698316
2024-08-12,77.26989403698316
2024-08-13,77.26989403698316
2024-08-14,77.26989403698316
2024-08-15,77.26989403698316
2024-08-16,77.26989403698316
2024-08-17,77.26989403698316
2024-08-18,77.26989403698316
2024-08-19,77.26989403698316
2024-08-20,77.26989403698316
2024-08-21,77.26989403698316
2024-08-22,77.26989403698316
2024-08-23,77.26989403698316
2024-08-24,77.26989403698316
2024-08-25,77.26989403698316
2024-08-26,77.26989403698316
2024-08-27,77.26989403698316
2024-08-28,77.26989403698316
2024-08-29,77.26989403698316
2024-08-30,77.26989403698316
2024-08-31,77.26989403698316
2024-09-01,84.48992312487015
2024-09-02,84.48992312487015
2024-09-03,84.48992312487015
2024-09-04,84.48992312487015
2024-09-05,84.48992312487015
2024-09-06,84.48992312487015
2024-09-07,84.48992312487015
2024-09-08,84.48992312487015
2024-09-09,84.48992312487015
2024-09-10,84.48992312487015
2024-09-11,84.48992312487015
2024-09-12,84.48992312487015
2024-09-13,84.48992312487015
2024-09-14,84.48992312487015
2024-09-15,84.48992312487015
2024-09-16,84.48992312487015
2024-09-17,84.48992312487015
2024-09-18,84.48992312487015
2024-09-19,84.48992312487015
2024-09-20,84.48992312487015
2024-09-21,84.48992312487015
2024-09-22,84.48992312487015
2024-09-23,84.48992312487015
2024-09-24,84.48992312487015
2024-09-25,84.48992312487015
2024-09-26,84.48992312487015
2024-09-27,84.48992312487015
2024-09-28,84.48992312487015
2024-09-29,84.48992312487015
2024-09-30,84.48992312487015
2024-10-01,82.93164346561396
2024-10-02,82.93164346561396
2024-10-03,82.93164346561396
2024-10-04,82.93164346561396
2024-10-05,82.93164346561396
2024-10-06,82.93164346561396
2024-10-07,82.93164346561396
2024-10-08,82.93164346561396
2024-10-09,82.93164346561396
2024-10-10,82.93164346561396
2024-10-11,82.93164346561396
2024-10-12,82.93164346561396
2024-10-13,82.93164346561396
2024-10-14,82.93164346561396
2024-10-15,82.93164346561396
2024-10-16,82.93164346561396
2024-10-17,82.93164346561396
2024-10-18,82.93164346561396
2024-10-19,82.93164346561396
2024-10-20,82.93164346561396
2024-10-21,82.93164346561396
2024-10-22,82.93164346561396
2024-10-23,82.93164346561396
2024-10-24,82.93164346561396
2024-10-25,82.93164346561396
2024-10-26,82.93164346561396
2024-10-27,82.93164346561396
2024-10-28,82.93164346561396
2024-10-29,82.93164346561396
2024-10-30,82.93164346561396
2024-10-31,82.93164346561396
2024-11-01,85.44566798254726
2024-11-02,85.44566798254726
2024-11-03,85.44566798254726
2024-11-04,85.44566798254726
2024-11-05,85.44566798254726
2024-11-06,85.44566798254726
2024-11-07,85.44566798254726
2024-11-08,85.44566798254726
2024-11-09,85.44566798254726
2024-11-10,85.44566798254726
2024-11-11,85.44566798254726
2024-11-12,85.44566798254726
2024-11-13,85.44566798254726
2024-11-14,85.44566798254726
2024-11-15,85.44566798254726
2024-11-16,85.44566798254726
2024-11-17,85.44566798254726
2024-11-18,85.44566798254726
2024-11-19,85.44566798254726
2024-11-20,85.44566798254726
2024-11-21,85.44566798254726
2024-11-22,85.44566798254726
2024-11-23,85.44566798254726
2024-11-24,85.44566798254726
2024-11-25,85.44566798254726
2024-11-26,85.44566798254726
2024-11-27,85.44566798254726
2024-11-28,85.44566798254726
2024-11-29,85.44566798254726
2024-11-30,85.44566798254726
2024-12-01,83.85622273010597
2024-12-02,83.85622273010597
2024-12-03,83.85622273010597
2024-12-04,83.85622273010597
2024-12-05,83.85622273010597
2024-12-06,83.85622273010597
2024-12-07,83.85622273010597
2024-12-08,83.85622273010597
2024-12-09,83.85622273010597
2024-12-10,83.85622273010597
2024-12-11,83.85622273010597
2024-12-12,83.85622273010597
2024-12-13,83.85622273010597
2024-12-14,83.85622273010597
2024-12-15,83.85622273010597
2024-12-16,83.85622273010597
2024-12-17,83.85622273010597
2024-12-18,83.85622273010597
2024-12-19,83.85622273010597
2024-12-20,83.85622273010597
2024-12-21,83.85622273010597
2024-12-22,83.85622273010597
2024-12-23,83.85622273010597
2024-12-24,83.85622273010597
2024-12-25,83.85622273010597
2024-12-26,83.85622273010597
2024-12-27,83.85622273010597
2024-12-28,83.85622273010597
2024-12-29,83.85622273010597
2024-12-30,83.85622273010597
2024-12-31,83.85622273010597
2025-01-01,85.12362351963432
2025-01-02,85.12362351963432
2025-01-03,85.12362351963432
2025-01-04,85.12362351963432
2025-01-05,85.12362351963432
2025-01-06,85.12362351963432
2025-01-07,85.12362351963432
2025-01-08,85.12362351963432
2025-01-09,85.12362351963432
2025-01-10,85.12362351963432
2025-01-11,85.12362351963432
2025-01-12,85.12362351963432
2025-01-13,85.12362351963432
2025-01-14,85.12362351963432
2025-01-15,85.12362351963432
2025-01-16,85.12362351963432
2025-01-17,85.12362351963432
2025-01-18,85.12362351963432
2025-01-19,85.12362351963432
2025-01-20,85.12362351963432
2025-01-21,85.12362351963432
2025-01-22,85.12362351963432
2025-01-23,85.12362351963432
2025-01-24,85.12362351963432
2025-01-25,85.12362351963432
2025-01-26,85.12362351963432
2025-01-27,85.12362351963432
2025-01-28,85.12362351963432
2025-01-29,85.12362351963432
2025-01-30,85.12362351963432
2025-01-31,85.12362351963432
2025-02-01,82.93164346561396
2025-02-02,82.93164346561396
2025-02-03,82.93164346561396
2025-02-04,82.93164346561396
2025-02-05,82.93164346561396
2025-02-06,82.93164346561396
2025-02-07,82.93164346561396
2025-02-08,82.93164346561396
2025-02-09,82.93164346561396
2025-02-10,82.93164346561396
2025-02-11,82.93164346561396
2025-02-12,82.93164346561396
2025-02-13,82.93164346561396
2025-02-14,82.93164346561396
2025-02-15,82.93164346561396
2025-02-16,82.93164346561396
2025-02-17,82.93164346561396
2025-02-18,82.93164346561396
2025-02-19,82.93164346561396
2025-02-20,82.93164346561396
2025-02-21,82.93164346561396
2025-02-22,82.93164346561396
2025-02-23,82.93164346561396
2025-02-24,82.93164346561396
2025-02-25,82.93164346561396
2025-02-26,82.93164346561396
2025-02-27,82.93164346561396
2025-02-28,82.93164346561396
2025-03-01,73.05215042592977
2025-03-02,73.05215042592977
2025-03-03,73.05215042592977
2025-03-04,73.05215042592977
2025-03-05,73.05215042592977
2025-03-06,73.05215042592977
2025-03-07,73.05215042592977
2025-03-08,73.05215042592977
2025-03-09,73.05215042592977
2025-03-10,73.05215042592977
2025-03-11,73.05215042592977
2025-03-12,73.05215042592977
2025-03-13,73.05215042592977
2025-03-14,73.05215042592977
2025-03-15,73.05215042592977
2025-03-16,73.05215042592977
2025-03-17,73.05215042592977
2025-03-18,73.05215042592977
2025-03-19,73.05215042592977
2025-03-20,73.05215042592977
2025-03-21,73.05215042592977
2025-03-22,73.05215042592977
2025-03-23,73.05215042592977
2025-03-24,73.05215042592977
2025-03-25,73.05215042592977
2025-03-26,73.05215042592977
2025-03-27,73.05215042592977
2025-03-28,73.05215042592977
2025-03-29,73.05215042592977
2025-03-30,73.05215042592977
2025-03-31,73.05215042592977
2025-04-01,80.41761894868065
2025-04-02,80.41761894868065
2025-04-03,80.41761894868065
2025-04-04,80.41761894868065
2025-04-05,80.41761894868065
2025-04-06,80.41761894868065
2025-04-07,80.41761894868065
2025-04-08,80.41761894868065
2025-04-09,80.41761894868065
2025-04-10,80.41761894868065
2025-04-11,80.41761894868065
2025-04-12,80.41761894868065
2025-04-13,80.41761894868065
2025-04-14,80.41761894868065
2025-04-15,80.41761894868065
2025-04-16,80.41761894868065
2025-04-17,80.41761894868065
2025-04-18,80.41761894868065
2025-04-19,80.41761894868065
2025-04-20,80.41761894868065
2025-04-21,80.41761894868065
2025-04-22,80.41761894868065
2025-04-23,80.41761894868065
2025-04-24,80.41761894868065
2025-04-25,80.41761894868065
2025-04-26,80.41761894868065
2025-04-27,80.41761894868065
2025-04-28,80.41761894868065
2025-04-29,80.41761894868065
2025-04-30,80.41761894868065
2025-05-01,72.73010596301684
2025-05-02,72.73010596301684
2025-05-03,72.73010596301684
2025-05-04,72.73010596301684
2025-05-05,72.73010596301684
2025-05-06,72.73010596301684
2025-05-07,72.73010596301684
2025-05-08,72.73010596301684
2025-05-09,72.73010596301684
2025-05-10,72.73010596301684
2025-05-11,72.73010596301684
2025-05-12,72.73010596301684
2025-05-13,72.73010596301684
2025-05-14,72.73010596301684
2025-05-15,72.73010596301684
2025-05-16,72.73010596301684
2025-05-17,72.73010596301684
2025-05-18,72.73010596301684
2025-05-19,72.73010596301684
2025-05-20,72.73010596301684
2025-05-21,72.73010596301684
2025-05-22,72.73010596301684
2025-05-23,72.73010596301684
2025-05-24,72.73010596301684
2025-05-25,72.73010596301684
2025-05-26,72.73010596301684
2025-05-27,72.73010596301684
2025-05-28,72.73010596301684
2025-05-29,72.73010596301684
2025-05-30,72.73010596301684
2025-05-31,72.73010596301684
2025-06-01,79.47226262206524
2025-06-02,79.47226262206524
2025-06-03,79.47226262206524
2025-06-04,79.47226262206524
2025-06-05,79.47226262206524
2025-06-06,79.47226262206524
2025-06-07,79.47226262206524
2025-06-08,79.47226262206524
2025-06-09,79.47226262206524
2025-06-10,79.47226262206524
2025-06-11,79.47226262206524
2025-06-12,79.47226262206524
2025-06-13,79.47226262206524
2025-06-14,79.47226262206524
2025-06-15,79.47226262206524
2025-06-16,79.47226262206524
2025-06-17,79.47226262206524
2025-06-18,79.47226262206524
2025-06-19,79.47226262206524
2025-06-20,79.47226262206524
2025-06-21,79.47226262206524
2025-06-22,79.47226262206524
2025-06-23,79.47226262206524
2025-06-24,79.47226262206524
2025-06-25,79.47226262206524
2025-06-26,79.47226262206524
2025-06-27,79.47226262206524
2025-06-28,79.47226262206524
2025-06-29,79.47226262206524
2025-06-30,79.47226262206524
2025-07-01,81.66424267608559
2025-07-02,81.66424267608559
2025-07-03,81.66424267608559
2025-07-04,81.66424267608559
2025-07-05,81.66424267608559
2025-07-06,81.66424267608559
2025-07-07,81.66424267608559
2025-07-08,81.66424267608559
2025-07-09,81.66424267608559
2025-07-10,81.66424267608559
2025-07-11,81.66424267608559
2025-07-12,81.66424267608559
2025-07-13,81.66424267608559
2025-07-14,81.66424267608559
2025-07-15,81.66424267608559
2025-07-16,81.66424267608559
2025-07-17,81.66424267608559
2025-07-18,81.66424267608559
2025-07-19,81.66424267608559
2025-07-20,81.66424267608559
2025-07-21,81.66424267608559
2025-07-22,81.66424267608559
2025-07-23,81.66424267608559
2025-07-24,81.66424267608559
2025-07-25,81.66424267608559
2025-07-26,81.66424267608559
2025-07-27,81.66424267608559
2025-07-28,81.66424267608559
2025-07-29,81.66424267608559
2025-07-30,81.66424267608559
2025-07-31,81.66424267608559
2025-08-01,76.01288177851652
2025-08-02,76.01288177851652
2025-08-03,76.01288177851652
2025-08-04,76.01288177851652
2025-08-05,76.01288177851652
2025-08-06,76.01288177851652
2025-08-07,76.01288177851652
2025-08-08,76.01288177851652
2025-08-09,76.01288177851652
2025-08-10,76.01288177851652
2025-08-11,76.01288177851652
2025-08-12,76.01288177851652
2025-08-13,76.01288177851652
2025-08-14,76.01288177851652
2025-08-15,76.01288177851652
2025-08-16,76.01288177851652
2025-08-17,76.01288177851652
2025-08-18,76.01288177851652
2025-08-19,76.01288177851652
2025-08-20,76.01288177851652
2025-08-21,76.01288177851652
2025-08-22,76.01288177851652
2025-08-23,76.01288177851652
2025-08-24,76.01288177851652
2025-08-25,76.01288177851652
2025-08-26,76.01288177851652
2025-08-27,76.01288177851652
2025-08-28,76.01288177851652
2025-08-29,76.01288177851652
2025-08-30,76.01288177851652
2025-08-31,76.01288177851652
2025-09-01,75.37918138375234
2025-09-02,75.37918138375234
2025-09-03,75.37918138375234
2025-09-04,75.37918138375234
2025-09-05,75.37918138375234
2025-09-06,75.37918138375234
2025-09-07,75.37918138375234
2025-09-08,75.37918138375234
2025-09-09,75.37918138375234
2025-09-10,75.37918138375234
2025-09-11,75.37918138375234
2025-09-12,75.37918138375234
2025-09-13,75.37918138375234
2025-09-14,75.37918138375234
2025-09-15,75.37918138375234
2025-09-16,75.37918138375234
2025-09-17,75.37918138375234
2025-09-18,75.37918138375234
2025-09-19,75.37918138375234
2025-09-20,75.37918138375234
2025-09-21,75.37918138375234
2025-09-22,75.37918138375234
2025-09-23,75.37918138375234
2025-09-24,75.37918138375234
2025-09-25,75.37918138375234
2025-09-26,75.37918138375234
2025-09-27,75.37918138375234
2025-09-28,75.37918138375234
2025-09-29,75.37918138375234
2025-09-30,75.37918138375234
2025-10-01,84.80157905672138
2025-10-02,84.80157905672138
2025-10-03,84.80157905672138
2025-10-04,84.80157905672138
2025-10-05,84.80157905672138
2025-10-06,84.80157905672138
2025-10-07,84.80157905672138
2025-10-08,84.80157905672138
2025-10-09,84.80157905672138
2025-10-10,84.80157905672138
2025-10-11,84.80157905672138
2025-10-12,84.80157905672138
2025-10-13,84.80157905672138
2025-10-14,84.80157905672138
2025-10-15,84.80157905672138
2025-10-16,84.80157905672138
2025-10-17,84.80157905672138
2025-10-18,84.80157905672138
2025-10-19,84.80157905672138
2025-10-20,84.80157905672138
2025-10-21,84.80157905672138
2025-10-22,84.80157905672138
2025-10-23,84.80157905672138
2025-10-24,84.80157905672138
2025-10-25,84.80157905672138
2025-10-26,84.80157905672138
2025-10-27,84.80157905672138
2025-10-28,84.80157905672138
2025-10-29,84.80157905672138
2025-10-30,84.80157905672138
2025-10-31,84.80157905672138
2025-11-01,83.54456679825472
2025-11-02,83.54456679825472
2025-11-03,83.54456679825472
2025-11-04,83.54456679825472
2025-11-05,83.54456679825472
2025-11-06,83.54456679825472
2025-11-07,83.54456679825472
2025-11-08,83.54456679825472
2025-11-09,83.54456679825472
2025-11-10,83.54456679825472
2025-11-11,83.54456679825472
2025-11-12,83.54456679825472
2025-11-13,83.54456679825472
2025-11-14,83.54456679825472
2025-11-15,83.54456679825472
2025-11-16,83.54456679825472
2025-11-17,83.54456679825472
2025-11-18,83.54456679825472
2025-11-19,83.54456679825472
2025-11-20,83.54456679825472
2025-11-21,83.54456679825472
2025-11-22,83.54456679825472
2025-11-23,83.54456679825472
2025-11-24,83.54456679825472
2025-11-25,83.54456679825472
2025-11-26,83.54456679825472
2025-11-27,83.54456679825472
2025-11-28,83.54456679825472
2025-11-29,83.54456679825472
2025-11-30,83.54456679825472
2025-12-01,78.83856222730105
2025-12-02,78.83856222730105
2025-12-03,78.83856222730105
2025-12-04,78.83856222730105
2025-12-05,78.83856222730105
2025-12-06,78.83856222730105
2025-12-07,78.83856222730105
2025-12-08,78.83856222730105
2025-12-09,78.83856222730105
2025-12-10,78.83856222730105
2025-12-11,78.83856222730105
2025-12-12,78.83856222730105
2025-12-13,78.83856222730105
2025-12-14,78.83856222730105
2025-12-15,78.83856222730105
2025-12-16,78.83856222730105
2025-12-17,78.83856222730105
2025-12-18,78.83856222730105
2025-12-19,78.83856222730105
2025-12-20,78.83856222730105
2025-12-21,78.83856222730105
2025-12-22,78.83856222730105
2025-12-23,78.83856222730105
2025-12-24,78.83856222730105
2025-12-25,78.83856222730105
2025-12-26,78.83856222730105
2025-12-27,78.83856222730105
2025-12-28,78.83856222730105
2025-12-29,78.83856222730105
2025-12-30,78.83856222730105
2025-12-31,78.83856222730105
2026-01-01,77.91398296280906
2026-01-02,77.91398296280906
2026-01-03,77.91398296280906
2026-01-04,77.91398296280906
2026-01-05,77.91398296280906
2026-01-06,77.91398296280906
2026-01-07,77.91398296280906
2026-01-08,77.91398296280906
2026-01-09,77.91398296280906
2026-01-10,77.91398296280906
2026-01-11,77.91398296280906
2026-01-12,77.91398296280906
2026-01-13,77.91398296280906
2026-01-14,77.91398296280906
2026-01-15,77.91398296280906
2026-01-16,77.91398296280906
2026-01-17,77.91398296280906
2026-01-18,77.91398296280906
2026-01-19,77.91398296280906
2026-01-20,77.91398296280906
2026-01-21,77.91398296280906
2026-01-22,77.91398296280906
2026-01-23,77.91398296280906
2026-01-24,77.91398296280906
2026-01-25,77.91398296280906
2026-01-26,77.91398296280906
2026-01-27,77.91398296280906
2026-01-28,77.91398296280906
2026-01-29,77.91398296280906
2026-01-30,77.91398296280906
2026-01-31,77.91398296280906
2026-02-01,78.236027425722
2026-02-02,78.236027425722
2026-02-03,78.236027425722
2026-02-04,78.236027425722
2026-02-05,78.236027425722
2026-02-06,78.236027425722
2026-02-07,78.236027425722
2026-02-08,78.236027425722
2026-02-09,78.236027425722
2026-02-10,78.236027425722
2026-02-11,78.236027425722
2026-02-12,78.236027425722
2026-02-13,78.236027425722
2026-02-14,78.236027425722
2026-02-15,78.236027425722
2026-02-16,78.236027425722
2026-02-17,78.236027425722
2026-02-18,78.236027425722
2026-02-19,78.236027425722
2026-02-20,78.236027425722
2026-02-21,78.236027425722
2026-02-22,78.236027425722
2026-02-23,78.236027425722
2026-02-24,78.236027425722
2026-02-25,78.236027425722
2026-02-26,78.236027425722
2026-02-27,78.236027425722
2026-02-28,78.236027425722
2026-03-01,74.32993974651984
2026-03-02,74.32993974651984
2026-03-03,74.32993974651984
2026-03-04,74.32993974651984
2026-03-05,74.32993974651984
2026-03-06,74.32993974651984
2026-03-07,74.32993974651984
2026-03-08,74.32993974651984
2026-03-09,74.32993974651984
2026-03-10,74.32993974651984
2026-03-11,74.32993974651984
2026-03-12,74.32993974651984
2026-03-13,74.32993974651984
2026-03-14,74.32993974651984
2026-03-15,74.32993974651984
2026-03-16,74.32993974651984
2026-03-17,74.32993974651984
2026-03-18,74.32993974651984
2026-03-19,74.32993974651984
2026-03-20,74.32993974651984
2026-03-21,74.32993974651984
2026-03-22,74.32993974651984
2026-03-23,74.32993974651984
2026-03-24,74.32993974651984
2026-03-25,74.32993974651984
2026-03-26,74.32993974651984
2026-03-27,74.32993974651984
2026-03-28,74.32993974651984
2026-03-29,74.32993974651984
2026-03-30,74.32993974651984
2026-03-31,74.32993974651984
2026-04-01,73.37419488884271
2026-04-02,73.37419488884271
2026-04-03,73.37419488884271
2026-04-04,73.37419488884271
2026-04-05,73.37419488884271
2026-04-06,73.37419488884271
2026-04-07,73.37419488884271
2026-04-08,73.37419488884271
2026-04-09,73.37419488884271
2026-04-10,73.37419488884271
2026-04-11,73.37419488884271
2026-04-12,73.37419488884271
2026-04-13,73.37419488884271
2026-04-14,73.37419488884271
2026-04-15,73.37419488884271
2026-04-16,73.37419488884271
2026-04-17,73.37419488884271
2026-04-18,73.37419488884271
2026-04-19,73.37419488884271
2026-04-20,73.37419488884271
2026-04-21,73.37419488884271
2026-04-22,73.37419488884271
2026-04-23,73.37419488884271
2026-04-24,73.37419488884271
2026-04-25,73.37419488884271
2026-04-26,73.37419488884271
2026-04-27,73.37419488884271
2026-04-28,73.37419488884271
2026-04-29,73.37419488884271
2026-04-30,73.37419488884271
2026-05-01,74.97402867234572
2026-05-02,74.97402867234572
2026-05-03,74.97402867234572
2026-05-04,74.97402867234572
2026-05-05,74.97402867234572
2026-05-06,74.97402867234572
2026-05-07,74.97402867234572
2026-05-08,74.97402867234572
2026-05-09,74.97402867234572
