date,value
2000-01-01,60.5314
2000-01-02,60.5314
2000-01-03,60.5314
2000-01-04,60.5314
2000-01-05,60.5314
2000-01-06,60.5314
2000-01-07,60.5314
2000-01-08,60.5314
2000-01-09,60.5314
2000-01-10,60.5314
2000-01-11,60.5314
2000-01-12,60.5314
2000-01-13,60.5314
2000-01-14,60.5314
2000-01-15,60.5314
2000-01-16,60.5314
2000-01-17,60.5314
2000-01-18,60.5314
2000-01-19,60.5314
2000-01-20,60.5314
2000-01-21,60.5314
2000-01-22,60.5314
2000-01-23,60.5314
2000-01-24,60.5314
2000-01-25,60.5314
2000-01-26,60.5314
2000-01-27,60.5314
2000-01-28,60.5314
2000-01-29,60.5314
2000-01-30,60.5314
2000-01-31,60.5314
2000-02-01,66.751
2000-02-02,66.751
2000-02-03,66.751
2000-02-04,66.751
2000-02-05,66.751
2000-02-06,66.751
2000-02-07,66.751
2000-02-08,66.751
2000-02-09,66.751
2000-02-10,66.751
2000-02-11,66.751
2000-02-12,66.751
2000-02-13,66.751
2000-02-14,66.751
2000-02-15,66.751
2000-02-16,66.751
2000-02-17,66.751
2000-02-18,66.751
2000-02-19,66.751
2000-02-20,66.751
2000-02-21,66.751
2000-02-22,66.751
2000-02-23,66.751
2000-02-24,66.751
2000-02-25,66.751
2000-02-26,66.751
2000-02-27,66.751
2000-02-28,66.751
2000-02-29,66.751
2000-03-01,71.8672
2000-03-02,71.8672
2000-03-03,71.8672
2000-03-04,71.8672
2000-03-05,71.8672
2000-03-06,71.8672
2000-03-07,71.8672
2000-03-08,71.8672
2000-03-09,71.8672
2000-03-10,71.8672
2000-03-11,71.8672
2000-03-12,71.8672
2000-03-13,71.8672
2000-03-14,71.8672
2000-03-15,71.8672
2000-03-16,71.8672
2000-03-17,71.8672
2000-03-18,71.8672
2000-03-19,71.8672
2000-03-20,71.8672
2000-03-21,71.8672
2000-03-22,71.8672
2000-03-23,71.8672
2000-03-24,71.8672
2000-03-25,71.8672
2000-03-26,71.8672
2000-03-27,71.8672
2000-03-28,71.8672
2000-03-29,71.8672
2000-03-30,71.8672
2000-03-31,71.8672
2000-04-01,64.8959
2000-04-02,64.8959
2000-04-03,64.8959
2000-04-04,64.8959
2000-04-05,64.8959
2000-04-06,64.8959
2000-04-07,64.8959
2000-04-08,64.8959
2000-04-09,64.8959
2000-04-10,64.8959
2000-04-11,64.8959
2000-04-12,64.8959
2000-04-13,64.8959
2000-04-14,64.8959
2000-04-15,64.8959
2000-04-16,64.8959
2000-04-17,64.8959
2000-04-18,64.8959
2000-04-19,64.8959
2000-04-20,64.8959
2000-04-21,64.8959
2000-04-22,64.8959
2000-04-23,64.8959
2000-04-24,64.8959
2000-04-25,64.8959
2000-04-26,64.8959
2000-04-27,64.8959
2000-04-28,64.8959
2000-04-29,64.8959
2000-04-30,64.8959
2000-05-01,54.2533
2000-05-02,54.2533
2000-05-03,54.2533
2000-05-04,54.2533
2000-05-05,54.2533
2000-05-06,54.2533
2000-05-07,54.2533
2000-05-08,54.2533
2000-05-09,54.2533
2000-05-10,54.2533
2000-05-11,54.2533
2000-05-12,54.2533
2000-05-13,54.2533
2000-05-14,54.2533
2000-05-15,54.2533
2000-05-16,54.2533
2000-05-17,54.2533
2000-05-18,54.2533
2000-05-19,54.2533
2000-05-20,54.2533
2000-05-21,54.2533
2000-05-22,54.2533
2000-05-23,54.2533
2000-05-24,54.2533
2000-05-25,54.2533
2000-05-26,54.2533
2000-05-27,54.2533
2000-05-28,54.2533
2000-05-29,54.2533
2000-05-30,54.2533
2000-05-31,54.2533
2000-06-01,59.2953
2000-06-02,59.2953
2000-06-03,59.2953
2000-06-04,59.2953
2000-06-05,59.2953
2000-06-06,59.2953
2000-06-07,59.2953
2000-06-08,59.2953
2000-06-09,59.2953
2000-06-10,59.2953
2000-06-11,59.2953
2000-06-12,59.2953
2000-06-13,59.2953
2000-06-14,59.2953
2000-06-15,59.2953
2000-06-16,59.2953
2000-06-17,59.2953
2000-06-18,59.2953
2000-06-19,59.2953
2000-06-20,59.2953
2000-06-21,59.2953
2000-06-22,59.2953
2000-06-23,59.2953
2000-06-24,59.2953
2000-06-25,59.2953
2000-06-26,59.2953
2000-06-27,59.2953
2000-06-28,59.2953
2000-06-29,59.2953
2000-06-30,59.2953
2000-07-01,63.6656
2000-07-02,63.6656
2000-07-03,63.6656
2000-07-04,63.6656
2000-07-05,63.6656
2000-07-06,63.6656
2000-07-07,63.6656
2000-07-08,63.6656
2000-07-09,63.6656
2000-07-10,63.6656
2000-07-11,63.6656
2000-07-12,63.6656
2000-07-13,63.6656
2000-07-14,63.6656
2000-07-15,63.6656
2000-07-16,63.6656
2000-07-17,63.6656
2000-07-18,63.6656
2000-07-19,63.6656
2000-07-20,63.6656
2000-07-21,63.6656
2000-07-22,63.6656
2000-07-23,63.6656
2000-07-24,63.6656
2000-07-25,63.6656
2000-07-26,63.6656
2000-07-27,63.6656
2000-07-28,63.6656
2000-07-29,63.6656
2000-07-30,63.6656
2000-07-31,63.6656
2000-08-01,57.1499
2000-08-02,57.1499
2000-08-03,57.1499
2000-08-04,57.1499
2000-08-05,57.1499
2000-08-06,57.1499
2000-08-07,57.1499
2000-08-08,57.1499
2000-08-09,57.1499
2000-08-10,57.1499
2000-08-11,57.1499
2000-08-12,57.1499
2000-08-13,57.1499
2000-08-14,57.1499
2000-08-15,57.1499
2000-08-16,57.1499
2000-08-17,57.1499
2000-08-18,57.1499
2000-08-19,57.1499
2000-08-20,57.1499
2000-08-21,57.1499
2000-08-22,57.1499
2000-08-23,57.1499
2000-08-24,57.1499
2000-08-25,57.1499
2000-08-26,57.1499
2000-08-27,57.1499
2000-08-28,57.1499
2000-08-29,57.1499
2000-08-30,57.1499
2000-08-31,57.1499
2000-09-01,49.4593
2000-09-02,49.4593
2000-09-03,49.4593
2000-09-04,49.4593
2000-09-05,49.4593
2000-09-06,49.4593
2000-09-07,49.4593
2000-09-08,49.4593
2000-09-09,49.4593
2000-09-10,49.4593
2000-09-11,49.4593
2000-09-12,49.4593
2000-09-13,49.4593
2000-09-14,49.4593
2000-09-15,49.4593
2000-09-16,49.4593
2000-09-17,49.4593
2000-09-18,49.4593
2000-09-19,49.4593
2000-09-20,49.4593
2000-09-21,49.4593
2000-09-22,49.4593
2000-09-23,49.4593
2000-09-24,49.4593
2000-09-25,49.4593
2000-09-26,49.4593
2000-09-27,49.4593
2000-09-28,49.4593
2000-09-29,49.4593
2000-09-30,49.4593
2000-10-01,46.0908
2000-10-02,46.0908
2000-10-03,46.0908
2000-10-04,46.0908
2000-10-05,46.0908
2000-10-06,46.0908
2000-10-07,46.0908
2000-10-08,46.0908
2000-10-09,46.0908
2000-10-10,46.0908
2000-10-11,46.0908
2000-10-12,46.0908
2000-10-13,46.0908
2000-10-14,46.0908
2000-10-15,46.0908
2000-10-16,46.0908
2000-10-17,46.0908
2000-10-18,46.0908
2000-10-19,46.0908
2000-10-20,46.0908
2000-10-21,46.0908
2000-10-22,46.0908
2000-10-23,46.0908
2000-10-24,46.0908
2000-10-25,46.0908
2000-10-26,46.0908
2000-10-27,46.0908
2000-10-28,46.0908
2000-10-29,46.0908
2000-10-30,46.0908
2000-10-31,46.0908
2000-11-01,42.9486
2000-11-02,42.9486
2000-11-03,42.9486
2000-11-04,42.9486
2000-11-05,42.9486
2000-11-06,42.9486
2000-11-07,42.9486
2000-11-08,42.9486
2000-11-09,42.9486
2000-11-10,42.9486
2000-11-11,42.9486
2000-11-12,42.9486
2000-11-13,42.9486
2000-11-14,42.9486
2000-11-15,42.9486
2000-11-16,42.9486
2000-11-17,42.9486
2000-11-18,42.9486
2000-11-19,42.9486
2000-11-20,42.9486
2000-11-21,42.9486
2000-11-22,42.9486
2000-11-23,42.9486
2000-11-24,42.9486
2000-11-25,42.9486
2000-11-26,42.9486
2000-11-27,42.9486
2000-11-28,42.9486
2000-11-29,42.9486
2000-11-30,42.9486
2000-12-01,40.3028
2000-12-02,40.3028
2000-12-03,40.3028
2000-12-04,40.3028
2000-12-05,40.3028
2000-12-06,40.3028
2000-12-07,40.3028
2000-12-08,40.3028
2000-12-09,40.3028
2000-12-10,40.3028
2000-12-11,40.3028
2000-12-12,40.3028
2000-12-13,40.3028
2000-12-14,40.3028
2000-12-15,40.3028
2000-12-16,40.3028
2000-12-17,40.3028
2000-12-18,40.3028
2000-12-19,40.3028
2000-12-20,40.3028
2000-12-21,40.3028
2000-12-22,40.3028
2000-12-23,40.3028
2000-12-24,40.3028
2000-12-25,40.3028
2000-12-26,40.3028
2000-12-27,40.3028
2000-12-28,40.3028
2000-12-29,40.3028
2000-12-30,40.3028
2000-12-31,40.3028
2001-01-01,34.5454
2001-01-02,34.5454
2001-01-03,34.5454
2001-01-04,34.5454
2001-01-05,34.5454
2001-01-06,34.5454
2001-01-07,34.5454
2001-01-08,34.5454
2001-01-09,34.5454
2001-01-10,34.5454
2001-01-11,34.5454
2001-01-12,34.5454
2001-01-13,34.5454
2001-01-14,34.5454
2001-01-15,34.5454
2001-01-16,34.5454
2001-01-17,34.5454
2001-01-18,34.5454
2001-01-19,34.5454
2001-01-20,34.5454
2001-01-21,34.5454
2001-01-22,34.5454
2001-01-23,34.5454
2001-01-24,34.5454
2001-01-25,34.5454
2001-01-26,34.5454
2001-01-27,34.5454
2001-01-28,34.5454
2001-01-29,34.5454
2001-01-30,34.5454
2001-01-31,34.5454
2001-02-01,34.5454
2001-02-02,34.5454
2001-02-03,34.5454
2001-02-04,34.5454
2001-02-05,34.5454
2001-02-06,34.5454
2001-02-07,34.5454
2001-02-08,34.5454
2001-02-09,34.5454
2001-02-10,34.5454
2001-02-11,34.5454
2001-02-12,34.5454
2001-02-13,34.5454
2001-02-14,34.5454
2001-02-15,34.5454
2001-02-16,34.5454
2001-02-17,34.5454
2001-02-18,34.5454
2001-02-19,34.5454
2001-02-20,34.5454
2001-02-21,34.5454
2001-02-22,34.5454
2001-02-23,34.5454
2001-02-24,34.5454
2001-02-25,34.5454
2001-02-26,34.5454
2001-02-27,34.5454
2001-02-28,34.5454
2001-03-01,34.5454
2001-03-02,34.5454
2001-03-03,34.5454
2001-03-04,34.5454
2001-03-05,34.5454
2001-03-06,34.5454
2001-03-07,34.5454
2001-03-08,34.5454
2001-03-09,34.5454
2001-03-10,34.5454
2001-03-11,34.5454
2001-03-12,34.5454
2001-03-13,34.5454
2001-03-14,34.5454
2001-03-15,34.5454
2001-03-16,34.5454
2001-03-17,34.5454
2001-03-18,34.5454
2001-03-19,34.5454
2001-03-20,34.5454
2001-03-21,34.5454
2001-03-22,34.5454
2001-03-23,34.5454
2001-03-24,34.5454
2001-03-25,34.5454
2001-03-26,34.5454
2001-03-27,34.5454
2001-03-28,34.5454
2001-03-29,34.5454
2001-03-30,34.5454
2001-03-31,34.5454
2001-04-01,26.7975
2001-04-02,26.7975
2001-04-03,26.7975
2001-04-04,26.7975
2001-04-05,26.7975
2001-04-06,26.7975
2001-04-07,26.7975
2001-04-08,26.7975
2001-04-09,26.7975
2001-04-10,26.7975
2001-04-11,26.7975
2001-04-12,26.7975
2001-04-13,26.7975
2001-04-14,26.7975
2001-04-15,26.7975
2001-04-16,26.7975
2001-04-17,26.7975
2001-04-18,26.7975
2001-04-19,26.7975
2001-04-20,26.7975
2001-04-21,26.7975
2001-04-22,26.7975
2001-04-23,26.7975
2001-04-24,26.7975
2001-04-25,26.7975
2001-04-26,26.7975
2001-04-27,26.7975
2001-04-28,26.7975
2001-04-29,26.7975
2001-04-30,26.7975
2001-05-01,26.7975
2001-05-02,26.7975
2001-05-03,26.7975
2001-05-04,26.7975
2001-05-05,26.7975
2001-05-06,26.7975
2001-05-07,26.7975
2001-05-08,26.7975
2001-05-09,26.7975
2001-05-10,26.7975
2001-05-11,26.7975
2001-05-12,26.7975
2001-05-13,26.7975
2001-05-14,26.7975
2001-05-15,26.7975
2001-05-16,26.7975
2001-05-17,26.7975
2001-05-18,26.7975
2001-05-19,26.7975
2001-05-20,26.7975
2001-05-21,26.7975
2001-05-22,26.7975
2001-05-23,26.7975
2001-05-24,26.7975
2001-05-25,26.7975
2001-05-26,26.7975
2001-05-27,26.7975
2001-05-28,26.7975
2001-05-29,26.7975
2001-05-30,26.7975
2001-05-31,26.7975
2001-06-01,34.9834
2001-06-02,34.9834
2001-06-03,34.9834
2001-06-04,34.9834
2001-06-05,34.9834
2001-06-06,34.9834
2001-06-07,34.9834
2001-06-08,34.9834
2001-06-09,34.9834
2001-06-10,34.9834
2001-06-11,34.9834
2001-06-12,34.9834
2001-06-13,34.9834
2001-06-14,34.9834
2001-06-15,34.9834
2001-06-16,34.9834
2001-06-17,34.9834
2001-06-18,34.9834
2001-06-19,34.9834
2001-06-20,34.9834
2001-06-21,34.9834
2001-06-22,34.9834
2001-06-23,34.9834
2001-06-24,34.9834
2001-06-25,34.9834
2001-06-26,34.9834
2001-06-27,34.9834
2001-06-28,34.9834
2001-06-29,34.9834
2001-06-30,34.9834
2001-07-01,38.0398
2001-07-02,38.0398
2001-07-03,38.0398
2001-07-04,38.0398
2001-07-05,38.0398
2001-07-06,38.0398
2001-07-07,38.0398
2001-07-08,38.0398
2001-07-09,38.0398
2001-07-10,38.0398
2001-07-11,38.0398
2001-07-12,38.0398
2001-07-13,38.0398
2001-07-14,38.0398
2001-07-15,38.0398
2001-07-16,38.0398
2001-07-17,38.0398
2001-07-18,38.0398
2001-07-19,38.0398
2001-07-20,38.0398
2001-07-21,38.0398
2001-07-22,38.0398
2001-07-23,38.0398
2001-07-24,38.0398
2001-07-25,38.0398
2001-07-26,38.0398
2001-07-27,38.0398
2001-07-28,38.0398
2001-07-29,38.0398
2001-07-30,38.0398
2001-07-31,38.0398
2001-08-01,44.2161
2001-08-02,44.2161
2001-08-03,44.2161
2001-08-04,44.2161
2001-08-05,44.2161
2001-08-06,44.2161
2001-08-07,44.2161
2001-08-08,44.2161
2001-08-09,44.2161
2001-08-10,44.2161
2001-08-11,44.2161
2001-08-12,44.2161
2001-08-13,44.2161
2001-08-14,44.2161
2001-08-15,44.2161
2001-08-16,44.2161
2001-08-17,44.2161
2001-08-18,44.2161
2001-08-19,44.2161
2001-08-20,44.2161
2001-08-21,44.2161
2001-08-22,44.2161
2001-08-23,44.2161
2001-08-24,44.2161
2001-08-25,44.2161
2001-08-26,44.2161
2001-08-27,44.2161
2001-08-28,44.2161
2001-08-29,44.2161
2001-08-30,44.2161
2001-08-31,44.2161
2001-09-01,37.3619
2001-09-02,37.3619
2001-09-03,37.3619
2001-09-04,37.3619
2001-09-05,37.3619
2001-09-06,37.3619
2001-09-07,37.3619
2001-09-08,37.3619
2001-09-09,37.3619
2001-09-10,37.3619
2001-09-11,37.3619
2001-09-12,37.3619
2001-09-13,37.3619
2001-09-14,37.3619
2001-09-15,37.3619
2001-09-16,37.3619
2001-09-17,37.3619
2001-09-18,37.3619
2001-09-19,37.3619
2001-09-20,37.3619
2001-09-21,37.3619
2001-09-22,37.3619
2001-09-23,37.3619
2001-09-24,37.3619
2001-09-25,37.3619
2001-09-26,37.3619
2001-09-27,37.3619
2001-09-28,37.3619
2001-09-29,37.3619
2001-09-30,37.3619
2001-10-01,45.1534
2001-10-02,45.1534
2001-10-03,45.1534
2001-10-04,45.1534
2001-10-05,45.1534
2001-10-06,45.1534
2001-10-07,45.1534
2001-10-08,45.1534
2001-10-09,45.1534
2001-10-10,45.1534
2001-10-11,45.1534
2001-10-12,45.1534
2001-10-13,45.1534
2001-10-14,45.1534
2001-10-15,45.1534
2001-10-16,45.1534
2001-10-17,45.1534
2001-10-18,45.1534
2001-10-19,45.1534
2001-10-20,45.1534
2001-10-21,45.1534
2001-10-22,45.1534
2001-10-23,45.1534
2001-10-24,45.1534
2001-10-25,45.1534
2001-10-26,45.1534
2001-10-27,45.1534
2001-10-28,45.1534
2001-10-29,45.1534
2001-10-30,45.1534
2001-10-31,45.1534
2001-11-01,55.6983
2001-11-02,55.6983
2001-11-03,55.6983
2001-11-04,55.6983
2001-11-05,55.6983
2001-11-06,55.6983
2001-11-07,55.6983
2001-11-08,55.6983
2001-11-09,55.6983
2001-11-10,55.6983
2001-11-11,55.6983
2001-11-12,55.6983
2001-11-13,55.6983
2001-11-14,55.6983
2001-11-15,55.6983
2001-11-16,55.6983
2001-11-17,55.6983
2001-11-18,55.6983
2001-11-19,55.6983
2001-11-20,55.6983
2001-11-21,55.6983
2001-11-22,55.6983
2001-11-23,55.6983
2001-11-24,55.6983
2001-11-25,55.6983
2001-11-26,55.6983
2001-11-27,55.6983
2001-11-28,55.6983
2001-11-29,55.6983
2001-11-30,55.6983
2001-12-01,64.5561
2001-12-02,64.5561
2001-12-03,64.5561
2001-12-04,64.5561
2001-12-05,64.5561
2001-12-06,64.5561
2001-12-07,64.5561
2001-12-08,64.5561
2001-12-09,64.5561
2001-12-10,64.5561
2001-12-11,64.5561
2001-12-12,64.5561
2001-12-13,64.5561
2001-12-14,64.5561
2001-12-15,64.5561
2001-12-16,64.5561
2001-12-17,64.5561
2001-12-18,64.5561
2001-12-19,64.5561
2001-12-20,64.5561
2001-12-21,64.5561
2001-12-22,64.5561
2001-12-23,64.5561
2001-12-24,64.5561
2001-12-25,64.5561
2001-12-26,64.5561
2001-12-27,64.5561
2001-12-28,64.5561
2001-12-29,64.5561
2001-12-30,64.5561
2001-12-31,64.5561
2002-01-01,69.8221
2002-01-02,69.8221
2002-01-03,69.8221
2002-01-04,69.8221
2002-01-05,69.8221
2002-01-06,69.8221
2002-01-07,69.8221
2002-01-08,69.8221
2002-01-09,69.8221
2002-01-10,69.8221
2002-01-11,69.8221
2002-01-12,69.8221
2002-01-13,69.8221
2002-01-14,69.8221
2002-01-15,69.8221
2002-01-16,69.8221
2002-01-17,69.8221
2002-01-18,69.8221
2002-01-19,69.8221
2002-01-20,69.8221
2002-01-21,69.8221
2002-01-22,69.8221
2002-01-23,69.8221
2002-01-24,69.8221
2002-01-25,69.8221
2002-01-26,69.8221
2002-01-27,69.8221
2002-01-28,69.8221
2002-01-29,69.8221
2002-01-30,69.8221
2002-01-31,69.8221
2002-02-01,64.6029
2002-02-02,64.6029
2002-02-03,64.6029
2002-02-04,64.6029
2002-02-05,64.6029
2002-02-06,64.6029
2002-02-07,64.6029
2002-02-08,64.6029
2002-02-09,64.6029
2002-02-10,64.6029
2002-02-11,64.6029
2002-02-12,64.6029
2002-02-13,64.6029
2002-02-14,64.6029
2002-02-15,64.6029
2002-02-16,64.6029
2002-02-17,64.6029
2002-02-18,64.6029
2002-02-19,64.6029
2002-02-20,64.6029
2002-02-21,64.6029
2002-02-22,64.6029
2002-02-23,64.6029
2002-02-24,64.6029
2002-02-25,64.6029
2002-02-26,64.6029
2002-02-27,64.6029
2002-02-28,64.6029
2002-03-01,78.1942
2002-03-02,78.1942
2002-03-03,78.1942
2002-03-04,78.1942
2002-03-05,78.1942
2002-03-06,78.1942
2002-03-07,78.1942
2002-03-08,78.1942
2002-03-09,78.1942
2002-03-10,78.1942
2002-03-11,78.1942
2002-03-12,78.1942
2002-03-13,78.1942
2002-03-14,78.1942
2002-03-15,78.1942
2002-03-16,78.1942
2002-03-17,78.1942
2002-03-18,78.1942
2002-03-19,78.1942
2002-03-20,78.1942
2002-03-21,78.1942
2002-03-22,78.1942
2002-03-23,78.1942
2002-03-24,78.1942
2002-03-25,78.1942
2002-03-26,78.1942
2002-03-27,78.1942
2002-03-28,78.1942
2002-03-29,78.1942
2002-03-30,78.1942
2002-03-31,78.1942
2002-04-01,79.811
2002-04-02,79.811
2002-04-03,79.811
2002-04-04,79.811
2002-04-05,79.811
2002-04-06,79.811
2002-04-07,79.811
2002-04-08,79.811
2002-04-09,79.811
2002-04-10,79.811
2002-04-11,79.811
2002-04-12,79.811
2002-04-13,79.811
2002-04-14,79.811
2002-04-15,79.811
2002-04-16,79.811
2002-04-17,79.811
2002-04-18,79.811
2002-04-19,79.811
2002-04-20,79.811
2002-04-21,79.811
2002-04-22,79.811
2002-04-23,79.811
2002-04-24,79.811
2002-04-25,79.811
2002-04-26,79.811
2002-04-27,79.811
2002-04-28,79.811
2002-04-29,79.811
2002-04-30,79.811
2002-05-01,73.9762
2002-05-02,73.9762
2002-05-03,73.9762
2002-05-04,73.9762
2002-05-05,73.9762
2002-05-06,73.9762
2002-05-07,73.9762
2002-05-08,73.9762
2002-05-09,73.9762
2002-05-10,73.9762
2002-05-11,73.9762
2002-05-12,73.9762
2002-05-13,73.9762
2002-05-14,73.9762
2002-05-15,73.9762
2002-05-16,73.9762
2002-05-17,73.9762
2002-05-18,73.9762
2002-05-19,73.9762
2002-05-20,73.9762
2002-05-21,73.9762
2002-05-22,73.9762
2002-05-23,73.9762
2002-05-24,73.9762
2002-05-25,73.9762
2002-05-26,73.9762
2002-05-27,73.9762
2002-05-28,73.9762
2002-05-29,73.9762
2002-05-30,73.9762
2002-05-31,73.9762
2002-06-01,52.2302
2002-06-02,52.2302
2002-06-03,52.2302
2002-06-04,52.2302
2002-06-05,52.2302
2002-06-06,52.2302
2002-06-07,52.2302
2002-06-08,52.2302
2002-06-09,52.2302
2002-06-10,52.2302
2002-06-11,52.2302
2002-06-12,52.2302
2002-06-13,52.2302
2002-06-14,52.2302
2002-06-15,52.2302
2002-06-16,52.2302
2002-06-17,52.2302
2002-06-18,52.2302
2002-06-19,52.2302
2002-06-20,52.2302
2002-06-21,52.2302
2002-06-22,52.2302
2002-06-23,52.2302
2002-06-24,52.2302
2002-06-25,52.2302
2002-06-26,52.2302
2002-06-27,52.2302
2002-06-28,52.2302
2002-06-29,52.2302
2002-06-30,52.2302
2002-07-01,49.2542
2002-07-02,49.2542
2002-07-03,49.2542
2002-07-04,49.2542
2002-07-05,49.2542
2002-07-06,49.2542
2002-07-07,49.2542
2002-07-08,49.2542
2002-07-09,49.2542
2002-07-10,49.2542
2002-07-11,49.2542
2002-07-12,49.2542
2002-07-13,49.2542
2002-07-14,49.2542
2002-07-15,49.2542
2002-07-16,49.2542
2002-07-17,49.2542
2002-07-18,49.2542
2002-07-19,49.2542
2002-07-20,49.2542
2002-07-21,49.2542
2002-07-22,49.2542
2002-07-23,49.2542
2002-07-24,49.2542
2002-07-25,49.2542
2002-07-26,49.2542
2002-07-27,49.2542
2002-07-28,49.2542
2002-07-29,49.2542
2002-07-30,49.2542
2002-07-31,49.2542
2002-08-01,41.1636
2002-08-02,41.1636
2002-08-03,41.1636
2002-08-04,41.1636
2002-08-05,41.1636
2002-08-06,41.1636
2002-08-07,41.1636
2002-08-08,41.1636
2002-08-09,41.1636
2002-08-10,41.1636
2002-08-11,41.1636
2002-08-12,41.1636
2002-08-13,41.1636
2002-08-14,41.1636
2002-08-15,41.1636
2002-08-16,41.1636
2002-08-17,41.1636
2002-08-18,41.1636
2002-08-19,41.1636
2002-08-20,41.1636
2002-08-21,41.1636
2002-08-22,41.1636
2002-08-23,41.1636
2002-08-24,41.1636
2002-08-25,41.1636
2002-08-26,41.1636
2002-08-27,41.1636
2002-08-28,41.1636
2002-08-29,41.1636
2002-08-30,41.1636
2002-08-31,41.1636
2002-09-01,38.5085
2002-09-02,38.5085
2002-09-03,38.5085
2002-09-04,38.5085
2002-09-05,38.5085
2002-09-06,38.5085
2002-09-07,38.5085
2002-09-08,38.5085
2002-09-09,38.5085
2002-09-10,38.5085
2002-09-11,38.5085
2002-09-12,38.5085
2002-09-13,38.5085
2002-09-14,38.5085
2002-09-15,38.5085
2002-09-16,38.5085
2002-09-17,38.5085
2002-09-18,38.5085
2002-09-19,38.5085
2002-09-20,38.5085
2002-09-21,38.5085
2002-09-22,38.5085
2002-09-23,38.5085
2002-09-24,38.5085
2002-09-25,38.5085
2002-09-26,38.5085
2002-09-27,38.5085
2002-09-28,38.5085
2002-09-29,38.5085
2002-09-30,38.5085
2002-10-01,38.5085
2002-10-02,38.5085
2002-10-03,38.5085
2002-10-04,38.5085
2002-10-05,38.5085
2002-10-06,38.5085
2002-10-07,38.5085
2002-10-08,38.5085
2002-10-09,38.5085
2002-10-10,38.5085
2002-10-11,38.5085
2002-10-12,38.5085
2002-10-13,38.5085
2002-10-14,38.5085
2002-10-15,38.5085
2002-10-16,38.5085
2002-10-17,38.5085
2002-10-18,38.5085
2002-10-19,38.5085
2002-10-20,38.5085
2002-10-21,38.5085
2002-10-22,38.5085
2002-10-23,38.5085
2002-10-24,38.5085
2002-10-25,38.5085
2002-10-26,38.5085
2002-10-27,38.5085
2002-10-28,38.5085
2002-10-29,38.5085
2002-10-30,38.5085
2002-10-31,38.5085
2002-11-01,38.8265
2002-11-02,38.8265
2002-11-03,38.8265
2002-11-04,38.8265
2002-11-05,38.8265
2002-11-06,38.8265
2002-11-07,38.8265
2002-11-08,38.8265
2002-11-09,38.8265
2002-11-10,38.8265
2002-11-11,38.8265
2002-11-12,38.8265
2002-11-13,38.8265
2002-11-14,38.8265
2002-11-15,38.8265
2002-11-16,38.8265
2002-11-17,38.8265
2002-11-18,38.8265
2002-11-19,38.8265
2002-11-20,38.8265
2002-11-21,38.8265
2002-11-22,38.8265
2002-11-23,38.8265
2002-11-24,38.8265
2002-11-25,38.8265
2002-11-26,38.8265
2002-11-27,38.8265
2002-11-28,38.8265
2002-11-29,38.8265
2002-11-30,38.8265
2002-12-01,45.5951
2002-12-02,45.5951
2002-12-03,45.5951
2002-12-04,45.5951
2002-12-05,45.5951
2002-12-06,45.5951
2002-12-07,45.5951
2002-12-08,45.5951
2002-12-09,45.5951
2002-12-10,45.5951
2002-12-11,45.5951
2002-12-12,45.5951
2002-12-13,45.5951
2002-12-14,45.5951
2002-12-15,45.5951
2002-12-16,45.5951
2002-12-17,45.5951
2002-12-18,45.5951
2002-12-19,45.5951
2002-12-20,45.5951
2002-12-21,45.5951
2002-12-22,45.5951
2002-12-23,45.5951
2002-12-24,45.5951
2002-12-25,45.5951
2002-12-26,45.5951
2002-12-27,45.5951
2002-12-28,45.5951
2002-12-29,45.5951
2002-12-30,45.5951
2002-12-31,45.5951
2003-01-01,45.5951
2003-01-02,45.5951
2003-01-03,45.5951
2003-01-04,45.5951
2003-01-05,45.5951
2003-01-06,45.5951
2003-01-07,45.5951
2003-01-08,45.5951
2003-01-09,45.5951
2003-01-10,45.5951
2003-01-11,45.5951
2003-01-12,45.5951
2003-01-13,45.5951
2003-01-14,45.5951
2003-01-15,45.5951
2003-01-16,45.5951
2003-01-17,45.5951
2003-01-18,45.5951
2003-01-19,45.5951
2003-01-20,45.5951
2003-01-21,45.5951
2003-01-22,45.5951
2003-01-23,45.5951
2003-01-24,45.5951
2003-01-25,45.5951
2003-01-26,45.5951
2003-01-27,45.5951
2003-01-28,45.5951
2003-01-29,45.5951
2003-01-30,45.5951
2003-01-31,45.5951
2003-02-01,40.6816
2003-02-02,40.6816
2003-02-03,40.6816
2003-02-04,40.6816
2003-02-05,40.6816
2003-02-06,40.6816
2003-02-07,40.6816
2003-02-08,40.6816
2003-02-09,40.6816
2003-02-10,40.6816
2003-02-11,40.6816
2003-02-12,40.6816
2003-02-13,40.6816
2003-02-14,40.6816
2003-02-15,40.6816
2003-02-16,40.6816
2003-02-17,40.6816
2003-02-18,40.6816
2003-02-19,40.6816
2003-02-20,40.6816
2003-02-21,40.6816
2003-02-22,40.6816
2003-02-23,40.6816
2003-02-24,40.6816
2003-02-25,40.6816
2003-02-26,40.6816
2003-02-27,40.6816
2003-02-28,40.6816
2003-03-01,40.6816
2003-03-02,40.6816
2003-03-03,40.6816
2003-03-04,40.6816
2003-03-05,40.6816
2003-03-06,40.6816
2003-03-07,40.6816
2003-03-08,40.6816
2003-03-09,40.6816
2003-03-10,40.6816
2003-03-11,40.6816
2003-03-12,40.6816
2003-03-13,40.6816
2003-03-14,40.6816
2003-03-15,40.6816
2003-03-16,40.6816
2003-03-17,40.6816
2003-03-18,40.6816
2003-03-19,40.6816
2003-03-20,40.6816
2003-03-21,40.6816
2003-03-22,40.6816
2003-03-23,40.6816
2003-03-24,40.6816
2003-03-25,40.6816
2003-03-26,40.6816
2003-03-27,40.6816
2003-03-28,40.6816
2003-03-29,40.6816
2003-03-30,40.6816
2003-03-31,40.6816
2003-04-01,46.2665
2003-04-02,46.2665
2003-04-03,46.2665
2003-04-04,46.2665
2003-04-05,46.2665
2003-04-06,46.2665
2003-04-07,46.2665
2003-04-08,46.2665
2003-04-09,46.2665
2003-04-10,46.2665
2003-04-11,46.2665
2003-04-12,46.2665
2003-04-13,46.2665
2003-04-14,46.2665
2003-04-15,46.2665
2003-04-16,46.2665
2003-04-17,46.2665
2003-04-18,46.2665
2003-04-19,46.2665
2003-04-20,46.2665
2003-04-21,46.2665
2003-04-22,46.2665
2003-04-23,46.2665
2003-04-24,46.2665
2003-04-25,46.2665
2003-04-26,46.2665
2003-04-27,46.2665
2003-04-28,46.2665
2003-04-29,46.2665
2003-04-30,46.2665
2003-05-01,50.1703
2003-05-02,50.1703
2003-05-03,50.1703
2003-05-04,50.1703
2003-05-05,50.1703
2003-05-06,50.1703
2003-05-07,50.1703
2003-05-08,50.1703
2003-05-09,50.1703
2003-05-10,50.1703
2003-05-11,50.1703
2003-05-12,50.1703
2003-05-13,50.1703
2003-05-14,50.1703
2003-05-15,50.1703
2003-05-16,50.1703
2003-05-17,50.1703
2003-05-18,50.1703
2003-05-19,50.1703
2003-05-20,50.1703
2003-05-21,50.1703
2003-05-22,50.1703
2003-05-23,50.1703
2003-05-24,50.1703
2003-05-25,50.1703
2003-05-26,50.1703
2003-05-27,50.1703
2003-05-28,50.1703
2003-05-29,50.1703
2003-05-30,50.1703
2003-05-31,50.1703
2003-06-01,50.1703
2003-06-02,50.1703
2003-06-03,50.1703
2003-06-04,50.1703
2003-06-05,50.1703
2003-06-06,50.1703
2003-06-07,50.1703
2003-06-08,50.1703
2003-06-09,50.1703
2003-06-10,50.1703
2003-06-11,50.1703
2003-06-12,50.1703
2003-06-13,50.1703
2003-06-14,50.1703
2003-06-15,50.1703
2003-06-16,50.1703
2003-06-17,50.1703
2003-06-18,50.1703
2003-06-19,50.1703
2003-06-20,50.1703
2003-06-21,50.1703
2003-06-22,50.1703
2003-06-23,50.1703
2003-06-24,50.1703
2003-06-25,50.1703
2003-06-26,50.1703
2003-06-27,50.1703
2003-06-28,50.1703
2003-06-29,50.1703
2003-06-30,50.1703
2003-07-01,52.0955
2003-07-02,52.0955
2003-07-03,52.0955
2003-07-04,52.0955
2003-07-05,52.0955
2003-07-06,52.0955
2003-07-07,52.0955
2003-07-08,52.0955
2003-07-09,52.0955
2003-07-10,52.0955
2003-07-11,52.0955
2003-07-12,52.0955
2003-07-13,52.0955
2003-07-14,52.0955
2003-07-15,52.0955
2003-07-16,52.0955
2003-07-17,52.0955
2003-07-18,52.0955
2003-07-19,52.0955
2003-07-20,52.0955
2003-07-21,52.0955
2003-07-22,52.0955
2003-07-23,52.0955
2003-07-24,52.0955
2003-07-25,52.0955
2003-07-26,52.0955
2003-07-27,52.0955
2003-07-28,52.0955
2003-07-29,52.0955
2003-07-30,52.0955
2003-07-31,52.0955
2003-08-01,54.4947
2003-08-02,54.4947
2003-08-03,54.4947
2003-08-04,54.4947
2003-08-05,54.4947
2003-08-06,54.4947
2003-08-07,54.4947
2003-08-08,54.4947
2003-08-09,54.4947
2003-08-10,54.4947
2003-08-11,54.4947
2003-08-12,54.4947
2003-08-13,54.4947
2003-08-14,54.4947
2003-08-15,54.4947
2003-08-16,54.4947
2003-08-17,54.4947
2003-08-18,54.4947
2003-08-19,54.4947
2003-08-20,54.4947
2003-08-21,54.4947
2003-08-22,54.4947
2003-08-23,54.4947
2003-08-24,54.4947
2003-08-25,54.4947
2003-08-26,54.4947
2003-08-27,54.4947
2003-08-28,54.4947
2003-08-29,54.4947
2003-08-30,54.4947
2003-08-31,54.4947
2003-09-01,54.4947
2003-09-02,54.4947
2003-09-03,54.4947
2003-09-04,54.4947
2003-09-05,54.4947
2003-09-06,54.4947
2003-09-07,54.4947
2003-09-08,54.4947
2003-09-09,54.4947
2003-09-10,54.4947
2003-09-11,54.4947
2003-09-12,54.4947
2003-09-13,54.4947
2003-09-14,54.4947
2003-09-15,54.4947
2003-09-16,54.4947
2003-09-17,54.4947
2003-09-18,54.4947
2003-09-19,54.4947
2003-09-20,54.4947
2003-09-21,54.4947
2003-09-22,54.4947
2003-09-23,54.4947
2003-09-24,54.4947
2003-09-25,54.4947
2003-09-26,54.4947
2003-09-27,54.4947
2003-09-28,54.4947
2003-09-29,54.4947
2003-09-30,54.4947
2003-10-01,49.1078
2003-10-02,49.1078
2003-10-03,49.1078
2003-10-04,49.1078
2003-10-05,49.1078
2003-10-06,49.1078
2003-10-07,49.1078
2003-10-08,49.1078
2003-10-09,49.1078
2003-10-10,49.1078
2003-10-11,49.1078
2003-10-12,49.1078
2003-10-13,49.1078
2003-10-14,49.1078
2003-10-15,49.1078
2003-10-16,49.1078
2003-10-17,49.1078
2003-10-18,49.1078
2003-10-19,49.1078
2003-10-20,49.1078
2003-10-21,49.1078
2003-10-22,49.1078
2003-10-23,49.1078
2003-10-24,49.1078
2003-10-25,49.1078
2003-10-26,49.1078
2003-10-27,49.1078
2003-10-28,49.1078
2003-10-29,49.1078
2003-10-30,49.1078
2003-10-31,49.1078
2003-11-01,49.1078
2003-11-02,49.1078
2003-11-03,49.1078
2003-11-04,49.1078
2003-11-05,49.1078
2003-11-06,49.1078
2003-11-07,49.1078
2003-11-08,49.1078
2003-11-09,49.1078
2003-11-10,49.1078
2003-11-11,49.1078
2003-11-12,49.1078
2003-11-13,49.1078
2003-11-14,49.1078
2003-11-15,49.1078
2003-11-16,49.1078
2003-11-17,49.1078
2003-11-18,49.1078
2003-11-19,49.1078
2003-11-20,49.1078
2003-11-21,49.1078
2003-11-22,49.1078
2003-11-23,49.1078
2003-11-24,49.1078
2003-11-25,49.1078
2003-11-26,49.1078
2003-11-27,49.1078
2003-11-28,49.1078
2003-11-29,49.1078
2003-11-30,49.1078
2003-12-01,44.5285
2003-12-02,44.5285
2003-12-03,44.5285
2003-12-04,44.5285
2003-12-05,44.5285
2003-12-06,44.5285
2003-12-07,44.5285
2003-12-08,44.5285
2003-12-09,44.5285
2003-12-10,44.5285
2003-12-11,44.5285
2003-12-12,44.5285
2003-12-13,44.5285
2003-12-14,44.5285
2003-12-15,44.5285
2003-12-16,44.5285
2003-12-17,44.5285
2003-12-18,44.5285
2003-12-19,44.5285
2003-12-20,44.5285
2003-12-21,44.5285
2003-12-22,44.5285
2003-12-23,44.5285
2003-12-24,44.5285
2003-12-25,44.5285
2003-12-26,44.5285
2003-12-27,44.5285
2003-12-28,44.5285
2003-12-29,44.5285
2003-12-30,44.5285
2003-12-31,44.5285
2004-01-01,42.2968
2004-01-02,42.2968
2004-01-03,42.2968
2004-01-04,42.2968
2004-01-05,42.2968
2004-01-06,42.2968
2004-01-07,42.2968
2004-01-08,42.2968
2004-01-09,42.2968
2004-01-10,42.2968
2004-01-11,42.2968
2004-01-12,42.2968
2004-01-13,42.2968
2004-01-14,42.2968
2004-01-15,42.2968
2004-01-16,42.2968
2004-01-17,42.2968
2004-01-18,42.2968
2004-01-19,42.2968
2004-01-20,42.2968
2004-01-21,42.2968
2004-01-22,42.2968
2004-01-23,42.2968
2004-01-24,42.2968
2004-01-25,42.2968
2004-01-26,42.2968
2004-01-27,42.2968
2004-01-28,42.2968
2004-01-29,42.2968
2004-01-30,42.2968
2004-01-31,42.2968
2004-02-01,39.2073
2004-02-02,39.2073
2004-02-03,39.2073
2004-02-04,39.2073
2004-02-05,39.2073
2004-02-06,39.2073
2004-02-07,39.2073
2004-02-08,39.2073
2004-02-09,39.2073
2004-02-10,39.2073
2004-02-11,39.2073
2004-02-12,39.2073
2004-02-13,39.2073
2004-02-14,39.2073
2004-02-15,39.2073
2004-02-16,39.2073
2004-02-17,39.2073
2004-02-18,39.2073
2004-02-19,39.2073
2004-02-20,39.2073
2004-02-21,39.2073
2004-02-22,39.2073
2004-02-23,39.2073
2004-02-24,39.2073
2004-02-25,39.2073
2004-02-26,39.2073
2004-02-27,39.2073
2004-02-28,39.2073
2004-02-29,39.2073
2004-03-01,37.069
2004-03-02,37.069
2004-03-03,37.069
2004-03-04,37.069
2004-03-05,37.069
2004-03-06,37.069
2004-03-07,37.069
2004-03-08,37.069
2004-03-09,37.069
2004-03-10,37.069
2004-03-11,37.069
2004-03-12,37.069
2004-03-13,37.069
2004-03-14,37.069
2004-03-15,37.069
2004-03-16,37.069
2004-03-17,37.069
2004-03-18,37.069
2004-03-19,37.069
2004-03-20,37.069
2004-03-21,37.069
2004-03-22,37.069
2004-03-23,37.069
2004-03-24,37.069
2004-03-25,37.069
2004-03-26,37.069
2004-03-27,37.069
2004-03-28,37.069
2004-03-29,37.069
2004-03-30,37.069
2004-03-31,37.069
2004-04-01,34.5695
2004-04-02,34.5695
2004-04-03,34.5695
2004-04-04,34.5695
2004-04-05,34.5695
2004-04-06,34.5695
2004-04-07,34.5695
2004-04-08,34.5695
2004-04-09,34.5695
2004-04-10,34.5695
2004-04-11,34.5695
2004-04-12,34.5695
2004-04-13,34.5695
2004-04-14,34.5695
2004-04-15,34.5695
2004-04-16,34.5695
2004-04-17,34.5695
2004-04-18,34.5695
2004-04-19,34.5695
2004-04-20,34.5695
2004-04-21,34.5695
2004-04-22,34.5695
2004-04-23,34.5695
2004-04-24,34.5695
2004-04-25,34.5695
2004-04-26,34.5695
2004-04-27,34.5695
2004-04-28,34.5695
2004-04-29,34.5695
2004-04-30,34.5695
2004-05-01,34.5695
2004-05-02,34.5695
2004-05-03,34.5695
2004-05-04,34.5695
2004-05-05,34.5695
2004-05-06,34.5695
2004-05-07,34.5695
2004-05-08,34.5695
2004-05-09,34.5695
2004-05-10,34.5695
2004-05-11,34.5695
2004-05-12,34.5695
2004-05-13,34.5695
2004-05-14,34.5695
2004-05-15,34.5695
2004-05-16,34.5695
2004-05-17,34.5695
2004-05-18,34.5695
2004-05-19,34.5695
2004-05-20,34.5695
2004-05-21,34.5695
2004-05-22,34.5695
2004-05-23,34.5695
2004-05-24,34.5695
2004-05-25,34.5695
2004-05-26,34.5695
2004-05-27,34.5695
2004-05-28,34.5695
2004-05-29,34.5695
2004-05-30,34.5695
2004-05-31,34.5695
2004-06-01,34.5695
2004-06-02,34.5695
2004-06-03,34.5695
2004-06-04,34.5695
2004-06-05,34.5695
2004-06-06,34.5695
2004-06-07,34.5695
2004-06-08,34.5695
2004-06-09,34.5695
2004-06-10,34.5695
2004-06-11,34.5695
2004-06-12,34.5695
2004-06-13,34.5695
2004-06-14,34.5695
2004-06-15,34.5695
2004-06-16,34.5695
2004-06-17,34.5695
2004-06-18,34.5695
2004-06-19,34.5695
2004-06-20,34.5695
2004-06-21,34.5695
2004-06-22,34.5695
2004-06-23,34.5695
2004-06-24,34.5695
2004-06-25,34.5695
2004-06-26,34.5695
2004-06-27,34.5695
2004-06-28,34.5695
2004-06-29,34.5695
2004-06-30,34.5695
2004-07-01,33.8665
2004-07-02,33.8665
2004-07-03,33.8665
2004-07-04,33.8665
2004-07-05,33.8665
2004-07-06,33.8665
2004-07-07,33.8665
2004-07-08,33.8665
2004-07-09,33.8665
2004-07-10,33.8665
2004-07-11,33.8665
2004-07-12,33.8665
2004-07-13,33.8665
2004-07-14,33.8665
2004-07-15,33.8665
2004-07-16,33.8665
2004-07-17,33.8665
2004-07-18,33.8665
2004-07-19,33.8665
2004-07-20,33.8665
2004-07-21,33.8665
2004-07-22,33.8665
2004-07-23,33.8665
2004-07-24,33.8665
2004-07-25,33.8665
2004-07-26,33.8665
2004-07-27,33.8665
2004-07-28,33.8665
2004-07-29,33.8665
2004-07-30,33.8665
2004-07-31,33.8665
2004-08-01,30.9881
2004-08-02,30.9881
2004-08-03,30.9881
2004-08-04,30.9881
2004-08-05,30.9881
2004-08-06,30.9881
2004-08-07,30.9881
2004-08-08,30.9881
2004-08-09,30.9881
2004-08-10,30.9881
2004-08-11,30.9881
2004-08-12,30.9881
2004-08-13,30.9881
2004-08-14,30.9881
2004-08-15,30.9881
2004-08-16,30.9881
2004-08-17,30.9881
2004-08-18,30.9881
2004-08-19,30.9881
2004-08-20,30.9881
2004-08-21,30.9881
2004-08-22,30.9881
2004-08-23,30.9881
2004-08-24,30.9881
2004-08-25,30.9881
2004-08-26,30.9881
2004-08-27,30.9881
2004-08-28,30.9881
2004-08-29,30.9881
2004-08-30,30.9881
2004-08-31,30.9881
2004-09-01,30.9881
2004-09-02,30.9881
2004-09-03,30.9881
2004-09-04,30.9881
2004-09-05,30.9881
2004-09-06,30.9881
2004-09-07,30.9881
2004-09-08,30.9881
2004-09-09,30.9881
2004-09-10,30.9881
2004-09-11,30.9881
2004-09-12,30.9881
2004-09-13,30.9881
2004-09-14,30.9881
2004-09-15,30.9881
2004-09-16,30.9881
2004-09-17,30.9881
2004-09-18,30.9881
2004-09-19,30.9881
2004-09-20,30.9881
2004-09-21,30.9881
2004-09-22,30.9881
2004-09-23,30.9881
2004-09-24,30.9881
2004-09-25,30.9881
2004-09-26,30.9881
2004-09-27,30.9881
2004-09-28,30.9881
2004-09-29,30.9881
2004-09-30,30.9881
2004-10-01,30.9881
2004-10-02,30.9881
2004-10-03,30.9881
2004-10-04,30.9881
2004-10-05,30.9881
2004-10-06,30.9881
2004-10-07,30.9881
2004-10-08,30.9881
2004-10-09,30.9881
2004-10-10,30.9881
2004-10-11,30.9881
2004-10-12,30.9881
2004-10-13,30.9881
2004-10-14,30.9881
2004-10-15,30.9881
2004-10-16,30.9881
2004-10-17,30.9881
2004-10-18,30.9881
2004-10-19,30.9881
2004-10-20,30.9881
2004-10-21,30.9881
2004-10-22,30.9881
2004-10-23,30.9881
2004-10-24,30.9881
2004-10-25,30.9881
2004-10-26,30.9881
2004-10-27,30.9881
2004-10-28,30.9881
2004-10-29,30.9881
2004-10-30,30.9881
2004-10-31,30.9881
2004-11-01,30.9444
2004-11-02,30.9444
2004-11-03,30.9444
2004-11-04,30.9444
2004-11-05,30.9444
2004-11-06,30.9444
2004-11-07,30.9444
2004-11-08,30.9444
2004-11-09,30.9444
2004-11-10,30.9444
2004-11-11,30.9444
2004-11-12,30.9444
2004-11-13,30.9444
2004-11-14,30.9444
2004-11-15,30.9444
2004-11-16,30.9444
2004-11-17,30.9444
2004-11-18,30.9444
2004-11-19,30.9444
2004-11-20,30.9444
2004-11-21,30.9444
2004-11-22,30.9444
2004-11-23,30.9444
2004-11-24,30.9444
2004-11-25,30.9444
2004-11-26,30.9444
2004-11-27,30.9444
2004-11-28,30.9444
2004-11-29,30.9444
2004-11-30,30.9444
2004-12-01,30.9444
2004-12-02,30.9444
2004-12-03,30.9444
2004-12-04,30.9444
2004-12-05,30.9444
2004-12-06,30.9444
2004-12-07,30.9444
2004-12-08,30.9444
2004-12-09,30.9444
2004-12-10,30.9444
2004-12-11,30.9444
2004-12-12,30.9444
2004-12-13,30.9444
2004-12-14,30.9444
2004-12-15,30.9444
2004-12-16,30.9444
2004-12-17,30.9444
2004-12-18,30.9444
2004-12-19,30.9444
2004-12-20,30.9444
2004-12-21,30.9444
2004-12-22,30.9444
2004-12-23,30.9444
2004-12-24,30.9444
2004-12-25,30.9444
2004-12-26,30.9444
2004-12-27,30.9444
2004-12-28,30.9444
2004-12-29,30.9444
2004-12-30,30.9444
2004-12-31,30.9444
2005-01-01,30.0586
2005-01-02,30.0586
2005-01-03,30.0586
2005-01-04,30.0586
2005-01-05,30.0586
2005-01-06,30.0586
2005-01-07,30.0586
2005-01-08,30.0586
2005-01-09,30.0586
2005-01-10,30.0586
2005-01-11,30.0586
2005-01-12,30.0586
2005-01-13,30.0586
2005-01-14,30.0586
2005-01-15,30.0586
2005-01-16,30.0586
2005-01-17,30.0586
2005-01-18,30.0586
2005-01-19,30.0586
2005-01-20,30.0586
2005-01-21,30.0586
2005-01-22,30.0586
2005-01-23,30.0586
2005-01-24,30.0586
2005-01-25,30.0586
2005-01-26,30.0586
2005-01-27,30.0586
2005-01-28,30.0586
2005-01-29,30.0586
2005-01-30,30.0586
2005-01-31,30.0586
2005-02-01,30.0586
2005-02-02,30.0586
2005-02-03,30.0586
2005-02-04,30.0586
2005-02-05,30.0586
2005-02-06,30.0586
2005-02-07,30.0586
2005-02-08,30.0586
2005-02-09,30.0586
2005-02-10,30.0586
2005-02-11,30.0586
2005-02-12,30.0586
2005-02-13,30.0586
2005-02-14,30.0586
2005-02-15,30.0586
2005-02-16,30.0586
2005-02-17,30.0586
2005-02-18,30.0586
2005-02-19,30.0586
2005-02-20,30.0586
2005-02-21,30.0586
2005-02-22,30.0586
2005-02-23,30.0586
2005-02-24,30.0586
2005-02-25,30.0586
2005-02-26,30.0586
2005-02-27,30.0586
2005-02-28,30.0586
2005-03-01,27.5786
2005-03-02,27.5786
2005-03-03,27.5786
2005-03-04,27.5786
2005-03-05,27.5786
2005-03-06,27.5786
2005-03-07,27.5786
2005-03-08,27.5786
2005-03-09,27.5786
2005-03-10,27.5786
2005-03-11,27.5786
2005-03-12,27.5786
2005-03-13,27.5786
2005-03-14,27.5786
2005-03-15,27.5786
2005-03-16,27.5786
2005-03-17,27.5786
2005-03-18,27.5786
2005-03-19,27.5786
2005-03-20,27.5786
2005-03-21,27.5786
2005-03-22,27.5786
2005-03-23,27.5786
2005-03-24,27.5786
2005-03-25,27.5786
2005-03-26,27.5786
2005-03-27,27.5786
2005-03-28,27.5786
2005-03-29,27.5786
2005-03-30,27.5786
2005-03-31,27.5786
2005-04-01,27.5786
2005-04-02,27.5786
2005-04-03,27.5786
2005-04-04,27.5786
2005-04-05,27.5786
2005-04-06,27.5786
2005-04-07,27.5786
2005-04-08,27.5786
2005-04-09,27.5786
2005-04-10,27.5786
2005-04-11,27.5786
2005-04-12,27.5786
2005-04-13,27.5786
2005-04-14,27.5786
2005-04-15,27.5786
2005-04-16,27.5786
2005-04-17,27.5786
2005-04-18,27.5786
2005-04-19,27.5786
2005-04-20,27.5786
2005-04-21,27.5786
2005-04-22,27.5786
2005-04-23,27.5786
2005-04-24,27.5786
2005-04-25,27.5786
2005-04-26,27.5786
2005-04-27,27.5786
2005-04-28,27.5786
2005-04-29,27.5786
2005-04-30,27.5786
2005-05-01,27.5786
2005-05-02,27.5786
2005-05-03,27.5786
2005-05-04,27.5786
2005-05-05,27.5786
2005-05-06,27.5786
2005-05-07,27.5786
2005-05-08,27.5786
2005-05-09,27.5786
2005-05-10,27.5786
2005-05-11,27.5786
2005-05-12,27.5786
2005-05-13,27.5786
2005-05-14,27.5786
2005-05-15,27.5786
2005-05-16,27.5786
2005-05-17,27.5786
2005-05-18,27.5786
2005-05-19,27.5786
2005-05-20,27.5786
2005-05-21,27.5786
2005-05-22,27.5786
2005-05-23,27.5786
2005-05-24,27.5786
2005-05-25,27.5786
2005-05-26,27.5786
2005-05-27,27.5786
2005-05-28,27.5786
2005-05-29,27.5786
2005-05-30,27.5786
2005-05-31,27.5786
2005-06-01,26.6093
2005-06-02,26.6093
2005-06-03,26.6093
2005-06-04,26.6093
2005-06-05,26.6093
2005-06-06,26.6093
2005-06-07,26.6093
2005-06-08,26.6093
2005-06-09,26.6093
2005-06-10,26.6093
2005-06-11,26.6093
2005-06-12,26.6093
2005-06-13,26.6093
2005-06-14,26.6093
2005-06-15,26.6093
2005-06-16,26.6093
2005-06-17,26.6093
2005-06-18,26.6093
2005-06-19,26.6093
2005-06-20,26.6093
2005-06-21,26.6093
2005-06-22,26.6093
2005-06-23,26.6093
2005-06-24,26.6093
2005-06-25,26.6093
2005-06-26,26.6093
2005-06-27,26.6093
2005-06-28,26.6093
2005-06-29,26.6093
2005-06-30,26.6093
2005-07-01,26.6093
2005-07-02,26.6093
2005-07-03,26.6093
2005-07-04,26.6093
2005-07-05,26.6093
2005-07-06,26.6093
2005-07-07,26.6093
2005-07-08,26.6093
2005-07-09,26.6093
2005-07-10,26.6093
2005-07-11,26.6093
2005-07-12,26.6093
2005-07-13,26.6093
2005-07-14,26.6093
2005-07-15,26.6093
2005-07-16,26.6093
2005-07-17,26.6093
2005-07-18,26.6093
2005-07-19,26.6093
2005-07-20,26.6093
2005-07-21,26.6093
2005-07-22,26.6093
2005-07-23,26.6093
2005-07-24,26.6093
2005-07-25,26.6093
2005-07-26,26.6093
2005-07-27,26.6093
2005-07-28,26.6093
2005-07-29,26.6093
2005-07-30,26.6093
2005-07-31,26.6093
2005-08-01,26.6093
2005-08-02,26.6093
2005-08-03,26.6093
2005-08-04,26.6093
2005-08-05,26.6093
2005-08-06,26.6093
2005-08-07,26.6093
2005-08-08,26.6093
2005-08-09,26.6093
2005-08-10,26.6093
2005-08-11,26.6093
2005-08-12,26.6093
2005-08-13,26.6093
2005-08-14,26.6093
2005-08-15,26.6093
2005-08-16,26.6093
2005-08-17,26.6093
2005-08-18,26.6093
2005-08-19,26.6093
2005-08-20,26.6093
2005-08-21,26.6093
2005-08-22,26.6093
2005-08-23,26.6093
2005-08-24,26.6093
2005-08-25,26.6093
2005-08-26,26.6093
2005-08-27,26.6093
2005-08-28,26.6093
2005-08-29,26.6093
2005-08-30,26.6093
2005-08-31,26.6093
2005-09-01,26.6093
2005-09-02,26.6093
2005-09-03,26.6093
2005-09-04,26.6093
2005-09-05,26.6093
2005-09-06,26.6093
2005-09-07,26.6093
2005-09-08,26.6093
2005-09-09,26.6093
2005-09-10,26.6093
2005-09-11,26.6093
2005-09-12,26.6093
2005-09-13,26.6093
2005-09-14,26.6093
2005-09-15,26.6093
2005-09-16,26.6093
2005-09-17,26.6093
2005-09-18,26.6093
2005-09-19,26.6093
2005-09-20,26.6093
2005-09-21,26.6093
2005-09-22,26.6093
2005-09-23,26.6093
2005-09-24,26.6093
2005-09-25,26.6093
2005-09-26,26.6093
2005-09-27,26.6093
2005-09-28,26.6093
2005-09-29,26.6093
2005-09-30,26.6093
2005-10-01,26.6093
2005-10-02,26.6093
2005-10-03,26.6093
2005-10-04,26.6093
2005-10-05,26.6093
2005-10-06,26.6093
2005-10-07,26.6093
2005-10-08,26.6093
2005-10-09,26.6093
2005-10-10,26.6093
2005-10-11,26.6093
2005-10-12,26.6093
2005-10-13,26.6093
2005-10-14,26.6093
2005-10-15,26.6093
2005-10-16,26.6093
2005-10-17,26.6093
2005-10-18,26.6093
2005-10-19,26.6093
2005-10-20,26.6093
2005-10-21,26.6093
2005-10-22,26.6093
2005-10-23,26.6093
2005-10-24,26.6093
2005-10-25,26.6093
2005-10-26,26.6093
2005-10-27,26.6093
2005-10-28,26.6093
2005-10-29,26.6093
2005-10-30,26.6093
2005-10-31,26.6093
2005-11-01,26.5986
2005-11-02,26.5986
2005-11-03,26.5986
2005-11-04,26.5986
2005-11-05,26.5986
2005-11-06,26.5986
2005-11-07,26.5986
2005-11-08,26.5986
2005-11-09,26.5986
2005-11-10,26.5986
2005-11-11,26.5986
2005-11-12,26.5986
2005-11-13,26.5986
2005-11-14,26.5986
2005-11-15,26.5986
2005-11-16,26.5986
2005-11-17,26.5986
2005-11-18,26.5986
2005-11-19,26.5986
2005-11-20,26.5986
2005-11-21,26.5986
2005-11-22,26.5986
2005-11-23,26.5986
2005-11-24,26.5986
2005-11-25,26.5986
2005-11-26,26.5986
2005-11-27,26.5986
2005-11-28,26.5986
2005-11-29,26.5986
2005-11-30,26.5986
2005-12-01,24.9986
2005-12-02,24.9986
2005-12-03,24.9986
2005-12-04,24.9986
2005-12-05,24.9986
2005-12-06,24.9986
2005-12-07,24.9986
2005-12-08,24.9986
2005-12-09,24.9986
2005-12-10,24.9986
2005-12-11,24.9986
2005-12-12,24.9986
2005-12-13,24.9986
2005-12-14,24.9986
2005-12-15,24.9986
2005-12-16,24.9986
2005-12-17,24.9986
2005-12-18,24.9986
2005-12-19,24.9986
2005-12-20,24.9986
2005-12-21,24.9986
2005-12-22,24.9986
2005-12-23,24.9986
2005-12-24,24.9986
2005-12-25,24.9986
2005-12-26,24.9986
2005-12-27,24.9986
2005-12-28,24.9986
2005-12-29,24.9986
2005-12-30,24.9986
2005-12-31,24.9986
2006-01-01,23.9
2006-01-02,23.9
2006-01-03,23.9
2006-01-04,23.9
2006-01-05,23.9
2006-01-06,23.9
2006-01-07,23.9
2006-01-08,23.9
2006-01-09,23.9
2006-01-10,23.9
2006-01-11,23.9
2006-01-12,23.9
2006-01-13,23.9
2006-01-14,23.9
2006-01-15,23.9
2006-01-16,23.9
2006-01-17,23.9
2006-01-18,23.9
2006-01-19,23.9
2006-01-20,23.9
2006-01-21,23.9
2006-01-22,23.9
2006-01-23,23.9
2006-01-24,23.9
2006-01-25,23.9
2006-01-26,23.9
2006-01-27,23.9
2006-01-28,23.9
2006-01-29,23.9
2006-01-30,23.9
2006-01-31,23.9
2006-02-01,23.34
2006-02-02,23.34
2006-02-03,23.34
2006-02-04,23.34
2006-02-05,23.34
2006-02-06,23.34
2006-02-07,23.34
2006-02-08,23.34
2006-02-09,23.34
2006-02-10,23.34
2006-02-11,23.34
2006-02-12,23.34
2006-02-13,23.34
2006-02-14,23.34
2006-02-15,23.34
2006-02-16,23.34
2006-02-17,23.34
2006-02-18,23.34
2006-02-19,23.34
2006-02-20,23.34
2006-02-21,23.34
2006-02-22,23.34
2006-02-23,23.34
2006-02-24,23.34
2006-02-25,23.34
2006-02-26,23.34
2006-02-27,23.34
2006-02-28,23.34
2006-03-01,23.31
2006-03-02,23.31
2006-03-03,23.31
2006-03-04,23.31
2006-03-05,23.31
2006-03-06,23.31
2006-03-07,23.31
2006-03-08,23.31
2006-03-09,23.31
2006-03-10,23.31
2006-03-11,23.31
2006-03-12,23.31
2006-03-13,23.31
2006-03-14,23.31
2006-03-15,23.31
2006-03-16,23.31
2006-03-17,23.31
2006-03-18,23.31
2006-03-19,23.31
2006-03-20,23.31
2006-03-21,23.31
2006-03-22,23.31
2006-03-23,23.31
2006-03-24,23.31
2006-03-25,23.31
2006-03-26,23.31
2006-03-27,23.31
2006-03-28,23.31
2006-03-29,23.31
2006-03-30,23.31
2006-03-31,23.31
2006-04-01,23.27
2006-04-02,23.27
2006-04-03,23.27
2006-04-04,23.27
2006-04-05,23.27
2006-04-06,23.27
2006-04-07,23.27
2006-04-08,23.27
2006-04-09,23.27
2006-04-10,23.27
2006-04-11,23.27
2006-04-12,23.27
2006-04-13,23.27
2006-04-14,23.27
2006-04-15,23.27
2006-04-16,23.27
2006-04-17,23.27
2006-04-18,23.27
2006-04-19,23.27
2006-04-20,23.27
2006-04-21,23.27
2006-04-22,23.27
2006-04-23,23.27
2006-04-24,23.27
2006-04-25,23.27
2006-04-26,23.27
2006-04-27,23.27
2006-04-28,23.27
2006-04-29,23.27
2006-04-30,23.27
2006-05-01,21.61
2006-05-02,21.61
2006-05-03,21.61
2006-05-04,21.61
2006-05-05,21.61
2006-05-06,21.61
2006-05-07,21.61
2006-05-08,21.61
2006-05-09,21.61
2006-05-10,21.61
2006-05-11,21.61
2006-05-12,21.61
2006-05-13,21.61
2006-05-14,21.61
2006-05-15,21.61
2006-05-16,21.61
2006-05-17,21.61
2006-05-18,21.61
2006-05-19,21.61
2006-05-20,21.61
2006-05-21,21.61
2006-05-22,21.61
2006-05-23,21.61
2006-05-24,21.61
2006-05-25,21.61
2006-05-26,21.61
2006-05-27,21.61
2006-05-28,21.61
2006-05-29,21.61
2006-05-30,21.61
2006-05-31,21.61
2006-06-01,23.7
2006-06-02,23.7
2006-06-03,23.7
2006-06-04,23.7
2006-06-05,23.7
2006-06-06,23.7
2006-06-07,23.7
2006-06-08,23.7
2006-06-09,23.7
2006-06-10,23.7
2006-06-11,23.7
2006-06-12,23.7
2006-06-13,23.7
2006-06-14,23.7
2006-06-15,23.7
2006-06-16,23.7
2006-06-17,23.7
2006-06-18,23.7
2006-06-19,23.7
2006-06-20,23.7
2006-06-21,23.7
2006-06-22,23.7
2006-06-23,23.7
2006-06-24,23.7
2006-06-25,23.7
2006-06-26,23.7
2006-06-27,23.7
2006-06-28,23.7
2006-06-29,23.7
2006-06-30,23.7
2006-07-01,22.71
2006-07-02,22.71
2006-07-03,22.71
2006-07-04,22.71
2006-07-05,22.71
2006-07-06,22.71
2006-07-07,22.71
2006-07-08,22.71
2006-07-09,22.71
2006-07-10,22.71
2006-07-11,22.71
2006-07-12,22.71
2006-07-13,22.71
2006-07-14,22.71
2006-07-15,22.71
2006-07-16,22.71
2006-07-17,22.71
2006-07-18,22.71
2006-07-19,22.71
2006-07-20,22.71
2006-07-21,22.71
2006-07-22,22.71
2006-07-23,22.71
2006-07-24,22.71
2006-07-25,22.71
2006-07-26,22.71
2006-07-27,22.71
2006-07-28,22.71
2006-07-29,22.71
2006-07-30,22.71
2006-07-31,22.71
2006-08-01,23.77
2006-08-02,23.77
2006-08-03,23.77
2006-08-04,23.77
2006-08-05,23.77
2006-08-06,23.77
2006-08-07,23.77
2006-08-08,23.77
2006-08-09,23.77
2006-08-10,23.77
2006-08-11,23.77
2006-08-12,23.77
2006-08-13,23.77
2006-08-14,23.77
2006-08-15,23.77
2006-08-16,23.77
2006-08-17,23.77
2006-08-18,23.77
2006-08-19,23.77
2006-08-20,23.77
2006-08-21,23.77
2006-08-22,23.77
2006-08-23,23.77
2006-08-24,23.77
2006-08-25,23.77
2006-08-26,23.77
2006-08-27,23.77
2006-08-28,23.77
2006-08-29,23.77
2006-08-30,23.77
2006-08-31,23.77
2006-09-01,24.88
2006-09-02,24.88
2006-09-03,24.88
2006-09-04,24.88
2006-09-05,24.88
2006-09-06,24.88
2006-09-07,24.88
2006-09-08,24.88
2006-09-09,24.88
2006-09-10,24.88
2006-09-11,24.88
2006-09-12,24.88
2006-09-13,24.88
2006-09-14,24.88
2006-09-15,24.88
2006-09-16,24.88
2006-09-17,24.88
2006-09-18,24.88
2006-09-19,24.88
2006-09-20,24.88
2006-09-21,24.88
2006-09-22,24.88
2006-09-23,24.88
2006-09-24,24.88
2006-09-25,24.88
2006-09-26,24.88
2006-09-27,24.88
2006-09-28,24.88
2006-09-29,24.88
2006-09-30,24.88
2006-10-01,23.53
2006-10-02,23.53
2006-10-03,23.53
2006-10-04,23.53
2006-10-05,23.53
2006-10-06,23.53
2006-10-07,23.53
2006-10-08,23.53
2006-10-09,23.53
2006-10-10,23.53
2006-10-11,23.53
2006-10-12,23.53
2006-10-13,23.53
2006-10-14,23.53
2006-10-15,23.53
2006-10-16,23.53
2006-10-17,23.53
2006-10-18,23.53
2006-10-19,23.53
2006-10-20,23.53
2006-10-21,23.53
2006-10-22,23.53
2006-10-23,23.53
2006-10-24,23.53
2006-10-25,23.53
2006-10-26,23.53
2006-10-27,23.53
2006-10-28,23.53
2006-10-29,23.53
2006-10-30,23.53
2006-10-31,23.53
2006-11-01,24.33
2006-11-02,24.33
2006-11-03,24.33
2006-11-04,24.33
2006-11-05,24.33
2006-11-06,24.33
2006-11-07,24.33
2006-11-08,24.33
2006-11-09,24.33
2006-11-10,24.33
2006-11-11,24.33
2006-11-12,24.33
2006-11-13,24.33
2006-11-14,24.33
2006-11-15,24.33
2006-11-16,24.33
2006-11-17,24.33
2006-11-18,24.33
2006-11-19,24.33
2006-11-20,24.33
2006-11-21,24.33
2006-11-22,24.33
2006-11-23,24.33
2006-11-24,24.33
2006-11-25,24.33
2006-11-26,24.33
2006-11-27,24.33
2006-11-28,24.33
2006-11-29,24.33
2006-11-30,24.33
2006-12-01,23.86
2006-12-02,23.86
2006-12-03,23.86
2006-12-04,23.86
2006-12-05,23.86
2006-12-06,23.86
2006-12-07,23.86
2006-12-08,23.86
2006-12-09,23.86
2006-12-10,23.86
2006-12-11,23.86
2006-12-12,23.86
2006-12-13,23.86
2006-12-14,23.86
2006-12-15,23.86
2006-12-16,23.86
2006-12-17,23.86
2006-12-18,23.86
2006-12-19,23.86
2006-12-20,23.86
2006-12-21,23.86
2006-12-22,23.86
2006-12-23,23.86
2006-12-24,23.86
2006-12-25,23.86
2006-12-26,23.86
2006-12-27,23.86
2006-12-28,23.86
2006-12-29,23.86
2006-12-30,23.86
2006-12-31,23.86
2007-01-01,26.79
2007-01-02,26.79
2007-01-03,26.79
2007-01-04,26.79
2007-01-05,26.79
2007-01-06,26.79
2007-01-07,26.79
2007-01-08,26.79
2007-01-09,26.79
2007-01-10,26.79
2007-01-11,26.79
2007-01-12,26.79
2007-01-13,26.79
2007-01-14,26.79
2007-01-15,26.79
2007-01-16,26.79
2007-01-17,26.79
2007-01-18,26.79
2007-01-19,26.79
2007-01-20,26.79
2007-01-21,26.79
2007-01-22,26.79
2007-01-23,26.79
2007-01-24,26.79
2007-01-25,26.79
2007-01-26,26.79
2007-01-27,26.79
2007-01-28,26.79
2007-01-29,26.79
2007-01-30,26.79
2007-01-31,26.79
2007-02-01,26.34
2007-02-02,26.34
2007-02-03,26.34
2007-02-04,26.34
2007-02-05,26.34
2007-02-06,26.34
2007-02-07,26.34
2007-02-08,26.34
2007-02-09,26.34
2007-02-10,26.34
2007-02-11,26.34
2007-02-12,26.34
2007-02-13,26.34
2007-02-14,26.34
2007-02-15,26.34
2007-02-16,26.34
2007-02-17,26.34
2007-02-18,26.34
2007-02-19,26.34
2007-02-20,26.34
2007-02-21,26.34
2007-02-22,26.34
2007-02-23,26.34
2007-02-24,26.34
2007-02-25,26.34
2007-02-26,26.34
2007-02-27,26.34
2007-02-28,26.34
2007-03-01,26.5
2007-03-02,26.5
2007-03-03,26.5
2007-03-04,26.5
2007-03-05,26.5
2007-03-06,26.5
2007-03-07,26.5
2007-03-08,26.5
2007-03-09,26.5
2007-03-10,26.5
2007-03-11,26.5
2007-03-12,26.5
2007-03-13,26.5
2007-03-14,26.5
2007-03-15,26.5
2007-03-16,26.5
2007-03-17,26.5
2007-03-18,26.5
2007-03-19,26.5
2007-03-20,26.5
2007-03-21,26.5
2007-03-22,26.5
2007-03-23,26.5
2007-03-24,26.5
2007-03-25,26.5
2007-03-26,26.5
2007-03-27,26.5
2007-03-28,26.5
2007-03-29,26.5
2007-03-30,26.5
2007-03-31,26.5
2007-04-01,24.98
2007-04-02,24.98
2007-04-03,24.98
2007-04-04,24.98
2007-04-05,24.98
2007-04-06,24.98
2007-04-07,24.98
2007-04-08,24.98
2007-04-09,24.98
2007-04-10,24.98
2007-04-11,24.98
2007-04-12,24.98
2007-04-13,24.98
2007-04-14,24.98
2007-04-15,24.98
2007-04-16,24.98
2007-04-17,24.98
2007-04-18,24.98
2007-04-19,24.98
2007-04-20,24.98
2007-04-21,24.98
2007-04-22,24.98
2007-04-23,24.98
2007-04-24,24.98
2007-04-25,24.98
2007-04-26,24.98
2007-04-27,24.98
2007-04-28,24.98
2007-04-29,24.98
2007-04-30,24.98
2007-05-01,25.79
2007-05-02,25.79
2007-05-03,25.79
2007-05-04,25.79
2007-05-05,25.79
2007-05-06,25.79
2007-05-07,25.79
2007-05-08,25.79
2007-05-09,25.79
2007-05-10,25.79
2007-05-11,25.79
2007-05-12,25.79
2007-05-13,25.79
2007-05-14,25.79
2007-05-15,25.79
2007-05-16,25.79
2007-05-17,25.79
2007-05-18,25.79
2007-05-19,25.79
2007-05-20,25.79
2007-05-21,25.79
2007-05-22,25.79
2007-05-23,25.79
2007-05-24,25.79
2007-05-25,25.79
2007-05-26,25.79
2007-05-27,25.79
2007-05-28,25.79
2007-05-29,25.79
2007-05-30,25.79
2007-05-31,25.79
2007-06-01,25.87
2007-06-02,25.87
2007-06-03,25.87
2007-06-04,25.87
2007-06-05,25.87
2007-06-06,25.87
2007-06-07,25.87
2007-06-08,25.87
2007-06-09,25.87
2007-06-10,25.87
2007-06-11,25.87
2007-06-12,25.87
2007-06-13,25.87
2007-06-14,25.87
2007-06-15,25.87
2007-06-16,25.87
2007-06-17,25.87
2007-06-18,25.87
2007-06-19,25.87
2007-06-20,25.87
2007-06-21,25.87
2007-06-22,25.87
2007-06-23,25.87
2007-06-24,25.87
2007-06-25,25.87
2007-06-26,25.87
2007-06-27,25.87
2007-06-28,25.87
2007-06-29,25.87
2007-06-30,25.87
2007-07-01,23.28
2007-07-02,23.28
2007-07-03,23.28
2007-07-04,23.28
2007-07-05,23.28
2007-07-06,23.28
2007-07-07,23.28
2007-07-08,23.28
2007-07-09,23.28
2007-07-10,23.28
2007-07-11,23.28
2007-07-12,23.28
2007-07-13,23.28
2007-07-14,23.28
2007-07-15,23.28
2007-07-16,23.28
2007-07-17,23.28
2007-07-18,23.28
2007-07-19,23.28
2007-07-20,23.28
2007-07-21,23.28
2007-07-22,23.28
2007-07-23,23.28
2007-07-24,23.28
2007-07-25,23.28
2007-07-26,23.28
2007-07-27,23.28
2007-07-28,23.28
2007-07-29,23.28
2007-07-30,23.28
2007-07-31,23.28
2007-08-01,23.96
2007-08-02,23.96
2007-08-03,23.96
2007-08-04,23.96
2007-08-05,23.96
2007-08-06,23.96
2007-08-07,23.96
2007-08-08,23.96
2007-08-09,23.96
2007-08-10,23.96
2007-08-11,23.96
2007-08-12,23.96
2007-08-13,23.96
2007-08-14,23.96
2007-08-15,23.96
2007-08-16,23.96
2007-08-17,23.96
2007-08-18,23.96
2007-08-19,23.96
2007-08-20,23.96
2007-08-21,23.96
2007-08-22,23.96
2007-08-23,23.96
2007-08-24,23.96
2007-08-25,23.96
2007-08-26,23.96
2007-08-27,23.96
2007-08-28,23.96
2007-08-29,23.96
2007-08-30,23.96
2007-08-31,23.96
2007-09-01,25.2
2007-09-02,25.2
2007-09-03,25.2
2007-09-04,25.2
2007-09-05,25.2
2007-09-06,25.2
2007-09-07,25.2
2007-09-08,25.2
2007-09-09,25.2
2007-09-10,25.2
2007-09-11,25.2
2007-09-12,25.2
2007-09-13,25.2
2007-09-14,25.2
2007-09-15,25.2
2007-09-16,25.2
2007-09-17,25.2
2007-09-18,25.2
2007-09-19,25.2
2007-09-20,25.2
2007-09-21,25.2
2007-09-22,25.2
2007-09-23,25.2
2007-09-24,25.2
2007-09-25,25.2
2007-09-26,25.2
2007-09-27,25.2
2007-09-28,25.2
2007-09-29,25.2
2007-09-30,25.2
2007-10-01,26.69
2007-10-02,26.69
2007-10-03,26.69
2007-10-04,26.69
2007-10-05,26.69
2007-10-06,26.69
2007-10-07,26.69
2007-10-08,26.69
2007-10-09,26.69
2007-10-10,26.69
2007-10-11,26.69
2007-10-12,26.69
2007-10-13,26.69
2007-10-14,26.69
2007-10-15,26.69
2007-10-16,26.69
2007-10-17,26.69
2007-10-18,26.69
2007-10-19,26.69
2007-10-20,26.69
2007-10-21,26.69
2007-10-22,26.69
2007-10-23,26.69
2007-10-24,26.69
2007-10-25,26.69
2007-10-26,26.69
2007-10-27,26.69
2007-10-28,26.69
2007-10-29,26.69
2007-10-30,26.69
2007-10-31,26.69
2007-11-01,24.91
2007-11-02,24.91
2007-11-03,24.91
2007-11-04,24.91
2007-11-05,24.91
2007-11-06,24.91
2007-11-07,24.91
2007-11-08,24.91
2007-11-09,24.91
2007-11-10,24.91
2007-11-11,24.91
2007-11-12,24.91
2007-11-13,24.91
2007-11-14,24.91
2007-11-15,24.91
2007-11-16,24.91
2007-11-17,24.91
2007-11-18,24.91
2007-11-19,24.91
2007-11-20,24.91
2007-11-21,24.91
2007-11-22,24.91
2007-11-23,24.91
2007-11-24,24.91
2007-11-25,24.91
2007-11-26,24.91
2007-11-27,24.91
2007-11-28,24.91
2007-11-29,24.91
2007-11-30,24.91
2007-12-01,24.39
2007-12-02,24.39
2007-12-03,24.39
2007-12-04,24.39
2007-12-05,24.39
2007-12-06,24.39
2007-12-07,24.39
2007-12-08,24.39
2007-12-09,24.39
2007-12-10,24.39
2007-12-11,24.39
2007-12-12,24.39
2007-12-13,24.39
2007-12-14,24.39
2007-12-15,24.39
2007-12-16,24.39
2007-12-17,24.39
2007-12-18,24.39
2007-12-19,24.39
2007-12-20,24.39
2007-12-21,24.39
2007-12-22,24.39
2007-12-23,24.39
2007-12-24,24.39
2007-12-25,24.39
2007-12-26,24.39
2007-12-27,24.39
2007-12-28,24.39
2007-12-29,24.39
2007-12-30,24.39
2007-12-31,24.39
2008-01-01,21.54
2008-01-02,21.54
2008-01-03,21.54
2008-01-04,21.54
2008-01-05,21.54
2008-01-06,21.54
2008-01-07,21.54
2008-01-08,21.54
2008-01-09,21.54
2008-01-10,21.54
2008-01-11,21.54
2008-01-12,21.54
2008-01-13,21.54
2008-01-14,21.54
2008-01-15,21.54
2008-01-16,21.54
2008-01-17,21.54
2008-01-18,21.54
2008-01-19,21.54
2008-01-20,21.54
2008-01-21,21.54
2008-01-22,21.54
2008-01-23,21.54
2008-01-24,21.54
2008-01-25,21.54
2008-01-26,21.54
2008-01-27,21.54
2008-01-28,21.54
2008-01-29,21.54
2008-01-30,21.54
2008-01-31,21.54
2008-02-01,20.42
2008-02-02,20.42
2008-02-03,20.42
2008-02-04,20.42
2008-02-05,20.42
2008-02-06,20.42
2008-02-07,20.42
2008-02-08,20.42
2008-02-09,20.42
2008-02-10,20.42
2008-02-11,20.42
2008-02-12,20.42
2008-02-13,20.42
2008-02-14,20.42
2008-02-15,20.42
2008-02-16,20.42
2008-02-17,20.42
2008-02-18,20.42
2008-02-19,20.42
2008-02-20,20.42
2008-02-21,20.42
2008-02-22,20.42
2008-02-23,20.42
2008-02-24,20.42
2008-02-25,20.42
2008-02-26,20.42
2008-02-27,20.42
2008-02-28,20.42
2008-02-29,20.42
2008-03-01,20.48
2008-03-02,20.48
2008-03-03,20.48
2008-03-04,20.48
2008-03-05,20.48
2008-03-06,20.48
2008-03-07,20.48
2008-03-08,20.48
2008-03-09,20.48
2008-03-10,20.48
2008-03-11,20.48
2008-03-12,20.48
2008-03-13,20.48
2008-03-14,20.48
2008-03-15,20.48
2008-03-16,20.48
2008-03-17,20.48
2008-03-18,20.48
2008-03-19,20.48
2008-03-20,20.48
2008-03-21,20.48
2008-03-22,20.48
2008-03-23,20.48
2008-03-24,20.48
2008-03-25,20.48
2008-03-26,20.48
2008-03-27,20.48
2008-03-28,20.48
2008-03-29,20.48
2008-03-30,20.48
2008-03-31,20.48
2008-04-01,22.04
2008-04-02,22.04
2008-04-03,22.04
2008-04-04,22.04
2008-04-05,22.04
2008-04-06,22.04
2008-04-07,22.04
2008-04-08,22.04
2008-04-09,22.04
2008-04-10,22.04
2008-04-11,22.04
2008-04-12,22.04
2008-04-13,22.04
2008-04-14,22.04
2008-04-15,22.04
2008-04-16,22.04
2008-04-17,22.04
2008-04-18,22.04
2008-04-19,22.04
2008-04-20,22.04
2008-04-21,22.04
2008-04-22,22.04
2008-04-23,22.04
2008-04-24,22.04
2008-04-25,22.04
2008-04-26,22.04
2008-04-27,22.04
2008-04-28,22.04
2008-04-29,22.04
2008-04-30,22.04
2008-05-01,23.36
2008-05-02,23.36
2008-05-03,23.36
2008-05-04,23.36
2008-05-05,23.36
2008-05-06,23.36
2008-05-07,23.36
2008-05-08,23.36
2008-05-09,23.36
2008-05-10,23.36
2008-05-11,23.36
2008-05-12,23.36
2008-05-13,23.36
2008-05-14,23.36
2008-05-15,23.36
2008-05-16,23.36
2008-05-17,23.36
2008-05-18,23.36
2008-05-19,23.36
2008-05-20,23.36
2008-05-21,23.36
2008-05-22,23.36
2008-05-23,23.36
2008-05-24,23.36
2008-05-25,23.36
2008-05-26,23.36
2008-05-27,23.36
2008-05-28,23.36
2008-05-29,23.36
2008-05-30,23.36
2008-05-31,23.36
2008-06-01,21.16
2008-06-02,21.16
2008-06-03,21.16
2008-06-04,21.16
2008-06-05,21.16
2008-06-06,21.16
2008-06-07,21.16
2008-06-08,21.16
2008-06-09,21.16
2008-06-10,21.16
2008-06-11,21.16
2008-06-12,21.16
2008-06-13,21.16
2008-06-14,21.16
2008-06-15,21.16
2008-06-16,21.16
2008-06-17,21.16
2008-06-18,21.16
2008-06-19,21.16
2008-06-20,21.16
2008-06-21,21.16
2008-06-22,21.16
2008-06-23,21.16
2008-06-24,21.16
2008-06-25,21.16
2008-06-26,21.16
2008-06-27,21.16
2008-06-28,21.16
2008-06-29,21.16
2008-06-30,21.16
2008-07-01,21.3
2008-07-02,21.3
2008-07-03,21.3
2008-07-04,21.3
2008-07-05,21.3
2008-07-06,21.3
2008-07-07,21.3
2008-07-08,21.3
2008-07-09,21.3
2008-07-10,21.3
2008-07-11,21.3
2008-07-12,21.3
2008-07-13,21.3
2008-07-14,21.3
2008-07-15,21.3
2008-07-16,21.3
2008-07-17,21.3
2008-07-18,21.3
2008-07-19,21.3
2008-07-20,21.3
2008-07-21,21.3
2008-07-22,21.3
2008-07-23,21.3
2008-07-24,21.3
2008-07-25,21.3
2008-07-26,21.3
2008-07-27,21.3
2008-07-28,21.3
2008-07-29,21.3
2008-07-30,21.3
2008-07-31,21.3
2008-08-01,21.57
2008-08-02,21.57
2008-08-03,21.57
2008-08-04,21.57
2008-08-05,21.57
2008-08-06,21.57
2008-08-07,21.57
2008-08-08,21.57
2008-08-09,21.57
2008-08-10,21.57
2008-08-11,21.57
2008-08-12,21.57
2008-08-13,21.57
2008-08-14,21.57
2008-08-15,21.57
2008-08-16,21.57
2008-08-17,21.57
2008-08-18,21.57
2008-08-19,21.57
2008-08-20,21.57
2008-08-21,21.57
2008-08-22,21.57
2008-08-23,21.57
2008-08-24,21.57
2008-08-25,21.57
2008-08-26,21.57
2008-08-27,21.57
2008-08-28,21.57
2008-08-29,21.57
2008-08-30,21.57
2008-08-31,21.57
2008-09-01,19.13
2008-09-02,19.13
2008-09-03,19.13
2008-09-04,19.13
2008-09-05,19.13
2008-09-06,19.13
2008-09-07,19.13
2008-09-08,19.13
2008-09-09,19.13
2008-09-10,19.13
2008-09-11,19.13
2008-09-12,19.13
2008-09-13,19.13
2008-09-14,19.13
2008-09-15,19.13
2008-09-16,19.13
2008-09-17,19.13
2008-09-18,19.13
2008-09-19,19.13
2008-09-20,19.13
2008-09-21,19.13
2008-09-22,19.13
2008-09-23,19.13
2008-09-24,19.13
2008-09-25,19.13
2008-09-26,19.13
2008-09-27,19.13
2008-09-28,19.13
2008-09-29,19.13
2008-09-30,19.13
2008-10-01,16.01
2008-10-02,16.01
2008-10-03,16.01
2008-10-04,16.01
2008-10-05,16.01
2008-10-06,16.01
2008-10-07,16.01
2008-10-08,16.01
2008-10-09,16.01
2008-10-10,16.01
2008-10-11,16.01
2008-10-12,16.01
2008-10-13,16.01
2008-10-14,16.01
2008-10-15,16.01
2008-10-16,16.01
2008-10-17,16.01
2008-10-18,16.01
2008-10-19,16.01
2008-10-20,16.01
2008-10-21,16.01
2008-10-22,16.01
2008-10-23,16.01
2008-10-24,16.01
2008-10-25,16.01
2008-10-26,16.01
2008-10-27,16.01
2008-10-28,16.01
2008-10-29,16.01
2008-10-30,16.01
2008-10-31,16.01
2008-11-01,14.22
2008-11-02,14.22
2008-11-03,14.22
2008-11-04,14.22
2008-11-05,14.22
2008-11-06,14.22
2008-11-07,14.22
2008-11-08,14.22
2008-11-09,14.22
2008-11-10,14.22
2008-11-11,14.22
2008-11-12,14.22
2008-11-13,14.22
2008-11-14,14.22
2008-11-15,14.22
2008-11-16,14.22
2008-11-17,14.22
2008-11-18,14.22
2008-11-19,14.22
2008-11-20,14.22
2008-11-21,14.22
2008-11-22,14.22
2008-11-23,14.22
2008-11-24,14.22
2008-11-25,14.22
2008-11-26,14.22
2008-11-27,14.22
2008-11-28,14.22
2008-11-29,14.22
2008-11-30,14.22
2008-12-01,18.48
2008-12-02,18.48
2008-12-03,18.48
2008-12-04,18.48
2008-12-05,18.48
2008-12-06,18.48
2008-12-07,18.48
2008-12-08,18.48
2008-12-09,18.48
2008-12-10,18.48
2008-12-11,18.48
2008-12-12,18.48
2008-12-13,18.48
2008-12-14,18.48
2008-12-15,18.48
2008-12-16,18.48
2008-12-17,18.48
2008-12-18,18.48
2008-12-19,18.48
2008-12-20,18.48
2008-12-21,18.48
2008-12-22,18.48
2008-12-23,18.48
2008-12-24,18.48
2008-12-25,18.48
2008-12-26,18.48
2008-12-27,18.48
2008-12-28,18.48
2008-12-29,18.48
2008-12-30,18.48
2008-12-31,18.48
2009-01-01,18.0
2009-01-02,18.0
2009-01-03,18.0
2009-01-04,18.0
2009-01-05,18.0
2009-01-06,18.0
2009-01-07,18.0
2009-01-08,18.0
2009-01-09,18.0
2009-01-10,18.0
2009-01-11,18.0
2009-01-12,18.0
2009-01-13,18.0
2009-01-14,18.0
2009-01-15,18.0
2009-01-16,18.0
2009-01-17,18.0
2009-01-18,18.0
2009-01-19,18.0
2009-01-20,18.0
2009-01-21,18.0
2009-01-22,18.0
2009-01-23,18.0
2009-01-24,18.0
2009-01-25,18.0
2009-01-26,18.0
2009-01-27,18.0
2009-01-28,18.0
2009-01-29,18.0
2009-01-30,18.0
2009-01-31,18.0
2009-02-01,17.03
2009-02-02,17.03
2009-02-03,17.03
2009-02-04,17.03
2009-02-05,17.03
2009-02-06,17.03
2009-02-07,17.03
2009-02-08,17.03
2009-02-09,17.03
2009-02-10,17.03
2009-02-11,17.03
2009-02-12,17.03
2009-02-13,17.03
2009-02-14,17.03
2009-02-15,17.03
2009-02-16,17.03
2009-02-17,17.03
2009-02-18,17.03
2009-02-19,17.03
2009-02-20,17.03
2009-02-21,17.03
2009-02-22,17.03
2009-02-23,17.03
2009-02-24,17.03
2009-02-25,17.03
2009-02-26,17.03
2009-02-27,17.03
2009-02-28,17.03
2009-03-01,21.16
2009-03-02,21.16
2009-03-03,21.16
2009-03-04,21.16
2009-03-05,21.16
2009-03-06,21.16
2009-03-07,21.16
2009-03-08,21.16
2009-03-09,21.16
2009-03-10,21.16
2009-03-11,21.16
2009-03-12,21.16
2009-03-13,21.16
2009-03-14,21.16
2009-03-15,21.16
2009-03-16,21.16
2009-03-17,21.16
2009-03-18,21.16
2009-03-19,21.16
2009-03-20,21.16
2009-03-21,21.16
2009-03-22,21.16
2009-03-23,21.16
2009-03-24,21.16
2009-03-25,21.16
2009-03-26,21.16
2009-03-27,21.16
2009-03-28,21.16
2009-03-29,21.16
2009-03-30,21.16
2009-03-31,21.16
2009-04-01,23.85
2009-04-02,23.85
2009-04-03,23.85
2009-04-04,23.85
2009-04-05,23.85
2009-04-06,23.85
2009-04-07,23.85
2009-04-08,23.85
2009-04-09,23.85
2009-04-10,23.85
2009-04-11,23.85
2009-04-12,23.85
2009-04-13,23.85
2009-04-14,23.85
2009-04-15,23.85
2009-04-16,23.85
2009-04-17,23.85
2009-04-18,23.85
2009-04-19,23.85
2009-04-20,23.85
2009-04-21,23.85
2009-04-22,23.85
2009-04-23,23.85
2009-04-24,23.85
2009-04-25,23.85
2009-04-26,23.85
2009-04-27,23.85
2009-04-28,23.85
2009-04-29,23.85
2009-04-30,23.85
2009-05-01,24.56
2009-05-02,24.56
2009-05-03,24.56
2009-05-04,24.56
2009-05-05,24.56
2009-05-06,24.56
2009-05-07,24.56
2009-05-08,24.56
2009-05-09,24.56
2009-05-10,24.56
2009-05-11,24.56
2009-05-12,24.56
2009-05-13,24.56
2009-05-14,24.56
2009-05-15,24.56
2009-05-16,24.56
2009-05-17,24.56
2009-05-18,24.56
2009-05-19,24.56
2009-05-20,24.56
2009-05-21,24.56
2009-05-22,24.56
2009-05-23,24.56
2009-05-24,24.56
2009-05-25,24.56
2009-05-26,24.56
2009-05-27,24.56
2009-05-28,24.56
2009-05-29,24.56
2009-05-30,24.56
2009-05-31,24.56
2009-06-01,29.59
2009-06-02,29.59
2009-06-03,29.59
2009-06-04,29.59
2009-06-05,29.59
2009-06-06,29.59
2009-06-07,29.59
2009-06-08,29.59
2009-06-09,29.59
2009-06-10,29.59
2009-06-11,29.59
2009-06-12,29.59
2009-06-13,29.59
2009-06-14,29.59
2009-06-15,29.59
2009-06-16,29.59
2009-06-17,29.59
2009-06-18,29.59
2009-06-19,29.59
2009-06-20,29.59
2009-06-21,29.59
2009-06-22,29.59
2009-06-23,29.59
2009-06-24,29.59
2009-06-25,29.59
2009-06-26,29.59
2009-06-27,29.59
2009-06-28,29.59
2009-06-29,29.59
2009-06-30,29.59
2009-07-01,32.11
2009-07-02,32.11
2009-07-03,32.11
2009-07-04,32.11
2009-07-05,32.11
2009-07-06,32.11
2009-07-07,32.11
2009-07-08,32.11
2009-07-09,32.11
2009-07-10,32.11
2009-07-11,32.11
2009-07-12,32.11
2009-07-13,32.11
2009-07-14,32.11
2009-07-15,32.11
2009-07-16,32.11
2009-07-17,32.11
2009-07-18,32.11
2009-07-19,32.11
2009-07-20,32.11
2009-07-21,32.11
2009-07-22,32.11
2009-07-23,32.11
2009-07-24,32.11
2009-07-25,32.11
2009-07-26,32.11
2009-07-27,32.11
2009-07-28,32.11
2009-07-29,32.11
2009-07-30,32.11
2009-07-31,32.11
2009-08-01,32.55
2009-08-02,32.55
2009-08-03,32.55
2009-08-04,32.55
2009-08-05,32.55
2009-08-06,32.55
2009-08-07,32.55
2009-08-08,32.55
2009-08-09,32.55
2009-08-10,32.55
2009-08-11,32.55
2009-08-12,32.55
2009-08-13,32.55
2009-08-14,32.55
2009-08-15,32.55
2009-08-16,32.55
2009-08-17,32.55
2009-08-18,32.55
2009-08-19,32.55
2009-08-20,32.55
2009-08-21,32.55
2009-08-22,32.55
2009-08-23,32.55
2009-08-24,32.55
2009-08-25,32.55
2009-08-26,32.55
2009-08-27,32.55
2009-08-28,32.55
2009-08-29,32.55
2009-08-30,32.55
2009-08-31,32.55
2009-09-01,32.63
2009-09-02,32.63
2009-09-03,32.63
2009-09-04,32.63
2009-09-05,32.63
2009-09-06,32.63
2009-09-07,32.63
2009-09-08,32.63
2009-09-09,32.63
2009-09-10,32.63
2009-09-11,32.63
2009-09-12,32.63
2009-09-13,32.63
2009-09-14,32.63
2009-09-15,32.63
2009-09-16,32.63
2009-09-17,32.63
2009-09-18,32.63
2009-09-19,32.63
2009-09-20,32.63
2009-09-21,32.63
2009-09-22,32.63
2009-09-23,32.63
2009-09-24,32.63
2009-09-25,32.63
2009-09-26,32.63
2009-09-27,32.63
2009-09-28,32.63
2009-09-29,32.63
2009-09-30,32.63
2009-10-01,31.65
2009-10-02,31.65
2009-10-03,31.65
2009-10-04,31.65
2009-10-05,31.65
2009-10-06,31.65
2009-10-07,31.65
2009-10-08,31.65
2009-10-09,31.65
2009-10-10,31.65
2009-10-11,31.65
2009-10-12,31.65
2009-10-13,31.65
2009-10-14,31.65
2009-10-15,31.65
2009-10-16,31.65
2009-10-17,31.65
2009-10-18,31.65
2009-10-19,31.65
2009-10-20,31.65
2009-10-21,31.65
2009-10-22,31.65
2009-10-23,31.65
2009-10-24,31.65
2009-10-25,31.65
2009-10-26,31.65
2009-10-27,31.65
2009-10-28,31.65
2009-10-29,31.65
2009-10-30,31.65
2009-10-31,31.65
2009-11-01,33.55
2009-11-02,33.55
2009-11-03,33.55
2009-11-04,33.55
2009-11-05,33.55
2009-11-06,33.55
2009-11-07,33.55
2009-11-08,33.55
2009-11-09,33.55
2009-11-10,33.55
2009-11-11,33.55
2009-11-12,33.55
2009-11-13,33.55
2009-11-14,33.55
2009-11-15,33.55
2009-11-16,33.55
2009-11-17,33.55
2009-11-18,33.55
2009-11-19,33.55
2009-11-20,33.55
2009-11-21,33.55
2009-11-22,33.55
2009-11-23,33.55
2009-11-24,33.55
2009-11-25,33.55
2009-11-26,33.55
2009-11-27,33.55
2009-11-28,33.55
2009-11-29,33.55
2009-11-30,33.55
2009-12-01,18.64
2009-12-02,18.64
2009-12-03,18.64
2009-12-04,18.64
2009-12-05,18.64
2009-12-06,18.64
2009-12-07,18.64
2009-12-08,18.64
2009-12-09,18.64
2009-12-10,18.64
2009-12-11,18.64
2009-12-12,18.64
2009-12-13,18.64
2009-12-14,18.64
2009-12-15,18.64
2009-12-16,18.64
2009-12-17,18.64
2009-12-18,18.64
2009-12-19,18.64
2009-12-20,18.64
2009-12-21,18.64
2009-12-22,18.64
2009-12-23,18.64
2009-12-24,18.64
2009-12-25,18.64
2009-12-26,18.64
2009-12-27,18.64
2009-12-28,18.64
2009-12-29,18.64
2009-12-30,18.64
2009-12-31,18.64
2010-01-01,17.45
2010-01-02,17.45
2010-01-03,17.45
2010-01-04,17.45
2010-01-05,17.45
2010-01-06,17.45
2010-01-07,17.45
2010-01-08,17.45
2010-01-09,17.45
2010-01-10,17.45
2010-01-11,17.45
2010-01-12,17.45
2010-01-13,17.45
2010-01-14,17.45
2010-01-15,17.45
2010-01-16,17.45
2010-01-17,17.45
2010-01-18,17.45
2010-01-19,17.45
2010-01-20,17.45
2010-01-21,17.45
2010-01-22,17.45
2010-01-23,17.45
2010-01-24,17.45
2010-01-25,17.45
2010-01-26,17.45
2010-01-27,17.45
2010-01-28,17.45
2010-01-29,17.45
2010-01-30,17.45
2010-01-31,17.45
2010-02-01,18.23
2010-02-02,18.23
2010-02-03,18.23
2010-02-04,18.23
2010-02-05,18.23
2010-02-06,18.23
2010-02-07,18.23
2010-02-08,18.23
2010-02-09,18.23
2010-02-10,18.23
2010-02-11,18.23
2010-02-12,18.23
2010-02-13,18.23
2010-02-14,18.23
2010-02-15,18.23
2010-02-16,18.23
2010-02-17,18.23
2010-02-18,18.23
2010-02-19,18.23
2010-02-20,18.23
2010-02-21,18.23
2010-02-22,18.23
2010-02-23,18.23
2010-02-24,18.23
2010-02-25,18.23
2010-02-26,18.23
2010-02-27,18.23
2010-02-28,18.23
2010-03-01,16.29
2010-03-02,16.29
2010-03-03,16.29
2010-03-04,16.29
2010-03-05,16.29
2010-03-06,16.29
2010-03-07,16.29
2010-03-08,16.29
2010-03-09,16.29
2010-03-10,16.29
2010-03-11,16.29
2010-03-12,16.29
2010-03-13,16.29
2010-03-14,16.29
2010-03-15,16.29
2010-03-16,16.29
2010-03-17,16.29
2010-03-18,16.29
2010-03-19,16.29
2010-03-20,16.29
2010-03-21,16.29
2010-03-22,16.29
2010-03-23,16.29
2010-03-24,16.29
2010-03-25,16.29
2010-03-26,16.29
2010-03-27,16.29
2010-03-28,16.29
2010-03-29,16.29
2010-03-30,16.29
2010-03-31,16.29
2010-04-01,16.64
2010-04-02,16.64
2010-04-03,16.64
2010-04-04,16.64
2010-04-05,16.64
2010-04-06,16.64
2010-04-07,16.64
2010-04-08,16.64
2010-04-09,16.64
2010-04-10,16.64
2010-04-11,16.64
2010-04-12,16.64
2010-04-13,16.64
2010-04-14,16.64
2010-04-15,16.64
2010-04-16,16.64
2010-04-17,16.64
2010-04-18,16.64
2010-04-19,16.64
2010-04-20,16.64
2010-04-21,16.64
2010-04-22,16.64
2010-04-23,16.64
2010-04-24,16.64
2010-04-25,16.64
2010-04-26,16.64
2010-04-27,16.64
2010-04-28,16.64
2010-04-29,16.64
2010-04-30,16.64
2010-05-01,15.41
2010-05-02,15.41
2010-05-03,15.41
2010-05-04,15.41
2010-05-05,15.41
2010-05-06,15.41
2010-05-07,15.41
2010-05-08,15.41
2010-05-09,15.41
2010-05-10,15.41
2010-05-11,15.41
2010-05-12,15.41
2010-05-13,15.41
2010-05-14,15.41
2010-05-15,15.41
2010-05-16,15.41
2010-05-17,15.41
2010-05-18,15.41
2010-05-19,15.41
2010-05-20,15.41
2010-05-21,15.41
2010-05-22,15.41
2010-05-23,15.41
2010-05-24,15.41
2010-05-25,15.41
2010-05-26,15.41
2010-05-27,15.41
2010-05-28,15.41
2010-05-29,15.41
2010-05-30,15.41
2010-05-31,15.41
2010-06-01,13.35
2010-06-02,13.35
2010-06-03,13.35
2010-06-04,13.35
2010-06-05,13.35
2010-06-06,13.35
2010-06-07,13.35
2010-06-08,13.35
2010-06-09,13.35
2010-06-10,13.35
2010-06-11,13.35
2010-06-12,13.35
2010-06-13,13.35
2010-06-14,13.35
2010-06-15,13.35
2010-06-16,13.35
2010-06-17,13.35
2010-06-18,13.35
2010-06-19,13.35
2010-06-20,13.35
2010-06-21,13.35
2010-06-22,13.35
2010-06-23,13.35
2010-06-24,13.35
2010-06-25,13.35
2010-06-26,13.35
2010-06-27,13.35
2010-06-28,13.35
2010-06-29,13.35
2010-06-30,13.35
2010-07-01,14.31
2010-07-02,14.31
2010-07-03,14.31
2010-07-04,14.31
2010-07-05,14.31
2010-07-06,14.31
2010-07-07,14.31
2010-07-08,14.31
2010-07-09,14.31
2010-07-10,14.31
2010-07-11,14.31
2010-07-12,14.31
2010-07-13,14.31
2010-07-14,14.31
2010-07-15,14.31
2010-07-16,14.31
2010-07-17,14.31
2010-07-18,14.31
2010-07-19,14.31
2010-07-20,14.31
2010-07-21,14.31
2010-07-22,14.31
2010-07-23,14.31
2010-07-24,14.31
2010-07-25,14.31
2010-07-26,14.31
2010-07-27,14.31
2010-07-28,14.31
2010-07-29,14.31
2010-07-30,14.31
2010-07-31,14.31
2010-08-01,13.57
2010-08-02,13.57
2010-08-03,13.57
2010-08-04,13.57
2010-08-05,13.57
2010-08-06,13.57
2010-08-07,13.57
2010-08-08,13.57
2010-08-09,13.57
2010-08-10,13.57
2010-08-11,13.57
2010-08-12,13.57
2010-08-13,13.57
2010-08-14,13.57
2010-08-15,13.57
2010-08-16,13.57
2010-08-17,13.57
2010-08-18,13.57
2010-08-19,13.57
2010-08-20,13.57
2010-08-21,13.57
2010-08-22,13.57
2010-08-23,13.57
2010-08-24,13.57
2010-08-25,13.57
2010-08-26,13.57
2010-08-27,13.57
2010-08-28,13.57
2010-08-29,13.57
2010-08-30,13.57
2010-08-31,13.57
2010-09-01,12.78
2010-09-02,12.78
2010-09-03,12.78
2010-09-04,12.78
2010-09-05,12.78
2010-09-06,12.78
2010-09-07,12.78
2010-09-08,12.78
2010-09-09,12.78
2010-09-10,12.78
2010-09-11,12.78
2010-09-12,12.78
2010-09-13,12.78
2010-09-14,12.78
2010-09-15,12.78
2010-09-16,12.78
2010-09-17,12.78
2010-09-18,12.78
2010-09-19,12.78
2010-09-20,12.78
2010-09-21,12.78
2010-09-22,12.78
2010-09-23,12.78
2010-09-24,12.78
2010-09-25,12.78
2010-09-26,12.78
2010-09-27,12.78
2010-09-28,12.78
2010-09-29,12.78
2010-09-30,12.78
2010-10-01,13.59
2010-10-02,13.59
2010-10-03,13.59
2010-10-04,13.59
2010-10-05,13.59
2010-10-06,13.59
2010-10-07,13.59
2010-10-08,13.59
2010-10-09,13.59
2010-10-10,13.59
2010-10-11,13.59
2010-10-12,13.59
2010-10-13,13.59
2010-10-14,13.59
2010-10-15,13.59
2010-10-16,13.59
2010-10-17,13.59
2010-10-18,13.59
2010-10-19,13.59
2010-10-20,13.59
2010-10-21,13.59
2010-10-22,13.59
2010-10-23,13.59
2010-10-24,13.59
2010-10-25,13.59
2010-10-26,13.59
2010-10-27,13.59
2010-10-28,13.59
2010-10-29,13.59
2010-10-30,13.59
2010-10-31,13.59
2010-11-01,13.55
2010-11-02,13.55
2010-11-03,13.55
2010-11-04,13.55
2010-11-05,13.55
2010-11-06,13.55
2010-11-07,13.55
2010-11-08,13.55
2010-11-09,13.55
2010-11-10,13.55
2010-11-11,13.55
2010-11-12,13.55
2010-11-13,13.55
2010-11-14,13.55
2010-11-15,13.55
2010-11-16,13.55
2010-11-17,13.55
2010-11-18,13.55
2010-11-19,13.55
2010-11-20,13.55
2010-11-21,13.55
2010-11-22,13.55
2010-11-23,13.55
2010-11-24,13.55
2010-11-25,13.55
2010-11-26,13.55
2010-11-27,13.55
2010-11-28,13.55
2010-11-29,13.55
2010-11-30,13.55
2010-12-01,13.31
2010-12-02,13.31
2010-12-03,13.31
2010-12-04,13.31
2010-12-05,13.31
2010-12-06,13.31
2010-12-07,13.31
2010-12-08,13.31
2010-12-09,13.31
2010-12-10,13.31
2010-12-11,13.31
2010-12-12,13.31
2010-12-13,13.31
2010-12-14,13.31
2010-12-15,13.31
2010-12-16,13.31
2010-12-17,13.31
2010-12-18,13.31
2010-12-19,13.31
2010-12-20,13.31
2010-12-21,13.31
2010-12-22,13.31
2010-12-23,13.31
2010-12-24,13.31
2010-12-25,13.31
2010-12-26,13.31
2010-12-27,13.31
2010-12-28,13.31
2010-12-29,13.31
2010-12-30,13.31
2010-12-31,13.31
2011-01-01,13.7
2011-01-02,13.7
2011-01-03,13.7
2011-01-04,13.7
2011-01-05,13.7
2011-01-06,13.7
2011-01-07,13.7
2011-01-08,13.7
2011-01-09,13.7
2011-01-10,13.7
2011-01-11,13.7
2011-01-12,13.7
2011-01-13,13.7
2011-01-14,13.7
2011-01-15,13.7
2011-01-16,13.7
2011-01-17,13.7
2011-01-18,13.7
2011-01-19,13.7
2011-01-20,13.7
2011-01-21,13.7
2011-01-22,13.7
2011-01-23,13.7
2011-01-24,13.7
2011-01-25,13.7
2011-01-26,13.7
2011-01-27,13.7
2011-01-28,13.7
2011-01-29,13.7
2011-01-30,13.7
2011-01-31,13.7
2011-02-01,14.11
2011-02-02,14.11
2011-02-03,14.11
2011-02-04,14.11
2011-02-05,14.11
2011-02-06,14.11
2011-02-07,14.11
2011-02-08,14.11
2011-02-09,14.11
2011-02-10,14.11
2011-02-11,14.11
2011-02-12,14.11
2011-02-13,14.11
2011-02-14,14.11
2011-02-15,14.11
2011-02-16,14.11
2011-02-17,14.11
2011-02-18,14.11
2011-02-19,14.11
2011-02-20,14.11
2011-02-21,14.11
2011-02-22,14.11
2011-02-23,14.11
2011-02-24,14.11
2011-02-25,14.11
2011-02-26,14.11
2011-02-27,14.11
2011-02-28,14.11
2011-03-01,13.8
2011-03-02,13.8
2011-03-03,13.8
2011-03-04,13.8
2011-03-05,13.8
2011-03-06,13.8
2011-03-07,13.8
2011-03-08,13.8
2011-03-09,13.8
2011-03-10,13.8
2011-03-11,13.8
2011-03-12,13.8
2011-03-13,13.8
2011-03-14,13.8
2011-03-15,13.8
2011-03-16,13.8
2011-03-17,13.8
2011-03-18,13.8
2011-03-19,13.8
2011-03-20,13.8
2011-03-21,13.8
2011-03-22,13.8
2011-03-23,13.8
2011-03-24,13.8
2011-03-25,13.8
2011-03-26,13.8
2011-03-27,13.8
2011-03-28,13.8
2011-03-29,13.8
2011-03-30,13.8
2011-03-31,13.8
2011-04-01,14.19
2011-04-02,14.19
2011-04-03,14.19
2011-04-04,14.19
2011-04-05,14.19
2011-04-06,14.19
2011-04-07,14.19
2011-04-08,14.19
2011-04-09,14.19
2011-04-10,14.19
2011-04-11,14.19
2011-04-12,14.19
2011-04-13,14.19
2011-04-14,14.19
2011-04-15,14.19
2011-04-16,14.19
2011-04-17,14.19
2011-04-18,14.19
2011-04-19,14.19
2011-04-20,14.19
2011-04-21,14.19
2011-04-22,14.19
2011-04-23,14.19
2011-04-24,14.19
2011-04-25,14.19
2011-04-26,14.19
2011-04-27,14.19
2011-04-28,14.19
2011-04-29,14.19
2011-04-30,14.19
2011-05-01,14.0
2011-05-02,14.0
2011-05-03,14.0
2011-05-04,14.0
2011-05-05,14.0
2011-05-06,14.0
2011-05-07,14.0
2011-05-08,14.0
2011-05-09,14.0
2011-05-10,14.0
2011-05-11,14.0
2011-05-12,14.0
2011-05-13,14.0
2011-05-14,14.0
2011-05-15,14.0
2011-05-16,14.0
2011-05-17,14.0
2011-05-18,14.0
2011-05-19,14.0
2011-05-20,14.0
2011-05-21,14.0
2011-05-22,14.0
2011-05-23,14.0
2011-05-24,14.0
2011-05-25,14.0
2011-05-26,14.0
2011-05-27,14.0
2011-05-28,14.0
2011-05-29,14.0
2011-05-30,14.0
2011-05-31,14.0
2011-06-01,13.17
2011-06-02,13.17
2011-06-03,13.17
2011-06-04,13.17
2011-06-05,13.17
2011-06-06,13.17
2011-06-07,13.17
2011-06-08,13.17
2011-06-09,13.17
2011-06-10,13.17
2011-06-11,13.17
2011-06-12,13.17
2011-06-13,13.17
2011-06-14,13.17
2011-06-15,13.17
2011-06-16,13.17
2011-06-17,13.17
2011-06-18,13.17
2011-06-19,13.17
2011-06-20,13.17
2011-06-21,13.17
2011-06-22,13.17
2011-06-23,13.17
2011-06-24,13.17
2011-06-25,13.17
2011-06-26,13.17
2011-06-27,13.17
2011-06-28,13.17
2011-06-29,13.17
2011-06-30,13.17
2011-07-01,13.38
2011-07-02,13.38
2011-07-03,13.38
2011-07-04,13.38
2011-07-05,13.38
2011-07-06,13.38
2011-07-07,13.38
2011-07-08,13.38
2011-07-09,13.38
2011-07-10,13.38
2011-07-11,13.38
2011-07-12,13.38
2011-07-13,13.38
2011-07-14,13.38
2011-07-15,13.38
2011-07-16,13.38
2011-07-17,13.38
2011-07-18,13.38
2011-07-19,13.38
2011-07-20,13.38
2011-07-21,13.38
2011-07-22,13.38
2011-07-23,13.38
2011-07-24,13.38
2011-07-25,13.38
2011-07-26,13.38
2011-07-27,13.38
2011-07-28,13.38
2011-07-29,13.38
2011-07-30,13.38
2011-07-31,13.38
2011-08-01,12.69
2011-08-02,12.69
2011-08-03,12.69
2011-08-04,12.69
2011-08-05,12.69
2011-08-06,12.69
2011-08-07,12.69
2011-08-08,12.69
2011-08-09,12.69
2011-08-10,12.69
2011-08-11,12.69
2011-08-12,12.69
2011-08-13,12.69
2011-08-14,12.69
2011-08-15,12.69
2011-08-16,12.69
2011-08-17,12.69
2011-08-18,12.69
2011-08-19,12.69
2011-08-20,12.69
2011-08-21,12.69
2011-08-22,12.69
2011-08-23,12.69
2011-08-24,12.69
2011-08-25,12.69
2011-08-26,12.69
2011-08-27,12.69
2011-08-28,12.69
2011-08-29,12.69
2011-08-30,12.69
2011-08-31,12.69
2011-09-01,11.92
2011-09-02,11.92
2011-09-03,11.92
2011-09-04,11.92
2011-09-05,11.92
2011-09-06,11.92
2011-09-07,11.92
2011-09-08,11.92
2011-09-09,11.92
2011-09-10,11.92
2011-09-11,11.92
2011-09-12,11.92
2011-09-13,11.92
2011-09-14,11.92
2011-09-15,11.92
2011-09-16,11.92
2011-09-17,11.92
2011-09-18,11.92
2011-09-19,11.92
2011-09-20,11.92
2011-09-21,11.92
2011-09-22,11.92
2011-09-23,11.92
2011-09-24,11.92
2011-09-25,11.92
2011-09-26,11.92
2011-09-27,11.92
2011-09-28,11.92
2011-09-29,11.92
2011-09-30,11.92
2011-10-01,13.15
2011-10-02,13.15
2011-10-03,13.15
2011-10-04,13.15
2011-10-05,13.15
2011-10-06,13.15
2011-10-07,13.15
2011-10-08,13.15
2011-10-09,13.15
2011-10-10,13.15
2011-10-11,13.15
2011-10-12,13.15
2011-10-13,13.15
2011-10-14,13.15
2011-10-15,13.15
2011-10-16,13.15
2011-10-17,13.15
2011-10-18,13.15
2011-10-19,13.15
2011-10-20,13.15
2011-10-21,13.15
2011-10-22,13.15
2011-10-23,13.15
2011-10-24,13.15
2011-10-25,13.15
2011-10-26,13.15
2011-10-27,13.15
2011-10-28,13.15
2011-10-29,13.15
2011-10-30,13.15
2011-10-31,13.15
2011-11-01,12.79
2011-11-02,12.79
2011-11-03,12.79
2011-11-04,12.79
2011-11-05,12.79
2011-11-06,12.79
2011-11-07,12.79
2011-11-08,12.79
2011-11-09,12.79
2011-11-10,12.79
2011-11-11,12.79
2011-11-12,12.79
2011-11-13,12.79
2011-11-14,12.79
2011-11-15,12.79
2011-11-16,12.79
2011-11-17,12.79
2011-11-18,12.79
2011-11-19,12.79
2011-11-20,12.79
2011-11-21,12.79
2011-11-22,12.79
2011-11-23,12.79
2011-11-24,12.79
2011-11-25,12.79
2011-11-26,12.79
2011-11-27,12.79
2011-11-28,12.79
2011-11-29,12.79
2011-11-30,12.79
2011-12-01,12.69
2011-12-02,12.69
2011-12-03,12.69
2011-12-04,12.69
2011-12-05,12.69
2011-12-06,12.69
2011-12-07,12.69
2011-12-08,12.69
2011-12-09,12.69
2011-12-10,12.69
2011-12-11,12.69
2011-12-12,12.69
2011-12-13,12.69
2011-12-14,12.69
2011-12-15,12.69
2011-12-16,12.69
2011-12-17,12.69
2011-12-18,12.69
2011-12-19,12.69
2011-12-20,12.69
2011-12-21,12.69
2011-12-22,12.69
2011-12-23,12.69
2011-12-24,12.69
2011-12-25,12.69
2011-12-26,12.69
2011-12-27,12.69
2011-12-28,12.69
2011-12-29,12.69
2011-12-30,12.69
2011-12-31,12.69
2012-01-01,13.18
2012-01-02,13.18
2012-01-03,13.18
2012-01-04,13.18
2012-01-05,13.18
2012-01-06,13.18
2012-01-07,13.18
2012-01-08,13.18
2012-01-09,13.18
2012-01-10,13.18
2012-01-11,13.18
2012-01-12,13.18
2012-01-13,13.18
2012-01-14,13.18
2012-01-15,13.18
2012-01-16,13.18
2012-01-17,13.18
2012-01-18,13.18
2012-01-19,13.18
2012-01-20,13.18
2012-01-21,13.18
2012-01-22,13.18
2012-01-23,13.18
2012-01-24,13.18
2012-01-25,13.18
2012-01-26,13.18
2012-01-27,13.18
2012-01-28,13.18
2012-01-29,13.18
2012-01-30,13.18
2012-01-31,13.18
2012-02-01,14.01
2012-02-02,14.01
2012-02-03,14.01
2012-02-04,14.01
2012-02-05,14.01
2012-02-06,14.01
2012-02-07,14.01
2012-02-08,14.01
2012-02-09,14.01
2012-02-10,14.01
2012-02-11,14.01
2012-02-12,14.01
2012-02-13,14.01
2012-02-14,14.01
2012-02-15,14.01
2012-02-16,14.01
2012-02-17,14.01
2012-02-18,14.01
2012-02-19,14.01
2012-02-20,14.01
2012-02-21,14.01
2012-02-22,14.01
2012-02-23,14.01
2012-02-24,14.01
2012-02-25,14.01
2012-02-26,14.01
2012-02-27,14.01
2012-02-28,14.01
2012-02-29,14.01
2012-03-01,14.71
2012-03-02,14.71
2012-03-03,14.71
2012-03-04,14.71
2012-03-05,14.71
2012-03-06,14.71
2012-03-07,14.71
2012-03-08,14.71
2012-03-09,14.71
2012-03-10,14.71
2012-03-11,14.71
2012-03-12,14.71
2012-03-13,14.71
2012-03-14,14.71
2012-03-15,14.71
2012-03-16,14.71
2012-03-17,14.71
2012-03-18,14.71
2012-03-19,14.71
2012-03-20,14.71
2012-03-21,14.71
2012-03-22,14.71
2012-03-23,14.71
2012-03-24,14.71
2012-03-25,14.71
2012-03-26,14.71
2012-03-27,14.71
2012-03-28,14.71
2012-03-29,14.71
2012-03-30,14.71
2012-03-31,14.71
2012-04-01,13.6
2012-04-02,13.6
2012-04-03,13.6
2012-04-04,13.6
2012-04-05,13.6
2012-04-06,13.6
2012-04-07,13.6
2012-04-08,13.6
2012-04-09,13.6
2012-04-10,13.6
2012-04-11,13.6
2012-04-12,13.6
2012-04-13,13.6
2012-04-14,13.6
2012-04-15,13.6
2012-04-16,13.6
2012-04-17,13.6
2012-04-18,13.6
2012-04-19,13.6
2012-04-20,13.6
2012-04-21,13.6
2012-04-22,13.6
2012-04-23,13.6
2012-04-24,13.6
2012-04-25,13.6
2012-04-26,13.6
2012-04-27,13.6
2012-04-28,13.6
2012-04-29,13.6
2012-04-30,13.6
2012-05-01,12.61
2012-05-02,12.61
2012-05-03,12.61
2012-05-04,12.61
2012-05-05,12.61
2012-05-06,12.61
2012-05-07,12.61
2012-05-08,12.61
2012-05-09,12.61
2012-05-10,12.61
2012-05-11,12.61
2012-05-12,12.61
2012-05-13,12.61
2012-05-14,12.61
2012-05-15,12.61
2012-05-16,12.61
2012-05-17,12.61
2012-05-18,12.61
2012-05-19,12.61
2012-05-20,12.61
2012-05-21,12.61
2012-05-22,12.61
2012-05-23,12.61
2012-05-24,12.61
2012-05-25,12.61
2012-05-26,12.61
2012-05-27,12.61
2012-05-28,12.61
2012-05-29,12.61
2012-05-30,12.61
2012-05-31,12.61
2012-06-01,13.06
2012-06-02,13.06
2012-06-03,13.06
2012-06-04,13.06
2012-06-05,13.06
2012-06-06,13.06
2012-06-07,13.06
2012-06-08,13.06
2012-06-09,13.06
2012-06-10,13.06
2012-06-11,13.06
2012-06-12,13.06
2012-06-13,13.06
2012-06-14,13.06
2012-06-15,13.06
2012-06-16,13.06
2012-06-17,13.06
2012-06-18,13.06
2012-06-19,13.06
2012-06-20,13.06
2012-06-21,13.06
2012-06-22,13.06
2012-06-23,13.06
2012-06-24,13.06
2012-06-25,13.06
2012-06-26,13.06
2012-06-27,13.06
2012-06-28,13.06
2012-06-29,13.06
2012-06-30,13.06
2012-07-01,13.62
2012-07-02,13.62
2012-07-03,13.62
2012-07-04,13.62
2012-07-05,13.62
2012-07-06,13.62
2012-07-07,13.62
2012-07-08,13.62
2012-07-09,13.62
2012-07-10,13.62
2012-07-11,13.62
2012-07-12,13.62
2012-07-13,13.62
2012-07-14,13.62
2012-07-15,13.62
2012-07-16,13.62
2012-07-17,13.62
2012-07-18,13.62
2012-07-19,13.62
2012-07-20,13.62
2012-07-21,13.62
2012-07-22,13.62
2012-07-23,13.62
2012-07-24,13.62
2012-07-25,13.62
2012-07-26,13.62
2012-07-27,13.62
2012-07-28,13.62
2012-07-29,13.62
2012-07-30,13.62
2012-07-31,13.62
2012-08-01,14.28
2012-08-02,14.28
2012-08-03,14.28
2012-08-04,14.28
2012-08-05,14.28
2012-08-06,14.28
2012-08-07,14.28
2012-08-08,14.28
2012-08-09,14.28
2012-08-10,14.28
2012-08-11,14.28
2012-08-12,14.28
2012-08-13,14.28
2012-08-14,14.28
2012-08-15,14.28
2012-08-16,14.28
2012-08-17,14.28
2012-08-18,14.28
2012-08-19,14.28
2012-08-20,14.28
2012-08-21,14.28
2012-08-22,14.28
2012-08-23,14.28
2012-08-24,14.28
2012-08-25,14.28
2012-08-26,14.28
2012-08-27,14.28
2012-08-28,14.28
2012-08-29,14.28
2012-08-30,14.28
2012-08-31,14.28
2012-09-01,14.42
2012-09-02,14.42
2012-09-03,14.42
2012-09-04,14.42
2012-09-05,14.42
2012-09-06,14.42
2012-09-07,14.42
2012-09-08,14.42
2012-09-09,14.42
2012-09-10,14.42
2012-09-11,14.42
2012-09-12,14.42
2012-09-13,14.42
2012-09-14,14.42
2012-09-15,14.42
2012-09-16,14.42
2012-09-17,14.42
2012-09-18,14.42
2012-09-19,14.42
2012-09-20,14.42
2012-09-21,14.42
2012-09-22,14.42
2012-09-23,14.42
2012-09-24,14.42
2012-09-25,14.42
2012-09-26,14.42
2012-09-27,14.42
2012-09-28,14.42
2012-09-29,14.42
2012-09-30,14.42
2012-10-01,14.44
2012-10-02,14.44
2012-10-03,14.44
2012-10-04,14.44
2012-10-05,14.44
2012-10-06,14.44
2012-10-07,14.44
2012-10-08,14.44
2012-10-09,14.44
2012-10-10,14.44
2012-10-11,14.44
2012-10-12,14.44
2012-10-13,14.44
2012-10-14,14.44
2012-10-15,14.44
2012-10-16,14.44
2012-10-17,14.44
2012-10-18,14.44
2012-10-19,14.44
2012-10-20,14.44
2012-10-21,14.44
2012-10-22,14.44
2012-10-23,14.44
2012-10-24,14.44
2012-10-25,14.44
2012-10-26,14.44
2012-10-27,14.44
2012-10-28,14.44
2012-10-29,14.44
2012-10-30,14.44
2012-10-31,14.44
2012-11-01,14.61
2012-11-02,14.61
2012-11-03,14.61
2012-11-04,14.61
2012-11-05,14.61
2012-11-06,14.61
2012-11-07,14.61
2012-11-08,14.61
2012-11-09,14.61
2012-11-10,14.61
2012-11-11,14.61
2012-11-12,14.61
2012-11-13,14.61
2012-11-14,14.61
2012-11-15,14.61
2012-11-16,14.61
2012-11-17,14.61
2012-11-18,14.61
2012-11-19,14.61
2012-11-20,14.61
2012-11-21,14.61
2012-11-22,14.61
2012-11-23,14.61
2012-11-24,14.61
2012-11-25,14.61
2012-11-26,14.61
2012-11-27,14.61
2012-11-28,14.61
2012-11-29,14.61
2012-11-30,14.61
2012-12-01,14.18
2012-12-02,14.18
2012-12-03,14.18
2012-12-04,14.18
2012-12-05,14.18
2012-12-06,14.18
2012-12-07,14.18
2012-12-08,14.18
2012-12-09,14.18
2012-12-10,14.18
2012-12-11,14.18
2012-12-12,14.18
2012-12-13,14.18
2012-12-14,14.18
2012-12-15,14.18
2012-12-16,14.18
2012-12-17,14.18
2012-12-18,14.18
2012-12-19,14.18
2012-12-20,14.18
2012-12-21,14.18
2012-12-22,14.18
2012-12-23,14.18
2012-12-24,14.18
2012-12-25,14.18
2012-12-26,14.18
2012-12-27,14.18
2012-12-28,14.18
2012-12-29,14.18
2012-12-30,14.18
2012-12-31,14.18
2013-01-01,14.56
2013-01-02,14.56
2013-01-03,14.56
2013-01-04,14.56
2013-01-05,14.56
2013-01-06,14.56
2013-01-07,14.56
2013-01-08,14.56
2013-01-09,14.56
2013-01-10,14.56
2013-01-11,14.56
2013-01-12,14.56
2013-01-13,14.56
2013-01-14,14.56
2013-01-15,14.56
2013-01-16,14.56
2013-01-17,14.56
2013-01-18,14.56
2013-01-19,14.56
2013-01-20,14.56
2013-01-21,14.56
2013-01-22,14.56
2013-01-23,14.56
2013-01-24,14.56
2013-01-25,14.56
2013-01-26,14.56
2013-01-27,14.56
2013-01-28,14.56
2013-01-29,14.56
2013-01-30,14.56
2013-01-31,14.56
2013-02-01,14.6
2013-02-02,14.6
2013-02-03,14.6
2013-02-04,14.6
2013-02-05,14.6
2013-02-06,14.6
2013-02-07,14.6
2013-02-08,14.6
2013-02-09,14.6
2013-02-10,14.6
2013-02-11,14.6
2013-02-12,14.6
2013-02-13,14.6
2013-02-14,14.6
2013-02-15,14.6
2013-02-16,14.6
2013-02-17,14.6
2013-02-18,14.6
2013-02-19,14.6
2013-02-20,14.6
2013-02-21,14.6
2013-02-22,14.6
2013-02-23,14.6
2013-02-24,14.6
2013-02-25,14.6
2013-02-26,14.6
2013-02-27,14.6
2013-02-28,14.6
2013-03-01,15.02
2013-03-02,15.02
2013-03-03,15.02
2013-03-04,15.02
2013-03-05,15.02
2013-03-06,15.02
2013-03-07,15.02
2013-03-08,15.02
2013-03-09,15.02
2013-03-10,15.02
2013-03-11,15.02
2013-03-12,15.02
2013-03-13,15.02
2013-03-14,15.02
2013-03-15,15.02
2013-03-16,15.02
2013-03-17,15.02
2013-03-18,15.02
2013-03-19,15.02
2013-03-20,15.02
2013-03-21,15.02
2013-03-22,15.02
2013-03-23,15.02
2013-03-24,15.02
2013-03-25,15.02
2013-03-26,15.02
2013-03-27,15.02
2013-03-28,15.02
2013-03-29,15.02
2013-03-30,15.02
2013-03-31,15.02
2013-04-01,14.99
2013-04-02,14.99
2013-04-03,14.99
2013-04-04,14.99
2013-04-05,14.99
2013-04-06,14.99
2013-04-07,14.99
2013-04-08,14.99
2013-04-09,14.99
2013-04-10,14.99
2013-04-11,14.99
2013-04-12,14.99
2013-04-13,14.99
2013-04-14,14.99
2013-04-15,14.99
2013-04-16,14.99
2013-04-17,14.99
2013-04-18,14.99
2013-04-19,14.99
2013-04-20,14.99
2013-04-21,14.99
2013-04-22,14.99
2013-04-23,14.99
2013-04-24,14.99
2013-04-25,14.99
2013-04-26,14.99
2013-04-27,14.99
2013-04-28,14.99
2013-04-29,14.99
2013-04-30,14.99
2013-05-01,15.48
2013-05-02,15.48
2013-05-03,15.48
2013-05-04,15.48
2013-05-05,15.48
2013-05-06,15.48
2013-05-07,15.48
2013-05-08,15.48
2013-05-09,15.48
2013-05-10,15.48
2013-05-11,15.48
2013-05-12,15.48
2013-05-13,15.48
2013-05-14,15.48
2013-05-15,15.48
2013-05-16,15.48
2013-05-17,15.48
2013-05-18,15.48
2013-05-19,15.48
2013-05-20,15.48
2013-05-21,15.48
2013-05-22,15.48
2013-05-23,15.48
2013-05-24,15.48
2013-05-25,15.48
2013-05-26,15.48
2013-05-27,15.48
2013-05-28,15.48
2013-05-29,15.48
2013-05-30,15.48
2013-05-31,15.48
2013-06-01,15.11
2013-06-02,15.11
2013-06-03,15.11
2013-06-04,15.11
2013-06-05,15.11
2013-06-06,15.11
2013-06-07,15.11
2013-06-08,15.11
2013-06-09,15.11
2013-06-10,15.11
2013-06-11,15.11
2013-06-12,15.11
2013-06-13,15.11
2013-06-14,15.11
2013-06-15,15.11
2013-06-16,15.11
2013-06-17,15.11
2013-06-18,15.11
2013-06-19,15.11
2013-06-20,15.11
2013-06-21,15.11
2013-06-22,15.11
2013-06-23,15.11
2013-06-24,15.11
2013-06-25,15.11
2013-06-26,15.11
2013-06-27,15.11
2013-06-28,15.11
2013-06-29,15.11
2013-06-30,15.11
2013-07-01,15.64
2013-07-02,15.64
2013-07-03,15.64
2013-07-04,15.64
2013-07-05,15.64
2013-07-06,15.64
2013-07-07,15.64
2013-07-08,15.64
2013-07-09,15.64
2013-07-10,15.64
2013-07-11,15.64
2013-07-12,15.64
2013-07-13,15.64
2013-07-14,15.64
2013-07-15,15.64
2013-07-16,15.64
2013-07-17,15.64
2013-07-18,15.64
2013-07-19,15.64
2013-07-20,15.64
2013-07-21,15.64
2013-07-22,15.64
2013-07-23,15.64
2013-07-24,15.64
2013-07-25,15.64
2013-07-26,15.64
2013-07-27,15.64
2013-07-28,15.64
2013-07-29,15.64
2013-07-30,15.64
2013-07-31,15.64
2013-08-01,15.56
2013-08-02,15.56
2013-08-03,15.56
2013-08-04,15.56
2013-08-05,15.56
2013-08-06,15.56
2013-08-07,15.56
2013-08-08,15.56
2013-08-09,15.56
2013-08-10,15.56
2013-08-11,15.56
2013-08-12,15.56
2013-08-13,15.56
2013-08-14,15.56
2013-08-15,15.56
2013-08-16,15.56
2013-08-17,15.56
2013-08-18,15.56
2013-08-19,15.56
2013-08-20,15.56
2013-08-21,15.56
2013-08-22,15.56
2013-08-23,15.56
2013-08-24,15.56
2013-08-25,15.56
2013-08-26,15.56
2013-08-27,15.56
2013-08-28,15.56
2013-08-29,15.56
2013-08-30,15.56
2013-08-31,15.56
2013-09-01,13.9
2013-09-02,13.9
2013-09-03,13.9
2013-09-04,13.9
2013-09-05,13.9
2013-09-06,13.9
2013-09-07,13.9
2013-09-08,13.9
2013-09-09,13.9
2013-09-10,13.9
2013-09-11,13.9
2013-09-12,13.9
2013-09-13,13.9
2013-09-14,13.9
2013-09-15,13.9
2013-09-16,13.9
2013-09-17,13.9
2013-09-18,13.9
2013-09-19,13.9
2013-09-20,13.9
2013-09-21,13.9
2013-09-22,13.9
2013-09-23,13.9
2013-09-24,13.9
2013-09-25,13.9
2013-09-26,13.9
2013-09-27,13.9
2013-09-28,13.9
2013-09-29,13.9
2013-09-30,13.9
2013-10-01,14.59
2013-10-02,14.59
2013-10-03,14.59
2013-10-04,14.59
2013-10-05,14.59
2013-10-06,14.59
2013-10-07,14.59
2013-10-08,14.59
2013-10-09,14.59
2013-10-10,14.59
2013-10-11,14.59
2013-10-12,14.59
2013-10-13,14.59
2013-10-14,14.59
2013-10-15,14.59
2013-10-16,14.59
2013-10-17,14.59
2013-10-18,14.59
2013-10-19,14.59
2013-10-20,14.59
2013-10-21,14.59
2013-10-22,14.59
2013-10-23,14.59
2013-10-24,14.59
2013-10-25,14.59
2013-10-26,14.59
2013-10-27,14.59
2013-10-28,14.59
2013-10-29,14.59
2013-10-30,14.59
2013-10-31,14.59
2013-11-01,15.06
2013-11-02,15.06
2013-11-03,15.06
2013-11-04,15.06
2013-11-05,15.06
2013-11-06,15.06
2013-11-07,15.06
2013-11-08,15.06
2013-11-09,15.06
2013-11-10,15.06
2013-11-11,15.06
2013-11-12,15.06
2013-11-13,15.06
2013-11-14,15.06
2013-11-15,15.06
2013-11-16,15.06
2013-11-17,15.06
2013-11-18,15.06
2013-11-19,15.06
2013-11-20,15.06
2013-11-21,15.06
2013-11-22,15.06
2013-11-23,15.06
2013-11-24,15.06
2013-11-25,15.06
2013-11-26,15.06
2013-11-27,15.06
2013-11-28,15.06
2013-11-29,15.06
2013-11-30,15.06
2013-12-01,15.55
2013-12-02,15.55
2013-12-03,15.55
2013-12-04,15.55
2013-12-05,15.55
2013-12-06,15.55
2013-12-07,15.55
2013-12-08,15.55
2013-12-09,15.55
2013-12-10,15.55
2013-12-11,15.55
2013-12-12,15.55
2013-12-13,15.55
2013-12-14,15.55
2013-12-15,15.55
2013-12-16,15.55
2013-12-17,15.55
2013-12-18,15.55
2013-12-19,15.55
2013-12-20,15.55
2013-12-21,15.55
2013-12-22,15.55
2013-12-23,15.55
2013-12-24,15.55
2013-12-25,15.55
2013-12-26,15.55
2013-12-27,15.55
2013-12-28,15.55
2013-12-29,15.55
2013-12-30,15.55
2013-12-31,15.55
2014-01-01,15.24
2014-01-02,15.24
2014-01-03,15.24
2014-01-04,15.24
2014-01-05,15.24
2014-01-06,15.24
2014-01-07,15.24
2014-01-08,15.24
2014-01-09,15.24
2014-01-10,15.24
2014-01-11,15.24
2014-01-12,15.24
2014-01-13,15.24
2014-01-14,15.24
2014-01-15,15.24
2014-01-16,15.24
2014-01-17,15.24
2014-01-18,15.24
2014-01-19,15.24
2014-01-20,15.24
2014-01-21,15.24
2014-01-22,15.24
2014-01-23,15.24
2014-01-24,15.24
2014-01-25,15.24
2014-01-26,15.24
2014-01-27,15.24
2014-01-28,15.24
2014-01-29,15.24
2014-01-30,15.24
2014-01-31,15.24
2014-02-01,16.0
2014-02-02,16.0
2014-02-03,16.0
2014-02-04,16.0
2014-02-05,16.0
2014-02-06,16.0
2014-02-07,16.0
2014-02-08,16.0
2014-02-09,16.0
2014-02-10,16.0
2014-02-11,16.0
2014-02-12,16.0
2014-02-13,16.0
2014-02-14,16.0
2014-02-15,16.0
2014-02-16,16.0
2014-02-17,16.0
2014-02-18,16.0
2014-02-19,16.0
2014-02-20,16.0
2014-02-21,16.0
2014-02-22,16.0
2014-02-23,16.0
2014-02-24,16.0
2014-02-25,16.0
2014-02-26,16.0
2014-02-27,16.0
2014-02-28,16.0
2014-03-01,12.38
2014-03-02,12.38
2014-03-03,12.38
2014-03-04,12.38
2014-03-05,12.38
2014-03-06,12.38
2014-03-07,12.38
2014-03-08,12.38
2014-03-09,12.38
2014-03-10,12.38
2014-03-11,12.38
2014-03-12,12.38
2014-03-13,12.38
2014-03-14,12.38
2014-03-15,12.38
2014-03-16,12.38
2014-03-17,12.38
2014-03-18,12.38
2014-03-19,12.38
2014-03-20,12.38
2014-03-21,12.38
2014-03-22,12.38
2014-03-23,12.38
2014-03-24,12.38
2014-03-25,12.38
2014-03-26,12.38
2014-03-27,12.38
2014-03-28,12.38
2014-03-29,12.38
2014-03-30,12.38
2014-03-31,12.38
2014-04-01,12.33
2014-04-02,12.33
2014-04-03,12.33
2014-04-04,12.33
2014-04-05,12.33
2014-04-06,12.33
2014-04-07,12.33
2014-04-08,12.33
2014-04-09,12.33
2014-04-10,12.33
2014-04-11,12.33
2014-04-12,12.33
2014-04-13,12.33
2014-04-14,12.33
2014-04-15,12.33
2014-04-16,12.33
2014-04-17,12.33
2014-04-18,12.33
2014-04-19,12.33
2014-04-20,12.33
2014-04-21,12.33
2014-04-22,12.33
2014-04-23,12.33
2014-04-24,12.33
2014-04-25,12.33
2014-04-26,12.33
2014-04-27,12.33
2014-04-28,12.33
2014-04-29,12.33
2014-04-30,12.33
2014-05-01,12.86
2014-05-02,12.86
2014-05-03,12.86
2014-05-04,12.86
2014-05-05,12.86
2014-05-06,12.86
2014-05-07,12.86
2014-05-08,12.86
2014-05-09,12.86
2014-05-10,12.86
2014-05-11,12.86
2014-05-12,12.86
2014-05-13,12.86
2014-05-14,12.86
2014-05-15,12.86
2014-05-16,12.86
2014-05-17,12.86
2014-05-18,12.86
2014-05-19,12.86
2014-05-20,12.86
2014-05-21,12.86
2014-05-22,12.86
2014-05-23,12.86
2014-05-24,12.86
2014-05-25,12.86
2014-05-26,12.86
2014-05-27,12.86
2014-05-28,12.86
2014-05-29,12.86
2014-05-30,12.86
2014-05-31,12.86
2014-06-01,12.29
2014-06-02,12.29
2014-06-03,12.29
2014-06-04,12.29
2014-06-05,12.29
2014-06-06,12.29
2014-06-07,12.29
2014-06-08,12.29
2014-06-09,12.29
2014-06-10,12.29
2014-06-11,12.29
2014-06-12,12.29
2014-06-13,12.29
2014-06-14,12.29
2014-06-15,12.29
2014-06-16,12.29
2014-06-17,12.29
2014-06-18,12.29
2014-06-19,12.29
2014-06-20,12.29
2014-06-21,12.29
2014-06-22,12.29
2014-06-23,12.29
2014-06-24,12.29
2014-06-25,12.29
2014-06-26,12.29
2014-06-27,12.29
2014-06-28,12.29
2014-06-29,12.29
2014-06-30,12.29
2014-07-01,12.43
2014-07-02,12.43
2014-07-03,12.43
2014-07-04,12.43
2014-07-05,12.43
2014-07-06,12.43
2014-07-07,12.43
2014-07-08,12.43
2014-07-09,12.43
2014-07-10,12.43
2014-07-11,12.43
2014-07-12,12.43
2014-07-13,12.43
2014-07-14,12.43
2014-07-15,12.43
2014-07-16,12.43
2014-07-17,12.43
2014-07-18,12.43
2014-07-19,12.43
2014-07-20,12.43
2014-07-21,12.43
2014-07-22,12.43
2014-07-23,12.43
2014-07-24,12.43
2014-07-25,12.43
2014-07-26,12.43
2014-07-27,12.43
2014-07-28,12.43
2014-07-29,12.43
2014-07-30,12.43
2014-07-31,12.43
2014-08-01,13.04
2014-08-02,13.04
2014-08-03,13.04
2014-08-04,13.04
2014-08-05,13.04
2014-08-06,13.04
2014-08-07,13.04
2014-08-08,13.04
2014-08-09,13.04
2014-08-10,13.04
2014-08-11,13.04
2014-08-12,13.04
2014-08-13,13.04
2014-08-14,13.04
2014-08-15,13.04
2014-08-16,13.04
2014-08-17,13.04
2014-08-18,13.04
2014-08-19,13.04
2014-08-20,13.04
2014-08-21,13.04
2014-08-22,13.04
2014-08-23,13.04
2014-08-24,13.04
2014-08-25,13.04
2014-08-26,13.04
2014-08-27,13.04
2014-08-28,13.04
2014-08-29,13.04
2014-08-30,13.04
2014-08-31,13.04
2014-09-01,13.66
2014-09-02,13.66
2014-09-03,13.66
2014-09-04,13.66
2014-09-05,13.66
2014-09-06,13.66
2014-09-07,13.66
2014-09-08,13.66
2014-09-09,13.66
2014-09-10,13.66
2014-09-11,13.66
2014-09-12,13.66
2014-09-13,13.66
2014-09-14,13.66
2014-09-15,13.66
2014-09-16,13.66
2014-09-17,13.66
2014-09-18,13.66
2014-09-19,13.66
2014-09-20,13.66
2014-09-21,13.66
2014-09-22,13.66
2014-09-23,13.66
2014-09-24,13.66
2014-09-25,13.66
2014-09-26,13.66
2014-09-27,13.66
2014-09-28,13.66
2014-09-29,13.66
2014-09-30,13.66
2014-10-01,14.02
2014-10-02,14.02
2014-10-03,14.02
2014-10-04,14.02
2014-10-05,14.02
2014-10-06,14.02
2014-10-07,14.02
2014-10-08,14.02
2014-10-09,14.02
2014-10-10,14.02
2014-10-11,14.02
2014-10-12,14.02
2014-10-13,14.02
2014-10-14,14.02
2014-10-15,14.02
2014-10-16,14.02
2014-10-17,14.02
2014-10-18,14.02
2014-10-19,14.02
2014-10-20,14.02
2014-10-21,14.02
2014-10-22,14.02
2014-10-23,14.02
2014-10-24,14.02
2014-10-25,14.02
2014-10-26,14.02
2014-10-27,14.02
2014-10-28,14.02
2014-10-29,14.02
2014-10-30,14.02
2014-10-31,14.02
2014-11-01,14.63
2014-11-02,14.63
2014-11-03,14.63
2014-11-04,14.63
2014-11-05,14.63
2014-11-06,14.63
2014-11-07,14.63
2014-11-08,14.63
2014-11-09,14.63
2014-11-10,14.63
2014-11-11,14.63
2014-11-12,14.63
2014-11-13,14.63
2014-11-14,14.63
2014-11-15,14.63
2014-11-16,14.63
2014-11-17,14.63
2014-11-18,14.63
2014-11-19,14.63
2014-11-20,14.63
2014-11-21,14.63
2014-11-22,14.63
2014-11-23,14.63
2014-11-24,14.63
2014-11-25,14.63
2014-11-26,14.63
2014-11-27,14.63
2014-11-28,14.63
2014-11-29,14.63
2014-11-30,14.63
2014-12-01,13.08
2014-12-02,13.08
2014-12-03,13.08
2014-12-04,13.08
2014-12-05,13.08
2014-12-06,13.08
2014-12-07,13.08
2014-12-08,13.08
2014-12-09,13.08
2014-12-10,13.08
2014-12-11,13.08
2014-12-12,13.08
2014-12-13,13.08
2014-12-14,13.08
2014-12-15,13.08
2014-12-16,13.08
2014-12-17,13.08
2014-12-18,13.08
2014-12-19,13.08
2014-12-20,13.08
2014-12-21,13.08
2014-12-22,13.08
2014-12-23,13.08
2014-12-24,13.08
2014-12-25,13.08
2014-12-26,13.08
2014-12-27,13.08
2014-12-28,13.08
2014-12-29,13.08
2014-12-30,13.08
2014-12-31,13.08
2015-01-01,12.81
2015-01-02,12.81
2015-01-03,12.81
2015-01-04,12.81
2015-01-05,12.81
2015-01-06,12.81
2015-01-07,12.81
2015-01-08,12.81
2015-01-09,12.81
2015-01-10,12.81
2015-01-11,12.81
2015-01-12,12.81
2015-01-13,12.81
2015-01-14,12.81
2015-01-15,12.81
2015-01-16,12.81
2015-01-17,12.81
2015-01-18,12.81
2015-01-19,12.81
2015-01-20,12.81
2015-01-21,12.81
2015-01-22,12.81
2015-01-23,12.81
2015-01-24,12.81
2015-01-25,12.81
2015-01-26,12.81
2015-01-27,12.81
2015-01-28,12.81
2015-01-29,12.81
2015-01-30,12.81
2015-01-31,12.81
2015-02-01,13.71
2015-02-02,13.71
2015-02-03,13.71
2015-02-04,13.71
2015-02-05,13.71
2015-02-06,13.71
2015-02-07,13.71
2015-02-08,13.71
2015-02-09,13.71
2015-02-10,13.71
2015-02-11,13.71
2015-02-12,13.71
2015-02-13,13.71
2015-02-14,13.71
2015-02-15,13.71
2015-02-16,13.71
2015-02-17,13.71
2015-02-18,13.71
2015-02-19,13.71
2015-02-20,13.71
2015-02-21,13.71
2015-02-22,13.71
2015-02-23,13.71
2015-02-24,13.71
2015-02-25,13.71
2015-02-26,13.71
2015-02-27,13.71
2015-02-28,13.71
2015-03-01,17.41
2015-03-02,17.41
2015-03-03,17.41
2015-03-04,17.41
2015-03-05,17.41
2015-03-06,17.41
2015-03-07,17.41
2015-03-08,17.41
2015-03-09,17.41
2015-03-10,17.41
2015-03-11,17.41
2015-03-12,17.41
2015-03-13,17.41
2015-03-14,17.41
2015-03-15,17.41
2015-03-16,17.41
2015-03-17,17.41
2015-03-18,17.41
2015-03-19,17.41
2015-03-20,17.41
2015-03-21,17.41
2015-03-22,17.41
2015-03-23,17.41
2015-03-24,17.41
2015-03-25,17.41
2015-03-26,17.41
2015-03-27,17.41
2015-03-28,17.41
2015-03-29,17.41
2015-03-30,17.41
2015-03-31,17.41
2015-04-01,17.74
2015-04-02,17.74
2015-04-03,17.74
2015-04-04,17.74
2015-04-05,17.74
2015-04-06,17.74
2015-04-07,17.74
2015-04-08,17.74
2015-04-09,17.74
2015-04-10,17.74
2015-04-11,17.74
2015-04-12,17.74
2015-04-13,17.74
2015-04-14,17.74
2015-04-15,17.74
2015-04-16,17.74
2015-04-17,17.74
2015-04-18,17.74
2015-04-19,17.74
2015-04-20,17.74
2015-04-21,17.74
2015-04-22,17.74
2015-04-23,17.74
2015-04-24,17.74
2015-04-25,17.74
2015-04-26,17.74
2015-04-27,17.74
2015-04-28,17.74
2015-04-29,17.74
2015-04-30,17.74
2015-05-01,18.11
2015-05-02,18.11
2015-05-03,18.11
2015-05-04,18.11
2015-05-05,18.11
2015-05-06,18.11
2015-05-07,18.11
2015-05-08,18.11
2015-05-09,18.11
2015-05-10,18.11
2015-05-11,18.11
2015-05-12,18.11
2015-05-13,18.11
2015-05-14,18.11
2015-05-15,18.11
2015-05-16,18.11
2015-05-17,18.11
2015-05-18,18.11
2015-05-19,18.11
2015-05-20,18.11
2015-05-21,18.11
2015-05-22,18.11
2015-05-23,18.11
2015-05-24,18.11
2015-05-25,18.11
2015-05-26,18.11
2015-05-27,18.11
2015-05-28,18.11
2015-05-29,18.11
2015-05-30,18.11
2015-05-31,18.11
2015-06-01,18.19
2015-06-02,18.19
2015-06-03,18.19
2015-06-04,18.19
2015-06-05,18.19
2015-06-06,18.19
2015-06-07,18.19
2015-06-08,18.19
2015-06-09,18.19
2015-06-10,18.19
2015-06-11,18.19
2015-06-12,18.19
2015-06-13,18.19
2015-06-14,18.19
2015-06-15,18.19
2015-06-16,18.19
2015-06-17,18.19
2015-06-18,18.19
2015-06-19,18.19
2015-06-20,18.19
2015-06-21,18.19
2015-06-22,18.19
2015-06-23,18.19
2015-06-24,18.19
2015-06-25,18.19
2015-06-26,18.19
2015-06-27,18.19
2015-06-28,18.19
2015-06-29,18.19
2015-06-30,18.19
2015-07-01,18.99
2015-07-02,18.99
2015-07-03,18.99
2015-07-04,18.99
2015-07-05,18.99
2015-07-06,18.99
2015-07-07,18.99
2015-07-08,18.99
2015-07-09,18.99
2015-07-10,18.99
2015-07-11,18.99
2015-07-12,18.99
2015-07-13,18.99
2015-07-14,18.99
2015-07-15,18.99
2015-07-16,18.99
2015-07-17,18.99
2015-07-18,18.99
2015-07-19,18.99
2015-07-20,18.99
2015-07-21,18.99
2015-07-22,18.99
2015-07-23,18.99
2015-07-24,18.99
2015-07-25,18.99
2015-07-26,18.99
2015-07-27,18.99
2015-07-28,18.99
2015-07-29,18.99
2015-07-30,18.99
2015-07-31,18.99
2015-08-01,17.68
2015-08-02,17.68
2015-08-03,17.68
2015-08-04,17.68
2015-08-05,17.68
2015-08-06,17.68
2015-08-07,17.68
2015-08-08,17.68
2015-08-09,17.68
2015-08-10,17.68
2015-08-11,17.68
2015-08-12,17.68
2015-08-13,17.68
2015-08-14,17.68
2015-08-15,17.68
2015-08-16,17.68
2015-08-17,17.68
2015-08-18,17.68
2015-08-19,17.68
2015-08-20,17.68
2015-08-21,17.68
2015-08-22,17.68
2015-08-23,17.68
2015-08-24,17.68
2015-08-25,17.68
2015-08-26,17.68
2015-08-27,17.68
2015-08-28,17.68
2015-08-29,17.68
2015-08-30,17.68
2015-08-31,17.68
2015-09-01,18.02
2015-09-02,18.02
2015-09-03,18.02
2015-09-04,18.02
2015-09-05,18.02
2015-09-06,18.02
2015-09-07,18.02
2015-09-08,18.02
2015-09-09,18.02
2015-09-10,18.02
2015-09-11,18.02
2015-09-12,18.02
2015-09-13,18.02
2015-09-14,18.02
2015-09-15,18.02
2015-09-16,18.02
2015-09-17,18.02
2015-09-18,18.02
2015-09-19,18.02
2015-09-20,18.02
2015-09-21,18.02
2015-09-22,18.02
2015-09-23,18.02
2015-09-24,18.02
2015-09-25,18.02
2015-09-26,18.02
2015-09-27,18.02
2015-09-28,18.02
2015-09-29,18.02
2015-09-30,18.02
2015-10-01,20.04
2015-10-02,20.04
2015-10-03,20.04
2015-10-04,20.04
2015-10-05,20.04
2015-10-06,20.04
2015-10-07,20.04
2015-10-08,20.04
2015-10-09,20.04
2015-10-10,20.04
2015-10-11,20.04
2015-10-12,20.04
2015-10-13,20.04
2015-10-14,20.04
2015-10-15,20.04
2015-10-16,20.04
2015-10-17,20.04
2015-10-18,20.04
2015-10-19,20.04
2015-10-20,20.04
2015-10-21,20.04
2015-10-22,20.04
2015-10-23,20.04
2015-10-24,20.04
2015-10-25,20.04
2015-10-26,20.04
2015-10-27,20.04
2015-10-28,20.04
2015-10-29,20.04
2015-10-30,20.04
2015-10-31,20.04
2015-11-01,20.11
2015-11-02,20.11
2015-11-03,20.11
2015-11-04,20.11
2015-11-05,20.11
2015-11-06,20.11
2015-11-07,20.11
2015-11-08,20.11
2015-11-09,20.11
2015-11-10,20.11
2015-11-11,20.11
2015-11-12,20.11
2015-11-13,20.11
2015-11-14,20.11
2015-11-15,20.11
2015-11-16,20.11
2015-11-17,20.11
2015-11-18,20.11
2015-11-19,20.11
2015-11-20,20.11
2015-11-21,20.11
2015-11-22,20.11
2015-11-23,20.11
2015-11-24,20.11
2015-11-25,20.11
2015-11-26,20.11
2015-11-27,20.11
2015-11-28,20.11
2015-11-29,20.11
2015-11-30,20.11
2015-12-01,20.94
2015-12-02,20.94
2015-12-03,20.94
2015-12-04,20.94
2015-12-05,20.94
2015-12-06,20.94
2015-12-07,20.94
2015-12-08,20.94
2015-12-09,20.94
2015-12-10,20.94
2015-12-11,20.94
2015-12-12,20.94
2015-12-13,20.94
2015-12-14,20.94
2015-12-15,20.94
2015-12-16,20.94
2015-12-17,20.94
2015-12-18,20.94
2015-12-19,20.94
2015-12-20,20.94
2015-12-21,20.94
2015-12-22,20.94
2015-12-23,20.94
2015-12-24,20.94
2015-12-25,20.94
2015-12-26,20.94
2015-12-27,20.94
2015-12-28,20.94
2015-12-29,20.94
2015-12-30,20.94
2015-12-31,20.94
2016-01-01,19.51
2016-01-02,19.51
2016-01-03,19.51
2016-01-04,19.51
2016-01-05,19.51
2016-01-06,19.51
2016-01-07,19.51
2016-01-08,19.51
2016-01-09,19.51
2016-01-10,19.51
2016-01-11,19.51
2016-01-12,19.51
2016-01-13,19.51
2016-01-14,19.51
2016-01-15,19.51
2016-01-16,19.51
2016-01-17,19.51
2016-01-18,19.51
2016-01-19,19.51
2016-01-20,19.51
2016-01-21,19.51
2016-01-22,19.51
2016-01-23,19.51
2016-01-24,19.51
2016-01-25,19.51
2016-01-26,19.51
2016-01-27,19.51
2016-01-28,19.51
2016-01-29,19.51
2016-01-30,19.51
2016-01-31,19.51
2016-02-01,19.15
2016-02-02,19.15
2016-02-03,19.15
2016-02-04,19.15
2016-02-05,19.15
2016-02-06,19.15
2016-02-07,19.15
2016-02-08,19.15
2016-02-09,19.15
2016-02-10,19.15
2016-02-11,19.15
2016-02-12,19.15
2016-02-13,19.15
2016-02-14,19.15
2016-02-15,19.15
2016-02-16,19.15
2016-02-17,19.15
2016-02-18,19.15
2016-02-19,19.15
2016-02-20,19.15
2016-02-21,19.15
2016-02-22,19.15
2016-02-23,19.15
2016-02-24,19.15
2016-02-25,19.15
2016-02-26,19.15
2016-02-27,19.15
2016-02-28,19.15
2016-02-29,19.15
2016-03-01,20.4
2016-03-02,20.4
2016-03-03,20.4
2016-03-04,20.4
2016-03-05,20.4
2016-03-06,20.4
2016-03-07,20.4
2016-03-08,20.4
2016-03-09,20.4
2016-03-10,20.4
2016-03-11,20.4
2016-03-12,20.4
2016-03-13,20.4
2016-03-14,20.4
2016-03-15,20.4
2016-03-16,20.4
2016-03-17,20.4
2016-03-18,20.4
2016-03-19,20.4
2016-03-20,20.4
2016-03-21,20.4
2016-03-22,20.4
2016-03-23,20.4
2016-03-24,20.4
2016-03-25,20.4
2016-03-26,20.4
2016-03-27,20.4
2016-03-28,20.4
2016-03-29,20.4
2016-03-30,20.4
2016-03-31,20.4
2016-04-01,19.76
2016-04-02,19.76
2016-04-03,19.76
2016-04-04,19.76
2016-04-05,19.76
2016-04-06,19.76
2016-04-07,19.76
2016-04-08,19.76
2016-04-09,19.76
2016-04-10,19.76
2016-04-11,19.76
2016-04-12,19.76
2016-04-13,19.76
2016-04-14,19.76
2016-04-15,19.76
2016-04-16,19.76
2016-04-17,19.76
2016-04-18,19.76
2016-04-19,19.76
2016-04-20,19.76
2016-04-21,19.76
2016-04-22,19.76
2016-04-23,19.76
2016-04-24,19.76
2016-04-25,19.76
2016-04-26,19.76
2016-04-27,19.76
2016-04-28,19.76
2016-04-29,19.76
2016-04-30,19.76
2016-05-01,20.59
2016-05-02,20.59
2016-05-03,20.59
2016-05-04,20.59
2016-05-05,20.59
2016-05-06,20.59
2016-05-07,20.59
2016-05-08,20.59
2016-05-09,20.59
2016-05-10,20.59
2016-05-11,20.59
2016-05-12,20.59
2016-05-13,20.59
2016-05-14,20.59
2016-05-15,20.59
2016-05-16,20.59
2016-05-17,20.59
2016-05-18,20.59
2016-05-19,20.59
2016-05-20,20.59
2016-05-21,20.59
2016-05-22,20.59
2016-05-23,20.59
2016-05-24,20.59
2016-05-25,20.59
2016-05-26,20.59
2016-05-27,20.59
2016-05-28,20.59
2016-05-29,20.59
2016-05-30,20.59
2016-05-31,20.59
2016-06-01,19.51
2016-06-02,19.51
2016-06-03,19.51
2016-06-04,19.51
2016-06-05,19.51
2016-06-06,19.51
2016-06-07,19.51
2016-06-08,19.51
2016-06-09,19.51
2016-06-10,19.51
2016-06-11,19.51
2016-06-12,19.51
2016-06-13,19.51
2016-06-14,19.51
2016-06-15,19.51
2016-06-16,19.51
2016-06-17,19.51
2016-06-18,19.51
2016-06-19,19.51
2016-06-20,19.51
2016-06-21,19.51
2016-06-22,19.51
2016-06-23,19.51
2016-06-24,19.51
2016-06-25,19.51
2016-06-26,19.51
2016-06-27,19.51
2016-06-28,19.51
2016-06-29,19.51
2016-06-30,19.51
2016-07-01,20.89
2016-07-02,20.89
2016-07-03,20.89
2016-07-04,20.89
2016-07-05,20.89
2016-07-06,20.89
2016-07-07,20.89
2016-07-08,20.89
2016-07-09,20.89
2016-07-10,20.89
2016-07-11,20.89
2016-07-12,20.89
2016-07-13,20.89
2016-07-14,20.89
2016-07-15,20.89
2016-07-16,20.89
2016-07-17,20.89
2016-07-18,20.89
2016-07-19,20.89
2016-07-20,20.89
2016-07-21,20.89
2016-07-22,20.89
2016-07-23,20.89
2016-07-24,20.89
2016-07-25,20.89
2016-07-26,20.89
2016-07-27,20.89
2016-07-28,20.89
2016-07-29,20.89
2016-07-30,20.89
2016-07-31,20.89
2016-08-01,21.07
2016-08-02,21.07
2016-08-03,21.07
2016-08-04,21.07
2016-08-05,21.07
2016-08-06,21.07
2016-08-07,21.07
2016-08-08,21.07
2016-08-09,21.07
2016-08-10,21.07
2016-08-11,21.07
2016-08-12,21.07
2016-08-13,21.07
2016-08-14,21.07
2016-08-15,21.07
2016-08-16,21.07
2016-08-17,21.07
2016-08-18,21.07
2016-08-19,21.07
2016-08-20,21.07
2016-08-21,21.07
2016-08-22,21.07
2016-08-23,21.07
2016-08-24,21.07
2016-08-25,21.07
2016-08-26,21.07
2016-08-27,21.07
2016-08-28,21.07
2016-08-29,21.07
2016-08-30,21.07
2016-08-31,21.07
2016-09-01,22.44
2016-09-02,22.44
2016-09-03,22.44
2016-09-04,22.44
2016-09-05,22.44
2016-09-06,22.44
2016-09-07,22.44
2016-09-08,22.44
2016-09-09,22.44
2016-09-10,22.44
2016-09-11,22.44
2016-09-12,22.44
2016-09-13,22.44
2016-09-14,22.44
2016-09-15,22.44
2016-09-16,22.44
2016-09-17,22.44
2016-09-18,22.44
2016-09-19,22.44
2016-09-20,22.44
2016-09-21,22.44
2016-09-22,22.44
2016-09-23,22.44
2016-09-24,22.44
2016-09-25,22.44
2016-09-26,22.44
2016-09-27,22.44
2016-09-28,22.44
2016-09-29,22.44
2016-09-30,22.44
2016-10-01,22.1
2016-10-02,22.1
2016-10-03,22.1
2016-10-04,22.1
2016-10-05,22.1
2016-10-06,22.1
2016-10-07,22.1
2016-10-08,22.1
2016-10-09,22.1
2016-10-10,22.1
2016-10-11,22.1
2016-10-12,22.1
2016-10-13,22.1
2016-10-14,22.1
2016-10-15,22.1
2016-10-16,22.1
2016-10-17,22.1
2016-10-18,22.1
2016-10-19,22.1
2016-10-20,22.1
2016-10-21,22.1
2016-10-22,22.1
2016-10-23,22.1
2016-10-24,22.1
2016-10-25,22.1
2016-10-26,22.1
2016-10-27,22.1
2016-10-28,22.1
2016-10-29,22.1
2016-10-30,22.1
2016-10-31,22.1
2016-11-01,22.15
2016-11-02,22.15
2016-11-03,22.15
2016-11-04,22.15
2016-11-05,22.15
2016-11-06,22.15
2016-11-07,22.15
2016-11-08,22.15
2016-11-09,22.15
2016-11-10,22.15
2016-11-11,22.15
2016-11-12,22.15
2016-11-13,22.15
2016-11-14,22.15
2016-11-15,22.15
2016-11-16,22.15
2016-11-17,22.15
2016-11-18,22.15
2016-11-19,22.15
2016-11-20,22.15
2016-11-21,22.15
2016-11-22,22.15
2016-11-23,22.15
2016-11-24,22.15
2016-11-25,22.15
2016-11-26,22.15
2016-11-27,22.15
2016-11-28,22.15
2016-11-29,22.15
2016-11-30,22.15
2016-12-01,22.39
2016-12-02,22.39
2016-12-03,22.39
2016-12-04,22.39
2016-12-05,22.39
2016-12-06,22.39
2016-12-07,22.39
2016-12-08,22.39
2016-12-09,22.39
2016-12-10,22.39
2016-12-11,22.39
2016-12-12,22.39
2016-12-13,22.39
2016-12-14,22.39
2016-12-15,22.39
2016-12-16,22.39
2016-12-17,22.39
2016-12-18,22.39
2016-12-19,22.39
2016-12-20,22.39
2016-12-21,22.39
2016-12-22,22.39
2016-12-23,22.39
2016-12-24,22.39
2016-12-25,22.39
2016-12-26,22.39
2016-12-27,22.39
2016-12-28,22.39
2016-12-29,22.39
2016-12-30,22.39
2016-12-31,22.39
2017-01-01,21.87
2017-01-02,21.87
2017-01-03,21.87
2017-01-04,21.87
2017-01-05,21.87
2017-01-06,21.87
2017-01-07,21.87
2017-01-08,21.87
2017-01-09,21.87
2017-01-10,21.87
2017-01-11,21.87
2017-01-12,21.87
2017-01-13,21.87
2017-01-14,21.87
2017-01-15,21.87
2017-01-16,21.87
2017-01-17,21.87
2017-01-18,21.87
2017-01-19,21.87
2017-01-20,21.87
2017-01-21,21.87
2017-01-22,21.87
2017-01-23,21.87
2017-01-24,21.87
2017-01-25,21.87
2017-01-26,21.87
2017-01-27,21.87
2017-01-28,21.87
2017-01-29,21.87
2017-01-30,21.87
2017-01-31,21.87
2017-02-01,22.78
2017-02-02,22.78
2017-02-03,22.78
2017-02-04,22.78
2017-02-05,22.78
2017-02-06,22.78
2017-02-07,22.78
2017-02-08,22.78
2017-02-09,22.78
2017-02-10,22.78
2017-02-11,22.78
2017-02-12,22.78
2017-02-13,22.78
2017-02-14,22.78
2017-02-15,22.78
2017-02-16,22.78
2017-02-17,22.78
2017-02-18,22.78
2017-02-19,22.78
2017-02-20,22.78
2017-02-21,22.78
2017-02-22,22.78
2017-02-23,22.78
2017-02-24,22.78
2017-02-25,22.78
2017-02-26,22.78
2017-02-27,22.78
2017-02-28,22.78
2017-03-01,21.99
2017-03-02,21.99
2017-03-03,21.99
2017-03-04,21.99
2017-03-05,21.99
2017-03-06,21.99
2017-03-07,21.99
2017-03-08,21.99
2017-03-09,21.99
2017-03-10,21.99
2017-03-11,21.99
2017-03-12,21.99
2017-03-13,21.99
2017-03-14,21.99
2017-03-15,21.99
2017-03-16,21.99
2017-03-17,21.99
2017-03-18,21.99
2017-03-19,21.99
2017-03-20,21.99
2017-03-21,21.99
2017-03-22,21.99
2017-03-23,21.99
2017-03-24,21.99
2017-03-25,21.99
2017-03-26,21.99
2017-03-27,21.99
2017-03-28,21.99
2017-03-29,21.99
2017-03-30,21.99
2017-03-31,21.99
2017-04-01,22.59
2017-04-02,22.59
2017-04-03,22.59
2017-04-04,22.59
2017-04-05,22.59
2017-04-06,22.59
2017-04-07,22.59
2017-04-08,22.59
2017-04-09,22.59
2017-04-10,22.59
2017-04-11,22.59
2017-04-12,22.59
2017-04-13,22.59
2017-04-14,22.59
2017-04-15,22.59
2017-04-16,22.59
2017-04-17,22.59
2017-04-18,22.59
2017-04-19,22.59
2017-04-20,22.59
2017-04-21,22.59
2017-04-22,22.59
2017-04-23,22.59
2017-04-24,22.59
2017-04-25,22.59
2017-04-26,22.59
2017-04-27,22.59
2017-04-28,22.59
2017-04-29,22.59
2017-04-30,22.59
2017-05-01,23.42
2017-05-02,23.42
2017-05-03,23.42
2017-05-04,23.42
2017-05-05,23.42
2017-05-06,23.42
2017-05-07,23.42
2017-05-08,23.42
2017-05-09,23.42
2017-05-10,23.42
2017-05-11,23.42
2017-05-12,23.42
2017-05-13,23.42
2017-05-14,23.42
2017-05-15,23.42
2017-05-16,23.42
2017-05-17,23.42
2017-05-18,23.42
2017-05-19,23.42
2017-05-20,23.42
2017-05-21,23.42
2017-05-22,23.42
2017-05-23,23.42
2017-05-24,23.42
2017-05-25,23.42
2017-05-26,23.42
2017-05-27,23.42
2017-05-28,23.42
2017-05-29,23.42
2017-05-30,23.42
2017-05-31,23.42
2017-06-01,22.24
2017-06-02,22.24
2017-06-03,22.24
2017-06-04,22.24
2017-06-05,22.24
2017-06-06,22.24
2017-06-07,22.24
2017-06-08,22.24
2017-06-09,22.24
2017-06-10,22.24
2017-06-11,22.24
2017-06-12,22.24
2017-06-13,22.24
2017-06-14,22.24
2017-06-15,22.24
2017-06-16,22.24
2017-06-17,22.24
2017-06-18,22.24
2017-06-19,22.24
2017-06-20,22.24
2017-06-21,22.24
2017-06-22,22.24
2017-06-23,22.24
2017-06-24,22.24
2017-06-25,22.24
2017-06-26,22.24
2017-06-27,22.24
2017-06-28,22.24
2017-06-29,22.24
2017-06-30,22.24
2017-07-01,23.16
2017-07-02,23.16
2017-07-03,23.16
2017-07-04,23.16
2017-07-05,23.16
2017-07-06,23.16
2017-07-07,23.16
2017-07-08,23.16
2017-07-09,23.16
2017-07-10,23.16
2017-07-11,23.16
2017-07-12,23.16
2017-07-13,23.16
2017-07-14,23.16
2017-07-15,23.16
2017-07-16,23.16
2017-07-17,23.16
2017-07-18,23.16
2017-07-19,23.16
2017-07-20,23.16
2017-07-21,23.16
2017-07-22,23.16
2017-07-23,23.16
2017-07-24,23.16
2017-07-25,23.16
2017-07-26,23.16
2017-07-27,23.16
2017-07-28,23.16
2017-07-29,23.16
2017-07-30,23.16
2017-07-31,23.16
2017-08-01,23.58
2017-08-02,23.58
2017-08-03,23.58
2017-08-04,23.58
2017-08-05,23.58
2017-08-06,23.58
2017-08-07,23.58
2017-08-08,23.58
2017-08-09,23.58
2017-08-10,23.58
2017-08-11,23.58
2017-08-12,23.58
2017-08-13,23.58
2017-08-14,23.58
2017-08-15,23.58
2017-08-16,23.58
2017-08-17,23.58
2017-08-18,23.58
2017-08-19,23.58
2017-08-20,23.58
2017-08-21,23.58
2017-08-22,23.58
2017-08-23,23.58
2017-08-24,23.58
2017-08-25,23.58
2017-08-26,23.58
2017-08-27,23.58
2017-08-28,23.58
2017-08-29,23.58
2017-08-30,23.58
2017-08-31,23.58
2017-09-01,23.55
2017-09-02,23.55
2017-09-03,23.55
2017-09-04,23.55
2017-09-05,23.55
2017-09-06,23.55
2017-09-07,23.55
2017-09-08,23.55
2017-09-09,23.55
2017-09-10,23.55
2017-09-11,23.55
2017-09-12,23.55
2017-09-13,23.55
2017-09-14,23.55
2017-09-15,23.55
2017-09-16,23.55
2017-09-17,23.55
2017-09-18,23.55
2017-09-19,23.55
2017-09-20,23.55
2017-09-21,23.55
2017-09-22,23.55
2017-09-23,23.55
2017-09-24,23.55
2017-09-25,23.55
2017-09-26,23.55
2017-09-27,23.55
2017-09-28,23.55
2017-09-29,23.55
2017-09-30,23.55
2017-10-01,22.26
2017-10-02,22.26
2017-10-03,22.26
2017-10-04,22.26
2017-10-05,22.26
2017-10-06,22.26
2017-10-07,22.26
2017-10-08,22.26
2017-10-09,22.26
2017-10-10,22.26
2017-10-11,22.26
2017-10-12,22.26
2017-10-13,22.26
2017-10-14,22.26
2017-10-15,22.26
2017-10-16,22.26
2017-10-17,22.26
2017-10-18,22.26
2017-10-19,22.26
2017-10-20,22.26
2017-10-21,22.26
2017-10-22,22.26
2017-10-23,22.26
2017-10-24,22.26
2017-10-25,22.26
2017-10-26,22.26
2017-10-27,22.26
2017-10-28,22.26
2017-10-29,22.26
2017-10-30,22.26
2017-10-31,22.26
2017-11-01,22.68
2017-11-02,22.68
2017-11-03,22.68
2017-11-04,22.68
2017-11-05,22.68
2017-11-06,22.68
2017-11-07,22.68
2017-11-08,22.68
2017-11-09,22.68
2017-11-10,22.68
2017-11-11,22.68
2017-11-12,22.68
2017-11-13,22.68
2017-11-14,22.68
2017-11-15,22.68
2017-11-16,22.68
2017-11-17,22.68
2017-11-18,22.68
2017-11-19,22.68
2017-11-20,22.68
2017-11-21,22.68
2017-11-22,22.68
2017-11-23,22.68
2017-11-24,22.68
2017-11-25,22.68
2017-11-26,22.68
2017-11-27,22.68
2017-11-28,22.68
2017-11-29,22.68
2017-11-30,22.68
2017-12-01,22.79
2017-12-02,22.79
2017-12-03,22.79
2017-12-04,22.79
2017-12-05,22.79
2017-12-06,22.79
2017-12-07,22.79
2017-12-08,22.79
2017-12-09,22.79
2017-12-10,22.79
2017-12-11,22.79
2017-12-12,22.79
2017-12-13,22.79
2017-12-14,22.79
2017-12-15,22.79
2017-12-16,22.79
2017-12-17,22.79
2017-12-18,22.79
2017-12-19,22.79
2017-12-20,22.79
2017-12-21,22.79
2017-12-22,22.79
2017-12-23,22.79
2017-12-24,22.79
2017-12-25,22.79
2017-12-26,22.79
2017-12-27,22.79
2017-12-28,22.79
2017-12-29,22.79
2017-12-30,22.79
2017-12-31,22.79
2018-01-01,26.54
2018-01-02,26.54
2018-01-03,26.54
2018-01-04,26.54
2018-01-05,26.54
2018-01-06,26.54
2018-01-07,26.54
2018-01-08,26.54
2018-01-09,26.54
2018-01-10,26.54
2018-01-11,26.54
2018-01-12,26.54
2018-01-13,26.54
2018-01-14,26.54
2018-01-15,26.54
2018-01-16,26.54
2018-01-17,26.54
2018-01-18,26.54
2018-01-19,26.54
2018-01-20,26.54
2018-01-21,26.54
2018-01-22,26.54
2018-01-23,26.54
2018-01-24,26.54
2018-01-25,26.54
2018-01-26,26.54
2018-01-27,26.54
2018-01-28,26.54
2018-01-29,26.54
2018-01-30,26.54
2018-01-31,26.54
2018-02-01,26.17
2018-02-02,26.17
2018-02-03,26.17
2018-02-04,26.17
2018-02-05,26.17
2018-02-06,26.17
2018-02-07,26.17
2018-02-08,26.17
2018-02-09,26.17
2018-02-10,26.17
2018-02-11,26.17
2018-02-12,26.17
2018-02-13,26.17
2018-02-14,26.17
2018-02-15,26.17
2018-02-16,26.17
2018-02-17,26.17
2018-02-18,26.17
2018-02-19,26.17
2018-02-20,26.17
2018-02-21,26.17
2018-02-22,26.17
2018-02-23,26.17
2018-02-24,26.17
2018-02-25,26.17
2018-02-26,26.17
2018-02-27,26.17
2018-02-28,26.17
2018-03-01,25.13
2018-03-02,25.13
2018-03-03,25.13
2018-03-04,25.13
2018-03-05,25.13
2018-03-06,25.13
2018-03-07,25.13
2018-03-08,25.13
2018-03-09,25.13
2018-03-10,25.13
2018-03-11,25.13
2018-03-12,25.13
2018-03-13,25.13
2018-03-14,25.13
2018-03-15,25.13
2018-03-16,25.13
2018-03-17,25.13
2018-03-18,25.13
2018-03-19,25.13
2018-03-20,25.13
2018-03-21,25.13
2018-03-22,25.13
2018-03-23,25.13
2018-03-24,25.13
2018-03-25,25.13
2018-03-26,25.13
2018-03-27,25.13
2018-03-28,25.13
2018-03-29,25.13
2018-03-30,25.13
2018-03-31,25.13
2018-04-01,23.75
2018-04-02,23.75
2018-04-03,23.75
2018-04-04,23.75
2018-04-05,23.75
2018-04-06,23.75
2018-04-07,23.75
2018-04-08,23.75
2018-04-09,23.75
2018-04-10,23.75
2018-04-11,23.75
2018-04-12,23.75
2018-04-13,23.75
2018-04-14,23.75
2018-04-15,23.75
2018-04-16,23.75
2018-04-17,23.75
2018-04-18,23.75
2018-04-19,23.75
2018-04-20,23.75
2018-04-21,23.75
2018-04-22,23.75
2018-04-23,23.75
2018-04-24,23.75
2018-04-25,23.75
2018-04-26,23.75
2018-04-27,23.75
2018-04-28,23.75
2018-04-29,23.75
2018-04-30,23.75
2018-05-01,25.06
2018-05-02,25.06
2018-05-03,25.06
2018-05-04,25.06
2018-05-05,25.06
2018-05-06,25.06
2018-05-07,25.06
2018-05-08,25.06
2018-05-09,25.06
2018-05-10,25.06
2018-05-11,25.06
2018-05-12,25.06
2018-05-13,25.06
2018-05-14,25.06
2018-05-15,25.06
2018-05-16,25.06
2018-05-17,25.06
2018-05-18,25.06
2018-05-19,25.06
2018-05-20,25.06
2018-05-21,25.06
2018-05-22,25.06
2018-05-23,25.06
2018-05-24,25.06
2018-05-25,25.06
2018-05-26,25.06
2018-05-27,25.06
2018-05-28,25.06
2018-05-29,25.06
2018-05-30,25.06
2018-05-31,25.06
2018-06-01,25.32
2018-06-02,25.32
2018-06-03,25.32
2018-06-04,25.32
2018-06-05,25.32
2018-06-06,25.32
2018-06-07,25.32
2018-06-08,25.32
2018-06-09,25.32
2018-06-10,25.32
2018-06-11,25.32
2018-06-12,25.32
2018-06-13,25.32
2018-06-14,25.32
2018-06-15,25.32
2018-06-16,25.32
2018-06-17,25.32
2018-06-18,25.32
2018-06-19,25.32
2018-06-20,25.32
2018-06-21,25.32
2018-06-22,25.32
2018-06-23,25.32
2018-06-24,25.32
2018-06-25,25.32
2018-06-26,25.32
2018-06-27,25.32
2018-06-28,25.32
2018-06-29,25.32
2018-06-30,25.32
2018-07-01,23.86
2018-07-02,23.86
2018-07-03,23.86
2018-07-04,23.86
2018-07-05,23.86
2018-07-06,23.86
2018-07-07,23.86
2018-07-08,23.86
2018-07-09,23.86
2018-07-10,23.86
2018-07-11,23.86
2018-07-12,23.86
2018-07-13,23.86
2018-07-14,23.86
2018-07-15,23.86
2018-07-16,23.86
2018-07-17,23.86
2018-07-18,23.86
2018-07-19,23.86
2018-07-20,23.86
2018-07-21,23.86
2018-07-22,23.86
2018-07-23,23.86
2018-07-24,23.86
2018-07-25,23.86
2018-07-26,23.86
2018-07-27,23.86
2018-07-28,23.86
2018-07-29,23.86
2018-07-30,23.86
2018-07-31,23.86
2018-08-01,25.25
2018-08-02,25.25
2018-08-03,25.25
2018-08-04,25.25
2018-08-05,25.25
2018-08-06,25.25
2018-08-07,25.25
2018-08-08,25.25
2018-08-09,25.25
2018-08-10,25.25
2018-08-11,25.25
2018-08-12,25.25
2018-08-13,25.25
2018-08-14,25.25
2018-08-15,25.25
2018-08-16,25.25
2018-08-17,25.25
2018-08-18,25.25
2018-08-19,25.25
2018-08-20,25.25
2018-08-21,25.25
2018-08-22,25.25
2018-08-23,25.25
2018-08-24,25.25
2018-08-25,25.25
2018-08-26,25.25
2018-08-27,25.25
2018-08-28,25.25
2018-08-29,25.25
2018-08-30,25.25
2018-08-31,25.25
2018-09-01,25.17
2018-09-02,25.17
2018-09-03,25.17
2018-09-04,25.17
2018-09-05,25.17
2018-09-06,25.17
2018-09-07,25.17
2018-09-08,25.17
2018-09-09,25.17
2018-09-10,25.17
2018-09-11,25.17
2018-09-12,25.17
2018-09-13,25.17
2018-09-14,25.17
2018-09-15,25.17
2018-09-16,25.17
2018-09-17,25.17
2018-09-18,25.17
2018-09-19,25.17
2018-09-20,25.17
2018-09-21,25.17
2018-09-22,25.17
2018-09-23,25.17
2018-09-24,25.17
2018-09-25,25.17
2018-09-26,25.17
2018-09-27,25.17
2018-09-28,25.17
2018-09-29,25.17
2018-09-30,25.17
2018-10-01,21.66
2018-10-02,21.66
2018-10-03,21.66
2018-10-04,21.66
2018-10-05,21.66
2018-10-06,21.66
2018-10-07,21.66
2018-10-08,21.66
2018-10-09,21.66
2018-10-10,21.66
2018-10-11,21.66
2018-10-12,21.66
2018-10-13,21.66
2018-10-14,21.66
2018-10-15,21.66
2018-10-16,21.66
2018-10-17,21.66
2018-10-18,21.66
2018-10-19,21.66
2018-10-20,21.66
2018-10-21,21.66
2018-10-22,21.66
2018-10-23,21.66
2018-10-24,21.66
2018-10-25,21.66
2018-10-26,21.66
2018-10-27,21.66
2018-10-28,21.66
2018-10-29,21.66
2018-10-30,21.66
2018-10-31,21.66
2018-11-01,21.61
2018-11-02,21.61
2018-11-03,21.61
2018-11-04,21.61
2018-11-05,21.61
2018-11-06,21.61
2018-11-07,21.61
2018-11-08,21.61
2018-11-09,21.61
2018-11-10,21.61
2018-11-11,21.61
2018-11-12,21.61
2018-11-13,21.61
2018-11-14,21.61
2018-11-15,21.61
2018-11-16,21.61
2018-11-17,21.61
2018-11-18,21.61
2018-11-19,21.61
2018-11-20,21.61
2018-11-21,21.61
2018-11-22,21.61
2018-11-23,21.61
2018-11-24,21.61
2018-11-25,21.61
2018-11-26,21.61
2018-11-27,21.61
2018-11-28,21.61
2018-11-29,21.61
2018-11-30,21.61
2018-12-01,17.5
2018-12-02,17.5
2018-12-03,17.5
2018-12-04,17.5
2018-12-05,17.5
2018-12-06,17.5
2018-12-07,17.5
2018-12-08,17.5
2018-12-09,17.5
2018-12-10,17.5
2018-12-11,17.5
2018-12-12,17.5
2018-12-13,17.5
2018-12-14,17.5
2018-12-15,17.5
2018-12-16,17.5
2018-12-17,17.5
2018-12-18,17.5
2018-12-19,17.5
2018-12-20,17.5
2018-12-21,17.5
2018-12-22,17.5
2018-12-23,17.5
2018-12-24,17.5
2018-12-25,17.5
2018-12-26,17.5
2018-12-27,17.5
2018-12-28,17.5
2018-12-29,17.5
2018-12-30,17.5
2018-12-31,17.5
2019-01-01,19.1
2019-01-02,19.1
2019-01-03,19.1
2019-01-04,19.1
2019-01-05,19.1
2019-01-06,19.1
2019-01-07,19.1
2019-01-08,19.1
2019-01-09,19.1
2019-01-10,19.1
2019-01-11,19.1
2019-01-12,19.1
2019-01-13,19.1
2019-01-14,19.1
2019-01-15,19.1
2019-01-16,19.1
2019-01-17,19.1
2019-01-18,19.1
2019-01-19,19.1
2019-01-20,19.1
2019-01-21,19.1
2019-01-22,19.1
2019-01-23,19.1
2019-01-24,19.1
2019-01-25,19.1
2019-01-26,19.1
2019-01-27,19.1
2019-01-28,19.1
2019-01-29,19.1
2019-01-30,19.1
2019-01-31,19.1
2019-02-01,19.62
2019-02-02,19.62
2019-02-03,19.62
2019-02-04,19.62
2019-02-05,19.62
2019-02-06,19.62
2019-02-07,19.62
2019-02-08,19.62
2019-02-09,19.62
2019-02-10,19.62
2019-02-11,19.62
2019-02-12,19.62
2019-02-13,19.62
2019-02-14,19.62
2019-02-15,19.62
2019-02-16,19.62
2019-02-17,19.62
2019-02-18,19.62
2019-02-19,19.62
2019-02-20,19.62
2019-02-21,19.62
2019-02-22,19.62
2019-02-23,19.62
2019-02-24,19.62
2019-02-25,19.62
2019-02-26,19.62
2019-02-27,19.62
2019-02-28,19.62
2019-03-01,20.4
2019-03-02,20.4
2019-03-03,20.4
2019-03-04,20.4
2019-03-05,20.4
2019-03-06,20.4
2019-03-07,20.4
2019-03-08,20.4
2019-03-09,20.4
2019-03-10,20.4
2019-03-11,20.4
2019-03-12,20.4
2019-03-13,20.4
2019-03-14,20.4
2019-03-15,20.4
2019-03-16,20.4
2019-03-17,20.4
2019-03-18,20.4
2019-03-19,20.4
2019-03-20,20.4
2019-03-21,20.4
2019-03-22,20.4
2019-03-23,20.4
2019-03-24,20.4
2019-03-25,20.4
2019-03-26,20.4
2019-03-27,20.4
2019-03-28,20.4
2019-03-29,20.4
2019-03-30,20.4
2019-03-31,20.4
2019-04-01,21.46
2019-04-02,21.46
2019-04-03,21.46
2019-04-04,21.46
2019-04-05,21.46
2019-04-06,21.46
2019-04-07,21.46
2019-04-08,21.46
2019-04-09,21.46
2019-04-10,21.46
2019-04-11,21.46
2019-04-12,21.46
2019-04-13,21.46
2019-04-14,21.46
2019-04-15,21.46
2019-04-16,21.46
2019-04-17,21.46
2019-04-18,21.46
2019-04-19,21.46
2019-04-20,21.46
2019-04-21,21.46
2019-04-22,21.46
2019-04-23,21.46
2019-04-24,21.46
2019-04-25,21.46
2019-04-26,21.46
2019-04-27,21.46
2019-04-28,21.46
2019-04-29,21.46
2019-04-30,21.46
2019-05-01,19.66
2019-05-02,19.66
2019-05-03,19.66
2019-05-04,19.66
2019-05-05,19.66
2019-05-06,19.66
2019-05-07,19.66
2019-05-08,19.66
2019-05-09,19.66
2019-05-10,19.66
2019-05-11,19.66
2019-05-12,19.66
2019-05-13,19.66
2019-05-14,19.66
2019-05-15,19.66
2019-05-16,19.66
2019-05-17,19.66
2019-05-18,19.66
2019-05-19,19.66
2019-05-20,19.66
2019-05-21,19.66
2019-05-22,19.66
2019-05-23,19.66
2019-05-24,19.66
2019-05-25,19.66
2019-05-26,19.66
2019-05-27,19.66
2019-05-28,19.66
2019-05-29,19.66
2019-05-30,19.66
2019-05-31,19.66
2019-06-01,21.16
2019-06-02,21.16
2019-06-03,21.16
2019-06-04,21.16
2019-06-05,21.16
2019-06-06,21.16
2019-06-07,21.16
2019-06-08,21.16
2019-06-09,21.16
2019-06-10,21.16
2019-06-11,21.16
2019-06-12,21.16
2019-06-13,21.16
2019-06-14,21.16
2019-06-15,21.16
2019-06-16,21.16
2019-06-17,21.16
2019-06-18,21.16
2019-06-19,21.16
2019-06-20,21.16
2019-06-21,21.16
2019-06-22,21.16
2019-06-23,21.16
2019-06-24,21.16
2019-06-25,21.16
2019-06-26,21.16
2019-06-27,21.16
2019-06-28,21.16
2019-06-29,21.16
2019-06-30,21.16
2019-07-01,21.69
2019-07-02,21.69
2019-07-03,21.69
2019-07-04,21.69
2019-07-05,21.69
2019-07-06,21.69
2019-07-07,21.69
2019-07-08,21.69
2019-07-09,21.69
2019-07-10,21.69
2019-07-11,21.69
2019-07-12,21.69
2019-07-13,21.69
2019-07-14,21.69
2019-07-15,21.69
2019-07-16,21.69
2019-07-17,21.69
2019-07-18,21.69
2019-07-19,21.69
2019-07-20,21.69
2019-07-21,21.69
2019-07-22,21.69
2019-07-23,21.69
2019-07-24,21.69
2019-07-25,21.69
2019-07-26,21.69
2019-07-27,21.69
2019-07-28,21.69
2019-07-29,21.69
2019-07-30,21.69
2019-07-31,21.69
2019-08-01,21.25
2019-08-02,21.25
2019-08-03,21.25
2019-08-04,21.25
2019-08-05,21.25
2019-08-06,21.25
2019-08-07,21.25
2019-08-08,21.25
2019-08-09,21.25
2019-08-10,21.25
2019-08-11,21.25
2019-08-12,21.25
2019-08-13,21.25
2019-08-14,21.25
2019-08-15,21.25
2019-08-16,21.25
2019-08-17,21.25
2019-08-18,21.25
2019-08-19,21.25
2019-08-20,21.25
2019-08-21,21.25
2019-08-22,21.25
2019-08-23,21.25
2019-08-24,21.25
2019-08-25,21.25
2019-08-26,21.25
2019-08-27,21.25
2019-08-28,21.25
2019-08-29,21.25
2019-08-30,21.25
2019-08-31,21.25
2019-09-01,21.55
2019-09-02,21.55
2019-09-03,21.55
2019-09-04,21.55
2019-09-05,21.55
2019-09-06,21.55
2019-09-07,21.55
2019-09-08,21.55
2019-09-09,21.55
2019-09-10,21.55
2019-09-11,21.55
2019-09-12,21.55
2019-09-13,21.55
2019-09-14,21.55
2019-09-15,21.55
2019-09-16,21.55
2019-09-17,21.55
2019-09-18,21.55
2019-09-19,21.55
2019-09-20,21.55
2019-09-21,21.55
2019-09-22,21.55
2019-09-23,21.55
2019-09-24,21.55
2019-09-25,21.55
2019-09-26,21.55
2019-09-27,21.55
2019-09-28,21.55
2019-09-29,21.55
2019-09-30,21.55
2019-10-01,22.48
2019-10-02,22.48
2019-10-03,22.48
2019-10-04,22.48
2019-10-05,22.48
2019-10-06,22.48
2019-10-07,22.48
2019-10-08,22.48
2019-10-09,22.48
2019-10-10,22.48
2019-10-11,22.48
2019-10-12,22.48
2019-10-13,22.48
2019-10-14,22.48
2019-10-15,22.48
2019-10-16,22.48
2019-10-17,22.48
2019-10-18,22.48
2019-10-19,22.48
2019-10-20,22.48
2019-10-21,22.48
2019-10-22,22.48
2019-10-23,22.48
2019-10-24,22.48
2019-10-25,22.48
2019-10-26,22.48
2019-10-27,22.48
2019-10-28,22.48
2019-10-29,22.48
2019-10-30,22.48
2019-10-31,22.48
2019-11-01,23.37
2019-11-02,23.37
2019-11-03,23.37
2019-11-04,23.37
2019-11-05,23.37
2019-11-06,23.37
2019-11-07,23.37
2019-11-08,23.37
2019-11-09,23.37
2019-11-10,23.37
2019-11-11,23.37
2019-11-12,23.37
2019-11-13,23.37
2019-11-14,23.37
2019-11-15,23.37
2019-11-16,23.37
2019-11-17,23.37
2019-11-18,23.37
2019-11-19,23.37
2019-11-20,23.37
2019-11-21,23.37
2019-11-22,23.37
2019-11-23,23.37
2019-11-24,23.37
2019-11-25,23.37
2019-11-26,23.37
2019-11-27,23.37
2019-11-28,23.37
2019-11-29,23.37
2019-11-30,23.37
2019-12-01,22.89
2019-12-02,22.89
2019-12-03,22.89
2019-12-04,22.89
2019-12-05,22.89
2019-12-06,22.89
2019-12-07,22.89
2019-12-08,22.89
2019-12-09,22.89
2019-12-10,22.89
2019-12-11,22.89
2019-12-12,22.89
2019-12-13,22.89
2019-12-14,22.89
2019-12-15,22.89
2019-12-16,22.89
2019-12-17,22.89
2019-12-18,22.89
2019-12-19,22.89
2019-12-20,22.89
2019-12-21,22.89
2019-12-22,22.89
2019-12-23,22.89
2019-12-24,22.89
2019-12-25,22.89
2019-12-26,22.89
2019-12-27,22.89
2019-12-28,22.89
2019-12-29,22.89
2019-12-30,22.89
2019-12-31,22.89
2020-01-01,23.57
2020-01-02,23.57
2020-01-03,23.57
2020-01-04,23.57
2020-01-05,23.57
2020-01-06,23.57
2020-01-07,23.57
2020-01-08,23.57
2020-01-09,23.57
2020-01-10,23.57
2020-01-11,23.57
2020-01-12,23.57
2020-01-13,23.57
2020-01-14,23.57
2020-01-15,23.57
2020-01-16,23.57
2020-01-17,23.57
2020-01-18,23.57
2020-01-19,23.57
2020-01-20,23.57
2020-01-21,23.57
2020-01-22,23.57
2020-01-23,23.57
2020-01-24,23.57
2020-01-25,23.57
2020-01-26,23.57
2020-01-27,23.57
2020-01-28,23.57
2020-01-29,23.57
2020-01-30,23.57
2020-01-31,23.57
2020-02-01,22.18
2020-02-02,22.18
2020-02-03,22.18
2020-02-04,22.18
2020-02-05,22.18
2020-02-06,22.18
2020-02-07,22.18
2020-02-08,22.18
2020-02-09,22.18
2020-02-10,22.18
2020-02-11,22.18
2020-02-12,22.18
2020-02-13,22.18
2020-02-14,22.18
2020-02-15,22.18
2020-02-16,22.18
2020-02-17,22.18
2020-02-18,22.18
2020-02-19,22.18
2020-02-20,22.18
2020-02-21,22.18
2020-02-22,22.18
2020-02-23,22.18
2020-02-24,22.18
2020-02-25,22.18
2020-02-26,22.18
2020-02-27,22.18
2020-02-28,22.18
2020-02-29,22.18
2020-03-01,21.03
2020-03-02,21.03
2020-03-03,21.03
2020-03-04,21.03
2020-03-05,21.03
2020-03-06,21.03
2020-03-07,21.03
2020-03-08,21.03
2020-03-09,21.03
2020-03-10,21.03
2020-03-11,21.03
2020-03-12,21.03
2020-03-13,21.03
2020-03-14,21.03
2020-03-15,21.03
2020-03-16,21.03
2020-03-17,21.03
2020-03-18,21.03
2020-03-19,21.03
2020-03-20,21.03
2020-03-21,21.03
2020-03-22,21.03
2020-03-23,21.03
2020-03-24,21.03
2020-03-25,21.03
2020-03-26,21.03
2020-03-27,21.03
2020-03-28,21.03
2020-03-29,21.03
2020-03-30,21.03
2020-03-31,21.03
2020-04-01,24.22
2020-04-02,24.22
2020-04-03,24.22
2020-04-04,24.22
2020-04-05,24.22
2020-04-06,24.22
2020-04-07,24.22
2020-04-08,24.22
2020-04-09,24.22
2020-04-10,24.22
2020-04-11,24.22
2020-04-12,24.22
2020-04-13,24.22
2020-04-14,24.22
2020-04-15,24.22
2020-04-16,24.22
2020-04-17,24.22
2020-04-18,24.22
2020-04-19,24.22
2020-04-20,24.22
2020-04-21,24.22
2020-04-22,24.22
2020-04-23,24.22
2020-04-24,24.22
2020-04-25,24.22
2020-04-26,24.22
2020-04-27,24.22
2020-04-28,24.22
2020-04-29,24.22
2020-04-30,24.22
2020-05-01,25.71
2020-05-02,25.71
2020-05-03,25.71
2020-05-04,25.71
2020-05-05,25.71
2020-05-06,25.71
2020-05-07,25.71
2020-05-08,25.71
2020-05-09,25.71
2020-05-10,25.71
2020-05-11,25.71
2020-05-12,25.71
2020-05-13,25.71
2020-05-14,25.71
2020-05-15,25.71
2020-05-16,25.71
2020-05-17,25.71
2020-05-18,25.71
2020-05-19,25.71
2020-05-20,25.71
2020-05-21,25.71
2020-05-22,25.71
2020-05-23,25.71
2020-05-24,25.71
2020-05-25,25.71
2020-05-26,25.71
2020-05-27,25.71
2020-05-28,25.71
2020-05-29,25.71
2020-05-30,25.71
2020-05-31,25.71
2020-06-01,27.85
2020-06-02,27.85
2020-06-03,27.85
2020-06-04,27.85
2020-06-05,27.85
2020-06-06,27.85
2020-06-07,27.85
2020-06-08,27.85
2020-06-09,27.85
2020-06-10,27.85
2020-06-11,27.85
2020-06-12,27.85
2020-06-13,27.85
2020-06-14,27.85
2020-06-15,27.85
2020-06-16,27.85
2020-06-17,27.85
2020-06-18,27.85
2020-06-19,27.85
2020-06-20,27.85
2020-06-21,27.85
2020-06-22,27.85
2020-06-23,27.85
2020-06-24,27.85
2020-06-25,27.85
2020-06-26,27.85
2020-06-27,27.85
2020-06-28,27.85
2020-06-29,27.85
2020-06-30,27.85
2020-07-01,29.9
2020-07-02,29.9
2020-07-03,29.9
2020-07-04,29.9
2020-07-05,29.9
2020-07-06,29.9
2020-07-07,29.9
2020-07-08,29.9
2020-07-09,29.9
2020-07-10,29.9
2020-07-11,29.9
2020-07-12,29.9
2020-07-13,29.9
2020-07-14,29.9
2020-07-15,29.9
2020-07-16,29.9
2020-07-17,29.9
2020-07-18,29.9
2020-07-19,29.9
2020-07-20,29.9
2020-07-21,29.9
2020-07-22,29.9
2020-07-23,29.9
2020-07-24,29.9
2020-07-25,29.9
2020-07-26,29.9
2020-07-27,29.9
2020-07-28,29.9
2020-07-29,29.9
2020-07-30,29.9
2020-07-31,29.9
2020-08-01,33.2
2020-08-02,33.2
2020-08-03,33.2
2020-08-04,33.2
2020-08-05,33.2
2020-08-06,33.2
2020-08-07,33.2
2020-08-08,33.2
2020-08-09,33.2
2020-08-10,33.2
2020-08-11,33.2
2020-08-12,33.2
2020-08-13,33.2
2020-08-14,33.2
2020-08-15,33.2
2020-08-16,33.2
2020-08-17,33.2
2020-08-18,33.2
2020-08-19,33.2
2020-08-20,33.2
2020-08-21,33.2
2020-08-22,33.2
2020-08-23,33.2
2020-08-24,33.2
2020-08-25,33.2
2020-08-26,33.2
2020-08-27,33.2
2020-08-28,33.2
2020-08-29,33.2
2020-08-30,33.2
2020-08-31,33.2
2020-09-01,31.56
2020-09-02,31.56
2020-09-03,31.56
2020-09-04,31.56
2020-09-05,31.56
2020-09-06,31.56
2020-09-07,31.56
2020-09-08,31.56
2020-09-09,31.56
2020-09-10,31.56
2020-09-11,31.56
2020-09-12,31.56
2020-09-13,31.56
2020-09-14,31.56
2020-09-15,31.56
2020-09-16,31.56
2020-09-17,31.56
2020-09-18,31.56
2020-09-19,31.56
2020-09-20,31.56
2020-09-21,31.56
2020-09-22,31.56
2020-09-23,31.56
2020-09-24,31.56
2020-09-25,31.56
2020-09-26,31.56
2020-09-27,31.56
2020-09-28,31.56
2020-09-29,31.56
2020-09-30,31.56
2020-10-01,30.55
2020-10-02,30.55
2020-10-03,30.55
2020-10-04,30.55
2020-10-05,30.55
2020-10-06,30.55
2020-10-07,30.55
2020-10-08,30.55
2020-10-09,30.55
2020-10-10,30.55
2020-10-11,30.55
2020-10-12,30.55
2020-10-13,30.55
2020-10-14,30.55
2020-10-15,30.55
2020-10-16,30.55
2020-10-17,30.55
2020-10-18,30.55
2020-10-19,30.55
2020-10-20,30.55
2020-10-21,30.55
2020-10-22,30.55
2020-10-23,30.55
2020-10-24,30.55
2020-10-25,30.55
2020-10-26,30.55
2020-10-27,30.55
2020-10-28,30.55
2020-10-29,30.55
2020-10-30,30.55
2020-10-31,30.55
2020-11-01,33.91
2020-11-02,33.91
2020-11-03,33.91
2020-11-04,33.91
2020-11-05,33.91
2020-11-06,33.91
2020-11-07,33.91
2020-11-08,33.91
2020-11-09,33.91
2020-11-10,33.91
2020-11-11,33.91
2020-11-12,33.91
2020-11-13,33.91
2020-11-14,33.91
2020-11-15,33.91
2020-11-16,33.91
2020-11-17,33.91
2020-11-18,33.91
2020-11-19,33.91
2020-11-20,33.91
2020-11-21,33.91
2020-11-22,33.91
2020-11-23,33.91
2020-11-24,33.91
2020-11-25,33.91
2020-11-26,33.91
2020-11-27,33.91
2020-11-28,33.91
2020-11-29,33.91
2020-11-30,33.91
2020-12-01,32.9
2020-12-02,32.9
2020-12-03,32.9
2020-12-04,32.9
2020-12-05,32.9
2020-12-06,32.9
2020-12-07,32.9
2020-12-08,32.9
2020-12-09,32.9
2020-12-10,32.9
2020-12-11,32.9
2020-12-12,32.9
2020-12-13,32.9
2020-12-14,32.9
2020-12-15,32.9
2020-12-16,32.9
2020-12-17,32.9
2020-12-18,32.9
2020-12-19,32.9
2020-12-20,32.9
2020-12-21,32.9
2020-12-22,32.9
2020-12-23,32.9
2020-12-24,32.9
2020-12-25,32.9
2020-12-26,32.9
2020-12-27,32.9
2020-12-28,32.9
2020-12-29,32.9
2020-12-30,32.9
2020-12-31,32.9
2021-01-01,33.0
2021-01-02,33.0
2021-01-03,33.0
2021-01-04,33.0
2021-01-05,33.0
2021-01-06,33.0
2021-01-07,33.0
2021-01-08,33.0
2021-01-09,33.0
2021-01-10,33.0
2021-01-11,33.0
2021-01-12,33.0
2021-01-13,33.0
2021-01-14,33.0
2021-01-15,33.0
2021-01-16,33.0
2021-01-17,33.0
2021-01-18,33.0
2021-01-19,33.0
2021-01-20,33.0
2021-01-21,33.0
2021-01-22,33.0
2021-01-23,33.0
2021-01-24,33.0
2021-01-25,33.0
2021-01-26,33.0
2021-01-27,33.0
2021-01-28,33.0
2021-01-29,33.0
2021-01-30,33.0
2021-01-31,33.0
2021-02-01,32.96
2021-02-02,32.96
2021-02-03,32.96
2021-02-04,32.96
2021-02-05,32.96
2021-02-06,32.96
2021-02-07,32.96
2021-02-08,32.96
2021-02-09,32.96
2021-02-10,32.96
2021-02-11,32.96
2021-02-12,32.96
2021-02-13,32.96
2021-02-14,32.96
2021-02-15,32.96
2021-02-16,32.96
2021-02-17,32.96
2021-02-18,32.96
2021-02-19,32.96
2021-02-20,32.96
2021-02-21,32.96
2021-02-22,32.96
2021-02-23,32.96
2021-02-24,32.96
2021-02-25,32.96
2021-02-26,32.96
2021-02-27,32.96
2021-02-28,32.96
2021-03-01,29.68
2021-03-02,29.68
2021-03-03,29.68
2021-03-04,29.68
2021-03-05,29.68
2021-03-06,29.68
2021-03-07,29.68
2021-03-08,29.68
2021-03-09,29.68
2021-03-10,29.68
2021-03-11,29.68
2021-03-12,29.68
2021-03-13,29.68
2021-03-14,29.68
2021-03-15,29.68
2021-03-16,29.68
2021-03-17,29.68
2021-03-18,29.68
2021-03-19,29.68
2021-03-20,29.68
2021-03-21,29.68
2021-03-22,29.68
2021-03-23,29.68
2021-03-24,29.68
2021-03-25,29.68
2021-03-26,29.68
2021-03-27,29.68
2021-03-28,29.68
2021-03-29,29.68
2021-03-30,29.68
2021-03-31,29.68
2021-04-01,31.42
2021-04-02,31.42
2021-04-03,31.42
2021-04-04,31.42
2021-04-05,31.42
2021-04-06,31.42
2021-04-07,31.42
2021-04-08,31.42
2021-04-09,31.42
2021-04-10,31.42
2021-04-11,31.42
2021-04-12,31.42
2021-04-13,31.42
2021-04-14,31.42
2021-04-15,31.42
2021-04-16,31.42
2021-04-17,31.42
2021-04-18,31.42
2021-04-19,31.42
2021-04-20,31.42
2021-04-21,31.42
2021-04-22,31.42
2021-04-23,31.42
2021-04-24,31.42
2021-04-25,31.42
2021-04-26,31.42
2021-04-27,31.42
2021-04-28,31.42
2021-04-29,31.42
2021-04-30,31.42
2021-05-01,31.03
2021-05-02,31.03
2021-05-03,31.03
2021-05-04,31.03
2021-05-05,31.03
2021-05-06,31.03
2021-05-07,31.03
2021-05-08,31.03
2021-05-09,31.03
2021-05-10,31.03
2021-05-11,31.03
2021-05-12,31.03
2021-05-13,31.03
2021-05-14,31.03
2021-05-15,31.03
2021-05-16,31.03
2021-05-17,31.03
2021-05-18,31.03
2021-05-19,31.03
2021-05-20,31.03
2021-05-21,31.03
2021-05-22,31.03
2021-05-23,31.03
2021-05-24,31.03
2021-05-25,31.03
2021-05-26,31.03
2021-05-27,31.03
2021-05-28,31.03
2021-05-29,31.03
2021-05-30,31.03
2021-05-31,31.03
2021-06-01,28.09
2021-06-02,28.09
2021-06-03,28.09
2021-06-04,28.09
2021-06-05,28.09
2021-06-06,28.09
2021-06-07,28.09
2021-06-08,28.09
2021-06-09,28.09
2021-06-10,28.09
2021-06-11,28.09
2021-06-12,28.09
2021-06-13,28.09
2021-06-14,28.09
2021-06-15,28.09
2021-06-16,28.09
2021-06-17,28.09
2021-06-18,28.09
2021-06-19,28.09
2021-06-20,28.09
2021-06-21,28.09
2021-06-22,28.09
2021-06-23,28.09
2021-06-24,28.09
2021-06-25,28.09
2021-06-26,28.09
2021-06-27,28.09
2021-06-28,28.09
2021-06-29,28.09
2021-06-30,28.09
2021-07-01,28.87
2021-07-02,28.87
2021-07-03,28.87
2021-07-04,28.87
2021-07-05,28.87
2021-07-06,28.87
2021-07-07,28.87
2021-07-08,28.87
2021-07-09,28.87
2021-07-10,28.87
2021-07-11,28.87
2021-07-12,28.87
2021-07-13,28.87
2021-07-14,28.87
2021-07-15,28.87
2021-07-16,28.87
2021-07-17,28.87
2021-07-18,28.87
2021-07-19,28.87
2021-07-20,28.87
2021-07-21,28.87
2021-07-22,28.87
2021-07-23,28.87
2021-07-24,28.87
2021-07-25,28.87
2021-07-26,28.87
2021-07-27,28.87
2021-07-28,28.87
2021-07-29,28.87
2021-07-30,28.87
2021-07-31,28.87
2021-08-01,30.07
2021-08-02,30.07
2021-08-03,30.07
2021-08-04,30.07
2021-08-05,30.07
2021-08-06,30.07
2021-08-07,30.07
2021-08-08,30.07
2021-08-09,30.07
2021-08-10,30.07
2021-08-11,30.07
2021-08-12,30.07
2021-08-13,30.07
2021-08-14,30.07
2021-08-15,30.07
2021-08-16,30.07
2021-08-17,30.07
2021-08-18,30.07
2021-08-19,30.07
2021-08-20,30.07
2021-08-21,30.07
2021-08-22,30.07
2021-08-23,30.07
2021-08-24,30.07
2021-08-25,30.07
2021-08-26,30.07
2021-08-27,30.07
2021-08-28,30.07
2021-08-29,30.07
2021-08-30,30.07
2021-08-31,30.07
2021-09-01,27.03
2021-09-02,27.03
2021-09-03,27.03
2021-09-04,27.03
2021-09-05,27.03
2021-09-06,27.03
2021-09-07,27.03
2021-09-08,27.03
2021-09-09,27.03
2021-09-10,27.03
2021-09-11,27.03
2021-09-12,27.03
2021-09-13,27.03
2021-09-14,27.03
2021-09-15,27.03
2021-09-16,27.03
2021-09-17,27.03
2021-09-18,27.03
2021-09-19,27.03
2021-09-20,27.03
2021-09-21,27.03
2021-09-22,27.03
2021-09-23,27.03
2021-09-24,27.03
2021-09-25,27.03
2021-09-26,27.03
2021-09-27,27.03
2021-09-28,27.03
2021-09-29,27.03
2021-09-30,27.03
2021-10-01,29.16
2021-10-02,29.16
2021-10-03,29.16
2021-10-04,29.16
2021-10-05,29.16
2021-10-06,29.16
2021-10-07,29.16
2021-10-08,29.16
2021-10-09,29.16
2021-10-10,29.16
2021-10-11,29.16
2021-10-12,29.16
2021-10-13,29.16
2021-10-14,29.16
2021-10-15,29.16
2021-10-16,29.16
2021-10-17,29.16
2021-10-18,29.16
2021-10-19,29.16
2021-10-20,29.16
2021-10-21,29.16
2021-10-22,29.16
2021-10-23,29.16
2021-10-24,29.16
2021-10-25,29.16
2021-10-26,29.16
2021-10-27,29.16
2021-10-28,29.16
2021-10-29,29.16
2021-10-30,29.16
2021-10-31,29.16
2021-11-01,29.69
2021-11-02,29.69
2021-11-03,29.69
2021-11-04,29.69
2021-11-05,29.69
2021-11-06,29.69
2021-11-07,29.69
2021-11-08,29.69
2021-11-09,29.69
2021-11-10,29.69
2021-11-11,29.69
2021-11-12,29.69
2021-11-13,29.69
2021-11-14,29.69
2021-11-15,29.69
2021-11-16,29.69
2021-11-17,29.69
2021-11-18,29.69
2021-11-19,29.69
2021-11-20,29.69
2021-11-21,29.69
2021-11-22,29.69
2021-11-23,29.69
2021-11-24,29.69
2021-11-25,29.69
2021-11-26,29.69
2021-11-27,29.69
2021-11-28,29.69
2021-11-29,29.69
2021-11-30,29.69
2021-12-01,28.76
2021-12-02,28.76
2021-12-03,28.76
2021-12-04,28.76
2021-12-05,28.76
2021-12-06,28.76
2021-12-07,28.76
2021-12-08,28.76
2021-12-09,28.76
2021-12-10,28.76
2021-12-11,28.76
2021-12-12,28.76
2021-12-13,28.76
2021-12-14,28.76
2021-12-15,28.76
2021-12-16,28.76
2021-12-17,28.76
2021-12-18,28.76
2021-12-19,28.76
2021-12-20,28.76
2021-12-21,28.76
2021-12-22,28.76
2021-12-23,28.76
2021-12-24,28.76
2021-12-25,28.76
2021-12-26,28.76
2021-12-27,28.76
2021-12-28,28.76
2021-12-29,28.76
2021-12-30,28.76
2021-12-31,28.76
2022-01-01,26.31
2022-01-02,26.31
2022-01-03,26.31
2022-01-04,26.31
2022-01-05,26.31
2022-01-06,26.31
2022-01-07,26.31
2022-01-08,26.31
2022-01-09,26.31
2022-01-10,26.31
2022-01-11,26.31
2022-01-12,26.31
2022-01-13,26.31
2022-01-14,26.31
2022-01-15,26.31
2022-01-16,26.31
2022-01-17,26.31
2022-01-18,26.31
2022-01-19,26.31
2022-01-20,26.31
2022-01-21,26.31
2022-01-22,26.31
2022-01-23,26.31
2022-01-24,26.31
2022-01-25,26.31
2022-01-26,26.31
2022-01-27,26.31
2022-01-28,26.31
2022-01-29,26.31
2022-01-30,26.31
2022-01-31,26.31
2022-02-01,25.09
2022-02-02,25.09
2022-02-03,25.09
2022-02-04,25.09
2022-02-05,25.09
2022-02-06,25.09
2022-02-07,25.09
2022-02-08,25.09
2022-02-09,25.09
2022-02-10,25.09
2022-02-11,25.09
2022-02-12,25.09
2022-02-13,25.09
2022-02-14,25.09
2022-02-15,25.09
2022-02-16,25.09
2022-02-17,25.09
2022-02-18,25.09
2022-02-19,25.09
2022-02-20,25.09
2022-02-21,25.09
2022-02-22,25.09
2022-02-23,25.09
2022-02-24,25.09
2022-02-25,25.09
2022-02-26,25.09
2022-02-27,25.09
2022-02-28,25.09
2022-03-01,26.53
2022-03-02,26.53
2022-03-03,26.53
2022-03-04,26.53
2022-03-05,26.53
2022-03-06,26.53
2022-03-07,26.53
2022-03-08,26.53
2022-03-09,26.53
2022-03-10,26.53
2022-03-11,26.53
2022-03-12,26.53
2022-03-13,26.53
2022-03-14,26.53
2022-03-15,26.53
2022-03-16,26.53
2022-03-17,26.53
2022-03-18,26.53
2022-03-19,26.53
2022-03-20,26.53
2022-03-21,26.53
2022-03-22,26.53
2022-03-23,26.53
2022-03-24,26.53
2022-03-25,26.53
2022-03-26,26.53
2022-03-27,26.53
2022-03-28,26.53
2022-03-29,26.53
2022-03-30,26.53
2022-03-31,26.53
2022-04-01,22.98
2022-04-02,22.98
2022-04-03,22.98
2022-04-04,22.98
2022-04-05,22.98
2022-04-06,22.98
2022-04-07,22.98
2022-04-08,22.98
2022-04-09,22.98
2022-04-10,22.98
2022-04-11,22.98
2022-04-12,22.98
2022-04-13,22.98
2022-04-14,22.98
2022-04-15,22.98
2022-04-16,22.98
2022-04-17,22.98
2022-04-18,22.98
2022-04-19,22.98
2022-04-20,22.98
2022-04-21,22.98
2022-04-22,22.98
2022-04-23,22.98
2022-04-24,22.98
2022-04-25,22.98
2022-04-26,22.98
2022-04-27,22.98
2022-04-28,22.98
2022-04-29,22.98
2022-04-30,22.98
2022-05-01,22.6
2022-05-02,22.6
2022-05-03,22.6
2022-05-04,22.6
2022-05-05,22.6
2022-05-06,22.6
2022-05-07,22.6
2022-05-08,22.6
2022-05-09,22.6
2022-05-10,22.6
2022-05-11,22.6
2022-05-12,22.6
2022-05-13,22.6
2022-05-14,22.6
2022-05-15,22.6
2022-05-16,22.6
2022-05-17,22.6
2022-05-18,22.6
2022-05-19,22.6
2022-05-20,22.6
2022-05-21,22.6
2022-05-22,22.6
2022-05-23,22.6
2022-05-24,22.6
2022-05-25,22.6
2022-05-26,22.6
2022-05-27,22.6
2022-05-28,22.6
2022-05-29,22.6
2022-05-30,22.6
2022-05-31,22.6
2022-06-01,22.09
2022-06-02,22.09
2022-06-03,22.09
2022-06-04,22.09
2022-06-05,22.09
2022-06-06,22.09
2022-06-07,22.09
2022-06-08,22.09
2022-06-09,22.09
2022-06-10,22.09
2022-06-11,22.09
2022-06-12,22.09
2022-06-13,22.09
2022-06-14,22.09
2022-06-15,22.09
2022-06-16,22.09
2022-06-17,22.09
2022-06-18,22.09
2022-06-19,22.09
2022-06-20,22.09
2022-06-21,22.09
2022-06-22,22.09
2022-06-23,22.09
2022-06-24,22.09
2022-06-25,22.09
2022-06-26,22.09
2022-06-27,22.09
2022-06-28,22.09
2022-06-29,22.09
2022-06-30,22.09
2022-07-01,24.86
2022-07-02,24.86
2022-07-03,24.86
2022-07-04,24.86
2022-07-05,24.86
2022-07-06,24.86
2022-07-07,24.86
2022-07-08,24.86
2022-07-09,24.86
2022-07-10,24.86
2022-07-11,24.86
2022-07-12,24.86
2022-07-13,24.86
2022-07-14,24.86
2022-07-15,24.86
2022-07-16,24.86
2022-07-17,24.86
2022-07-18,24.86
2022-07-19,24.86
2022-07-20,24.86
2022-07-21,24.86
2022-07-22,24.86
2022-07-23,24.86
2022-07-24,24.86
2022-07-25,24.86
2022-07-26,24.86
2022-07-27,24.86
2022-07-28,24.86
2022-07-29,24.86
2022-07-30,24.86
2022-07-31,24.86
2022-08-01,23.56
2022-08-02,23.56
2022-08-03,23.56
2022-08-04,23.56
2022-08-05,23.56
2022-08-06,23.56
2022-08-07,23.56
2022-08-08,23.56
2022-08-09,23.56
2022-08-10,23.56
2022-08-11,23.56
2022-08-12,23.56
2022-08-13,23.56
2022-08-14,23.56
2022-08-15,23.56
2022-08-16,23.56
2022-08-17,23.56
2022-08-18,23.56
2022-08-19,23.56
2022-08-20,23.56
2022-08-21,23.56
2022-08-22,23.56
2022-08-23,23.56
2022-08-24,23.56
2022-08-25,23.56
2022-08-26,23.56
2022-08-27,23.56
2022-08-28,23.56
2022-08-29,23.56
2022-08-30,23.56
2022-08-31,23.56
2022-09-01,22.25
2022-09-02,22.25
2022-09-03,22.25
2022-09-04,22.25
2022-09-05,22.25
2022-09-06,22.25
2022-09-07,22.25
2022-09-08,22.25
2022-09-09,22.25
2022-09-10,22.25
2022-09-11,22.25
2022-09-12,22.25
2022-09-13,22.25
2022-09-14,22.25
2022-09-15,22.25
2022-09-16,22.25
2022-09-17,22.25
2022-09-18,22.25
2022-09-19,22.25
2022-09-20,22.25
2022-09-21,22.25
2022-09-22,22.25
2022-09-23,22.25
2022-09-24,22.25
2022-09-25,22.25
2022-09-26,22.25
2022-09-27,22.25
2022-09-28,22.25
2022-09-29,22.25
2022-09-30,22.25
2022-10-01,23.14
2022-10-02,23.14
2022-10-03,23.14
2022-10-04,23.14
2022-10-05,23.14
2022-10-06,23.14
2022-10-07,23.14
2022-10-08,23.14
2022-10-09,23.14
2022-10-10,23.14
2022-10-11,23.14
2022-10-12,23.14
2022-10-13,23.14
2022-10-14,23.14
2022-10-15,23.14
2022-10-16,23.14
2022-10-17,23.14
2022-10-18,23.14
2022-10-19,23.14
2022-10-20,23.14
2022-10-21,23.14
2022-10-22,23.14
2022-10-23,23.14
2022-10-24,23.14
2022-10-25,23.14
2022-10-26,23.14
2022-10-27,23.14
2022-10-28,23.14
2022-10-29,23.14
2022-10-30,23.14
2022-10-31,23.14
2022-11-01,24.4
2022-11-02,24.4
2022-11-03,24.4
2022-11-04,24.4
2022-11-05,24.4
2022-11-06,24.4
2022-11-07,24.4
2022-11-08,24.4
2022-11-09,24.4
2022-11-10,24.4
2022-11-11,24.4
2022-11-12,24.4
2022-11-13,24.4
2022-11-14,24.4
2022-11-15,24.4
2022-11-16,24.4
2022-11-17,24.4
2022-11-18,24.4
2022-11-19,24.4
2022-11-20,24.4
2022-11-21,24.4
2022-11-22,24.4
2022-11-23,24.4
2022-11-24,24.4
2022-11-25,24.4
2022-11-26,24.4
2022-11-27,24.4
2022-11-28,24.4
2022-11-29,24.4
2022-11-30,24.4
2022-12-01,22.19
2022-12-02,22.19
2022-12-03,22.19
2022-12-04,22.19
2022-12-05,22.19
2022-12-06,22.19
2022-12-07,22.19
2022-12-08,22.19
2022-12-09,22.19
2022-12-10,22.19
2022-12-11,22.19
2022-12-12,22.19
2022-12-13,22.19
2022-12-14,22.19
2022-12-15,22.19
2022-12-16,22.19
2022-12-17,22.19
2022-12-18,22.19
2022-12-19,22.19
2022-12-20,22.19
2022-12-21,22.19
2022-12-22,22.19
2022-12-23,22.19
2022-12-24,22.19
2022-12-25,22.19
2022-12-26,22.19
2022-12-27,22.19
2022-12-28,22.19
2022-12-29,22.19
2022-12-30,22.19
2022-12-31,22.19
2023-01-01,26.31
2023-01-02,26.31
2023-01-03,26.31
2023-01-04,26.31
2023-01-05,26.31
2023-01-06,26.31
2023-01-07,26.31
2023-01-08,26.31
2023-01-09,26.31
2023-01-10,26.31
2023-01-11,26.31
2023-01-12,26.31
2023-01-13,26.31
2023-01-14,26.31
2023-01-15,26.31
2023-01-16,26.31
2023-01-17,26.31
2023-01-18,26.31
2023-01-19,26.31
2023-01-20,26.31
2023-01-21,26.31
2023-01-22,26.31
2023-01-23,26.31
2023-01-24,26.31
2023-01-25,26.31
2023-01-26,26.31
2023-01-27,26.31
2023-01-28,26.31
2023-01-29,26.31
2023-01-30,26.31
2023-01-31,26.31
2023-02-01,26.18
2023-02-02,26.18
2023-02-03,26.18
2023-02-04,26.18
2023-02-05,26.18
2023-02-06,26.18
2023-02-07,26.18
2023-02-08,26.18
2023-02-09,26.18
2023-02-10,26.18
2023-02-11,26.18
2023-02-12,26.18
2023-02-13,26.18
2023-02-14,26.18
2023-02-15,26.18
2023-02-16,26.18
2023-02-17,26.18
2023-02-18,26.18
2023-02-19,26.18
2023-02-20,26.18
2023-02-21,26.18
2023-02-22,26.18
2023-02-23,26.18
2023-02-24,26.18
2023-02-25,26.18
2023-02-26,26.18
2023-02-27,26.18
2023-02-28,26.18
2023-03-01,28.55
2023-03-02,28.55
2023-03-03,28.55
2023-03-04,28.55
2023-03-05,28.55
2023-03-06,28.55
2023-03-07,28.55
2023-03-08,28.55
2023-03-09,28.55
2023-03-10,28.55
2023-03-11,28.55
2023-03-12,28.55
2023-03-13,28.55
2023-03-14,28.55
2023-03-15,28.55
2023-03-16,28.55
2023-03-17,28.55
2023-03-18,28.55
2023-03-19,28.55
2023-03-20,28.55
2023-03-21,28.55
2023-03-22,28.55
2023-03-23,28.55
2023-03-24,28.55
2023-03-25,28.55
2023-03-26,28.55
2023-03-27,28.55
2023-03-28,28.55
2023-03-29,28.55
2023-03-30,28.55
2023-03-31,28.55
2023-04-01,28.69
2023-04-02,28.69
2023-04-03,28.69
2023-04-04,28.69
2023-04-05,28.69
2023-04-06,28.69
2023-04-07,28.69
2023-04-08,28.69
2023-04-09,28.69
2023-04-10,28.69
2023-04-11,28.69
2023-04-12,28.69
2023-04-13,28.69
2023-04-14,28.69
2023-04-15,28.69
2023-04-16,28.69
2023-04-17,28.69
2023-04-18,28.69
2023-04-19,28.69
2023-04-20,28.69
2023-04-21,28.69
2023-04-22,28.69
2023-04-23,28.69
2023-04-24,28.69
2023-04-25,28.69
2023-04-26,28.69
2023-04-27,28.69
2023-04-28,28.69
2023-04-29,28.69
2023-04-30,28.69
2023-05-01,30.87
2023-05-02,30.87
2023-05-03,30.87
2023-05-04,30.87
2023-05-05,30.87
2023-05-06,30.87
2023-05-07,30.87
2023-05-08,30.87
2023-05-09,30.87
2023-05-10,30.87
2023-05-11,30.87
2023-05-12,30.87
2023-05-13,30.87
2023-05-14,30.87
2023-05-15,30.87
2023-05-16,30.87
2023-05-17,30.87
2023-05-18,30.87
2023-05-19,30.87
2023-05-20,30.87
2023-05-21,30.87
2023-05-22,30.87
2023-05-23,30.87
2023-05-24,30.87
2023-05-25,30.87
2023-05-26,30.87
2023-05-27,30.87
2023-05-28,30.87
2023-05-29,30.87
2023-05-30,30.87
2023-05-31,30.87
2023-06-01,30.26
2023-06-02,30.26
2023-06-03,30.26
2023-06-04,30.26
2023-06-05,30.26
2023-06-06,30.26
2023-06-07,30.26
2023-06-08,30.26
2023-06-09,30.26
2023-06-10,30.26
2023-06-11,30.26
2023-06-12,30.26
2023-06-13,30.26
2023-06-14,30.26
2023-06-15,30.26
2023-06-16,30.26
2023-06-17,30.26
2023-06-18,30.26
2023-06-19,30.26
2023-06-20,30.26
2023-06-21,30.26
2023-06-22,30.26
2023-06-23,30.26
2023-06-24,30.26
2023-06-25,30.26
2023-06-26,30.26
2023-06-27,30.26
2023-06-28,30.26
2023-06-29,30.26
2023-06-30,30.26
2023-07-01,31.41
2023-07-02,31.41
2023-07-03,31.41
2023-07-04,31.41
2023-07-05,31.41
2023-07-06,31.41
2023-07-07,31.41
2023-07-08,31.41
2023-07-09,31.41
2023-07-10,31.41
2023-07-11,31.41
2023-07-12,31.41
2023-07-13,31.41
2023-07-14,31.41
2023-07-15,31.41
2023-07-16,31.41
2023-07-17,31.41
2023-07-18,31.41
2023-07-19,31.41
2023-07-20,31.41
2023-07-21,31.41
2023-07-22,31.41
2023-07-23,31.41
2023-07-24,31.41
2023-07-25,31.41
2023-07-26,31.41
2023-07-27,31.41
2023-07-28,31.41
2023-07-29,31.41
2023-07-30,31.41
2023-07-31,31.41
2023-08-01,30.9
2023-08-02,30.9
2023-08-03,30.9
2023-08-04,30.9
2023-08-05,30.9
2023-08-06,30.9
2023-08-07,30.9
2023-08-08,30.9
2023-08-09,30.9
2023-08-10,30.9
2023-08-11,30.9
2023-08-12,30.9
2023-08-13,30.9
2023-08-14,30.9
2023-08-15,30.9
2023-08-16,30.9
2023-08-17,30.9
2023-08-18,30.9
2023-08-19,30.9
2023-08-20,30.9
2023-08-21,30.9
2023-08-22,30.9
2023-08-23,30.9
2023-08-24,30.9
2023-08-25,30.9
2023-08-26,30.9
2023-08-27,30.9
2023-08-28,30.9
2023-08-29,30.9
2023-08-30,30.9
2023-08-31,30.9
2023-09-01,29.33
2023-09-02,29.33
2023-09-03,29.33
2023-09-04,29.33
2023-09-05,29.33
2023-09-06,29.33
2023-09-07,29.33
2023-09-08,29.33
2023-09-09,29.33
2023-09-10,29.33
2023-09-11,29.33
2023-09-12,29.33
2023-09-13,29.33
2023-09-14,29.33
2023-09-15,29.33
2023-09-16,29.33
2023-09-17,29.33
2023-09-18,29.33
2023-09-19,29.33
2023-09-20,29.33
2023-09-21,29.33
2023-09-22,29.33
2023-09-23,29.33
2023-09-24,29.33
2023-09-25,29.33
2023-09-26,29.33
2023-09-27,29.33
2023-09-28,29.33
2023-09-29,29.33
2023-09-30,29.33
2023-10-01,27.44
2023-10-02,27.44
2023-10-03,27.44
2023-10-04,27.44
2023-10-05,27.44
2023-10-06,27.44
2023-10-07,27.44
2023-10-08,27.44
2023-10-09,27.44
2023-10-10,27.44
2023-10-11,27.44
2023-10-12,27.44
2023-10-13,27.44
2023-10-14,27.44
2023-10-15,27.44
2023-10-16,27.44
2023-10-17,27.44
2023-10-18,27.44
2023-10-19,27.44
2023-10-20,27.44
2023-10-21,27.44
2023-10-22,27.44
2023-10-23,27.44
2023-10-24,27.44
2023-10-25,27.44
2023-10-26,27.44
2023-10-27,27.44
2023-10-28,27.44
2023-10-29,27.44
2023-10-30,27.44
2023-10-31,27.44
2023-11-01,30.36
2023-11-02,30.36
2023-11-03,30.36
2023-11-04,30.36
2023-11-05,30.36
2023-11-06,30.36
2023-11-07,30.36
2023-11-08,30.36
2023-11-09,30.36
2023-11-10,30.36
2023-11-11,30.36
2023-11-12,30.36
2023-11-13,30.36
2023-11-14,30.36
2023-11-15,30.36
2023-11-16,30.36
2023-11-17,30.36
2023-11-18,30.36
2023-11-19,30.36
2023-11-20,30.36
2023-11-21,30.36
2023-11-22,30.36
2023-11-23,30.36
2023-11-24,30.36
2023-11-25,30.36
2023-11-26,30.36
2023-11-27,30.36
2023-11-28,30.36
2023-11-29,30.36
2023-11-30,30.36
2023-12-01,32.04
2023-12-02,32.04
2023-12-03,32.04
2023-12-04,32.04
2023-12-05,32.04
2023-12-06,32.04
2023-12-07,32.04
2023-12-08,32.04
2023-12-09,32.04
2023-12-10,32.04
2023-12-11,32.04
2023-12-12,32.04
2023-12-13,32.04
2023-12-14,32.04
2023-12-15,32.04
2023-12-16,32.04
2023-12-17,32.04
2023-12-18,32.04
2023-12-19,32.04
2023-12-20,32.04
2023-12-21,32.04
2023-12-22,32.04
2023-12-23,32.04
2023-12-24,32.04
2023-12-25,32.04
2023-12-26,32.04
2023-12-27,32.04
2023-12-28,32.04
2023-12-29,32.04
2023-12-30,32.04
2023-12-31,32.04
2024-01-01,28.25
2024-01-02,28.25
2024-01-03,28.25
2024-01-04,28.25
2024-01-05,28.25
2024-01-06,28.25
2024-01-07,28.25
2024-01-08,28.25
2024-01-09,28.25
2024-01-10,28.25
2024-01-11,28.25
2024-01-12,28.25
2024-01-13,28.25
2024-01-14,28.25
2024-01-15,28.25
2024-01-16,28.25
2024-01-17,28.25
2024-01-18,28.25
2024-01-19,28.25
2024-01-20,28.25
2024-01-21,28.25
2024-01-22,28.25
2024-01-23,28.25
2024-01-24,28.25
2024-01-25,28.25
2024-01-26,28.25
2024-01-27,28.25
2024-01-28,28.25
2024-01-29,28.25
2024-01-30,28.25
2024-01-31,28.25
2024-02-01,29.74
2024-02-02,29.74
2024-02-03,29.74
2024-02-04,29.74
2024-02-05,29.74
2024-02-06,29.74
2024-02-07,29.74
2024-02-08,29.74
2024-02-09,29.74
2024-02-10,29.74
2024-02-11,29.74
2024-02-12,29.74
2024-02-13,29.74
2024-02-14,29.74
2024-02-15,29.74
2024-02-16,29.74
2024-02-17,29.74
2024-02-18,29.74
2024-02-19,29.74
2024-02-20,29.74
2024-02-21,29.74
2024-02-22,29.74
2024-02-23,29.74
2024-02-24,29.74
2024-02-25,29.74
2024-02-26,29.74
2024-02-27,29.74
2024-02-28,29.74
2024-02-29,29.74
2024-03-01,30.09
2024-03-02,30.09
2024-03-03,30.09
2024-03-04,30.09
2024-03-05,30.09
2024-03-06,30.09
2024-03-07,30.09
2024-03-08,30.09
2024-03-09,30.09
2024-03-10,30.09
2024-03-11,30.09
2024-03-12,30.09
2024-03-13,30.09
2024-03-14,30.09
2024-03-15,30.09
2024-03-16,30.09
2024-03-17,30.09
2024-03-18,30.09
2024-03-19,30.09
2024-03-20,30.09
2024-03-21,30.09
2024-03-22,30.09
2024-03-23,30.09
2024-03-24,30.09
2024-03-25,30.09
2024-03-26,30.09
2024-03-27,30.09
2024-03-28,30.09
2024-03-29,30.09
2024-03-30,30.09
2024-03-31,30.09
2024-04-01,29.85
2024-04-02,29.85
2024-04-03,29.85
2024-04-04,29.85
2024-04-05,29.85
2024-04-06,29.85
2024-04-07,29.85
2024-04-08,29.85
2024-04-09,29.85
2024-04-10,29.85
2024-04-11,29.85
2024-04-12,29.85
2024-04-13,29.85
2024-04-14,29.85
2024-04-15,29.85
2024-04-16,29.85
2024-04-17,29.85
2024-04-18,29.85
2024-04-19,29.85
2024-04-20,29.85
2024-04-21,29.85
2024-04-22,29.85
2024-04-23,29.85
2024-04-24,29.85
2024-04-25,29.85
2024-04-26,29.85
2024-04-27,29.85
2024-04-28,29.85
2024-04-29,29.85
2024-04-30,29.85
2024-05-01,31.73
2024-05-02,31.73
2024-05-03,31.73
2024-05-04,31.73
2024-05-05,31.73
2024-05-06,31.73
2024-05-07,31.73
2024-05-08,31.73
2024-05-09,31.73
2024-05-10,31.73
2024-05-11,31.73
2024-05-12,31.73
2024-05-13,31.73
2024-05-14,31.73
2024-05-15,31.73
2024-05-16,31.73
2024-05-17,31.73
2024-05-18,31.73
2024-05-19,31.73
2024-05-20,31.73
2024-05-21,31.73
2024-05-22,31.73
2024-05-23,31.73
2024-05-24,31.73
2024-05-25,31.73
2024-05-26,31.73
2024-05-27,31.73
2024-05-28,31.73
2024-05-29,31.73
2024-05-30,31.73
2024-05-31,31.73
2024-06-01,33.69
2024-06-02,33.69
2024-06-03,33.69
2024-06-04,33.69
2024-06-05,33.69
2024-06-06,33.69
2024-06-07,33.69
2024-06-08,33.69
2024-06-09,33.69
2024-06-10,33.69
2024-06-11,33.69
2024-06-12,33.69
2024-06-13,33.69
2024-06-14,33.69
2024-06-15,33.69
2024-06-16,33.69
2024-06-17,33.69
2024-06-18,33.69
2024-06-19,33.69
2024-06-20,33.69
2024-06-21,33.69
2024-06-22,33.69
2024-06-23,33.69
2024-06-24,33.69
2024-06-25,33.69
2024-06-26,33.69
2024-06-27,33.69
2024-06-28,33.69
2024-06-29,33.69
2024-06-30,33.69
2024-07-01,32.66
2024-07-02,32.66
2024-07-03,32.66
2024-07-04,32.66
2024-07-05,32.66
2024-07-06,32.66
2024-07-07,32.66
2024-07-08,32.66
2024-07-09,32.66
2024-07-10,32.66
2024-07-11,32.66
2024-07-12,32.66
2024-07-13,32.66
2024-07-14,32.66
2024-07-15,32.66
2024-07-16,32.66
2024-07-17,32.66
2024-07-18,32.66
2024-07-19,32.66
2024-07-20,32.66
2024-07-21,32.66
2024-07-22,32.66
2024-07-23,32.66
2024-07-24,32.66
2024-07-25,32.66
2024-07-26,32.66
2024-07-27,32.66
2024-07-28,32.66
2024-07-29,32.66
2024-07-30,32.66
2024-07-31,32.66
2024-08-01,33.02
2024-08-02,33.02
2024-08-03,33.02
2024-08-04,33.02
2024-08-05,33.02
2024-08-06,33.02
2024-08-07,33.02
2024-08-08,33.02
2024-08-09,33.02
2024-08-10,33.02
2024-08-11,33.02
2024-08-12,33.02
2024-08-13,33.02
2024-08-14,33.02
2024-08-15,33.02
2024-08-16,33.02
2024-08-17,33.02
2024-08-18,33.02
2024-08-19,33.02
2024-08-20,33.02
2024-08-21,33.02
2024-08-22,33.02
2024-08-23,33.02
2024-08-24,33.02
2024-08-25,33.02
2024-08-26,33.02
2024-08-27,33.02
2024-08-28,33.02
2024-08-29,33.02
2024-08-30,33.02
2024-08-31,33.02
2024-09-01,35.02
2024-09-02,35.02
2024-09-03,35.02
2024-09-04,35.02
2024-09-05,35.02
2024-09-06,35.02
2024-09-07,35.02
2024-09-08,35.02
2024-09-09,35.02
2024-09-10,35.02
2024-09-11,35.02
2024-09-12,35.02
2024-09-13,35.02
2024-09-14,35.02
2024-09-15,35.02
2024-09-16,35.02
2024-09-17,35.02
2024-09-18,35.02
2024-09-19,35.02
2024-09-20,35.02
2024-09-21,35.02
2024-09-22,35.02
2024-09-23,35.02
2024-09-24,35.02
2024-09-25,35.02
2024-09-26,35.02
2024-09-27,35.02
2024-09-28,35.02
2024-09-29,35.02
2024-09-30,35.02
2024-10-01,34.72
2024-10-02,34.72
2024-10-03,34.72
2024-10-04,34.72
2024-10-05,34.72
2024-10-06,34.72
2024-10-07,34.72
2024-10-08,34.72
2024-10-09,34.72
2024-10-10,34.72
2024-10-11,34.72
2024-10-12,34.72
2024-10-13,34.72
2024-10-14,34.72
2024-10-15,34.72
2024-10-16,34.72
2024-10-17,34.72
2024-10-18,34.72
2024-10-19,34.72
2024-10-20,34.72
2024-10-21,34.72
2024-10-22,34.72
2024-10-23,34.72
2024-10-24,34.72
2024-10-25,34.72
2024-10-26,34.72
2024-10-27,34.72
2024-10-28,34.72
2024-10-29,34.72
2024-10-30,34.72
2024-10-31,34.72
2024-11-01,36.54
2024-11-02,36.54
2024-11-03,36.54
2024-11-04,36.54
2024-11-05,36.54
2024-11-06,36.54
2024-11-07,36.54
2024-11-08,36.54
2024-11-09,36.54
2024-11-10,36.54
2024-11-11,36.54
2024-11-12,36.54
2024-11-13,36.54
2024-11-14,36.54
2024-11-15,36.54
2024-11-16,36.54
2024-11-17,36.54
2024-11-18,36.54
2024-11-19,36.54
2024-11-20,36.54
2024-11-21,36.54
2024-11-22,36.54
2024-11-23,36.54
2024-11-24,36.54
2024-11-25,36.54
2024-11-26,36.54
2024-11-27,36.54
2024-11-28,36.54
2024-11-29,36.54
2024-11-30,36.54
2024-12-01,34.94
2024-12-02,34.94
2024-12-03,34.94
2024-12-04,34.94
2024-12-05,34.94
2024-12-06,34.94
2024-12-07,34.94
2024-12-08,34.94
2024-12-09,34.94
2024-12-10,34.94
2024-12-11,34.94
2024-12-12,34.94
2024-12-13,34.94
2024-12-14,34.94
2024-12-15,34.94
2024-12-16,34.94
2024-12-17,34.94
2024-12-18,34.94
2024-12-19,34.94
2024-12-20,34.94
2024-12-21,34.94
2024-12-22,34.94
2024-12-23,34.94
2024-12-24,34.94
2024-12-25,34.94
2024-12-26,34.94
2024-12-27,34.94
2024-12-28,34.94
2024-12-29,34.94
2024-12-30,34.94
2024-12-31,34.94
2025-01-01,35.71
2025-01-02,35.71
2025-01-03,35.71
2025-01-04,35.71
2025-01-05,35.71
2025-01-06,35.71
2025-01-07,35.71
2025-01-08,35.71
2025-01-09,35.71
2025-01-10,35.71
2025-01-11,35.71
2025-01-12,35.71
2025-01-13,35.71
2025-01-14,35.71
2025-01-15,35.71
2025-01-16,35.71
2025-01-17,35.71
2025-01-18,35.71
2025-01-19,35.71
2025-01-20,35.71
2025-01-21,35.71
2025-01-22,35.71
2025-01-23,35.71
2025-01-24,35.71
2025-01-25,35.71
2025-01-26,35.71
2025-01-27,35.71
2025-01-28,35.71
2025-01-29,35.71
2025-01-30,35.71
2025-01-31,35.71
2025-02-01,34.72
2025-02-02,34.72
2025-02-03,34.72
2025-02-04,34.72
2025-02-05,34.72
2025-02-06,34.72
2025-02-07,34.72
2025-02-08,34.72
2025-02-09,34.72
2025-02-10,34.72
2025-02-11,34.72
2025-02-12,34.72
2025-02-13,34.72
2025-02-14,34.72
2025-02-15,34.72
2025-02-16,34.72
2025-02-17,34.72
2025-02-18,34.72
2025-02-19,34.72
2025-02-20,34.72
2025-02-21,34.72
2025-02-22,34.72
2025-02-23,34.72
2025-02-24,34.72
2025-02-25,34.72
2025-02-26,34.72
2025-02-27,34.72
2025-02-28,34.72
2025-03-01,31.8505
2025-03-02,31.8505
2025-03-03,31.8505
2025-03-04,31.8505
2025-03-05,31.8505
2025-03-06,31.8505
2025-03-07,31.8505
2025-03-08,31.8505
2025-03-09,31.8505
2025-03-10,31.8505
2025-03-11,31.8505
2025-03-12,31.8505
2025-03-13,31.8505
2025-03-14,31.8505
2025-03-15,31.8505
2025-03-16,31.8505
2025-03-17,31.8505
2025-03-18,31.8505
2025-03-19,31.8505
2025-03-20,31.8505
2025-03-21,31.8505
2025-03-22,31.8505
2025-03-23,31.8505
2025-03-24,31.8505
2025-03-25,31.8505
2025-03-26,31.8505
2025-03-27,31.8505
2025-03-28,31.8505
2025-03-29,31.8505
2025-03-30,31.8505
2025-03-31,31.8505
2025-04-01,33.9501
2025-04-02,33.9501
2025-04-03,33.9501
2025-04-04,33.9501
2025-04-05,33.9501
2025-04-06,33.9501
2025-04-07,33.9501
2025-04-08,33.9501
2025-04-09,33.9501
2025-04-10,33.9501
2025-04-11,33.9501
2025-04-12,33.9501
2025-04-13,33.9501
2025-04-14,33.9501
2025-04-15,33.9501
2025-04-16,33.9501
2025-04-17,33.9501
2025-04-18,33.9501
2025-04-19,33.9501
2025-04-20,33.9501
2025-04-21,33.9501
2025-04-22,33.9501
2025-04-23,33.9501
2025-04-24,33.9501
2025-04-25,33.9501
2025-04-26,33.9501
2025-04-27,33.9501
2025-04-28,33.9501
2025-04-29,33.9501
2025-04-30,33.9501
2025-05-01,31.7447
2025-05-02,31.7447
2025-05-03,31.7447
2025-05-04,31.7447
2025-05-05,31.7447
2025-05-06,31.7447
2025-05-07,31.7447
2025-05-08,31.7447
2025-05-09,31.7447
2025-05-10,31.7447
2025-05-11,31.7447
2025-05-12,31.7447
2025-05-13,31.7447
2025-05-14,31.7447
2025-05-15,31.7447
2025-05-16,31.7447
2025-05-17,31.7447
2025-05-18,31.7447
2025-05-19,31.7447
2025-05-20,31.7447
2025-05-21,31.7447
2025-05-22,31.7447
2025-05-23,31.7447
2025-05-24,31.7447
2025-05-25,31.7447
2025-05-26,31.7447
2025-05-27,31.7447
2025-05-28,31.7447
2025-05-29,31.7447
2025-05-30,31.7447
2025-05-31,31.7447
2025-06-01,33.734
2025-06-02,33.734
2025-06-03,33.734
2025-06-04,33.734
2025-06-05,33.734
2025-06-06,33.734
2025-06-07,33.734
2025-06-08,33.734
2025-06-09,33.734
2025-06-10,33.734
2025-06-11,33.734
2025-06-12,33.734
2025-06-13,33.734
2025-06-14,33.734
2025-06-15,33.734
2025-06-16,33.734
2025-06-17,33.734
2025-06-18,33.734
2025-06-19,33.734
2025-06-20,33.734
2025-06-21,33.734
2025-06-22,33.734
2025-06-23,33.734
2025-06-24,33.734
2025-06-25,33.734
2025-06-26,33.734
2025-06-27,33.734
2025-06-28,33.734
2025-06-29,33.734
2025-06-30,33.734
2025-07-01,34.5516
2025-07-02,34.5516
2025-07-03,34.5516
2025-07-04,34.5516
2025-07-05,34.5516
2025-07-06,34.5516
2025-07-07,34.5516
2025-07-08,34.5516
2025-07-09,34.5516
2025-07-10,34.5516
2025-07-11,34.5516
2025-07-12,34.5516
2025-07-13,34.5516
2025-07-14,34.5516
2025-07-15,34.5516
2025-07-16,34.5516
2025-07-17,34.5516
2025-07-18,34.5516
2025-07-19,34.5516
2025-07-20,34.5516
2025-07-21,34.5516
2025-07-22,34.5516
2025-07-23,34.5516
2025-07-24,34.5516
2025-07-25,34.5516
2025-07-26,34.5516
2025-07-27,34.5516
2025-07-28,34.5516
2025-07-29,34.5516
2025-07-30,34.5516
2025-07-31,34.5516
2025-08-01,32.8411
2025-08-02,32.8411
2025-08-03,32.8411
2025-08-04,32.8411
2025-08-05,32.8411
2025-08-06,32.8411
2025-08-07,32.8411
2025-08-08,32.8411
2025-08-09,32.8411
2025-08-10,32.8411
2025-08-11,32.8411
2025-08-12,32.8411
2025-08-13,32.8411
2025-08-14,32.8411
2025-08-15,32.8411
2025-08-16,32.8411
2025-08-17,32.8411
2025-08-18,32.8411
2025-08-19,32.8411
2025-08-20,32.8411
2025-08-21,32.8411
2025-08-22,32.8411
2025-08-23,32.8411
2025-08-24,32.8411
2025-08-25,32.8411
2025-08-26,32.8411
2025-08-27,32.8411
2025-08-28,32.8411
2025-08-29,32.8411
2025-08-30,32.8411
2025-08-31,32.8411
2025-09-01,32.6405
2025-09-02,32.6405
2025-09-03,32.6405
2025-09-04,32.6405
2025-09-05,32.6405
2025-09-06,32.6405
2025-09-07,32.6405
2025-09-08,32.6405
2025-09-09,32.6405
2025-09-10,32.6405
2025-09-11,32.6405
2025-09-12,32.6405
2025-09-13,32.6405
2025-09-14,32.6405
2025-09-15,32.6405
2025-09-16,32.6405
2025-09-17,32.6405
2025-09-18,32.6405
2025-09-19,32.6405
2025-09-20,32.6405
2025-09-21,32.6405
2025-09-22,32.6405
2025-09-23,32.6405
2025-09-24,32.6405
2025-09-25,32.6405
2025-09-26,32.6405
2025-09-27,32.6405
2025-09-28,32.6405
2025-09-29,32.6405
2025-09-30,32.6405
2025-10-01,35.3029
2025-10-02,35.3029
2025-10-03,35.3029
2025-10-04,35.3029
2025-10-05,35.3029
2025-10-06,35.3029
2025-10-07,35.3029
2025-10-08,35.3029
2025-10-09,35.3029
2025-10-10,35.3029
2025-10-11,35.3029
2025-10-12,35.3029
2025-10-13,35.3029
2025-10-14,35.3029
2025-10-15,35.3029
2025-10-16,35.3029
2025-10-17,35.3029
2025-10-18,35.3029
2025-10-19,35.3029
2025-10-20,35.3029
2025-10-21,35.3029
2025-10-22,35.3029
2025-10-23,35.3029
2025-10-24,35.3029
2025-10-25,35.3029
2025-10-26,35.3029
2025-10-27,35.3029
2025-10-28,35.3029
2025-10-29,35.3029
2025-10-30,35.3029
2025-10-31,35.3029
2025-11-01,34.8858
2025-11-02,34.8858
2025-11-03,34.8858
2025-11-04,34.8858
2025-11-05,34.8858
2025-11-06,34.8858
2025-11-07,34.8858
2025-11-08,34.8858
2025-11-09,34.8858
2025-11-10,34.8858
2025-11-11,34.8858
2025-11-12,34.8858
2025-11-13,34.8858
2025-11-14,34.8858
2025-11-15,34.8858
2025-11-16,34.8858
2025-11-17,34.8858
2025-11-18,34.8858
2025-11-19,34.8858
2025-11-20,34.8858
2025-11-21,34.8858
2025-11-22,34.8858
2025-11-23,34.8858
2025-11-24,34.8858
2025-11-25,34.8858
2025-11-26,34.8858
2025-11-27,34.8858
2025-11-28,34.8858
2025-11-29,34.8858
2025-11-30,34.8858
2025-12-01,33.6218
2025-12-02,33.6218
2025-12-03,33.6218
2025-12-04,33.6218
2025-12-05,33.6218
2025-12-06,33.6218
2025-12-07,33.6218
2025-12-08,33.6218
2025-12-09,33.6218
2025-12-10,33.6218
2025-12-11,33.6218
2025-12-12,33.6218
2025-12-13,33.6218
2025-12-14,33.6218
2025-12-15,33.6218
2025-12-16,33.6218
2025-12-17,33.6218
2025-12-18,33.6218
2025-12-19,33.6218
2025-12-20,33.6218
2025-12-21,33.6218
2025-12-22,33.6218
2025-12-23,33.6218
2025-12-24,33.6218
2025-12-25,33.6218
2025-12-26,33.6218
2025-12-27,33.6218
2025-12-28,33.6218
2025-12-29,33.6218
2025-12-30,33.6218
2025-12-31,33.6218
2026-01-01,33.2849
2026-01-02,33.2849
2026-01-03,33.2849
2026-01-04,33.2849
2026-01-05,33.2849
2026-01-06,33.2849
2026-01-07,33.2849
2026-01-08,33.2849
2026-01-09,33.2849
2026-01-10,33.2849
2026-01-11,33.2849
2026-01-12,33.2849
2026-01-13,33.2849
2026-01-14,33.2849
2026-01-15,33.2849
2026-01-16,33.2849
2026-01-17,33.2849
2026-01-18,33.2849
2026-01-19,33.2849
2026-01-20,33.2849
2026-01-21,33.2849
2026-01-22,33.2849
2026-01-23,33.2849
2026-01-24,33.2849
2026-01-25,33.2849
2026-01-26,33.2849
2026-01-27,33.2849
2026-01-28,33.2849
2026-01-29,33.2849
2026-01-30,33.2849
2026-01-31,33.2849
2026-02-01,33.3465
2026-02-02,33.3465
2026-02-03,33.3465
2026-02-04,33.3465
2026-02-05,33.3465
2026-02-06,33.3465
2026-02-07,33.3465
2026-02-08,33.3465
2026-02-09,33.3465
2026-02-10,33.3465
2026-02-11,33.3465
2026-02-12,33.3465
2026-02-13,33.3465
2026-02-14,33.3465
2026-02-15,33.3465
2026-02-16,33.3465
2026-02-17,33.3465
2026-02-18,33.3465
2026-02-19,33.3465
2026-02-20,33.3465
2026-02-21,33.3465
2026-02-22,33.3465
2026-02-23,33.3465
2026-02-24,33.3465
2026-02-25,33.3465
2026-02-26,33.3465
2026-02-27,33.3465
2026-02-28,33.3465
2026-03-01,32.4258
2026-03-02,32.4258
2026-03-03,32.4258
2026-03-04,32.4258
2026-03-05,32.4258
2026-03-06,32.4258
2026-03-07,32.4258
2026-03-08,32.4258
2026-03-09,32.4258
2026-03-10,32.4258
2026-03-11,32.4258
2026-03-12,32.4258
2026-03-13,32.4258
2026-03-14,32.4258
2026-03-15,32.4258
2026-03-16,32.4258
2026-03-17,32.4258
2026-03-18,32.4258
2026-03-19,32.4258
2026-03-20,32.4258
2026-03-21,32.4258
2026-03-22,32.4258
2026-03-23,32.4258
2026-03-24,32.4258
2026-03-25,32.4258
2026-03-26,32.4258
2026-03-27,32.4258
2026-03-28,32.4258
2026-03-29,32.4258
2026-03-30,32.4258
2026-03-31,32.4258
2026-04-01,31.9623
2026-04-02,31.9623
2026-04-03,31.9623
2026-04-04,31.9623
2026-04-05,31.9623
2026-04-06,31.9623
2026-04-07,31.9623
2026-04-08,31.9623
2026-04-09,31.9623
2026-04-10,31.9623
2026-04-11,31.9623
2026-04-12,31.9623
2026-04-13,31.9623
2026-04-14,31.9623
2026-04-15,31.9623
2026-04-16,31.9623
2026-04-17,31.9623
2026-04-18,31.9623
2026-04-19,31.9623
2026-04-20,31.9623
2026-04-21,31.9623
2026-04-22,31.9623
2026-04-23,31.9623
2026-04-24,31.9623
2026-04-25,31.9623
2026-04-26,31.9623
2026-04-27,31.9623
2026-04-28,31.9623
2026-04-29,31.9623
2026-04-30,31.9623
2026-05-01,33.2642
2026-05-02,33.2642
2026-05-03,33.2642
2026-05-04,33.2642
2026-05-05,33.2642
2026-05-06,33.2642
2026-05-07,33.2642
2026-05-08,33.2642
