date,value
2000-01-01,85.11323498857261
2000-01-02,85.11323498857261
2000-01-03,85.11323498857261
2000-01-04,85.11323498857261
2000-01-05,85.11323498857261
2000-01-06,85.11323498857261
2000-01-07,85.11323498857261
2000-01-08,85.11323498857261
2000-01-09,85.11323498857261
2000-01-10,85.11323498857261
2000-01-11,85.11323498857261
2000-01-12,85.11323498857261
2000-01-13,85.11323498857261
2000-01-14,85.11323498857261
2000-01-15,85.11323498857261
2000-01-16,85.11323498857261
2000-01-17,85.11323498857261
2000-01-18,85.11323498857261
2000-01-19,85.11323498857261
2000-01-20,85.11323498857261
2000-01-21,85.11323498857261
2000-01-22,85.11323498857261
2000-01-23,85.11323498857261
2000-01-24,85.11323498857261
2000-01-25,85.11323498857261
2000-01-26,85.11323498857261
2000-01-27,85.11323498857261
2000-01-28,85.11323498857261
2000-01-29,85.11323498857261
2000-01-30,85.11323498857261
2000-01-31,85.11323498857261
2000-02-01,75.29607313525868
2000-02-02,75.29607313525868
2000-02-03,75.29607313525868
2000-02-04,75.29607313525868
2000-02-05,75.29607313525868
2000-02-06,75.29607313525868
2000-02-07,75.29607313525868
2000-02-08,75.29607313525868
2000-02-09,75.29607313525868
2000-02-10,75.29607313525868
2000-02-11,75.29607313525868
2000-02-12,75.29607313525868
2000-02-13,75.29607313525868
2000-02-14,75.29607313525868
2000-02-15,75.29607313525868
2000-02-16,75.29607313525868
2000-02-17,75.29607313525868
2000-02-18,75.29607313525868
2000-02-19,75.29607313525868
2000-02-20,75.29607313525868
2000-02-21,75.29607313525868
2000-02-22,75.29607313525868
2000-02-23,75.29607313525868
2000-02-24,75.29607313525868
2000-02-25,75.29607313525868
2000-02-26,75.29607313525868
2000-02-27,75.29607313525868
2000-02-28,75.29607313525868
2000-02-29,75.29607313525868
2000-03-01,80.95782256388947
2000-03-02,80.95782256388947
2000-03-03,80.95782256388947
2000-03-04,80.95782256388947
2000-03-05,80.95782256388947
2000-03-06,80.95782256388947
2000-03-07,80.95782256388947
2000-03-08,80.95782256388947
2000-03-09,80.95782256388947
2000-03-10,80.95782256388947
2000-03-11,80.95782256388947
2000-03-12,80.95782256388947
2000-03-13,80.95782256388947
2000-03-14,80.95782256388947
2000-03-15,80.95782256388947
2000-03-16,80.95782256388947
2000-03-17,80.95782256388947
2000-03-18,80.95782256388947
2000-03-19,80.95782256388947
2000-03-20,80.95782256388947
2000-03-21,80.95782256388947
2000-03-22,80.95782256388947
2000-03-23,80.95782256388947
2000-03-24,80.95782256388947
2000-03-25,80.95782256388947
2000-03-26,80.95782256388947
2000-03-27,80.95782256388947
2000-03-28,80.95782256388947
2000-03-29,80.95782256388947
2000-03-30,80.95782256388947
2000-03-31,80.95782256388947
2000-04-01,82.21483482235612
2000-04-02,82.21483482235612
2000-04-03,82.21483482235612
2000-04-04,82.21483482235612
2000-04-05,82.21483482235612
2000-04-06,82.21483482235612
2000-04-07,82.21483482235612
2000-04-08,82.21483482235612
2000-04-09,82.21483482235612
2000-04-10,82.21483482235612
2000-04-11,82.21483482235612
2000-04-12,82.21483482235612
2000-04-13,82.21483482235612
2000-04-14,82.21483482235612
2000-04-15,82.21483482235612
2000-04-16,82.21483482235612
2000-04-17,82.21483482235612
2000-04-18,82.21483482235612
2000-04-19,82.21483482235612
2000-04-20,82.21483482235612
2000-04-21,82.21483482235612
2000-04-22,82.21483482235612
2000-04-23,82.21483482235612
2000-04-24,82.21483482235612
2000-04-25,82.21483482235612
2000-04-26,82.21483482235612
2000-04-27,82.21483482235612
2000-04-28,82.21483482235612
2000-04-29,82.21483482235612
2000-04-30,82.21483482235612
2000-05-01,73.69623935175566
2000-05-02,73.69623935175566
2000-05-03,73.69623935175566
2000-05-04,73.69623935175566
2000-05-05,73.69623935175566
2000-05-06,73.69623935175566
2000-05-07,73.69623935175566
2000-05-08,73.69623935175566
2000-05-09,73.69623935175566
2000-05-10,73.69623935175566
2000-05-11,73.69623935175566
2000-05-12,73.69623935175566
2000-05-13,73.69623935175566
2000-05-14,73.69623935175566
2000-05-15,73.69623935175566
2000-05-16,73.69623935175566
2000-05-17,73.69623935175566
2000-05-18,73.69623935175566
2000-05-19,73.69623935175566
2000-05-20,73.69623935175566
2000-05-21,73.69623935175566
2000-05-22,73.69623935175566
2000-05-23,73.69623935175566
2000-05-24,73.69623935175566
2000-05-25,73.69623935175566
2000-05-26,73.69623935175566
2000-05-27,73.69623935175566
2000-05-28,73.69623935175566
2000-05-29,73.69623935175566
2000-05-30,73.69623935175566
2000-05-31,73.69623935175566
2000-06-01,80.00207770621233
2000-06-02,80.00207770621233
2000-06-03,80.00207770621233
2000-06-04,80.00207770621233
2000-06-05,80.00207770621233
2000-06-06,80.00207770621233
2000-06-07,80.00207770621233
2000-06-08,80.00207770621233
2000-06-09,80.00207770621233
2000-06-10,80.00207770621233
2000-06-11,80.00207770621233
2000-06-12,80.00207770621233
2000-06-13,80.00207770621233
2000-06-14,80.00207770621233
2000-06-15,80.00207770621233
2000-06-16,80.00207770621233
2000-06-17,80.00207770621233
2000-06-18,80.00207770621233
2000-06-19,80.00207770621233
2000-06-20,80.00207770621233
2000-06-21,80.00207770621233
2000-06-22,80.00207770621233
2000-06-23,80.00207770621233
2000-06-24,80.00207770621233
2000-06-25,80.00207770621233
2000-06-26,80.00207770621233
2000-06-27,80.00207770621233
2000-06-28,80.00207770621233
2000-06-29,80.00207770621233
2000-06-30,80.00207770621233
2000-07-01,77.81009765219198
2000-07-02,77.81009765219198
2000-07-03,77.81009765219198
2000-07-04,77.81009765219198
2000-07-05,77.81009765219198
2000-07-06,77.81009765219198
2000-07-07,77.81009765219198
2000-07-08,77.81009765219198
2000-07-09,77.81009765219198
2000-07-10,77.81009765219198
2000-07-11,77.81009765219198
2000-07-12,77.81009765219198
2000-07-13,77.81009765219198
2000-07-14,77.81009765219198
2000-07-15,77.81009765219198
2000-07-16,77.81009765219198
2000-07-17,77.81009765219198
2000-07-18,77.81009765219198
2000-07-19,77.81009765219198
2000-07-20,77.81009765219198
2000-07-21,77.81009765219198
2000-07-22,77.81009765219198
2000-07-23,77.81009765219198
2000-07-24,77.81009765219198
2000-07-25,77.81009765219198
2000-07-26,77.81009765219198
2000-07-27,77.81009765219198
2000-07-28,77.81009765219198
2000-07-29,77.81009765219198
2000-07-30,77.81009765219198
2000-07-31,77.81009765219198
2000-08-01,77.48805318927904
2000-08-02,77.48805318927904
2000-08-03,77.48805318927904
2000-08-04,77.48805318927904
2000-08-05,77.48805318927904
2000-08-06,77.48805318927904
2000-08-07,77.48805318927904
2000-08-08,77.48805318927904
2000-08-09,77.48805318927904
2000-08-10,77.48805318927904
2000-08-11,77.48805318927904
2000-08-12,77.48805318927904
2000-08-13,77.48805318927904
2000-08-14,77.48805318927904
2000-08-15,77.48805318927904
2000-08-16,77.48805318927904
2000-08-17,77.48805318927904
2000-08-18,77.48805318927904
2000-08-19,77.48805318927904
2000-08-20,77.48805318927904
2000-08-21,77.48805318927904
2000-08-22,77.48805318927904
2000-08-23,77.48805318927904
2000-08-24,77.48805318927904
2000-08-25,77.48805318927904
2000-08-26,77.48805318927904
2000-08-27,77.48805318927904
2000-08-28,77.48805318927904
2000-08-29,77.48805318927904
2000-08-30,77.48805318927904
2000-08-31,77.48805318927904
2000-09-01,73.38458341990443
2000-09-02,73.38458341990443
2000-09-03,73.38458341990443
2000-09-04,73.38458341990443
2000-09-05,73.38458341990443
2000-09-06,73.38458341990443
2000-09-07,73.38458341990443
2000-09-08,73.38458341990443
2000-09-09,73.38458341990443
2000-09-10,73.38458341990443
2000-09-11,73.38458341990443
2000-09-12,73.38458341990443
2000-09-13,73.38458341990443
2000-09-14,73.38458341990443
2000-09-15,73.38458341990443
2000-09-16,73.38458341990443
2000-09-17,73.38458341990443
2000-09-18,73.38458341990443
2000-09-19,73.38458341990443
2000-09-20,73.38458341990443
2000-09-21,73.38458341990443
2000-09-22,73.38458341990443
2000-09-23,73.38458341990443
2000-09-24,73.38458341990443
2000-09-25,73.38458341990443
2000-09-26,73.38458341990443
2000-09-27,73.38458341990443
2000-09-28,73.38458341990443
2000-09-29,73.38458341990443
2000-09-30,73.38458341990443
2000-10-01,69.87325992104716
2000-10-02,69.87325992104716
2000-10-03,69.87325992104716
2000-10-04,69.87325992104716
2000-10-05,69.87325992104716
2000-10-06,69.87325992104716
2000-10-07,69.87325992104716
2000-10-08,69.87325992104716
2000-10-09,69.87325992104716
2000-10-10,69.87325992104716
2000-10-11,69.87325992104716
2000-10-12,69.87325992104716
2000-10-13,69.87325992104716
2000-10-14,69.87325992104716
2000-10-15,69.87325992104716
2000-10-16,69.87325992104716
2000-10-17,69.87325992104716
2000-10-18,69.87325992104716
2000-10-19,69.87325992104716
2000-10-20,69.87325992104716
2000-10-21,69.87325992104716
2000-10-22,69.87325992104716
2000-10-23,69.87325992104716
2000-10-24,69.87325992104716
2000-10-25,69.87325992104716
2000-10-26,69.87325992104716
2000-10-27,69.87325992104716
2000-10-28,69.87325992104716
2000-10-29,69.87325992104716
2000-10-30,69.87325992104716
2000-10-31,69.87325992104716
2000-11-01,71.79513816746312
2000-11-02,71.79513816746312
2000-11-03,71.79513816746312
2000-11-04,71.79513816746312
2000-11-05,71.79513816746312
2000-11-06,71.79513816746312
2000-11-07,71.79513816746312
2000-11-08,71.79513816746312
2000-11-09,71.79513816746312
2000-11-10,71.79513816746312
2000-11-11,71.79513816746312
2000-11-12,71.79513816746312
2000-11-13,71.79513816746312
2000-11-14,71.79513816746312
2000-11-15,71.79513816746312
2000-11-16,71.79513816746312
2000-11-17,71.79513816746312
2000-11-18,71.79513816746312
2000-11-19,71.79513816746312
2000-11-20,71.79513816746312
2000-11-21,71.79513816746312
2000-11-22,71.79513816746312
2000-11-23,71.79513816746312
2000-11-24,71.79513816746312
2000-11-25,71.79513816746312
2000-11-26,71.79513816746312
2000-11-27,71.79513816746312
2000-11-28,71.79513816746312
2000-11-29,71.79513816746312
2000-11-30,71.79513816746312
2000-12-01,70.83939330978599
2000-12-02,70.83939330978599
2000-12-03,70.83939330978599
2000-12-04,70.83939330978599
2000-12-05,70.83939330978599
2000-12-06,70.83939330978599
2000-12-07,70.83939330978599
2000-12-08,70.83939330978599
2000-12-09,70.83939330978599
2000-12-10,70.83939330978599
2000-12-11,70.83939330978599
2000-12-12,70.83939330978599
2000-12-13,70.83939330978599
2000-12-14,70.83939330978599
2000-12-15,70.83939330978599
2000-12-16,70.83939330978599
2000-12-17,70.83939330978599
2000-12-18,70.83939330978599
2000-12-19,70.83939330978599
2000-12-20,70.83939330978599
2000-12-21,70.83939330978599
2000-12-22,70.83939330978599
2000-12-23,70.83939330978599
2000-12-24,70.83939330978599
2000-12-25,70.83939330978599
2000-12-26,70.83939330978599
2000-12-27,70.83939330978599
2000-12-28,70.83939330978599
2000-12-29,70.83939330978599
2000-12-30,70.83939330978599
2000-12-31,70.83939330978599
2001-01-01,74.0182838146686
2001-01-02,74.0182838146686
2001-01-03,74.0182838146686
2001-01-04,74.0182838146686
2001-01-05,74.0182838146686
2001-01-06,74.0182838146686
2001-01-07,74.0182838146686
2001-01-08,74.0182838146686
2001-01-09,74.0182838146686
2001-01-10,74.0182838146686
2001-01-11,74.0182838146686
2001-01-12,74.0182838146686
2001-01-13,74.0182838146686
2001-01-14,74.0182838146686
2001-01-15,74.0182838146686
2001-01-16,74.0182838146686
2001-01-17,74.0182838146686
2001-01-18,74.0182838146686
2001-01-19,74.0182838146686
2001-01-20,74.0182838146686
2001-01-21,74.0182838146686
2001-01-22,74.0182838146686
2001-01-23,74.0182838146686
2001-01-24,74.0182838146686
2001-01-25,74.0182838146686
2001-01-26,74.0182838146686
2001-01-27,74.0182838146686
2001-01-28,74.0182838146686
2001-01-29,74.0182838146686
2001-01-30,74.0182838146686
2001-01-31,74.0182838146686
2001-02-01,75.59734053604821
2001-02-02,75.59734053604821
2001-02-03,75.59734053604821
2001-02-04,75.59734053604821
2001-02-05,75.59734053604821
2001-02-06,75.59734053604821
2001-02-07,75.59734053604821
2001-02-08,75.59734053604821
2001-02-09,75.59734053604821
2001-02-10,75.59734053604821
2001-02-11,75.59734053604821
2001-02-12,75.59734053604821
2001-02-13,75.59734053604821
2001-02-14,75.59734053604821
2001-02-15,75.59734053604821
2001-02-16,75.59734053604821
2001-02-17,75.59734053604821
2001-02-18,75.59734053604821
2001-02-19,75.59734053604821
2001-02-20,75.59734053604821
2001-02-21,75.59734053604821
2001-02-22,75.59734053604821
2001-02-23,75.59734053604821
2001-02-24,75.59734053604821
2001-02-25,75.59734053604821
2001-02-26,75.59734053604821
2001-02-27,75.59734053604821
2001-02-28,75.59734053604821
2001-03-01,66.73592354041139
2001-03-02,66.73592354041139
2001-03-03,66.73592354041139
2001-03-04,66.73592354041139
2001-03-05,66.73592354041139
2001-03-06,66.73592354041139
2001-03-07,66.73592354041139
2001-03-08,66.73592354041139
2001-03-09,66.73592354041139
2001-03-10,66.73592354041139
2001-03-11,66.73592354041139
2001-03-12,66.73592354041139
2001-03-13,66.73592354041139
2001-03-14,66.73592354041139
2001-03-15,66.73592354041139
2001-03-16,66.73592354041139
2001-03-17,66.73592354041139
2001-03-18,66.73592354041139
2001-03-19,66.73592354041139
2001-03-20,66.73592354041139
2001-03-21,66.73592354041139
2001-03-22,66.73592354041139
2001-03-23,66.73592354041139
2001-03-24,66.73592354041139
2001-03-25,66.73592354041139
2001-03-26,66.73592354041139
2001-03-27,66.73592354041139
2001-03-28,66.73592354041139
2001-03-29,66.73592354041139
2001-03-30,66.73592354041139
2001-03-31,66.73592354041139
2001-04-01,77.1763972574278
2001-04-02,77.1763972574278
2001-04-03,77.1763972574278
2001-04-04,77.1763972574278
2001-04-05,77.1763972574278
2001-04-06,77.1763972574278
2001-04-07,77.1763972574278
2001-04-08,77.1763972574278
2001-04-09,77.1763972574278
2001-04-10,77.1763972574278
2001-04-11,77.1763972574278
2001-04-12,77.1763972574278
2001-04-13,77.1763972574278
2001-04-14,77.1763972574278
2001-04-15,77.1763972574278
2001-04-16,77.1763972574278
2001-04-17,77.1763972574278
2001-04-18,77.1763972574278
2001-04-19,77.1763972574278
2001-04-20,77.1763972574278
2001-04-21,77.1763972574278
2001-04-22,77.1763972574278
2001-04-23,77.1763972574278
2001-04-24,77.1763972574278
2001-04-25,77.1763972574278
2001-04-26,77.1763972574278
2001-04-27,77.1763972574278
2001-04-28,77.1763972574278
2001-04-29,77.1763972574278
2001-04-30,77.1763972574278
2001-05-01,88.30251402451694
2001-05-02,88.30251402451694
2001-05-03,88.30251402451694
2001-05-04,88.30251402451694
2001-05-05,88.30251402451694
2001-05-06,88.30251402451694
2001-05-07,88.30251402451694
2001-05-08,88.30251402451694
2001-05-09,88.30251402451694
2001-05-10,88.30251402451694
2001-05-11,88.30251402451694
2001-05-12,88.30251402451694
2001-05-13,88.30251402451694
2001-05-14,88.30251402451694
2001-05-15,88.30251402451694
2001-05-16,88.30251402451694
2001-05-17,88.30251402451694
2001-05-18,88.30251402451694
2001-05-19,88.30251402451694
2001-05-20,88.30251402451694
2001-05-21,88.30251402451694
2001-05-22,88.30251402451694
2001-05-23,88.30251402451694
2001-05-24,88.30251402451694
2001-05-25,88.30251402451694
2001-05-26,88.30251402451694
2001-05-27,88.30251402451694
2001-05-28,88.30251402451694
2001-05-29,88.30251402451694
2001-05-30,88.30251402451694
2001-05-31,88.30251402451694
2001-06-01,90.19322667774776
2001-06-02,90.19322667774776
2001-06-03,90.19322667774776
2001-06-04,90.19322667774776
2001-06-05,90.19322667774776
2001-06-06,90.19322667774776
2001-06-07,90.19322667774776
2001-06-08,90.19322667774776
2001-06-09,90.19322667774776
2001-06-10,90.19322667774776
2001-06-11,90.19322667774776
2001-06-12,90.19322667774776
2001-06-13,90.19322667774776
2001-06-14,90.19322667774776
2001-06-15,90.19322667774776
2001-06-16,90.19322667774776
2001-06-17,90.19322667774776
2001-06-18,90.19322667774776
2001-06-19,90.19322667774776
2001-06-20,90.19322667774776
2001-06-21,90.19322667774776
2001-06-22,90.19322667774776
2001-06-23,90.19322667774776
2001-06-24,90.19322667774776
2001-06-25,90.19322667774776
2001-06-26,90.19322667774776
2001-06-27,90.19322667774776
2001-06-28,90.19322667774776
2001-06-29,90.19322667774776
2001-06-30,90.19322667774776
2001-07-01,91.77228339912736
2001-07-02,91.77228339912736
2001-07-03,91.77228339912736
2001-07-04,91.77228339912736
2001-07-05,91.77228339912736
2001-07-06,91.77228339912736
2001-07-07,91.77228339912736
2001-07-08,91.77228339912736
2001-07-09,91.77228339912736
2001-07-10,91.77228339912736
2001-07-11,91.77228339912736
2001-07-12,91.77228339912736
2001-07-13,91.77228339912736
2001-07-14,91.77228339912736
2001-07-15,91.77228339912736
2001-07-16,91.77228339912736
2001-07-17,91.77228339912736
2001-07-18,91.77228339912736
2001-07-19,91.77228339912736
2001-07-20,91.77228339912736
2001-07-21,91.77228339912736
2001-07-22,91.77228339912736
2001-07-23,91.77228339912736
2001-07-24,91.77228339912736
2001-07-25,91.77228339912736
2001-07-26,91.77228339912736
2001-07-27,91.77228339912736
2001-07-28,91.77228339912736
2001-07-29,91.77228339912736
2001-07-30,91.77228339912736
2001-07-31,91.77228339912736
2001-08-01,93.03968418865573
2001-08-02,93.03968418865573
2001-08-03,93.03968418865573
2001-08-04,93.03968418865573
2001-08-05,93.03968418865573
2001-08-06,93.03968418865573
2001-08-07,93.03968418865573
2001-08-08,93.03968418865573
2001-08-09,93.03968418865573
2001-08-10,93.03968418865573
2001-08-11,93.03968418865573
2001-08-12,93.03968418865573
2001-08-13,93.03968418865573
2001-08-14,93.03968418865573
2001-08-15,93.03968418865573
2001-08-16,93.03968418865573
2001-08-17,93.03968418865573
2001-08-18,93.03968418865573
2001-08-19,93.03968418865573
2001-08-20,93.03968418865573
2001-08-21,93.03968418865573
2001-08-22,93.03968418865573
2001-08-23,93.03968418865573
2001-08-24,93.03968418865573
2001-08-25,93.03968418865573
2001-08-26,93.03968418865573
2001-08-27,93.03968418865573
2001-08-28,93.03968418865573
2001-08-29,93.03968418865573
2001-08-30,93.03968418865573
2001-08-31,93.03968418865573
2001-09-01,92.41637232495326
2001-09-02,92.41637232495326
2001-09-03,92.41637232495326
2001-09-04,92.41637232495326
2001-09-05,92.41637232495326
2001-09-06,92.41637232495326
2001-09-07,92.41637232495326
2001-09-08,92.41637232495326
2001-09-09,92.41637232495326
2001-09-10,92.41637232495326
2001-09-11,92.41637232495326
2001-09-12,92.41637232495326
2001-09-13,92.41637232495326
2001-09-14,92.41637232495326
2001-09-15,92.41637232495326
2001-09-16,92.41637232495326
2001-09-17,92.41637232495326
2001-09-18,92.41637232495326
2001-09-19,92.41637232495326
2001-09-20,92.41637232495326
2001-09-21,92.41637232495326
2001-09-22,92.41637232495326
2001-09-23,92.41637232495326
2001-09-24,92.41637232495326
2001-09-25,92.41637232495326
2001-09-26,92.41637232495326
2001-09-27,92.41637232495326
2001-09-28,92.41637232495326
2001-09-29,92.41637232495326
2001-09-30,92.41637232495326
2001-10-01,93.99542904633284
2001-10-02,93.99542904633284
2001-10-03,93.99542904633284
2001-10-04,93.99542904633284
2001-10-05,93.99542904633284
2001-10-06,93.99542904633284
2001-10-07,93.99542904633284
2001-10-08,93.99542904633284
2001-10-09,93.99542904633284
2001-10-10,93.99542904633284
2001-10-11,93.99542904633284
2001-10-12,93.99542904633284
2001-10-13,93.99542904633284
2001-10-14,93.99542904633284
2001-10-15,93.99542904633284
2001-10-16,93.99542904633284
2001-10-17,93.99542904633284
2001-10-18,93.99542904633284
2001-10-19,93.99542904633284
2001-10-20,93.99542904633284
2001-10-21,93.99542904633284
2001-10-22,93.99542904633284
2001-10-23,93.99542904633284
2001-10-24,93.99542904633284
2001-10-25,93.99542904633284
2001-10-26,93.99542904633284
2001-10-27,93.99542904633284
2001-10-28,93.99542904633284
2001-10-29,93.99542904633284
2001-10-30,93.99542904633284
2001-10-31,93.99542904633284
2001-11-01,94.96156243507168
2001-11-02,94.96156243507168
2001-11-03,94.96156243507168
2001-11-04,94.96156243507168
2001-11-05,94.96156243507168
2001-11-06,94.96156243507168
2001-11-07,94.96156243507168
2001-11-08,94.96156243507168
2001-11-09,94.96156243507168
2001-11-10,94.96156243507168
2001-11-11,94.96156243507168
2001-11-12,94.96156243507168
2001-11-13,94.96156243507168
2001-11-14,94.96156243507168
2001-11-15,94.96156243507168
2001-11-16,94.96156243507168
2001-11-17,94.96156243507168
2001-11-18,94.96156243507168
2001-11-19,94.96156243507168
2001-11-20,94.96156243507168
2001-11-21,94.96156243507168
2001-11-22,94.96156243507168
2001-11-23,94.96156243507168
2001-11-24,94.96156243507168
2001-11-25,94.96156243507168
2001-11-26,94.96156243507168
2001-11-27,94.96156243507168
2001-11-28,94.96156243507168
2001-11-29,94.96156243507168
2001-11-30,94.96156243507168
2001-12-01,96.19779763141491
2001-12-02,96.19779763141491
2001-12-03,96.19779763141491
2001-12-04,96.19779763141491
2001-12-05,96.19779763141491
2001-12-06,96.19779763141491
2001-12-07,96.19779763141491
2001-12-08,96.19779763141491
2001-12-09,96.19779763141491
2001-12-10,96.19779763141491
2001-12-11,96.19779763141491
2001-12-12,96.19779763141491
2001-12-13,96.19779763141491
2001-12-14,96.19779763141491
2001-12-15,96.19779763141491
2001-12-16,96.19779763141491
2001-12-17,96.19779763141491
2001-12-18,96.19779763141491
2001-12-19,96.19779763141491
2001-12-20,96.19779763141491
2001-12-21,96.19779763141491
2001-12-22,96.19779763141491
2001-12-23,96.19779763141491
2001-12-24,96.19779763141491
2001-12-25,96.19779763141491
2001-12-26,96.19779763141491
2001-12-27,96.19779763141491
2001-12-28,96.19779763141491
2001-12-29,96.19779763141491
2001-12-30,96.19779763141491
2001-12-31,96.19779763141491
2002-01-01,95.87575316850197
2002-01-02,95.87575316850197
2002-01-03,95.87575316850197
2002-01-04,95.87575316850197
2002-01-05,95.87575316850197
2002-01-06,95.87575316850197
2002-01-07,95.87575316850197
2002-01-08,95.87575316850197
2002-01-09,95.87575316850197
2002-01-10,95.87575316850197
2002-01-11,95.87575316850197
2002-01-12,95.87575316850197
2002-01-13,95.87575316850197
2002-01-14,95.87575316850197
2002-01-15,95.87575316850197
2002-01-16,95.87575316850197
2002-01-17,95.87575316850197
2002-01-18,95.87575316850197
2002-01-19,95.87575316850197
2002-01-20,95.87575316850197
2002-01-21,95.87575316850197
2002-01-22,95.87575316850197
2002-01-23,95.87575316850197
2002-01-24,95.87575316850197
2002-01-25,95.87575316850197
2002-01-26,95.87575316850197
2002-01-27,95.87575316850197
2002-01-28,95.87575316850197
2002-01-29,95.87575316850197
2002-01-30,95.87575316850197
2002-01-31,95.87575316850197
2002-02-01,95.58487429877415
2002-02-02,95.58487429877415
2002-02-03,95.58487429877415
2002-02-04,95.58487429877415
2002-02-05,95.58487429877415
2002-02-06,95.58487429877415
2002-02-07,95.58487429877415
2002-02-08,95.58487429877415
2002-02-09,95.58487429877415
2002-02-10,95.58487429877415
2002-02-11,95.58487429877415
2002-02-12,95.58487429877415
2002-02-13,95.58487429877415
2002-02-14,95.58487429877415
2002-02-15,95.58487429877415
2002-02-16,95.58487429877415
2002-02-17,95.58487429877415
2002-02-18,95.58487429877415
2002-02-19,95.58487429877415
2002-02-20,95.58487429877415
2002-02-21,95.58487429877415
2002-02-22,95.58487429877415
2002-02-23,95.58487429877415
2002-02-24,95.58487429877415
2002-02-25,95.58487429877415
2002-02-26,95.58487429877415
2002-02-27,95.58487429877415
2002-02-28,95.58487429877415
2002-03-01,96.51984209432786
2002-03-02,96.51984209432786
2002-03-03,96.51984209432786
2002-03-04,96.51984209432786
2002-03-05,96.51984209432786
2002-03-06,96.51984209432786
2002-03-07,96.51984209432786
2002-03-08,96.51984209432786
2002-03-09,96.51984209432786
2002-03-10,96.51984209432786
2002-03-11,96.51984209432786
2002-03-12,96.51984209432786
2002-03-13,96.51984209432786
2002-03-14,96.51984209432786
2002-03-15,96.51984209432786
2002-03-16,96.51984209432786
2002-03-17,96.51984209432786
2002-03-18,96.51984209432786
2002-03-19,96.51984209432786
2002-03-20,96.51984209432786
2002-03-21,96.51984209432786
2002-03-22,96.51984209432786
2002-03-23,96.51984209432786
2002-03-24,96.51984209432786
2002-03-25,96.51984209432786
2002-03-26,96.51984209432786
2002-03-27,96.51984209432786
2002-03-28,96.51984209432786
2002-03-29,96.51984209432786
2002-03-30,96.51984209432786
2002-03-31,96.51984209432786
2002-04-01,95.27321836692292
2002-04-02,95.27321836692292
2002-04-03,95.27321836692292
2002-04-04,95.27321836692292
2002-04-05,95.27321836692292
2002-04-06,95.27321836692292
2002-04-07,95.27321836692292
2002-04-08,95.27321836692292
2002-04-09,95.27321836692292
2002-04-10,95.27321836692292
2002-04-11,95.27321836692292
2002-04-12,95.27321836692292
2002-04-13,95.27321836692292
2002-04-14,95.27321836692292
2002-04-15,95.27321836692292
2002-04-16,95.27321836692292
2002-04-17,95.27321836692292
2002-04-18,95.27321836692292
2002-04-19,95.27321836692292
2002-04-20,95.27321836692292
2002-04-21,95.27321836692292
2002-04-22,95.27321836692292
2002-04-23,95.27321836692292
2002-04-24,95.27321836692292
2002-04-25,95.27321836692292
2002-04-26,95.27321836692292
2002-04-27,95.27321836692292
2002-04-28,95.27321836692292
2002-04-29,95.27321836692292
2002-04-30,95.27321836692292
2002-05-01,94.3174735092458
2002-05-02,94.3174735092458
2002-05-03,94.3174735092458
2002-05-04,94.3174735092458
2002-05-05,94.3174735092458
2002-05-06,94.3174735092458
2002-05-07,94.3174735092458
2002-05-08,94.3174735092458
2002-05-09,94.3174735092458
2002-05-10,94.3174735092458
2002-05-11,94.3174735092458
2002-05-12,94.3174735092458
2002-05-13,94.3174735092458
2002-05-14,94.3174735092458
2002-05-15,94.3174735092458
2002-05-16,94.3174735092458
2002-05-17,94.3174735092458
2002-05-18,94.3174735092458
2002-05-19,94.3174735092458
2002-05-20,94.3174735092458
2002-05-21,94.3174735092458
2002-05-22,94.3174735092458
2002-05-23,94.3174735092458
2002-05-24,94.3174735092458
2002-05-25,94.3174735092458
2002-05-26,94.3174735092458
2002-05-27,94.3174735092458
2002-05-28,94.3174735092458
2002-05-29,94.3174735092458
2002-05-30,94.3174735092458
2002-05-31,94.3174735092458
2002-06-01,93.36172865156867
2002-06-02,93.36172865156867
2002-06-03,93.36172865156867
2002-06-04,93.36172865156867
2002-06-05,93.36172865156867
2002-06-06,93.36172865156867
2002-06-07,93.36172865156867
2002-06-08,93.36172865156867
2002-06-09,93.36172865156867
2002-06-10,93.36172865156867
2002-06-11,93.36172865156867
2002-06-12,93.36172865156867
2002-06-13,93.36172865156867
2002-06-14,93.36172865156867
2002-06-15,93.36172865156867
2002-06-16,93.36172865156867
2002-06-17,93.36172865156867
2002-06-18,93.36172865156867
2002-06-19,93.36172865156867
2002-06-20,93.36172865156867
2002-06-21,93.36172865156867
2002-06-22,93.36172865156867
2002-06-23,93.36172865156867
2002-06-24,93.36172865156867
2002-06-25,93.36172865156867
2002-06-26,93.36172865156867
2002-06-27,93.36172865156867
2002-06-28,93.36172865156867
2002-06-29,93.36172865156867
2002-06-30,93.36172865156867
2002-07-01,89.25825888219406
2002-07-02,89.25825888219406
2002-07-03,89.25825888219406
2002-07-04,89.25825888219406
2002-07-05,89.25825888219406
2002-07-06,89.25825888219406
2002-07-07,89.25825888219406
2002-07-08,89.25825888219406
2002-07-09,89.25825888219406
2002-07-10,89.25825888219406
2002-07-11,89.25825888219406
2002-07-12,89.25825888219406
2002-07-13,89.25825888219406
2002-07-14,89.25825888219406
2002-07-15,89.25825888219406
2002-07-16,89.25825888219406
2002-07-17,89.25825888219406
2002-07-18,89.25825888219406
2002-07-19,89.25825888219406
2002-07-20,89.25825888219406
2002-07-21,89.25825888219406
2002-07-22,89.25825888219406
2002-07-23,89.25825888219406
2002-07-24,89.25825888219406
2002-07-25,89.25825888219406
2002-07-26,89.25825888219406
2002-07-27,89.25825888219406
2002-07-28,89.25825888219406
2002-07-29,89.25825888219406
2002-07-30,89.25825888219406
2002-07-31,89.25825888219406
2002-08-01,87.95969249948057
2002-08-02,87.95969249948057
2002-08-03,87.95969249948057
2002-08-04,87.95969249948057
2002-08-05,87.95969249948057
2002-08-06,87.95969249948057
2002-08-07,87.95969249948057
2002-08-08,87.95969249948057
2002-08-09,87.95969249948057
2002-08-10,87.95969249948057
2002-08-11,87.95969249948057
2002-08-12,87.95969249948057
2002-08-13,87.95969249948057
2002-08-14,87.95969249948057
2002-08-15,87.95969249948057
2002-08-16,87.95969249948057
2002-08-17,87.95969249948057
2002-08-18,87.95969249948057
2002-08-19,87.95969249948057
2002-08-20,87.95969249948057
2002-08-21,87.95969249948057
2002-08-22,87.95969249948057
2002-08-23,87.95969249948057
2002-08-24,87.95969249948057
2002-08-25,87.95969249948057
2002-08-26,87.95969249948057
2002-08-27,87.95969249948057
2002-08-28,87.95969249948057
2002-08-29,87.95969249948057
2002-08-30,87.95969249948057
2002-08-31,87.95969249948057
2002-09-01,84.4172034074382
2002-09-02,84.4172034074382
2002-09-03,84.4172034074382
2002-09-04,84.4172034074382
2002-09-05,84.4172034074382
2002-09-06,84.4172034074382
2002-09-07,84.4172034074382
2002-09-08,84.4172034074382
2002-09-09,84.4172034074382
2002-09-10,84.4172034074382
2002-09-11,84.4172034074382
2002-09-12,84.4172034074382
2002-09-13,84.4172034074382
2002-09-14,84.4172034074382
2002-09-15,84.4172034074382
2002-09-16,84.4172034074382
2002-09-17,84.4172034074382
2002-09-18,84.4172034074382
2002-09-19,84.4172034074382
2002-09-20,84.4172034074382
2002-09-21,84.4172034074382
2002-09-22,84.4172034074382
2002-09-23,84.4172034074382
2002-09-24,84.4172034074382
2002-09-25,84.4172034074382
2002-09-26,84.4172034074382
2002-09-27,84.4172034074382
2002-09-28,84.4172034074382
2002-09-29,84.4172034074382
2002-09-30,84.4172034074382
2002-10-01,85.43527945148556
2002-10-02,85.43527945148556
2002-10-03,85.43527945148556
2002-10-04,85.43527945148556
2002-10-05,85.43527945148556
2002-10-06,85.43527945148556
2002-10-07,85.43527945148556
2002-10-08,85.43527945148556
2002-10-09,85.43527945148556
2002-10-10,85.43527945148556
2002-10-11,85.43527945148556
2002-10-12,85.43527945148556
2002-10-13,85.43527945148556
2002-10-14,85.43527945148556
2002-10-15,85.43527945148556
2002-10-16,85.43527945148556
2002-10-17,85.43527945148556
2002-10-18,85.43527945148556
2002-10-19,85.43527945148556
2002-10-20,85.43527945148556
2002-10-21,85.43527945148556
2002-10-22,85.43527945148556
2002-10-23,85.43527945148556
2002-10-24,85.43527945148556
2002-10-25,85.43527945148556
2002-10-26,85.43527945148556
2002-10-27,85.43527945148556
2002-10-28,85.43527945148556
2002-10-29,85.43527945148556
2002-10-30,85.43527945148556
2002-10-31,85.43527945148556
2002-11-01,88.62455848742987
2002-11-02,88.62455848742987
2002-11-03,88.62455848742987
2002-11-04,88.62455848742987
2002-11-05,88.62455848742987
2002-11-06,88.62455848742987
2002-11-07,88.62455848742987
2002-11-08,88.62455848742987
2002-11-09,88.62455848742987
2002-11-10,88.62455848742987
2002-11-11,88.62455848742987
2002-11-12,88.62455848742987
2002-11-13,88.62455848742987
2002-11-14,88.62455848742987
2002-11-15,88.62455848742987
2002-11-16,88.62455848742987
2002-11-17,88.62455848742987
2002-11-18,88.62455848742987
2002-11-19,88.62455848742987
2002-11-20,88.62455848742987
2002-11-21,88.62455848742987
2002-11-22,88.62455848742987
2002-11-23,88.62455848742987
2002-11-24,88.62455848742987
2002-11-25,88.62455848742987
2002-11-26,88.62455848742987
2002-11-27,88.62455848742987
2002-11-28,88.62455848742987
2002-11-29,88.62455848742987
2002-11-30,88.62455848742987
2002-12-01,89.580303345107
2002-12-02,89.580303345107
2002-12-03,89.580303345107
2002-12-04,89.580303345107
2002-12-05,89.580303345107
2002-12-06,89.580303345107
2002-12-07,89.580303345107
2002-12-08,89.580303345107
2002-12-09,89.580303345107
2002-12-10,89.580303345107
2002-12-11,89.580303345107
2002-12-12,89.580303345107
2002-12-13,89.580303345107
2002-12-14,89.580303345107
2002-12-15,89.580303345107
2002-12-16,89.580303345107
2002-12-17,89.580303345107
2002-12-18,89.580303345107
2002-12-19,89.580303345107
2002-12-20,89.580303345107
2002-12-21,89.580303345107
2002-12-22,89.580303345107
2002-12-23,89.580303345107
2002-12-24,89.580303345107
2002-12-25,89.580303345107
2002-12-26,89.580303345107
2002-12-27,89.580303345107
2002-12-28,89.580303345107
2002-12-29,89.580303345107
2002-12-30,89.580303345107
2002-12-31,89.580303345107
2003-01-01,87.63764803656763
2003-01-02,87.63764803656763
2003-01-03,87.63764803656763
2003-01-04,87.63764803656763
2003-01-05,87.63764803656763
2003-01-06,87.63764803656763
2003-01-07,87.63764803656763
2003-01-08,87.63764803656763
2003-01-09,87.63764803656763
2003-01-10,87.63764803656763
2003-01-11,87.63764803656763
2003-01-12,87.63764803656763
2003-01-13,87.63764803656763
2003-01-14,87.63764803656763
2003-01-15,87.63764803656763
2003-01-16,87.63764803656763
2003-01-17,87.63764803656763
2003-01-18,87.63764803656763
2003-01-19,87.63764803656763
2003-01-20,87.63764803656763
2003-01-21,87.63764803656763
2003-01-22,87.63764803656763
2003-01-23,87.63764803656763
2003-01-24,87.63764803656763
2003-01-25,87.63764803656763
2003-01-26,87.63764803656763
2003-01-27,87.63764803656763
2003-01-28,87.63764803656763
2003-01-29,87.63764803656763
2003-01-30,87.63764803656763
2003-01-31,87.63764803656763
2003-02-01,81.9239559526283
2003-02-02,81.9239559526283
2003-02-03,81.9239559526283
2003-02-04,81.9239559526283
2003-02-05,81.9239559526283
2003-02-06,81.9239559526283
2003-02-07,81.9239559526283
2003-02-08,81.9239559526283
2003-02-09,81.9239559526283
2003-02-10,81.9239559526283
2003-02-11,81.9239559526283
2003-02-12,81.9239559526283
2003-02-13,81.9239559526283
2003-02-14,81.9239559526283
2003-02-15,81.9239559526283
2003-02-16,81.9239559526283
2003-02-17,81.9239559526283
2003-02-18,81.9239559526283
2003-02-19,81.9239559526283
2003-02-20,81.9239559526283
2003-02-21,81.9239559526283
2003-02-22,81.9239559526283
2003-02-23,81.9239559526283
2003-02-24,81.9239559526283
2003-02-25,81.9239559526283
2003-02-26,81.9239559526283
2003-02-27,81.9239559526283
2003-02-28,81.9239559526283
2003-03-01,76.85435279451485
2003-03-02,76.85435279451485
2003-03-03,76.85435279451485
2003-03-04,76.85435279451485
2003-03-05,76.85435279451485
2003-03-06,76.85435279451485
2003-03-07,76.85435279451485
2003-03-08,76.85435279451485
2003-03-09,76.85435279451485
2003-03-10,76.85435279451485
2003-03-11,76.85435279451485
2003-03-12,76.85435279451485
2003-03-13,76.85435279451485
2003-03-14,76.85435279451485
2003-03-15,76.85435279451485
2003-03-16,76.85435279451485
2003-03-17,76.85435279451485
2003-03-18,76.85435279451485
2003-03-19,76.85435279451485
2003-03-20,76.85435279451485
2003-03-21,76.85435279451485
2003-03-22,76.85435279451485
2003-03-23,76.85435279451485
2003-03-24,76.85435279451485
2003-03-25,76.85435279451485
2003-03-26,76.85435279451485
2003-03-27,76.85435279451485
2003-03-28,76.85435279451485
2003-03-29,76.85435279451485
2003-03-30,76.85435279451485
2003-03-31,76.85435279451485
2003-04-01,78.13214211510491
2003-04-02,78.13214211510491
2003-04-03,78.13214211510491
2003-04-04,78.13214211510491
2003-04-05,78.13214211510491
2003-04-06,78.13214211510491
2003-04-07,78.13214211510491
2003-04-08,78.13214211510491
2003-04-09,78.13214211510491
2003-04-10,78.13214211510491
2003-04-11,78.13214211510491
2003-04-12,78.13214211510491
2003-04-13,78.13214211510491
2003-04-14,78.13214211510491
2003-04-15,78.13214211510491
2003-04-16,78.13214211510491
2003-04-17,78.13214211510491
2003-04-18,78.13214211510491
2003-04-19,78.13214211510491
2003-04-20,78.13214211510491
2003-04-21,78.13214211510491
2003-04-22,78.13214211510491
2003-04-23,78.13214211510491
2003-04-24,78.13214211510491
2003-04-25,78.13214211510491
2003-04-26,78.13214211510491
2003-04-27,78.13214211510491
2003-04-28,78.13214211510491
2003-04-29,78.13214211510491
2003-04-30,78.13214211510491
2003-05-01,80.63577810097652
2003-05-02,80.63577810097652
2003-05-03,80.63577810097652
2003-05-04,80.63577810097652
2003-05-05,80.63577810097652
2003-05-06,80.63577810097652
2003-05-07,80.63577810097652
2003-05-08,80.63577810097652
2003-05-09,80.63577810097652
2003-05-10,80.63577810097652
2003-05-11,80.63577810097652
2003-05-12,80.63577810097652
2003-05-13,80.63577810097652
2003-05-14,80.63577810097652
2003-05-15,80.63577810097652
2003-05-16,80.63577810097652
2003-05-17,80.63577810097652
2003-05-18,80.63577810097652
2003-05-19,80.63577810097652
2003-05-20,80.63577810097652
2003-05-21,80.63577810097652
2003-05-22,80.63577810097652
2003-05-23,80.63577810097652
2003-05-24,80.63577810097652
2003-05-25,80.63577810097652
2003-05-26,80.63577810097652
2003-05-27,80.63577810097652
2003-05-28,80.63577810097652
2003-05-29,80.63577810097652
2003-05-30,80.63577810097652
2003-05-31,80.63577810097652
2003-06-01,82.8381466860586
2003-06-02,82.8381466860586
2003-06-03,82.8381466860586
2003-06-04,82.8381466860586
2003-06-05,82.8381466860586
2003-06-06,82.8381466860586
2003-06-07,82.8381466860586
2003-06-08,82.8381466860586
2003-06-09,82.8381466860586
2003-06-10,82.8381466860586
2003-06-11,82.8381466860586
2003-06-12,82.8381466860586
2003-06-13,82.8381466860586
2003-06-14,82.8381466860586
2003-06-15,82.8381466860586
2003-06-16,82.8381466860586
2003-06-17,82.8381466860586
2003-06-18,82.8381466860586
2003-06-19,82.8381466860586
2003-06-20,82.8381466860586
2003-06-21,82.8381466860586
2003-06-22,82.8381466860586
2003-06-23,82.8381466860586
2003-06-24,82.8381466860586
2003-06-25,82.8381466860586
2003-06-26,82.8381466860586
2003-06-27,82.8381466860586
2003-06-28,82.8381466860586
2003-06-29,82.8381466860586
2003-06-30,82.8381466860586
2003-07-01,74.65198420943278
2003-07-02,74.65198420943278
2003-07-03,74.65198420943278
2003-07-04,74.65198420943278
2003-07-05,74.65198420943278
2003-07-06,74.65198420943278
2003-07-07,74.65198420943278
2003-07-08,74.65198420943278
2003-07-09,74.65198420943278
2003-07-10,74.65198420943278
2003-07-11,74.65198420943278
2003-07-12,74.65198420943278
2003-07-13,74.65198420943278
2003-07-14,74.65198420943278
2003-07-15,74.65198420943278
2003-07-16,74.65198420943278
2003-07-17,74.65198420943278
2003-07-18,74.65198420943278
2003-07-19,74.65198420943278
2003-07-20,74.65198420943278
2003-07-21,74.65198420943278
2003-07-22,74.65198420943278
2003-07-23,74.65198420943278
2003-07-24,74.65198420943278
2003-07-25,74.65198420943278
2003-07-26,74.65198420943278
2003-07-27,74.65198420943278
2003-07-28,74.65198420943278
2003-07-29,74.65198420943278
2003-07-30,74.65198420943278
2003-07-31,74.65198420943278
2003-08-01,70.51734884687305
2003-08-02,70.51734884687305
2003-08-03,70.51734884687305
2003-08-04,70.51734884687305
2003-08-05,70.51734884687305
2003-08-06,70.51734884687305
2003-08-07,70.51734884687305
2003-08-08,70.51734884687305
2003-08-09,70.51734884687305
2003-08-10,70.51734884687305
2003-08-11,70.51734884687305
2003-08-12,70.51734884687305
2003-08-13,70.51734884687305
2003-08-14,70.51734884687305
2003-08-15,70.51734884687305
2003-08-16,70.51734884687305
2003-08-17,70.51734884687305
2003-08-18,70.51734884687305
2003-08-19,70.51734884687305
2003-08-20,70.51734884687305
2003-08-21,70.51734884687305
2003-08-22,70.51734884687305
2003-08-23,70.51734884687305
2003-08-24,70.51734884687305
2003-08-25,70.51734884687305
2003-08-26,70.51734884687305
2003-08-27,70.51734884687305
2003-08-28,70.51734884687305
2003-08-29,70.51734884687305
2003-08-30,70.51734884687305
2003-08-31,70.51734884687305
2003-09-01,69.2499480573447
2003-09-02,69.2499480573447
2003-09-03,69.2499480573447
2003-09-04,69.2499480573447
2003-09-05,69.2499480573447
2003-09-06,69.2499480573447
2003-09-07,69.2499480573447
2003-09-08,69.2499480573447
2003-09-09,69.2499480573447
2003-09-10,69.2499480573447
2003-09-11,69.2499480573447
2003-09-12,69.2499480573447
2003-09-13,69.2499480573447
2003-09-14,69.2499480573447
2003-09-15,69.2499480573447
2003-09-16,69.2499480573447
2003-09-17,69.2499480573447
2003-09-18,69.2499480573447
2003-09-19,69.2499480573447
2003-09-20,69.2499480573447
2003-09-21,69.2499480573447
2003-09-22,69.2499480573447
2003-09-23,69.2499480573447
2003-09-24,69.2499480573447
2003-09-25,69.2499480573447
2003-09-26,69.2499480573447
2003-09-27,69.2499480573447
2003-09-28,69.2499480573447
2003-09-29,69.2499480573447
2003-09-30,69.2499480573447
2003-10-01,63.8583004363183
2003-10-02,63.8583004363183
2003-10-03,63.8583004363183
2003-10-04,63.8583004363183
2003-10-05,63.8583004363183
2003-10-06,63.8583004363183
2003-10-07,63.8583004363183
2003-10-08,63.8583004363183
2003-10-09,63.8583004363183
2003-10-10,63.8583004363183
2003-10-11,63.8583004363183
2003-10-12,63.8583004363183
2003-10-13,63.8583004363183
2003-10-14,63.8583004363183
2003-10-15,63.8583004363183
2003-10-16,63.8583004363183
2003-10-17,63.8583004363183
2003-10-18,63.8583004363183
2003-10-19,63.8583004363183
2003-10-20,63.8583004363183
2003-10-21,63.8583004363183
2003-10-22,63.8583004363183
2003-10-23,63.8583004363183
2003-10-24,63.8583004363183
2003-10-25,63.8583004363183
2003-10-26,63.8583004363183
2003-10-27,63.8583004363183
2003-10-28,63.8583004363183
2003-10-29,63.8583004363183
2003-10-30,63.8583004363183
2003-10-31,63.8583004363183
2003-11-01,51.24662372740495
2003-11-02,51.24662372740495
2003-11-03,51.24662372740495
2003-11-04,51.24662372740495
2003-11-05,51.24662372740495
2003-11-06,51.24662372740495
2003-11-07,51.24662372740495
2003-11-08,51.24662372740495
2003-11-09,51.24662372740495
2003-11-10,51.24662372740495
2003-11-11,51.24662372740495
2003-11-12,51.24662372740495
2003-11-13,51.24662372740495
2003-11-14,51.24662372740495
2003-11-15,51.24662372740495
2003-11-16,51.24662372740495
2003-11-17,51.24662372740495
2003-11-18,51.24662372740495
2003-11-19,51.24662372740495
2003-11-20,51.24662372740495
2003-11-21,51.24662372740495
2003-11-22,51.24662372740495
2003-11-23,51.24662372740495
2003-11-24,51.24662372740495
2003-11-25,51.24662372740495
2003-11-26,51.24662372740495
2003-11-27,51.24662372740495
2003-11-28,51.24662372740495
2003-11-29,51.24662372740495
2003-11-30,51.24662372740495
2003-12-01,42.98774153334718
2003-12-02,42.98774153334718
2003-12-03,42.98774153334718
2003-12-04,42.98774153334718
2003-12-05,42.98774153334718
2003-12-06,42.98774153334718
2003-12-07,42.98774153334718
2003-12-08,42.98774153334718
2003-12-09,42.98774153334718
2003-12-10,42.98774153334718
2003-12-11,42.98774153334718
2003-12-12,42.98774153334718
2003-12-13,42.98774153334718
2003-12-14,42.98774153334718
2003-12-15,42.98774153334718
2003-12-16,42.98774153334718
2003-12-17,42.98774153334718
2003-12-18,42.98774153334718
2003-12-19,42.98774153334718
2003-12-20,42.98774153334718
2003-12-21,42.98774153334718
2003-12-22,42.98774153334718
2003-12-23,42.98774153334718
2003-12-24,42.98774153334718
2003-12-25,42.98774153334718
2003-12-26,42.98774153334718
2003-12-27,42.98774153334718
2003-12-28,42.98774153334718
2003-12-29,42.98774153334718
2003-12-30,42.98774153334718
2003-12-31,42.98774153334718
2004-01-01,49.31435694992728
2004-01-02,49.31435694992728
2004-01-03,49.31435694992728
2004-01-04,49.31435694992728
2004-01-05,49.31435694992728
2004-01-06,49.31435694992728
2004-01-07,49.31435694992728
2004-01-08,49.31435694992728
2004-01-09,49.31435694992728
2004-01-10,49.31435694992728
2004-01-11,49.31435694992728
2004-01-12,49.31435694992728
2004-01-13,49.31435694992728
2004-01-14,49.31435694992728
2004-01-15,49.31435694992728
2004-01-16,49.31435694992728
2004-01-17,49.31435694992728
2004-01-18,49.31435694992728
2004-01-19,49.31435694992728
2004-01-20,49.31435694992728
2004-01-21,49.31435694992728
2004-01-22,49.31435694992728
2004-01-23,49.31435694992728
2004-01-24,49.31435694992728
2004-01-25,49.31435694992728
2004-01-26,49.31435694992728
2004-01-27,49.31435694992728
2004-01-28,49.31435694992728
2004-01-29,49.31435694992728
2004-01-30,49.31435694992728
2004-01-31,49.31435694992728
2004-02-01,46.78994390193227
2004-02-02,46.78994390193227
2004-02-03,46.78994390193227
2004-02-04,46.78994390193227
2004-02-05,46.78994390193227
2004-02-06,46.78994390193227
2004-02-07,46.78994390193227
2004-02-08,46.78994390193227
2004-02-09,46.78994390193227
2004-02-10,46.78994390193227
2004-02-11,46.78994390193227
2004-02-12,46.78994390193227
2004-02-13,46.78994390193227
2004-02-14,46.78994390193227
2004-02-15,46.78994390193227
2004-02-16,46.78994390193227
2004-02-17,46.78994390193227
2004-02-18,46.78994390193227
2004-02-19,46.78994390193227
2004-02-20,46.78994390193227
2004-02-21,46.78994390193227
2004-02-22,46.78994390193227
2004-02-23,46.78994390193227
2004-02-24,46.78994390193227
2004-02-25,46.78994390193227
2004-02-26,46.78994390193227
2004-02-27,46.78994390193227
2004-02-28,46.78994390193227
2004-02-29,46.78994390193227
2004-03-01,39.1855391647621
2004-03-02,39.1855391647621
2004-03-03,39.1855391647621
2004-03-04,39.1855391647621
2004-03-05,39.1855391647621
2004-03-06,39.1855391647621
2004-03-07,39.1855391647621
2004-03-08,39.1855391647621
2004-03-09,39.1855391647621
2004-03-10,39.1855391647621
2004-03-11,39.1855391647621
2004-03-12,39.1855391647621
2004-03-13,39.1855391647621
2004-03-14,39.1855391647621
2004-03-15,39.1855391647621
2004-03-16,39.1855391647621
2004-03-17,39.1855391647621
2004-03-18,39.1855391647621
2004-03-19,39.1855391647621
2004-03-20,39.1855391647621
2004-03-21,39.1855391647621
2004-03-22,39.1855391647621
2004-03-23,39.1855391647621
2004-03-24,39.1855391647621
2004-03-25,39.1855391647621
2004-03-26,39.1855391647621
2004-03-27,39.1855391647621
2004-03-28,39.1855391647621
2004-03-29,39.1855391647621
2004-03-30,39.1855391647621
2004-03-31,39.1855391647621
2004-04-01,36.983170579680035
2004-04-02,36.983170579680035
2004-04-03,36.983170579680035
2004-04-04,36.983170579680035
2004-04-05,36.983170579680035
2004-04-06,36.983170579680035
2004-04-07,36.983170579680035
2004-04-08,36.983170579680035
2004-04-09,36.983170579680035
2004-04-10,36.983170579680035
2004-04-11,36.983170579680035
2004-04-12,36.983170579680035
2004-04-13,36.983170579680035
2004-04-14,36.983170579680035
2004-04-15,36.983170579680035
2004-04-16,36.983170579680035
2004-04-17,36.983170579680035
2004-04-18,36.983170579680035
2004-04-19,36.983170579680035
2004-04-20,36.983170579680035
2004-04-21,36.983170579680035
2004-04-22,36.983170579680035
2004-04-23,36.983170579680035
2004-04-24,36.983170579680035
2004-04-25,36.983170579680035
2004-04-26,36.983170579680035
2004-04-27,36.983170579680035
2004-04-28,36.983170579680035
2004-04-29,36.983170579680035
2004-04-30,36.983170579680035
2004-05-01,31.622688551838767
2004-05-02,31.622688551838767
2004-05-03,31.622688551838767
2004-05-04,31.622688551838767
2004-05-05,31.622688551838767
2004-05-06,31.622688551838767
2004-05-07,31.622688551838767
2004-05-08,31.622688551838767
2004-05-09,31.622688551838767
2004-05-10,31.622688551838767
2004-05-11,31.622688551838767
2004-05-12,31.622688551838767
2004-05-13,31.622688551838767
2004-05-14,31.622688551838767
2004-05-15,31.622688551838767
2004-05-16,31.622688551838767
2004-05-17,31.622688551838767
2004-05-18,31.622688551838767
2004-05-19,31.622688551838767
2004-05-20,31.622688551838767
2004-05-21,31.622688551838767
2004-05-22,31.622688551838767
2004-05-23,31.622688551838767
2004-05-24,31.622688551838767
2004-05-25,31.622688551838767
2004-05-26,31.622688551838767
2004-05-27,31.622688551838767
2004-05-28,31.622688551838767
2004-05-29,31.622688551838767
2004-05-30,31.622688551838767
2004-05-31,31.622688551838767
2004-06-01,31.944733014751712
2004-06-02,31.944733014751712
2004-06-03,31.944733014751712
2004-06-04,31.944733014751712
2004-06-05,31.944733014751712
2004-06-06,31.944733014751712
2004-06-07,31.944733014751712
2004-06-08,31.944733014751712
2004-06-09,31.944733014751712
2004-06-10,31.944733014751712
2004-06-11,31.944733014751712
2004-06-12,31.944733014751712
2004-06-13,31.944733014751712
2004-06-14,31.944733014751712
2004-06-15,31.944733014751712
2004-06-16,31.944733014751712
2004-06-17,31.944733014751712
2004-06-18,31.944733014751712
2004-06-19,31.944733014751712
2004-06-20,31.944733014751712
2004-06-21,31.944733014751712
2004-06-22,31.944733014751712
2004-06-23,31.944733014751712
2004-06-24,31.944733014751712
2004-06-25,31.944733014751712
2004-06-26,31.944733014751712
2004-06-27,31.944733014751712
2004-06-28,31.944733014751712
2004-06-29,31.944733014751712
2004-06-30,31.944733014751712
2004-07-01,28.77623104093081
2004-07-02,28.77623104093081
2004-07-03,28.77623104093081
2004-07-04,28.77623104093081
2004-07-05,28.77623104093081
2004-07-06,28.77623104093081
2004-07-07,28.77623104093081
2004-07-08,28.77623104093081
2004-07-09,28.77623104093081
2004-07-10,28.77623104093081
2004-07-11,28.77623104093081
2004-07-12,28.77623104093081
2004-07-13,28.77623104093081
2004-07-14,28.77623104093081
2004-07-15,28.77623104093081
2004-07-16,28.77623104093081
2004-07-17,28.77623104093081
2004-07-18,28.77623104093081
2004-07-19,28.77623104093081
2004-07-20,28.77623104093081
2004-07-21,28.77623104093081
2004-07-22,28.77623104093081
2004-07-23,28.77623104093081
2004-07-24,28.77623104093081
2004-07-25,28.77623104093081
2004-07-26,28.77623104093081
2004-07-27,28.77623104093081
2004-07-28,28.77623104093081
2004-07-29,28.77623104093081
2004-07-30,28.77623104093081
2004-07-31,28.77623104093081
2004-08-01,27.18678578848951
2004-08-02,27.18678578848951
2004-08-03,27.18678578848951
2004-08-04,27.18678578848951
2004-08-05,27.18678578848951
2004-08-06,27.18678578848951
2004-08-07,27.18678578848951
2004-08-08,27.18678578848951
2004-08-09,27.18678578848951
2004-08-10,27.18678578848951
2004-08-11,27.18678578848951
2004-08-12,27.18678578848951
2004-08-13,27.18678578848951
2004-08-14,27.18678578848951
2004-08-15,27.18678578848951
2004-08-16,27.18678578848951
2004-08-17,27.18678578848951
2004-08-18,27.18678578848951
2004-08-19,27.18678578848951
2004-08-20,27.18678578848951
2004-08-21,27.18678578848951
2004-08-22,27.18678578848951
2004-08-23,27.18678578848951
2004-08-24,27.18678578848951
2004-08-25,27.18678578848951
2004-08-26,27.18678578848951
2004-08-27,27.18678578848951
2004-08-28,27.18678578848951
2004-08-29,27.18678578848951
2004-08-30,27.18678578848951
2004-08-31,27.18678578848951
2004-09-01,28.14253064616663
2004-09-02,28.14253064616663
2004-09-03,28.14253064616663
2004-09-04,28.14253064616663
2004-09-05,28.14253064616663
2004-09-06,28.14253064616663
2004-09-07,28.14253064616663
2004-09-08,28.14253064616663
2004-09-09,28.14253064616663
2004-09-10,28.14253064616663
2004-09-11,28.14253064616663
2004-09-12,28.14253064616663
2004-09-13,28.14253064616663
2004-09-14,28.14253064616663
2004-09-15,28.14253064616663
2004-09-16,28.14253064616663
2004-09-17,28.14253064616663
2004-09-18,28.14253064616663
2004-09-19,28.14253064616663
2004-09-20,28.14253064616663
2004-09-21,28.14253064616663
2004-09-22,28.14253064616663
2004-09-23,28.14253064616663
2004-09-24,28.14253064616663
2004-09-25,28.14253064616663
2004-09-26,28.14253064616663
2004-09-27,28.14253064616663
2004-09-28,28.14253064616663
2004-09-29,28.14253064616663
2004-09-30,28.14253064616663
2004-10-01,27.82048618325369
2004-10-02,27.82048618325369
2004-10-03,27.82048618325369
2004-10-04,27.82048618325369
2004-10-05,27.82048618325369
2004-10-06,27.82048618325369
2004-10-07,27.82048618325369
2004-10-08,27.82048618325369
2004-10-09,27.82048618325369
2004-10-10,27.82048618325369
2004-10-11,27.82048618325369
2004-10-12,27.82048618325369
2004-10-13,27.82048618325369
2004-10-14,27.82048618325369
2004-10-15,27.82048618325369
2004-10-16,27.82048618325369
2004-10-17,27.82048618325369
2004-10-18,27.82048618325369
2004-10-19,27.82048618325369
2004-10-20,27.82048618325369
2004-10-21,27.82048618325369
2004-10-22,27.82048618325369
2004-10-23,27.82048618325369
2004-10-24,27.82048618325369
2004-10-25,27.82048618325369
2004-10-26,27.82048618325369
2004-10-27,27.82048618325369
2004-10-28,27.82048618325369
2004-10-29,27.82048618325369
2004-10-30,27.82048618325369
2004-10-31,27.82048618325369
2004-11-01,30.69810928734677
2004-11-02,30.69810928734677
2004-11-03,30.69810928734677
2004-11-04,30.69810928734677
2004-11-05,30.69810928734677
2004-11-06,30.69810928734677
2004-11-07,30.69810928734677
2004-11-08,30.69810928734677
2004-11-09,30.69810928734677
2004-11-10,30.69810928734677
2004-11-11,30.69810928734677
2004-11-12,30.69810928734677
2004-11-13,30.69810928734677
2004-11-14,30.69810928734677
2004-11-15,30.69810928734677
2004-11-16,30.69810928734677
2004-11-17,30.69810928734677
2004-11-18,30.69810928734677
2004-11-19,30.69810928734677
2004-11-20,30.69810928734677
2004-11-21,30.69810928734677
2004-11-22,30.69810928734677
2004-11-23,30.69810928734677
2004-11-24,30.69810928734677
2004-11-25,30.69810928734677
2004-11-26,30.69810928734677
2004-11-27,30.69810928734677
2004-11-28,30.69810928734677
2004-11-29,30.69810928734677
2004-11-30,30.69810928734677
2004-12-01,32.89008934136713
2004-12-02,32.89008934136713
2004-12-03,32.89008934136713
2004-12-04,32.89008934136713
2004-12-05,32.89008934136713
2004-12-06,32.89008934136713
2004-12-07,32.89008934136713
2004-12-08,32.89008934136713
2004-12-09,32.89008934136713
2004-12-10,32.89008934136713
2004-12-11,32.89008934136713
2004-12-12,32.89008934136713
2004-12-13,32.89008934136713
2004-12-14,32.89008934136713
2004-12-15,32.89008934136713
2004-12-16,32.89008934136713
2004-12-17,32.89008934136713
2004-12-18,32.89008934136713
2004-12-19,32.89008934136713
2004-12-20,32.89008934136713
2004-12-21,32.89008934136713
2004-12-22,32.89008934136713
2004-12-23,32.89008934136713
2004-12-24,32.89008934136713
2004-12-25,32.89008934136713
2004-12-26,32.89008934136713
2004-12-27,32.89008934136713
2004-12-28,32.89008934136713
2004-12-29,32.89008934136713
2004-12-30,32.89008934136713
2004-12-31,32.89008934136713
2005-01-01,30.054020361520884
2005-01-02,30.054020361520884
2005-01-03,30.054020361520884
2005-01-04,30.054020361520884
2005-01-05,30.054020361520884
2005-01-06,30.054020361520884
2005-01-07,30.054020361520884
2005-01-08,30.054020361520884
2005-01-09,30.054020361520884
2005-01-10,30.054020361520884
2005-01-11,30.054020361520884
2005-01-12,30.054020361520884
2005-01-13,30.054020361520884
2005-01-14,30.054020361520884
2005-01-15,30.054020361520884
2005-01-16,30.054020361520884
2005-01-17,30.054020361520884
2005-01-18,30.054020361520884
2005-01-19,30.054020361520884
2005-01-20,30.054020361520884
2005-01-21,30.054020361520884
2005-01-22,30.054020361520884
2005-01-23,30.054020361520884
2005-01-24,30.054020361520884
2005-01-25,30.054020361520884
2005-01-26,30.054020361520884
2005-01-27,30.054020361520884
2005-01-28,30.054020361520884
2005-01-29,30.054020361520884
2005-01-30,30.054020361520884
2005-01-31,30.054020361520884
2005-02-01,31.33180968211095
2005-02-02,31.33180968211095
2005-02-03,31.33180968211095
2005-02-04,31.33180968211095
2005-02-05,31.33180968211095
2005-02-06,31.33180968211095
2005-02-07,31.33180968211095
2005-02-08,31.33180968211095
2005-02-09,31.33180968211095
2005-02-10,31.33180968211095
2005-02-11,31.33180968211095
2005-02-12,31.33180968211095
2005-02-13,31.33180968211095
2005-02-14,31.33180968211095
2005-02-15,31.33180968211095
2005-02-16,31.33180968211095
2005-02-17,31.33180968211095
2005-02-18,31.33180968211095
2005-02-19,31.33180968211095
2005-02-20,31.33180968211095
2005-02-21,31.33180968211095
2005-02-22,31.33180968211095
2005-02-23,31.33180968211095
2005-02-24,31.33180968211095
2005-02-25,31.33180968211095
2005-02-26,31.33180968211095
2005-02-27,31.33180968211095
2005-02-28,31.33180968211095
2005-03-01,29.73197589860794
2005-03-02,29.73197589860794
2005-03-03,29.73197589860794
2005-03-04,29.73197589860794
2005-03-05,29.73197589860794
2005-03-06,29.73197589860794
2005-03-07,29.73197589860794
2005-03-08,29.73197589860794
2005-03-09,29.73197589860794
2005-03-10,29.73197589860794
2005-03-11,29.73197589860794
2005-03-12,29.73197589860794
2005-03-13,29.73197589860794
2005-03-14,29.73197589860794
2005-03-15,29.73197589860794
2005-03-16,29.73197589860794
2005-03-17,29.73197589860794
2005-03-18,29.73197589860794
2005-03-19,29.73197589860794
2005-03-20,29.73197589860794
2005-03-21,29.73197589860794
2005-03-22,29.73197589860794
2005-03-23,29.73197589860794
2005-03-24,29.73197589860794
2005-03-25,29.73197589860794
2005-03-26,29.73197589860794
2005-03-27,29.73197589860794
2005-03-28,29.73197589860794
2005-03-29,29.73197589860794
2005-03-30,29.73197589860794
2005-03-31,29.73197589860794
2005-04-01,26.875129856638267
2005-04-02,26.875129856638267
2005-04-03,26.875129856638267
2005-04-04,26.875129856638267
2005-04-05,26.875129856638267
2005-04-06,26.875129856638267
2005-04-07,26.875129856638267
2005-04-08,26.875129856638267
2005-04-09,26.875129856638267
2005-04-10,26.875129856638267
2005-04-11,26.875129856638267
2005-04-12,26.875129856638267
2005-04-13,26.875129856638267
2005-04-14,26.875129856638267
2005-04-15,26.875129856638267
2005-04-16,26.875129856638267
2005-04-17,26.875129856638267
2005-04-18,26.875129856638267
2005-04-19,26.875129856638267
2005-04-20,26.875129856638267
2005-04-21,26.875129856638267
2005-04-22,26.875129856638267
2005-04-23,26.875129856638267
2005-04-24,26.875129856638267
2005-04-25,26.875129856638267
2005-04-26,26.875129856638267
2005-04-27,26.875129856638267
2005-04-28,26.875129856638267
2005-04-29,26.875129856638267
2005-04-30,26.875129856638267
2005-05-01,25.285684604196966
2005-05-02,25.285684604196966
2005-05-03,25.285684604196966
2005-05-04,25.285684604196966
2005-05-05,25.285684604196966
2005-05-06,25.285684604196966
2005-05-07,25.285684604196966
2005-05-08,25.285684604196966
2005-05-09,25.285684604196966
2005-05-10,25.285684604196966
2005-05-11,25.285684604196966
2005-05-12,25.285684604196966
2005-05-13,25.285684604196966
2005-05-14,25.285684604196966
2005-05-15,25.285684604196966
2005-05-16,25.285684604196966
2005-05-17,25.285684604196966
2005-05-18,25.285684604196966
2005-05-19,25.285684604196966
2005-05-20,25.285684604196966
2005-05-21,25.285684604196966
2005-05-22,25.285684604196966
2005-05-23,25.285684604196966
2005-05-24,25.285684604196966
2005-05-25,25.285684604196966
2005-05-26,25.285684604196966
2005-05-27,25.285684604196966
2005-05-28,25.285684604196966
2005-05-29,25.285684604196966
2005-05-30,25.285684604196966
2005-05-31,25.285684604196966
2005-06-01,26.2518179929358
2005-06-02,26.2518179929358
2005-06-03,26.2518179929358
2005-06-04,26.2518179929358
2005-06-05,26.2518179929358
2005-06-06,26.2518179929358
2005-06-07,26.2518179929358
2005-06-08,26.2518179929358
2005-06-09,26.2518179929358
2005-06-10,26.2518179929358
2005-06-11,26.2518179929358
2005-06-12,26.2518179929358
2005-06-13,26.2518179929358
2005-06-14,26.2518179929358
2005-06-15,26.2518179929358
2005-06-16,26.2518179929358
2005-06-17,26.2518179929358
2005-06-18,26.2518179929358
2005-06-19,26.2518179929358
2005-06-20,26.2518179929358
2005-06-21,26.2518179929358
2005-06-22,26.2518179929358
2005-06-23,26.2518179929358
2005-06-24,26.2518179929358
2005-06-25,26.2518179929358
2005-06-26,26.2518179929358
2005-06-27,26.2518179929358
2005-06-28,26.2518179929358
2005-06-29,26.2518179929358
2005-06-30,26.2518179929358
2005-07-01,25.929773530022853
2005-07-02,25.929773530022853
2005-07-03,25.929773530022853
2005-07-04,25.929773530022853
2005-07-05,25.929773530022853
2005-07-06,25.929773530022853
2005-07-07,25.929773530022853
2005-07-08,25.929773530022853
2005-07-09,25.929773530022853
2005-07-10,25.929773530022853
2005-07-11,25.929773530022853
2005-07-12,25.929773530022853
2005-07-13,25.929773530022853
2005-07-14,25.929773530022853
2005-07-15,25.929773530022853
2005-07-16,25.929773530022853
2005-07-17,25.929773530022853
2005-07-18,25.929773530022853
2005-07-19,25.929773530022853
2005-07-20,25.929773530022853
2005-07-21,25.929773530022853
2005-07-22,25.929773530022853
2005-07-23,25.929773530022853
2005-07-24,25.929773530022853
2005-07-25,25.929773530022853
2005-07-26,25.929773530022853
2005-07-27,25.929773530022853
2005-07-28,25.929773530022853
2005-07-29,25.929773530022853
2005-07-30,25.929773530022853
2005-07-31,25.929773530022853
2005-08-01,23.727404944940787
2005-08-02,23.727404944940787
2005-08-03,23.727404944940787
2005-08-04,23.727404944940787
2005-08-05,23.727404944940787
2005-08-06,23.727404944940787
2005-08-07,23.727404944940787
2005-08-08,23.727404944940787
2005-08-09,23.727404944940787
2005-08-10,23.727404944940787
2005-08-11,23.727404944940787
2005-08-12,23.727404944940787
2005-08-13,23.727404944940787
2005-08-14,23.727404944940787
2005-08-15,23.727404944940787
2005-08-16,23.727404944940787
2005-08-17,23.727404944940787
2005-08-18,23.727404944940787
2005-08-19,23.727404944940787
2005-08-20,23.727404944940787
2005-08-21,23.727404944940787
2005-08-22,23.727404944940787
2005-08-23,23.727404944940787
2005-08-24,23.727404944940787
2005-08-25,23.727404944940787
2005-08-26,23.727404944940787
2005-08-27,23.727404944940787
2005-08-28,23.727404944940787
2005-08-29,23.727404944940787
2005-08-30,23.727404944940787
2005-08-31,23.727404944940787
2005-09-01,22.12757116143777
2005-09-02,22.12757116143777
2005-09-03,22.12757116143777
2005-09-04,22.12757116143777
2005-09-05,22.12757116143777
2005-09-06,22.12757116143777
2005-09-07,22.12757116143777
2005-09-08,22.12757116143777
2005-09-09,22.12757116143777
2005-09-10,22.12757116143777
2005-09-11,22.12757116143777
2005-09-12,22.12757116143777
2005-09-13,22.12757116143777
2005-09-14,22.12757116143777
2005-09-15,22.12757116143777
2005-09-16,22.12757116143777
2005-09-17,22.12757116143777
2005-09-18,22.12757116143777
2005-09-19,22.12757116143777
2005-09-20,22.12757116143777
2005-09-21,22.12757116143777
2005-09-22,22.12757116143777
2005-09-23,22.12757116143777
2005-09-24,22.12757116143777
2005-09-25,22.12757116143777
2005-09-26,22.12757116143777
2005-09-27,22.12757116143777
2005-09-28,22.12757116143777
2005-09-29,22.12757116143777
2005-09-30,22.12757116143777
2005-10-01,14.543943486391026
2005-10-02,14.543943486391026
2005-10-03,14.543943486391026
2005-10-04,14.543943486391026
2005-10-05,14.543943486391026
2005-10-06,14.543943486391026
2005-10-07,14.543943486391026
2005-10-08,14.543943486391026
2005-10-09,14.543943486391026
2005-10-10,14.543943486391026
2005-10-11,14.543943486391026
2005-10-12,14.543943486391026
2005-10-13,14.543943486391026
2005-10-14,14.543943486391026
2005-10-15,14.543943486391026
2005-10-16,14.543943486391026
2005-10-17,14.543943486391026
2005-10-18,14.543943486391026
2005-10-19,14.543943486391026
2005-10-20,14.543943486391026
2005-10-21,14.543943486391026
2005-10-22,14.543943486391026
2005-10-23,14.543943486391026
2005-10-24,14.543943486391026
2005-10-25,14.543943486391026
2005-10-26,14.543943486391026
2005-10-27,14.543943486391026
2005-10-28,14.543943486391026
2005-10-29,14.543943486391026
2005-10-30,14.543943486391026
2005-10-31,14.543943486391026
2005-11-01,18.32536879285269
2005-11-02,18.32536879285269
2005-11-03,18.32536879285269
2005-11-04,18.32536879285269
2005-11-05,18.32536879285269
2005-11-06,18.32536879285269
2005-11-07,18.32536879285269
2005-11-08,18.32536879285269
2005-11-09,18.32536879285269
2005-11-10,18.32536879285269
2005-11-11,18.32536879285269
2005-11-12,18.32536879285269
2005-11-13,18.32536879285269
2005-11-14,18.32536879285269
2005-11-15,18.32536879285269
2005-11-16,18.32536879285269
2005-11-17,18.32536879285269
2005-11-18,18.32536879285269
2005-11-19,18.32536879285269
2005-11-20,18.32536879285269
2005-11-21,18.32536879285269
2005-11-22,18.32536879285269
2005-11-23,18.32536879285269
2005-11-24,18.32536879285269
2005-11-25,18.32536879285269
2005-11-26,18.32536879285269
2005-11-27,18.32536879285269
2005-11-28,18.32536879285269
2005-11-29,18.32536879285269
2005-11-30,18.32536879285269
2005-12-01,19.89403698317058
2005-12-02,19.89403698317058
2005-12-03,19.89403698317058
2005-12-04,19.89403698317058
2005-12-05,19.89403698317058
2005-12-06,19.89403698317058
2005-12-07,19.89403698317058
2005-12-08,19.89403698317058
2005-12-09,19.89403698317058
2005-12-10,19.89403698317058
2005-12-11,19.89403698317058
2005-12-12,19.89403698317058
2005-12-13,19.89403698317058
2005-12-14,19.89403698317058
2005-12-15,19.89403698317058
2005-12-16,19.89403698317058
2005-12-17,19.89403698317058
2005-12-18,19.89403698317058
2005-12-19,19.89403698317058
2005-12-20,19.89403698317058
2005-12-21,19.89403698317058
2005-12-22,19.89403698317058
2005-12-23,19.89403698317058
2005-12-24,19.89403698317058
2005-12-25,19.89403698317058
2005-12-26,19.89403698317058
2005-12-27,19.89403698317058
2005-12-28,19.89403698317058
2005-12-29,19.89403698317058
2005-12-30,19.89403698317058
2005-12-31,19.89403698317058
2006-01-01,19.571992520257638
2006-01-02,19.571992520257638
2006-01-03,19.571992520257638
2006-01-04,19.571992520257638
2006-01-05,19.571992520257638
2006-01-06,19.571992520257638
2006-01-07,19.571992520257638
2006-01-08,19.571992520257638
2006-01-09,19.571992520257638
2006-01-10,19.571992520257638
2006-01-11,19.571992520257638
2006-01-12,19.571992520257638
2006-01-13,19.571992520257638
2006-01-14,19.571992520257638
2006-01-15,19.571992520257638
2006-01-16,19.571992520257638
2006-01-17,19.571992520257638
2006-01-18,19.571992520257638
2006-01-19,19.571992520257638
2006-01-20,19.571992520257638
2006-01-21,19.571992520257638
2006-01-22,19.571992520257638
2006-01-23,19.571992520257638
2006-01-24,19.571992520257638
2006-01-25,19.571992520257638
2006-01-26,19.571992520257638
2006-01-27,19.571992520257638
2006-01-28,19.571992520257638
2006-01-29,19.571992520257638
2006-01-30,19.571992520257638
2006-01-31,19.571992520257638
2006-02-01,16.123000207770623
2006-02-02,16.123000207770623
2006-02-03,16.123000207770623
2006-02-04,16.123000207770623
2006-02-05,16.123000207770623
2006-02-06,16.123000207770623
2006-02-07,16.123000207770623
2006-02-08,16.123000207770623
2006-02-09,16.123000207770623
2006-02-10,16.123000207770623
2006-02-11,16.123000207770623
2006-02-12,16.123000207770623
2006-02-13,16.123000207770623
2006-02-14,16.123000207770623
2006-02-15,16.123000207770623
2006-02-16,16.123000207770623
2006-02-17,16.123000207770623
2006-02-18,16.123000207770623
2006-02-19,16.123000207770623
2006-02-20,16.123000207770623
2006-02-21,16.123000207770623
2006-02-22,16.123000207770623
2006-02-23,16.123000207770623
2006-02-24,16.123000207770623
2006-02-25,16.123000207770623
2006-02-26,16.123000207770623
2006-02-27,16.123000207770623
2006-02-28,16.123000207770623
2006-03-01,16.413879077498443
2006-03-02,16.413879077498443
2006-03-03,16.413879077498443
2006-03-04,16.413879077498443
2006-03-05,16.413879077498443
2006-03-06,16.413879077498443
2006-03-07,16.413879077498443
2006-03-08,16.413879077498443
2006-03-09,16.413879077498443
2006-03-10,16.413879077498443
2006-03-11,16.413879077498443
2006-03-12,16.413879077498443
2006-03-13,16.413879077498443
2006-03-14,16.413879077498443
2006-03-15,16.413879077498443
2006-03-16,16.413879077498443
2006-03-17,16.413879077498443
2006-03-18,16.413879077498443
2006-03-19,16.413879077498443
2006-03-20,16.413879077498443
2006-03-21,16.413879077498443
2006-03-22,16.413879077498443
2006-03-23,16.413879077498443
2006-03-24,16.413879077498443
2006-03-25,16.413879077498443
2006-03-26,16.413879077498443
2006-03-27,16.413879077498443
2006-03-28,16.413879077498443
2006-03-29,16.413879077498443
2006-03-30,16.413879077498443
2006-03-31,16.413879077498443
2006-04-01,15.499688344068149
2006-04-02,15.499688344068149
2006-04-03,15.499688344068149
2006-04-04,15.499688344068149
2006-04-05,15.499688344068149
2006-04-06,15.499688344068149
2006-04-07,15.499688344068149
2006-04-08,15.499688344068149
2006-04-09,15.499688344068149
2006-04-10,15.499688344068149
2006-04-11,15.499688344068149
2006-04-12,15.499688344068149
2006-04-13,15.499688344068149
2006-04-14,15.499688344068149
2006-04-15,15.499688344068149
2006-04-16,15.499688344068149
2006-04-17,15.499688344068149
2006-04-18,15.499688344068149
2006-04-19,15.499688344068149
2006-04-20,15.499688344068149
2006-04-21,15.499688344068149
2006-04-22,15.499688344068149
2006-04-23,15.499688344068149
2006-04-24,15.499688344068149
2006-04-25,15.499688344068149
2006-04-26,15.499688344068149
2006-04-27,15.499688344068149
2006-04-28,15.499688344068149
2006-04-29,15.499688344068149
2006-04-30,15.499688344068149
2006-05-01,13.619364221899025
2006-05-02,13.619364221899025
2006-05-03,13.619364221899025
2006-05-04,13.619364221899025
2006-05-05,13.619364221899025
2006-05-06,13.619364221899025
2006-05-07,13.619364221899025
2006-05-08,13.619364221899025
2006-05-09,13.619364221899025
2006-05-10,13.619364221899025
2006-05-11,13.619364221899025
2006-05-12,13.619364221899025
2006-05-13,13.619364221899025
2006-05-14,13.619364221899025
2006-05-15,13.619364221899025
2006-05-16,13.619364221899025
2006-05-17,13.619364221899025
2006-05-18,13.619364221899025
2006-05-19,13.619364221899025
2006-05-20,13.619364221899025
2006-05-21,13.619364221899025
2006-05-22,13.619364221899025
2006-05-23,13.619364221899025
2006-05-24,13.619364221899025
2006-05-25,13.619364221899025
2006-05-26,13.619364221899025
2006-05-27,13.619364221899025
2006-05-28,13.619364221899025
2006-05-29,13.619364221899025
2006-05-30,13.619364221899025
2006-05-31,13.619364221899025
2006-06-01,10.772906710991066
2006-06-02,10.772906710991066
2006-06-03,10.772906710991066
2006-06-04,10.772906710991066
2006-06-05,10.772906710991066
2006-06-06,10.772906710991066
2006-06-07,10.772906710991066
2006-06-08,10.772906710991066
2006-06-09,10.772906710991066
2006-06-10,10.772906710991066
2006-06-11,10.772906710991066
2006-06-12,10.772906710991066
2006-06-13,10.772906710991066
2006-06-14,10.772906710991066
2006-06-15,10.772906710991066
2006-06-16,10.772906710991066
2006-06-17,10.772906710991066
2006-06-18,10.772906710991066
2006-06-19,10.772906710991066
2006-06-20,10.772906710991066
2006-06-21,10.772906710991066
2006-06-22,10.772906710991066
2006-06-23,10.772906710991066
2006-06-24,10.772906710991066
2006-06-25,10.772906710991066
2006-06-26,10.772906710991066
2006-06-27,10.772906710991066
2006-06-28,10.772906710991066
2006-06-29,10.772906710991066
2006-06-30,10.772906710991066
2006-07-01,9.183461458549761
2006-07-02,9.183461458549761
2006-07-03,9.183461458549761
2006-07-04,9.183461458549761
2006-07-05,9.183461458549761
2006-07-06,9.183461458549761
2006-07-07,9.183461458549761
2006-07-08,9.183461458549761
2006-07-09,9.183461458549761
2006-07-10,9.183461458549761
2006-07-11,9.183461458549761
2006-07-12,9.183461458549761
2006-07-13,9.183461458549761
2006-07-14,9.183461458549761
2006-07-15,9.183461458549761
2006-07-16,9.183461458549761
2006-07-17,9.183461458549761
2006-07-18,9.183461458549761
2006-07-19,9.183461458549761
2006-07-20,9.183461458549761
2006-07-21,9.183461458549761
2006-07-22,9.183461458549761
2006-07-23,9.183461458549761
2006-07-24,9.183461458549761
2006-07-25,9.183461458549761
2006-07-26,9.183461458549761
2006-07-27,9.183461458549761
2006-07-28,9.183461458549761
2006-07-29,9.183461458549761
2006-07-30,9.183461458549761
2006-07-31,9.183461458549761
2006-08-01,9.82755038437565
2006-08-02,9.82755038437565
2006-08-03,9.82755038437565
2006-08-04,9.82755038437565
2006-08-05,9.82755038437565
2006-08-06,9.82755038437565
2006-08-07,9.82755038437565
2006-08-08,9.82755038437565
2006-08-09,9.82755038437565
2006-08-10,9.82755038437565
2006-08-11,9.82755038437565
2006-08-12,9.82755038437565
2006-08-13,9.82755038437565
2006-08-14,9.82755038437565
2006-08-15,9.82755038437565
2006-08-16,9.82755038437565
2006-08-17,9.82755038437565
2006-08-18,9.82755038437565
2006-08-19,9.82755038437565
2006-08-20,9.82755038437565
2006-08-21,9.82755038437565
2006-08-22,9.82755038437565
2006-08-23,9.82755038437565
2006-08-24,9.82755038437565
2006-08-25,9.82755038437565
2006-08-26,9.82755038437565
2006-08-27,9.82755038437565
2006-08-28,9.82755038437565
2006-08-29,9.82755038437565
2006-08-30,9.82755038437565
2006-08-31,9.82755038437565
2006-09-01,10.46125077913983
2006-09-02,10.46125077913983
2006-09-03,10.46125077913983
2006-09-04,10.46125077913983
2006-09-05,10.46125077913983
2006-09-06,10.46125077913983
2006-09-07,10.46125077913983
2006-09-08,10.46125077913983
2006-09-09,10.46125077913983
2006-09-10,10.46125077913983
2006-09-11,10.46125077913983
2006-09-12,10.46125077913983
2006-09-13,10.46125077913983
2006-09-14,10.46125077913983
2006-09-15,10.46125077913983
2006-09-16,10.46125077913983
2006-09-17,10.46125077913983
2006-09-18,10.46125077913983
2006-09-19,10.46125077913983
2006-09-20,10.46125077913983
2006-09-21,10.46125077913983
2006-09-22,10.46125077913983
2006-09-23,10.46125077913983
2006-09-24,10.46125077913983
2006-09-25,10.46125077913983
2006-09-26,10.46125077913983
2006-09-27,10.46125077913983
2006-09-28,10.46125077913983
2006-09-29,10.46125077913983
2006-09-30,10.46125077913983
2006-10-01,11.72865156866819
2006-10-02,11.72865156866819
2006-10-03,11.72865156866819
2006-10-04,11.72865156866819
2006-10-05,11.72865156866819
2006-10-06,11.72865156866819
2006-10-07,11.72865156866819
2006-10-08,11.72865156866819
2006-10-09,11.72865156866819
2006-10-10,11.72865156866819
2006-10-11,11.72865156866819
2006-10-12,11.72865156866819
2006-10-13,11.72865156866819
2006-10-14,11.72865156866819
2006-10-15,11.72865156866819
2006-10-16,11.72865156866819
2006-10-17,11.72865156866819
2006-10-18,11.72865156866819
2006-10-19,11.72865156866819
2006-10-20,11.72865156866819
2006-10-21,11.72865156866819
2006-10-22,11.72865156866819
2006-10-23,11.72865156866819
2006-10-24,11.72865156866819
2006-10-25,11.72865156866819
2006-10-26,11.72865156866819
2006-10-27,11.72865156866819
2006-10-28,11.72865156866819
2006-10-29,11.72865156866819
2006-10-30,11.72865156866819
2006-10-31,11.72865156866819
2006-11-01,12.050696031581134
2006-11-02,12.050696031581134
2006-11-03,12.050696031581134
2006-11-04,12.050696031581134
2006-11-05,12.050696031581134
2006-11-06,12.050696031581134
2006-11-07,12.050696031581134
2006-11-08,12.050696031581134
2006-11-09,12.050696031581134
2006-11-10,12.050696031581134
2006-11-11,12.050696031581134
2006-11-12,12.050696031581134
2006-11-13,12.050696031581134
2006-11-14,12.050696031581134
2006-11-15,12.050696031581134
2006-11-16,12.050696031581134
2006-11-17,12.050696031581134
2006-11-18,12.050696031581134
2006-11-19,12.050696031581134
2006-11-20,12.050696031581134
2006-11-21,12.050696031581134
2006-11-22,12.050696031581134
2006-11-23,12.050696031581134
2006-11-24,12.050696031581134
2006-11-25,12.050696031581134
2006-11-26,12.050696031581134
2006-11-27,12.050696031581134
2006-11-28,12.050696031581134
2006-11-29,12.050696031581134
2006-11-30,12.050696031581134
2006-12-01,13.29731975898608
2006-12-02,13.29731975898608
2006-12-03,13.29731975898608
2006-12-04,13.29731975898608
2006-12-05,13.29731975898608
2006-12-06,13.29731975898608
2006-12-07,13.29731975898608
2006-12-08,13.29731975898608
2006-12-09,13.29731975898608
2006-12-10,13.29731975898608
2006-12-11,13.29731975898608
2006-12-12,13.29731975898608
2006-12-13,13.29731975898608
2006-12-14,13.29731975898608
2006-12-15,13.29731975898608
2006-12-16,13.29731975898608
2006-12-17,13.29731975898608
2006-12-18,13.29731975898608
2006-12-19,13.29731975898608
2006-12-20,13.29731975898608
2006-12-21,13.29731975898608
2006-12-22,13.29731975898608
2006-12-23,13.29731975898608
2006-12-24,13.29731975898608
2006-12-25,13.29731975898608
2006-12-26,13.29731975898608
2006-12-27,13.29731975898608
2006-12-28,13.29731975898608
2006-12-29,13.29731975898608
2006-12-30,13.29731975898608
2006-12-31,13.29731975898608
2007-01-01,12.975275296073136
2007-01-02,12.975275296073136
2007-01-03,12.975275296073136
2007-01-04,12.975275296073136
2007-01-05,12.975275296073136
2007-01-06,12.975275296073136
2007-01-07,12.975275296073136
2007-01-08,12.975275296073136
2007-01-09,12.975275296073136
2007-01-10,12.975275296073136
2007-01-11,12.975275296073136
2007-01-12,12.975275296073136
2007-01-13,12.975275296073136
2007-01-14,12.975275296073136
2007-01-15,12.975275296073136
2007-01-16,12.975275296073136
2007-01-17,12.975275296073136
2007-01-18,12.975275296073136
2007-01-19,12.975275296073136
2007-01-20,12.975275296073136
2007-01-21,12.975275296073136
2007-01-22,12.975275296073136
2007-01-23,12.975275296073136
2007-01-24,12.975275296073136
2007-01-25,12.975275296073136
2007-01-26,12.975275296073136
2007-01-27,12.975275296073136
2007-01-28,12.975275296073136
2007-01-29,12.975275296073136
2007-01-30,12.975275296073136
2007-01-31,12.975275296073136
2007-02-01,14.253064616663202
2007-02-02,14.253064616663202
2007-02-03,14.253064616663202
2007-02-04,14.253064616663202
2007-02-05,14.253064616663202
2007-02-06,14.253064616663202
2007-02-07,14.253064616663202
2007-02-08,14.253064616663202
2007-02-09,14.253064616663202
2007-02-10,14.253064616663202
2007-02-11,14.253064616663202
2007-02-12,14.253064616663202
2007-02-13,14.253064616663202
2007-02-14,14.253064616663202
2007-02-15,14.253064616663202
2007-02-16,14.253064616663202
2007-02-17,14.253064616663202
2007-02-18,14.253064616663202
2007-02-19,14.253064616663202
2007-02-20,14.253064616663202
2007-02-21,14.253064616663202
2007-02-22,14.253064616663202
2007-02-23,14.253064616663202
2007-02-24,14.253064616663202
2007-02-25,14.253064616663202
2007-02-26,14.253064616663202
2007-02-27,14.253064616663202
2007-02-28,14.253064616663202
2007-03-01,11.084562642842302
2007-03-02,11.084562642842302
2007-03-03,11.084562642842302
2007-03-04,11.084562642842302
2007-03-05,11.084562642842302
2007-03-06,11.084562642842302
2007-03-07,11.084562642842302
2007-03-08,11.084562642842302
2007-03-09,11.084562642842302
2007-03-10,11.084562642842302
2007-03-11,11.084562642842302
2007-03-12,11.084562642842302
2007-03-13,11.084562642842302
2007-03-14,11.084562642842302
2007-03-15,11.084562642842302
2007-03-16,11.084562642842302
2007-03-17,11.084562642842302
2007-03-18,11.084562642842302
2007-03-19,11.084562642842302
2007-03-20,11.084562642842302
2007-03-21,11.084562642842302
2007-03-22,11.084562642842302
2007-03-23,11.084562642842302
2007-03-24,11.084562642842302
2007-03-25,11.084562642842302
2007-03-26,11.084562642842302
2007-03-27,11.084562642842302
2007-03-28,11.084562642842302
2007-03-29,11.084562642842302
2007-03-30,11.084562642842302
2007-03-31,11.084562642842302
2007-04-01,13.941408684811968
2007-04-02,13.941408684811968
2007-04-03,13.941408684811968
2007-04-04,13.941408684811968
2007-04-05,13.941408684811968
2007-04-06,13.941408684811968
2007-04-07,13.941408684811968
2007-04-08,13.941408684811968
2007-04-09,13.941408684811968
2007-04-10,13.941408684811968
2007-04-11,13.941408684811968
2007-04-12,13.941408684811968
2007-04-13,13.941408684811968
2007-04-14,13.941408684811968
2007-04-15,13.941408684811968
2007-04-16,13.941408684811968
2007-04-17,13.941408684811968
2007-04-18,13.941408684811968
2007-04-19,13.941408684811968
2007-04-20,13.941408684811968
2007-04-21,13.941408684811968
2007-04-22,13.941408684811968
2007-04-23,13.941408684811968
2007-04-24,13.941408684811968
2007-04-25,13.941408684811968
2007-04-26,13.941408684811968
2007-04-27,13.941408684811968
2007-04-28,13.941408684811968
2007-04-29,13.941408684811968
2007-04-30,13.941408684811968
2007-05-01,18.003324329939748
2007-05-02,18.003324329939748
2007-05-03,18.003324329939748
2007-05-04,18.003324329939748
2007-05-05,18.003324329939748
2007-05-06,18.003324329939748
2007-05-07,18.003324329939748
2007-05-08,18.003324329939748
2007-05-09,18.003324329939748
2007-05-10,18.003324329939748
2007-05-11,18.003324329939748
2007-05-12,18.003324329939748
2007-05-13,18.003324329939748
2007-05-14,18.003324329939748
2007-05-15,18.003324329939748
2007-05-16,18.003324329939748
2007-05-17,18.003324329939748
2007-05-18,18.003324329939748
2007-05-19,18.003324329939748
2007-05-20,18.003324329939748
2007-05-21,18.003324329939748
2007-05-22,18.003324329939748
2007-05-23,18.003324329939748
2007-05-24,18.003324329939748
2007-05-25,18.003324329939748
2007-05-26,18.003324329939748
2007-05-27,18.003324329939748
2007-05-28,18.003324329939748
2007-05-29,18.003324329939748
2007-05-30,18.003324329939748
2007-05-31,18.003324329939748
2007-06-01,16.735923540411385
2007-06-02,16.735923540411385
2007-06-03,16.735923540411385
2007-06-04,16.735923540411385
2007-06-05,16.735923540411385
2007-06-06,16.735923540411385
2007-06-07,16.735923540411385
2007-06-08,16.735923540411385
2007-06-09,16.735923540411385
2007-06-10,16.735923540411385
2007-06-11,16.735923540411385
2007-06-12,16.735923540411385
2007-06-13,16.735923540411385
2007-06-14,16.735923540411385
2007-06-15,16.735923540411385
2007-06-16,16.735923540411385
2007-06-17,16.735923540411385
2007-06-18,16.735923540411385
2007-06-19,16.735923540411385
2007-06-20,16.735923540411385
2007-06-21,16.735923540411385
2007-06-22,16.735923540411385
2007-06-23,16.735923540411385
2007-06-24,16.735923540411385
2007-06-25,16.735923540411385
2007-06-26,16.735923540411385
2007-06-27,16.735923540411385
2007-06-28,16.735923540411385
2007-06-29,16.735923540411385
2007-06-30,16.735923540411385
2007-07-01,21.80552669852483
2007-07-02,21.80552669852483
2007-07-03,21.80552669852483
2007-07-04,21.80552669852483
2007-07-05,21.80552669852483
2007-07-06,21.80552669852483
2007-07-07,21.80552669852483
2007-07-08,21.80552669852483
2007-07-09,21.80552669852483
2007-07-10,21.80552669852483
2007-07-11,21.80552669852483
2007-07-12,21.80552669852483
2007-07-13,21.80552669852483
2007-07-14,21.80552669852483
2007-07-15,21.80552669852483
2007-07-16,21.80552669852483
2007-07-17,21.80552669852483
2007-07-18,21.80552669852483
2007-07-19,21.80552669852483
2007-07-20,21.80552669852483
2007-07-21,21.80552669852483
2007-07-22,21.80552669852483
2007-07-23,21.80552669852483
2007-07-24,21.80552669852483
2007-07-25,21.80552669852483
2007-07-26,21.80552669852483
2007-07-27,21.80552669852483
2007-07-28,21.80552669852483
2007-07-29,21.80552669852483
2007-07-30,21.80552669852483
2007-07-31,21.80552669852483
2007-08-01,18.637024724703927
2007-08-02,18.637024724703927
2007-08-03,18.637024724703927
2007-08-04,18.637024724703927
2007-08-05,18.637024724703927
2007-08-06,18.637024724703927
2007-08-07,18.637024724703927
2007-08-08,18.637024724703927
2007-08-09,18.637024724703927
2007-08-10,18.637024724703927
2007-08-11,18.637024724703927
2007-08-12,18.637024724703927
2007-08-13,18.637024724703927
2007-08-14,18.637024724703927
2007-08-15,18.637024724703927
2007-08-16,18.637024724703927
2007-08-17,18.637024724703927
2007-08-18,18.637024724703927
2007-08-19,18.637024724703927
2007-08-20,18.637024724703927
2007-08-21,18.637024724703927
2007-08-22,18.637024724703927
2007-08-23,18.637024724703927
2007-08-24,18.637024724703927
2007-08-25,18.637024724703927
2007-08-26,18.637024724703927
2007-08-27,18.637024724703927
2007-08-28,18.637024724703927
2007-08-29,18.637024724703927
2007-08-30,18.637024724703927
2007-08-31,18.637024724703927
2007-09-01,27.50883025140245
2007-09-02,27.50883025140245
2007-09-03,27.50883025140245
2007-09-04,27.50883025140245
2007-09-05,27.50883025140245
2007-09-06,27.50883025140245
2007-09-07,27.50883025140245
2007-09-08,27.50883025140245
2007-09-09,27.50883025140245
2007-09-10,27.50883025140245
2007-09-11,27.50883025140245
2007-09-12,27.50883025140245
2007-09-13,27.50883025140245
2007-09-14,27.50883025140245
2007-09-15,27.50883025140245
2007-09-16,27.50883025140245
2007-09-17,27.50883025140245
2007-09-18,27.50883025140245
2007-09-19,27.50883025140245
2007-09-20,27.50883025140245
2007-09-21,27.50883025140245
2007-09-22,27.50883025140245
2007-09-23,27.50883025140245
2007-09-24,27.50883025140245
2007-09-25,27.50883025140245
2007-09-26,27.50883025140245
2007-09-27,27.50883025140245
2007-09-28,27.50883025140245
2007-09-29,27.50883025140245
2007-09-30,27.50883025140245
2007-10-01,34.448369000623316
2007-10-02,34.448369000623316
2007-10-03,34.448369000623316
2007-10-04,34.448369000623316
2007-10-05,34.448369000623316
2007-10-06,34.448369000623316
2007-10-07,34.448369000623316
2007-10-08,34.448369000623316
2007-10-09,34.448369000623316
2007-10-10,34.448369000623316
2007-10-11,34.448369000623316
2007-10-12,34.448369000623316
2007-10-13,34.448369000623316
2007-10-14,34.448369000623316
2007-10-15,34.448369000623316
2007-10-16,34.448369000623316
2007-10-17,34.448369000623316
2007-10-18,34.448369000623316
2007-10-19,34.448369000623316
2007-10-20,34.448369000623316
2007-10-21,34.448369000623316
2007-10-22,34.448369000623316
2007-10-23,34.448369000623316
2007-10-24,34.448369000623316
2007-10-25,34.448369000623316
2007-10-26,34.448369000623316
2007-10-27,34.448369000623316
2007-10-28,34.448369000623316
2007-10-29,34.448369000623316
2007-10-30,34.448369000623316
2007-10-31,34.448369000623316
2007-11-01,35.38333679617702
2007-11-02,35.38333679617702
2007-11-03,35.38333679617702
2007-11-04,35.38333679617702
2007-11-05,35.38333679617702
2007-11-06,35.38333679617702
2007-11-07,35.38333679617702
2007-11-08,35.38333679617702
2007-11-09,35.38333679617702
2007-11-10,35.38333679617702
2007-11-11,35.38333679617702
2007-11-12,35.38333679617702
2007-11-13,35.38333679617702
2007-11-14,35.38333679617702
2007-11-15,35.38333679617702
2007-11-16,35.38333679617702
2007-11-17,35.38333679617702
2007-11-18,35.38333679617702
2007-11-19,35.38333679617702
2007-11-20,35.38333679617702
2007-11-21,35.38333679617702
2007-11-22,35.38333679617702
2007-11-23,35.38333679617702
2007-11-24,35.38333679617702
2007-11-25,35.38333679617702
2007-11-26,35.38333679617702
2007-11-27,35.38333679617702
2007-11-28,35.38333679617702
2007-11-29,35.38333679617702
2007-11-30,35.38333679617702
2007-12-01,44.90961977976314
2007-12-02,44.90961977976314
2007-12-03,44.90961977976314
2007-12-04,44.90961977976314
2007-12-05,44.90961977976314
2007-12-06,44.90961977976314
2007-12-07,44.90961977976314
2007-12-08,44.90961977976314
2007-12-09,44.90961977976314
2007-12-10,44.90961977976314
2007-12-11,44.90961977976314
2007-12-12,44.90961977976314
2007-12-13,44.90961977976314
2007-12-14,44.90961977976314
2007-12-15,44.90961977976314
2007-12-16,44.90961977976314
2007-12-17,44.90961977976314
2007-12-18,44.90961977976314
2007-12-19,44.90961977976314
2007-12-20,44.90961977976314
2007-12-21,44.90961977976314
2007-12-22,44.90961977976314
2007-12-23,44.90961977976314
2007-12-24,44.90961977976314
2007-12-25,44.90961977976314
2007-12-26,44.90961977976314
2007-12-27,44.90961977976314
2007-12-28,44.90961977976314
2007-12-29,44.90961977976314
2007-12-30,44.90961977976314
2007-12-31,44.90961977976314
2008-01-01,38.55183876999792
2008-01-02,38.55183876999792
2008-01-03,38.55183876999792
2008-01-04,38.55183876999792
2008-01-05,38.55183876999792
2008-01-06,38.55183876999792
2008-01-07,38.55183876999792
2008-01-08,38.55183876999792
2008-01-09,38.55183876999792
2008-01-10,38.55183876999792
2008-01-11,38.55183876999792
2008-01-12,38.55183876999792
2008-01-13,38.55183876999792
2008-01-14,38.55183876999792
2008-01-15,38.55183876999792
2008-01-16,38.55183876999792
2008-01-17,38.55183876999792
2008-01-18,38.55183876999792
2008-01-19,38.55183876999792
2008-01-20,38.55183876999792
2008-01-21,38.55183876999792
2008-01-22,38.55183876999792
2008-01-23,38.55183876999792
2008-01-24,38.55183876999792
2008-01-25,38.55183876999792
2008-01-26,38.55183876999792
2008-01-27,38.55183876999792
2008-01-28,38.55183876999792
2008-01-29,38.55183876999792
2008-01-30,38.55183876999792
2008-01-31,38.55183876999792
2008-02-01,39.829628090587995
2008-02-02,39.829628090587995
2008-02-03,39.829628090587995
2008-02-04,39.829628090587995
2008-02-05,39.829628090587995
2008-02-06,39.829628090587995
2008-02-07,39.829628090587995
2008-02-08,39.829628090587995
2008-02-09,39.829628090587995
2008-02-10,39.829628090587995
2008-02-11,39.829628090587995
2008-02-12,39.829628090587995
2008-02-13,39.829628090587995
2008-02-14,39.829628090587995
2008-02-15,39.829628090587995
2008-02-16,39.829628090587995
2008-02-17,39.829628090587995
2008-02-18,39.829628090587995
2008-02-19,39.829628090587995
2008-02-20,39.829628090587995
2008-02-21,39.829628090587995
2008-02-22,39.829628090587995
2008-02-23,39.829628090587995
2008-02-24,39.829628090587995
2008-02-25,39.829628090587995
2008-02-26,39.829628090587995
2008-02-27,39.829628090587995
2008-02-28,39.829628090587995
2008-02-29,39.829628090587995
2008-03-01,40.452939954290464
2008-03-02,40.452939954290464
2008-03-03,40.452939954290464
2008-03-04,40.452939954290464
2008-03-05,40.452939954290464
2008-03-06,40.452939954290464
2008-03-07,40.452939954290464
2008-03-08,40.452939954290464
2008-03-09,40.452939954290464
2008-03-10,40.452939954290464
2008-03-11,40.452939954290464
2008-03-12,40.452939954290464
2008-03-13,40.452939954290464
2008-03-14,40.452939954290464
2008-03-15,40.452939954290464
2008-03-16,40.452939954290464
2008-03-17,40.452939954290464
2008-03-18,40.452939954290464
2008-03-19,40.452939954290464
2008-03-20,40.452939954290464
2008-03-21,40.452939954290464
2008-03-22,40.452939954290464
2008-03-23,40.452939954290464
2008-03-24,40.452939954290464
2008-03-25,40.452939954290464
2008-03-26,40.452939954290464
2008-03-27,40.452939954290464
2008-03-28,40.452939954290464
2008-03-29,40.452939954290464
2008-03-30,40.452939954290464
2008-03-31,40.452939954290464
2008-04-01,59.432786204030755
2008-04-02,59.432786204030755
2008-04-03,59.432786204030755
2008-04-04,59.432786204030755
2008-04-05,59.432786204030755
2008-04-06,59.432786204030755
2008-04-07,59.432786204030755
2008-04-08,59.432786204030755
2008-04-09,59.432786204030755
2008-04-10,59.432786204030755
2008-04-11,59.432786204030755
2008-04-12,59.432786204030755
2008-04-13,59.432786204030755
2008-04-14,59.432786204030755
2008-04-15,59.432786204030755
2008-04-16,59.432786204030755
2008-04-17,59.432786204030755
2008-04-18,59.432786204030755
2008-04-19,59.432786204030755
2008-04-20,59.432786204030755
2008-04-21,59.432786204030755
2008-04-22,59.432786204030755
2008-04-23,59.432786204030755
2008-04-24,59.432786204030755
2008-04-25,59.432786204030755
2008-04-26,59.432786204030755
2008-04-27,59.432786204030755
2008-04-28,59.432786204030755
2008-04-29,59.432786204030755
2008-04-30,59.432786204030755
2008-05-01,66.41387907749844
2008-05-02,66.41387907749844
2008-05-03,66.41387907749844
2008-05-04,66.41387907749844
2008-05-05,66.41387907749844
2008-05-06,66.41387907749844
2008-05-07,66.41387907749844
2008-05-08,66.41387907749844
2008-05-09,66.41387907749844
2008-05-10,66.41387907749844
2008-05-11,66.41387907749844
2008-05-12,66.41387907749844
2008-05-13,66.41387907749844
2008-05-14,66.41387907749844
2008-05-15,66.41387907749844
2008-05-16,66.41387907749844
2008-05-17,66.41387907749844
2008-05-18,66.41387907749844
2008-05-19,66.41387907749844
2008-05-20,66.41387907749844
2008-05-21,66.41387907749844
2008-05-22,66.41387907749844
2008-05-23,66.41387907749844
2008-05-24,66.41387907749844
2008-05-25,66.41387907749844
2008-05-26,66.41387907749844
2008-05-27,66.41387907749844
2008-05-28,66.41387907749844
2008-05-29,66.41387907749844
2008-05-30,66.41387907749844
2008-05-31,66.41387907749844
2008-06-01,67.05796800332433
2008-06-02,67.05796800332433
2008-06-03,67.05796800332433
2008-06-04,67.05796800332433
2008-06-05,67.05796800332433
2008-06-06,67.05796800332433
2008-06-07,67.05796800332433
2008-06-08,67.05796800332433
2008-06-09,67.05796800332433
2008-06-10,67.05796800332433
2008-06-11,67.05796800332433
2008-06-12,67.05796800332433
2008-06-13,67.05796800332433
2008-06-14,67.05796800332433
2008-06-15,67.05796800332433
2008-06-16,67.05796800332433
2008-06-17,67.05796800332433
2008-06-18,67.05796800332433
2008-06-19,67.05796800332433
2008-06-20,67.05796800332433
2008-06-21,67.05796800332433
2008-06-22,67.05796800332433
2008-06-23,67.05796800332433
2008-06-24,67.05796800332433
2008-06-25,67.05796800332433
2008-06-26,67.05796800332433
2008-06-27,67.05796800332433
2008-06-28,67.05796800332433
2008-06-29,67.05796800332433
2008-06-30,67.05796800332433
2008-07-01,66.0918346145855
2008-07-02,66.0918346145855
2008-07-03,66.0918346145855
2008-07-04,66.0918346145855
2008-07-05,66.0918346145855
2008-07-06,66.0918346145855
2008-07-07,66.0918346145855
2008-07-08,66.0918346145855
2008-07-09,66.0918346145855
2008-07-10,66.0918346145855
2008-07-11,66.0918346145855
2008-07-12,66.0918346145855
2008-07-13,66.0918346145855
2008-07-14,66.0918346145855
2008-07-15,66.0918346145855
2008-07-16,66.0918346145855
2008-07-17,66.0918346145855
2008-07-18,66.0918346145855
2008-07-19,66.0918346145855
2008-07-20,66.0918346145855
2008-07-21,66.0918346145855
2008-07-22,66.0918346145855
2008-07-23,66.0918346145855
2008-07-24,66.0918346145855
2008-07-25,66.0918346145855
2008-07-26,66.0918346145855
2008-07-27,66.0918346145855
2008-07-28,66.0918346145855
2008-07-29,66.0918346145855
2008-07-30,66.0918346145855
2008-07-31,66.0918346145855
2008-08-01,71.47309370455017
2008-08-02,71.47309370455017
2008-08-03,71.47309370455017
2008-08-04,71.47309370455017
2008-08-05,71.47309370455017
2008-08-06,71.47309370455017
2008-08-07,71.47309370455017
2008-08-08,71.47309370455017
2008-08-09,71.47309370455017
2008-08-10,71.47309370455017
2008-08-11,71.47309370455017
2008-08-12,71.47309370455017
2008-08-13,71.47309370455017
2008-08-14,71.47309370455017
2008-08-15,71.47309370455017
2008-08-16,71.47309370455017
2008-08-17,71.47309370455017
2008-08-18,71.47309370455017
2008-08-19,71.47309370455017
2008-08-20,71.47309370455017
2008-08-21,71.47309370455017
2008-08-22,71.47309370455017
2008-08-23,71.47309370455017
2008-08-24,71.47309370455017
2008-08-25,71.47309370455017
2008-08-26,71.47309370455017
2008-08-27,71.47309370455017
2008-08-28,71.47309370455017
2008-08-29,71.47309370455017
2008-08-30,71.47309370455017
2008-08-31,71.47309370455017
2008-09-01,69.56160398919593
2008-09-02,69.56160398919593
2008-09-03,69.56160398919593
2008-09-04,69.56160398919593
2008-09-05,69.56160398919593
2008-09-06,69.56160398919593
2008-09-07,69.56160398919593
2008-09-08,69.56160398919593
2008-09-09,69.56160398919593
2008-09-10,69.56160398919593
2008-09-11,69.56160398919593
2008-09-12,69.56160398919593
2008-09-13,69.56160398919593
2008-09-14,69.56160398919593
2008-09-15,69.56160398919593
2008-09-16,69.56160398919593
2008-09-17,69.56160398919593
2008-09-18,69.56160398919593
2008-09-19,69.56160398919593
2008-09-20,69.56160398919593
2008-09-21,69.56160398919593
2008-09-22,69.56160398919593
2008-09-23,69.56160398919593
2008-09-24,69.56160398919593
2008-09-25,69.56160398919593
2008-09-26,69.56160398919593
2008-09-27,69.56160398919593
2008-09-28,69.56160398919593
2008-09-29,69.56160398919593
2008-09-30,69.56160398919593
2008-10-01,73.06253895699149
2008-10-02,73.06253895699149
2008-10-03,73.06253895699149
2008-10-04,73.06253895699149
2008-10-05,73.06253895699149
2008-10-06,73.06253895699149
2008-10-07,73.06253895699149
2008-10-08,73.06253895699149
2008-10-09,73.06253895699149
2008-10-10,73.06253895699149
2008-10-11,73.06253895699149
2008-10-12,73.06253895699149
2008-10-13,73.06253895699149
2008-10-14,73.06253895699149
2008-10-15,73.06253895699149
2008-10-16,73.06253895699149
2008-10-17,73.06253895699149
2008-10-18,73.06253895699149
2008-10-19,73.06253895699149
2008-10-20,73.06253895699149
2008-10-21,73.06253895699149
2008-10-22,73.06253895699149
2008-10-23,73.06253895699149
2008-10-24,73.06253895699149
2008-10-25,73.06253895699149
2008-10-26,73.06253895699149
2008-10-27,73.06253895699149
2008-10-28,73.06253895699149
2008-10-29,73.06253895699149
2008-10-30,73.06253895699149
2008-10-31,73.06253895699149
2008-11-01,91.13858300436318
2008-11-02,91.13858300436318
2008-11-03,91.13858300436318
2008-11-04,91.13858300436318
2008-11-05,91.13858300436318
2008-11-06,91.13858300436318
2008-11-07,91.13858300436318
2008-11-08,91.13858300436318
2008-11-09,91.13858300436318
2008-11-10,91.13858300436318
2008-11-11,91.13858300436318
2008-11-12,91.13858300436318
2008-11-13,91.13858300436318
2008-11-14,91.13858300436318
2008-11-15,91.13858300436318
2008-11-16,91.13858300436318
2008-11-17,91.13858300436318
2008-11-18,91.13858300436318
2008-11-19,91.13858300436318
2008-11-20,91.13858300436318
2008-11-21,91.13858300436318
2008-11-22,91.13858300436318
2008-11-23,91.13858300436318
2008-11-24,91.13858300436318
2008-11-25,91.13858300436318
2008-11-26,91.13858300436318
2008-11-27,91.13858300436318
2008-11-28,91.13858300436318
2008-11-29,91.13858300436318
2008-11-30,91.13858300436318
2008-12-01,96.84188655724081
2008-12-02,96.84188655724081
2008-12-03,96.84188655724081
2008-12-04,96.84188655724081
2008-12-05,96.84188655724081
2008-12-06,96.84188655724081
2008-12-07,96.84188655724081
2008-12-08,96.84188655724081
2008-12-09,96.84188655724081
2008-12-10,96.84188655724081
2008-12-11,96.84188655724081
2008-12-12,96.84188655724081
2008-12-13,96.84188655724081
2008-12-14,96.84188655724081
2008-12-15,96.84188655724081
2008-12-16,96.84188655724081
2008-12-17,96.84188655724081
2008-12-18,96.84188655724081
2008-12-19,96.84188655724081
2008-12-20,96.84188655724081
2008-12-21,96.84188655724081
2008-12-22,96.84188655724081
2008-12-23,96.84188655724081
2008-12-24,96.84188655724081
2008-12-25,96.84188655724081
2008-12-26,96.84188655724081
2008-12-27,96.84188655724081
2008-12-28,96.84188655724081
2008-12-29,96.84188655724081
2008-12-30,96.84188655724081
2008-12-31,96.84188655724081
2009-01-01,97.16393102015375
2009-01-02,97.16393102015375
2009-01-03,97.16393102015375
2009-01-04,97.16393102015375
2009-01-05,97.16393102015375
2009-01-06,97.16393102015375
2009-01-07,97.16393102015375
2009-01-08,97.16393102015375
2009-01-09,97.16393102015375
2009-01-10,97.16393102015375
2009-01-11,97.16393102015375
2009-01-12,97.16393102015375
2009-01-13,97.16393102015375
2009-01-14,97.16393102015375
2009-01-15,97.16393102015375
2009-01-16,97.16393102015375
2009-01-17,97.16393102015375
2009-01-18,97.16393102015375
2009-01-19,97.16393102015375
2009-01-20,97.16393102015375
2009-01-21,97.16393102015375
2009-01-22,97.16393102015375
2009-01-23,97.16393102015375
2009-01-24,97.16393102015375
2009-01-25,97.16393102015375
2009-01-26,97.16393102015375
2009-01-27,97.16393102015375
2009-01-28,97.16393102015375
2009-01-29,97.16393102015375
2009-01-30,97.16393102015375
2009-01-31,97.16393102015375
2009-02-01,97.79763141491793
2009-02-02,97.79763141491793
2009-02-03,97.79763141491793
2009-02-04,97.79763141491793
2009-02-05,97.79763141491793
2009-02-06,97.79763141491793
2009-02-07,97.79763141491793
2009-02-08,97.79763141491793
2009-02-09,97.79763141491793
2009-02-10,97.79763141491793
2009-02-11,97.79763141491793
2009-02-12,97.79763141491793
2009-02-13,97.79763141491793
2009-02-14,97.79763141491793
2009-02-15,97.79763141491793
2009-02-16,97.79763141491793
2009-02-17,97.79763141491793
2009-02-18,97.79763141491793
2009-02-19,97.79763141491793
2009-02-20,97.79763141491793
2009-02-21,97.79763141491793
2009-02-22,97.79763141491793
2009-02-23,97.79763141491793
2009-02-24,97.79763141491793
2009-02-25,97.79763141491793
2009-02-26,97.79763141491793
2009-02-27,97.79763141491793
2009-02-28,97.79763141491793
2009-03-01,98.73259921047163
2009-03-02,98.73259921047163
2009-03-03,98.73259921047163
2009-03-04,98.73259921047163
2009-03-05,98.73259921047163
2009-03-06,98.73259921047163
2009-03-07,98.73259921047163
2009-03-08,98.73259921047163
2009-03-09,98.73259921047163
2009-03-10,98.73259921047163
2009-03-11,98.73259921047163
2009-03-12,98.73259921047163
2009-03-13,98.73259921047163
2009-03-14,98.73259921047163
2009-03-15,98.73259921047163
2009-03-16,98.73259921047163
2009-03-17,98.73259921047163
2009-03-18,98.73259921047163
2009-03-19,98.73259921047163
2009-03-20,98.73259921047163
2009-03-21,98.73259921047163
2009-03-22,98.73259921047163
2009-03-23,98.73259921047163
2009-03-24,98.73259921047163
2009-03-25,98.73259921047163
2009-03-26,98.73259921047163
2009-03-27,98.73259921047163
2009-03-28,98.73259921047163
2009-03-29,98.73259921047163
2009-03-30,98.73259921047163
2009-03-31,98.73259921047163
2009-04-01,99.05464367338458
2009-04-02,99.05464367338458
2009-04-03,99.05464367338458
2009-04-04,99.05464367338458
2009-04-05,99.05464367338458
2009-04-06,99.05464367338458
2009-04-07,99.05464367338458
2009-04-08,99.05464367338458
2009-04-09,99.05464367338458
2009-04-10,99.05464367338458
2009-04-11,99.05464367338458
2009-04-12,99.05464367338458
2009-04-13,99.05464367338458
2009-04-14,99.05464367338458
2009-04-15,99.05464367338458
2009-04-16,99.05464367338458
2009-04-17,99.05464367338458
2009-04-18,99.05464367338458
2009-04-19,99.05464367338458
2009-04-20,99.05464367338458
2009-04-21,99.05464367338458
2009-04-22,99.05464367338458
2009-04-23,99.05464367338458
2009-04-24,99.05464367338458
2009-04-25,99.05464367338458
2009-04-26,99.05464367338458
2009-04-27,99.05464367338458
2009-04-28,99.05464367338458
2009-04-29,99.05464367338458
2009-04-30,99.05464367338458
2009-05-01,99.67795553708706
2009-05-02,99.67795553708706
2009-05-03,99.67795553708706
2009-05-04,99.67795553708706
2009-05-05,99.67795553708706
2009-05-06,99.67795553708706
2009-05-07,99.67795553708706
2009-05-08,99.67795553708706
2009-05-09,99.67795553708706
2009-05-10,99.67795553708706
2009-05-11,99.67795553708706
2009-05-12,99.67795553708706
2009-05-13,99.67795553708706
2009-05-14,99.67795553708706
2009-05-15,99.67795553708706
2009-05-16,99.67795553708706
2009-05-17,99.67795553708706
2009-05-18,99.67795553708706
2009-05-19,99.67795553708706
2009-05-20,99.67795553708706
2009-05-21,99.67795553708706
2009-05-22,99.67795553708706
2009-05-23,99.67795553708706
2009-05-24,99.67795553708706
2009-05-25,99.67795553708706
2009-05-26,99.67795553708706
2009-05-27,99.67795553708706
2009-05-28,99.67795553708706
2009-05-29,99.67795553708706
2009-05-30,99.67795553708706
2009-05-31,99.67795553708706
2009-06-01,99.36629960523582
2009-06-02,99.36629960523582
2009-06-03,99.36629960523582
2009-06-04,99.36629960523582
2009-06-05,99.36629960523582
2009-06-06,99.36629960523582
2009-06-07,99.36629960523582
2009-06-08,99.36629960523582
2009-06-09,99.36629960523582
2009-06-10,99.36629960523582
2009-06-11,99.36629960523582
2009-06-12,99.36629960523582
2009-06-13,99.36629960523582
2009-06-14,99.36629960523582
2009-06-15,99.36629960523582
2009-06-16,99.36629960523582
2009-06-17,99.36629960523582
2009-06-18,99.36629960523582
2009-06-19,99.36629960523582
2009-06-20,99.36629960523582
2009-06-21,99.36629960523582
2009-06-22,99.36629960523582
2009-06-23,99.36629960523582
2009-06-24,99.36629960523582
2009-06-25,99.36629960523582
2009-06-26,99.36629960523582
2009-06-27,99.36629960523582
2009-06-28,99.36629960523582
2009-06-29,99.36629960523582
2009-06-30,99.36629960523582
2009-07-01,98.41055474755869
2009-07-02,98.41055474755869
2009-07-03,98.41055474755869
2009-07-04,98.41055474755869
2009-07-05,98.41055474755869
2009-07-06,98.41055474755869
2009-07-07,98.41055474755869
2009-07-08,98.41055474755869
2009-07-09,98.41055474755869
2009-07-10,98.41055474755869
2009-07-11,98.41055474755869
2009-07-12,98.41055474755869
2009-07-13,98.41055474755869
2009-07-14,98.41055474755869
2009-07-15,98.41055474755869
2009-07-16,98.41055474755869
2009-07-17,98.41055474755869
2009-07-18,98.41055474755869
2009-07-19,98.41055474755869
2009-07-20,98.41055474755869
2009-07-21,98.41055474755869
2009-07-22,98.41055474755869
2009-07-23,98.41055474755869
2009-07-24,98.41055474755869
2009-07-25,98.41055474755869
2009-07-26,98.41055474755869
2009-07-27,98.41055474755869
2009-07-28,98.41055474755869
2009-07-29,98.41055474755869
2009-07-30,98.41055474755869
2009-07-31,98.41055474755869
2009-08-01,98.08851028464575
2009-08-02,98.08851028464575
2009-08-03,98.08851028464575
2009-08-04,98.08851028464575
2009-08-05,98.08851028464575
2009-08-06,98.08851028464575
2009-08-07,98.08851028464575
2009-08-08,98.08851028464575
2009-08-09,98.08851028464575
2009-08-10,98.08851028464575
2009-08-11,98.08851028464575
2009-08-12,98.08851028464575
2009-08-13,98.08851028464575
2009-08-14,98.08851028464575
2009-08-15,98.08851028464575
2009-08-16,98.08851028464575
2009-08-17,98.08851028464575
2009-08-18,98.08851028464575
2009-08-19,98.08851028464575
2009-08-20,98.08851028464575
2009-08-21,98.08851028464575
2009-08-22,98.08851028464575
2009-08-23,98.08851028464575
2009-08-24,98.08851028464575
2009-08-25,98.08851028464575
2009-08-26,98.08851028464575
2009-08-27,98.08851028464575
2009-08-28,98.08851028464575
2009-08-29,98.08851028464575
2009-08-30,98.08851028464575
2009-08-31,98.08851028464575
2009-09-01,97.4859754830667
2009-09-02,97.4859754830667
2009-09-03,97.4859754830667
2009-09-04,97.4859754830667
2009-09-05,97.4859754830667
2009-09-06,97.4859754830667
2009-09-07,97.4859754830667
2009-09-08,97.4859754830667
2009-09-09,97.4859754830667
2009-09-10,97.4859754830667
2009-09-11,97.4859754830667
2009-09-12,97.4859754830667
2009-09-13,97.4859754830667
2009-09-14,97.4859754830667
2009-09-15,97.4859754830667
2009-09-16,97.4859754830667
2009-09-17,97.4859754830667
2009-09-18,97.4859754830667
2009-09-19,97.4859754830667
2009-09-20,97.4859754830667
2009-09-21,97.4859754830667
2009-09-22,97.4859754830667
2009-09-23,97.4859754830667
2009-09-24,97.4859754830667
2009-09-25,97.4859754830667
2009-09-26,97.4859754830667
2009-09-27,97.4859754830667
2009-09-28,97.4859754830667
2009-09-29,97.4859754830667
2009-09-30,97.4859754830667
2009-10-01,94.63951797215874
2009-10-02,94.63951797215874
2009-10-03,94.63951797215874
2009-10-04,94.63951797215874
2009-10-05,94.63951797215874
2009-10-06,94.63951797215874
2009-10-07,94.63951797215874
2009-10-08,94.63951797215874
2009-10-09,94.63951797215874
2009-10-10,94.63951797215874
2009-10-11,94.63951797215874
2009-10-12,94.63951797215874
2009-10-13,94.63951797215874
2009-10-14,94.63951797215874
2009-10-15,94.63951797215874
2009-10-16,94.63951797215874
2009-10-17,94.63951797215874
2009-10-18,94.63951797215874
2009-10-19,94.63951797215874
2009-10-20,94.63951797215874
2009-10-21,94.63951797215874
2009-10-22,94.63951797215874
2009-10-23,94.63951797215874
2009-10-24,94.63951797215874
2009-10-25,94.63951797215874
2009-10-26,94.63951797215874
2009-10-27,94.63951797215874
2009-10-28,94.63951797215874
2009-10-29,94.63951797215874
2009-10-30,94.63951797215874
2009-10-31,94.63951797215874
2009-11-01,82.52649075420736
2009-11-02,82.52649075420736
2009-11-03,82.52649075420736
2009-11-04,82.52649075420736
2009-11-05,82.52649075420736
2009-11-06,82.52649075420736
2009-11-07,82.52649075420736
2009-11-08,82.52649075420736
2009-11-09,82.52649075420736
2009-11-10,82.52649075420736
2009-11-11,82.52649075420736
2009-11-12,82.52649075420736
2009-11-13,82.52649075420736
2009-11-14,82.52649075420736
2009-11-15,82.52649075420736
2009-11-16,82.52649075420736
2009-11-17,82.52649075420736
2009-11-18,82.52649075420736
2009-11-19,82.52649075420736
2009-11-20,82.52649075420736
2009-11-21,82.52649075420736
2009-11-22,82.52649075420736
2009-11-23,82.52649075420736
2009-11-24,82.52649075420736
2009-11-25,82.52649075420736
2009-11-26,82.52649075420736
2009-11-27,82.52649075420736
2009-11-28,82.52649075420736
2009-11-29,82.52649075420736
2009-11-30,82.52649075420736
2009-12-01,40.13089549137752
2009-12-02,40.13089549137752
2009-12-03,40.13089549137752
2009-12-04,40.13089549137752
2009-12-05,40.13089549137752
2009-12-06,40.13089549137752
2009-12-07,40.13089549137752
2009-12-08,40.13089549137752
2009-12-09,40.13089549137752
2009-12-10,40.13089549137752
2009-12-11,40.13089549137752
2009-12-12,40.13089549137752
2009-12-13,40.13089549137752
2009-12-14,40.13089549137752
2009-12-15,40.13089549137752
2009-12-16,40.13089549137752
2009-12-17,40.13089549137752
2009-12-18,40.13089549137752
2009-12-19,40.13089549137752
2009-12-20,40.13089549137752
2009-12-21,40.13089549137752
2009-12-22,40.13089549137752
2009-12-23,40.13089549137752
2009-12-24,40.13089549137752
2009-12-25,40.13089549137752
2009-12-26,40.13089549137752
2009-12-27,40.13089549137752
2009-12-28,40.13089549137752
2009-12-29,40.13089549137752
2009-12-30,40.13089549137752
2009-12-31,40.13089549137752
2010-01-01,34.77041346353625
2010-01-02,34.77041346353625
2010-01-03,34.77041346353625
2010-01-04,34.77041346353625
2010-01-05,34.77041346353625
2010-01-06,34.77041346353625
2010-01-07,34.77041346353625
2010-01-08,34.77041346353625
2010-01-09,34.77041346353625
2010-01-10,34.77041346353625
2010-01-11,34.77041346353625
2010-01-12,34.77041346353625
2010-01-13,34.77041346353625
2010-01-14,34.77041346353625
2010-01-15,34.77041346353625
2010-01-16,34.77041346353625
2010-01-17,34.77041346353625
2010-01-18,34.77041346353625
2010-01-19,34.77041346353625
2010-01-20,34.77041346353625
2010-01-21,34.77041346353625
2010-01-22,34.77041346353625
2010-01-23,34.77041346353625
2010-01-24,34.77041346353625
2010-01-25,34.77041346353625
2010-01-26,34.77041346353625
2010-01-27,34.77041346353625
2010-01-28,34.77041346353625
2010-01-29,34.77041346353625
2010-01-30,34.77041346353625
2010-01-31,34.77041346353625
2010-02-01,24.6727612715562
2010-02-02,24.6727612715562
2010-02-03,24.6727612715562
2010-02-04,24.6727612715562
2010-02-05,24.6727612715562
2010-02-06,24.6727612715562
2010-02-07,24.6727612715562
2010-02-08,24.6727612715562
2010-02-09,24.6727612715562
2010-02-10,24.6727612715562
2010-02-11,24.6727612715562
2010-02-12,24.6727612715562
2010-02-13,24.6727612715562
2010-02-14,24.6727612715562
2010-02-15,24.6727612715562
2010-02-16,24.6727612715562
2010-02-17,24.6727612715562
2010-02-18,24.6727612715562
2010-02-19,24.6727612715562
2010-02-20,24.6727612715562
2010-02-21,24.6727612715562
2010-02-22,24.6727612715562
2010-02-23,24.6727612715562
2010-02-24,24.6727612715562
2010-02-25,24.6727612715562
2010-02-26,24.6727612715562
2010-02-27,24.6727612715562
2010-02-28,24.6727612715562
2010-03-01,24.96364014128402
2010-03-02,24.96364014128402
2010-03-03,24.96364014128402
2010-03-04,24.96364014128402
2010-03-05,24.96364014128402
2010-03-06,24.96364014128402
2010-03-07,24.96364014128402
2010-03-08,24.96364014128402
2010-03-09,24.96364014128402
2010-03-10,24.96364014128402
2010-03-11,24.96364014128402
2010-03-12,24.96364014128402
2010-03-13,24.96364014128402
2010-03-14,24.96364014128402
2010-03-15,24.96364014128402
2010-03-16,24.96364014128402
2010-03-17,24.96364014128402
2010-03-18,24.96364014128402
2010-03-19,24.96364014128402
2010-03-20,24.96364014128402
2010-03-21,24.96364014128402
2010-03-22,24.96364014128402
2010-03-23,24.96364014128402
2010-03-24,24.96364014128402
2010-03-25,24.96364014128402
2010-03-26,24.96364014128402
2010-03-27,24.96364014128402
2010-03-28,24.96364014128402
2010-03-29,24.96364014128402
2010-03-30,24.96364014128402
2010-03-31,24.96364014128402
2010-04-01,26.563473924787033
2010-04-02,26.563473924787033
2010-04-03,26.563473924787033
2010-04-04,26.563473924787033
2010-04-05,26.563473924787033
2010-04-06,26.563473924787033
2010-04-07,26.563473924787033
2010-04-08,26.563473924787033
2010-04-09,26.563473924787033
2010-04-10,26.563473924787033
2010-04-11,26.563473924787033
2010-04-12,26.563473924787033
2010-04-13,26.563473924787033
2010-04-14,26.563473924787033
2010-04-15,26.563473924787033
2010-04-16,26.563473924787033
2010-04-17,26.563473924787033
2010-04-18,26.563473924787033
2010-04-19,26.563473924787033
2010-04-20,26.563473924787033
2010-04-21,26.563473924787033
2010-04-22,26.563473924787033
2010-04-23,26.563473924787033
2010-04-24,26.563473924787033
2010-04-25,26.563473924787033
2010-04-26,26.563473924787033
2010-04-27,26.563473924787033
2010-04-28,26.563473924787033
2010-04-29,26.563473924787033
2010-04-30,26.563473924787033
2010-05-01,12.36235196343237
2010-05-02,12.36235196343237
2010-05-03,12.36235196343237
2010-05-04,12.36235196343237
2010-05-05,12.36235196343237
2010-05-06,12.36235196343237
2010-05-07,12.36235196343237
2010-05-08,12.36235196343237
2010-05-09,12.36235196343237
2010-05-10,12.36235196343237
2010-05-11,12.36235196343237
2010-05-12,12.36235196343237
2010-05-13,12.36235196343237
2010-05-14,12.36235196343237
2010-05-15,12.36235196343237
2010-05-16,12.36235196343237
2010-05-17,12.36235196343237
2010-05-18,12.36235196343237
2010-05-19,12.36235196343237
2010-05-20,12.36235196343237
2010-05-21,12.36235196343237
2010-05-22,12.36235196343237
2010-05-23,12.36235196343237
2010-05-24,12.36235196343237
2010-05-25,12.36235196343237
2010-05-26,12.36235196343237
2010-05-27,12.36235196343237
2010-05-28,12.36235196343237
2010-05-29,12.36235196343237
2010-05-30,12.36235196343237
2010-05-31,12.36235196343237
2010-06-01,7.62518179929358
2010-06-02,7.62518179929358
2010-06-03,7.62518179929358
2010-06-04,7.62518179929358
2010-06-05,7.62518179929358
2010-06-06,7.62518179929358
2010-06-07,7.62518179929358
2010-06-08,7.62518179929358
2010-06-09,7.62518179929358
2010-06-10,7.62518179929358
2010-06-11,7.62518179929358
2010-06-12,7.62518179929358
2010-06-13,7.62518179929358
2010-06-14,7.62518179929358
2010-06-15,7.62518179929358
2010-06-16,7.62518179929358
2010-06-17,7.62518179929358
2010-06-18,7.62518179929358
2010-06-19,7.62518179929358
2010-06-20,7.62518179929358
2010-06-21,7.62518179929358
2010-06-22,7.62518179929358
2010-06-23,7.62518179929358
2010-06-24,7.62518179929358
2010-06-25,7.62518179929358
2010-06-26,7.62518179929358
2010-06-27,7.62518179929358
2010-06-28,7.62518179929358
2010-06-29,7.62518179929358
2010-06-30,7.62518179929358
2010-07-01,5.069603158113443
2010-07-02,5.069603158113443
2010-07-03,5.069603158113443
2010-07-04,5.069603158113443
2010-07-05,5.069603158113443
2010-07-06,5.069603158113443
2010-07-07,5.069603158113443
2010-07-08,5.069603158113443
2010-07-09,5.069603158113443
2010-07-10,5.069603158113443
2010-07-11,5.069603158113443
2010-07-12,5.069603158113443
2010-07-13,5.069603158113443
2010-07-14,5.069603158113443
2010-07-15,5.069603158113443
2010-07-16,5.069603158113443
2010-07-17,5.069603158113443
2010-07-18,5.069603158113443
2010-07-19,5.069603158113443
2010-07-20,5.069603158113443
2010-07-21,5.069603158113443
2010-07-22,5.069603158113443
2010-07-23,5.069603158113443
2010-07-24,5.069603158113443
2010-07-25,5.069603158113443
2010-07-26,5.069603158113443
2010-07-27,5.069603158113443
2010-07-28,5.069603158113443
2010-07-29,5.069603158113443
2010-07-30,5.069603158113443
2010-07-31,5.069603158113443
2010-08-01,3.158113442759194
2010-08-02,3.158113442759194
2010-08-03,3.158113442759194
2010-08-04,3.158113442759194
2010-08-05,3.158113442759194
2010-08-06,3.158113442759194
2010-08-07,3.158113442759194
2010-08-08,3.158113442759194
2010-08-09,3.158113442759194
2010-08-10,3.158113442759194
2010-08-11,3.158113442759194
2010-08-12,3.158113442759194
2010-08-13,3.158113442759194
2010-08-14,3.158113442759194
2010-08-15,3.158113442759194
2010-08-16,3.158113442759194
2010-08-17,3.158113442759194
2010-08-18,3.158113442759194
2010-08-19,3.158113442759194
2010-08-20,3.158113442759194
2010-08-21,3.158113442759194
2010-08-22,3.158113442759194
2010-08-23,3.158113442759194
2010-08-24,3.158113442759194
2010-08-25,3.158113442759194
2010-08-26,3.158113442759194
2010-08-27,3.158113442759194
2010-08-28,3.158113442759194
2010-08-29,3.158113442759194
2010-08-30,3.158113442759194
2010-08-31,3.158113442759194
2010-09-01,4.124246831498026
2010-09-02,4.124246831498026
2010-09-03,4.124246831498026
2010-09-04,4.124246831498026
2010-09-05,4.124246831498026
2010-09-06,4.124246831498026
2010-09-07,4.124246831498026
2010-09-08,4.124246831498026
2010-09-09,4.124246831498026
2010-09-10,4.124246831498026
2010-09-11,4.124246831498026
2010-09-12,4.124246831498026
2010-09-13,4.124246831498026
2010-09-14,4.124246831498026
2010-09-15,4.124246831498026
2010-09-16,4.124246831498026
2010-09-17,4.124246831498026
2010-09-18,4.124246831498026
2010-09-19,4.124246831498026
2010-09-20,4.124246831498026
2010-09-21,4.124246831498026
2010-09-22,4.124246831498026
2010-09-23,4.124246831498026
2010-09-24,4.124246831498026
2010-09-25,4.124246831498026
2010-09-26,4.124246831498026
2010-09-27,4.124246831498026
2010-09-28,4.124246831498026
2010-09-29,4.124246831498026
2010-09-30,4.124246831498026
2010-10-01,5.703303552877624
2010-10-02,5.703303552877624
2010-10-03,5.703303552877624
2010-10-04,5.703303552877624
2010-10-05,5.703303552877624
2010-10-06,5.703303552877624
2010-10-07,5.703303552877624
2010-10-08,5.703303552877624
2010-10-09,5.703303552877624
2010-10-10,5.703303552877624
2010-10-11,5.703303552877624
2010-10-12,5.703303552877624
2010-10-13,5.703303552877624
2010-10-14,5.703303552877624
2010-10-15,5.703303552877624
2010-10-16,5.703303552877624
2010-10-17,5.703303552877624
2010-10-18,5.703303552877624
2010-10-19,5.703303552877624
2010-10-20,5.703303552877624
2010-10-21,5.703303552877624
2010-10-22,5.703303552877624
2010-10-23,5.703303552877624
2010-10-24,5.703303552877624
2010-10-25,5.703303552877624
2010-10-26,5.703303552877624
2010-10-27,5.703303552877624
2010-10-28,5.703303552877624
2010-10-29,5.703303552877624
2010-10-30,5.703303552877624
2010-10-31,5.703303552877624
2010-11-01,5.391647621026387
2010-11-02,5.391647621026387
2010-11-03,5.391647621026387
2010-11-04,5.391647621026387
2010-11-05,5.391647621026387
2010-11-06,5.391647621026387
2010-11-07,5.391647621026387
2010-11-08,5.391647621026387
2010-11-09,5.391647621026387
2010-11-10,5.391647621026387
2010-11-11,5.391647621026387
2010-11-12,5.391647621026387
2010-11-13,5.391647621026387
2010-11-14,5.391647621026387
2010-11-15,5.391647621026387
2010-11-16,5.391647621026387
2010-11-17,5.391647621026387
2010-11-18,5.391647621026387
2010-11-19,5.391647621026387
2010-11-20,5.391647621026387
2010-11-21,5.391647621026387
2010-11-22,5.391647621026387
2010-11-23,5.391647621026387
2010-11-24,5.391647621026387
2010-11-25,5.391647621026387
2010-11-26,5.391647621026387
2010-11-27,5.391647621026387
2010-11-28,5.391647621026387
2010-11-29,5.391647621026387
2010-11-30,5.391647621026387
2010-12-01,6.347392478703512
2010-12-02,6.347392478703512
2010-12-03,6.347392478703512
2010-12-04,6.347392478703512
2010-12-05,6.347392478703512
2010-12-06,6.347392478703512
2010-12-07,6.347392478703512
2010-12-08,6.347392478703512
2010-12-09,6.347392478703512
2010-12-10,6.347392478703512
2010-12-11,6.347392478703512
2010-12-12,6.347392478703512
2010-12-13,6.347392478703512
2010-12-14,6.347392478703512
2010-12-15,6.347392478703512
2010-12-16,6.347392478703512
2010-12-17,6.347392478703512
2010-12-18,6.347392478703512
2010-12-19,6.347392478703512
2010-12-20,6.347392478703512
2010-12-21,6.347392478703512
2010-12-22,6.347392478703512
2010-12-23,6.347392478703512
2010-12-24,6.347392478703512
2010-12-25,6.347392478703512
2010-12-26,6.347392478703512
2010-12-27,6.347392478703512
2010-12-28,6.347392478703512
2010-12-29,6.347392478703512
2010-12-30,6.347392478703512
2010-12-31,6.347392478703512
2011-01-01,8.248493662996053
2011-01-02,8.248493662996053
2011-01-03,8.248493662996053
2011-01-04,8.248493662996053
2011-01-05,8.248493662996053
2011-01-06,8.248493662996053
2011-01-07,8.248493662996053
2011-01-08,8.248493662996053
2011-01-09,8.248493662996053
2011-01-10,8.248493662996053
2011-01-11,8.248493662996053
2011-01-12,8.248493662996053
2011-01-13,8.248493662996053
2011-01-14,8.248493662996053
2011-01-15,8.248493662996053
2011-01-16,8.248493662996053
2011-01-17,8.248493662996053
2011-01-18,8.248493662996053
2011-01-19,8.248493662996053
2011-01-20,8.248493662996053
2011-01-21,8.248493662996053
2011-01-22,8.248493662996053
2011-01-23,8.248493662996053
2011-01-24,8.248493662996053
2011-01-25,8.248493662996053
2011-01-26,8.248493662996053
2011-01-27,8.248493662996053
2011-01-28,8.248493662996053
2011-01-29,8.248493662996053
2011-01-30,8.248493662996053
2011-01-31,8.248493662996053
2011-02-01,8.89258258882194
2011-02-02,8.89258258882194
2011-02-03,8.89258258882194
2011-02-04,8.89258258882194
2011-02-05,8.89258258882194
2011-02-06,8.89258258882194
2011-02-07,8.89258258882194
2011-02-08,8.89258258882194
2011-02-09,8.89258258882194
2011-02-10,8.89258258882194
2011-02-11,8.89258258882194
2011-02-12,8.89258258882194
2011-02-13,8.89258258882194
2011-02-14,8.89258258882194
2011-02-15,8.89258258882194
2011-02-16,8.89258258882194
2011-02-17,8.89258258882194
2011-02-18,8.89258258882194
2011-02-19,8.89258258882194
2011-02-20,8.89258258882194
2011-02-21,8.89258258882194
2011-02-22,8.89258258882194
2011-02-23,8.89258258882194
2011-02-24,8.89258258882194
2011-02-25,8.89258258882194
2011-02-26,8.89258258882194
2011-02-27,8.89258258882194
2011-02-28,8.89258258882194
2011-03-01,6.025348015790567
2011-03-02,6.025348015790567
2011-03-03,6.025348015790567
2011-03-04,6.025348015790567
2011-03-05,6.025348015790567
2011-03-06,6.025348015790567
2011-03-07,6.025348015790567
2011-03-08,6.025348015790567
2011-03-09,6.025348015790567
2011-03-10,6.025348015790567
2011-03-11,6.025348015790567
2011-03-12,6.025348015790567
2011-03-13,6.025348015790567
2011-03-14,6.025348015790567
2011-03-15,6.025348015790567
2011-03-16,6.025348015790567
2011-03-17,6.025348015790567
2011-03-18,6.025348015790567
2011-03-19,6.025348015790567
2011-03-20,6.025348015790567
2011-03-21,6.025348015790567
2011-03-22,6.025348015790567
2011-03-23,6.025348015790567
2011-03-24,6.025348015790567
2011-03-25,6.025348015790567
2011-03-26,6.025348015790567
2011-03-27,6.025348015790567
2011-03-28,6.025348015790567
2011-03-29,6.025348015790567
2011-03-30,6.025348015790567
2011-03-31,6.025348015790567
2011-04-01,7.936837731144816
2011-04-02,7.936837731144816
2011-04-03,7.936837731144816
2011-04-04,7.936837731144816
2011-04-05,7.936837731144816
2011-04-06,7.936837731144816
2011-04-07,7.936837731144816
2011-04-08,7.936837731144816
2011-04-09,7.936837731144816
2011-04-10,7.936837731144816
2011-04-11,7.936837731144816
2011-04-12,7.936837731144816
2011-04-13,7.936837731144816
2011-04-14,7.936837731144816
2011-04-15,7.936837731144816
2011-04-16,7.936837731144816
2011-04-17,7.936837731144816
2011-04-18,7.936837731144816
2011-04-19,7.936837731144816
2011-04-20,7.936837731144816
2011-04-21,7.936837731144816
2011-04-22,7.936837731144816
2011-04-23,7.936837731144816
2011-04-24,7.936837731144816
2011-04-25,7.936837731144816
2011-04-26,7.936837731144816
2011-04-27,7.936837731144816
2011-04-28,7.936837731144816
2011-04-29,7.936837731144816
2011-04-30,7.936837731144816
2011-05-01,6.981092873467691
2011-05-02,6.981092873467691
2011-05-03,6.981092873467691
2011-05-04,6.981092873467691
2011-05-05,6.981092873467691
2011-05-06,6.981092873467691
2011-05-07,6.981092873467691
2011-05-08,6.981092873467691
2011-05-09,6.981092873467691
2011-05-10,6.981092873467691
2011-05-11,6.981092873467691
2011-05-12,6.981092873467691
2011-05-13,6.981092873467691
2011-05-14,6.981092873467691
2011-05-15,6.981092873467691
2011-05-16,6.981092873467691
2011-05-17,6.981092873467691
2011-05-18,6.981092873467691
2011-05-19,6.981092873467691
2011-05-20,6.981092873467691
2011-05-21,6.981092873467691
2011-05-22,6.981092873467691
2011-05-23,6.981092873467691
2011-05-24,6.981092873467691
2011-05-25,6.981092873467691
2011-05-26,6.981092873467691
2011-05-27,6.981092873467691
2011-05-28,6.981092873467691
2011-05-29,6.981092873467691
2011-05-30,6.981092873467691
2011-05-31,6.981092873467691
2011-06-01,2.5451901101184293
2011-06-02,2.5451901101184293
2011-06-03,2.5451901101184293
2011-06-04,2.5451901101184293
2011-06-05,2.5451901101184293
2011-06-06,2.5451901101184293
2011-06-07,2.5451901101184293
2011-06-08,2.5451901101184293
2011-06-09,2.5451901101184293
2011-06-10,2.5451901101184293
2011-06-11,2.5451901101184293
2011-06-12,2.5451901101184293
2011-06-13,2.5451901101184293
2011-06-14,2.5451901101184293
2011-06-15,2.5451901101184293
2011-06-16,2.5451901101184293
2011-06-17,2.5451901101184293
2011-06-18,2.5451901101184293
2011-06-19,2.5451901101184293
2011-06-20,2.5451901101184293
2011-06-21,2.5451901101184293
2011-06-22,2.5451901101184293
2011-06-23,2.5451901101184293
2011-06-24,2.5451901101184293
2011-06-25,2.5451901101184293
2011-06-26,2.5451901101184293
2011-06-27,2.5451901101184293
2011-06-28,2.5451901101184293
2011-06-29,2.5451901101184293
2011-06-30,2.5451901101184293
2011-07-01,3.8022023685850823
2011-07-02,3.8022023685850823
2011-07-03,3.8022023685850823
2011-07-04,3.8022023685850823
2011-07-05,3.8022023685850823
2011-07-06,3.8022023685850823
2011-07-07,3.8022023685850823
2011-07-08,3.8022023685850823
2011-07-09,3.8022023685850823
2011-07-10,3.8022023685850823
2011-07-11,3.8022023685850823
2011-07-12,3.8022023685850823
2011-07-13,3.8022023685850823
2011-07-14,3.8022023685850823
2011-07-15,3.8022023685850823
2011-07-16,3.8022023685850823
2011-07-17,3.8022023685850823
2011-07-18,3.8022023685850823
2011-07-19,3.8022023685850823
2011-07-20,3.8022023685850823
2011-07-21,3.8022023685850823
2011-07-22,3.8022023685850823
2011-07-23,3.8022023685850823
2011-07-24,3.8022023685850823
2011-07-25,3.8022023685850823
2011-07-26,3.8022023685850823
2011-07-27,3.8022023685850823
2011-07-28,3.8022023685850823
2011-07-29,3.8022023685850823
2011-07-30,3.8022023685850823
2011-07-31,3.8022023685850823
2011-08-01,0.31165593185123625
2011-08-02,0.31165593185123625
2011-08-03,0.31165593185123625
2011-08-04,0.31165593185123625
2011-08-05,0.31165593185123625
2011-08-06,0.31165593185123625
2011-08-07,0.31165593185123625
2011-08-08,0.31165593185123625
2011-08-09,0.31165593185123625
2011-08-10,0.31165593185123625
2011-08-11,0.31165593185123625
2011-08-12,0.31165593185123625
2011-08-13,0.31165593185123625
2011-08-14,0.31165593185123625
2011-08-15,0.31165593185123625
2011-08-16,0.31165593185123625
2011-08-17,0.31165593185123625
2011-08-18,0.31165593185123625
2011-08-19,0.31165593185123625
2011-08-20,0.31165593185123625
2011-08-21,0.31165593185123625
2011-08-22,0.31165593185123625
2011-08-23,0.31165593185123625
2011-08-24,0.31165593185123625
2011-08-25,0.31165593185123625
2011-08-26,0.31165593185123625
2011-08-27,0.31165593185123625
2011-08-28,0.31165593185123625
2011-08-29,0.31165593185123625
2011-08-30,0.31165593185123625
2011-08-31,0.31165593185123625
2011-09-01,0.0
2011-09-02,0.0
2011-09-03,0.0
2011-09-04,0.0
2011-09-05,0.0
2011-09-06,0.0
2011-09-07,0.0
2011-09-08,0.0
2011-09-09,0.0
2011-09-10,0.0
2011-09-11,0.0
2011-09-12,0.0
2011-09-13,0.0
2011-09-14,0.0
2011-09-15,0.0
2011-09-16,0.0
2011-09-17,0.0
2011-09-18,0.0
2011-09-19,0.0
2011-09-20,0.0
2011-09-21,0.0
2011-09-22,0.0
2011-09-23,0.0
2011-09-24,0.0
2011-09-25,0.0
2011-09-26,0.0
2011-09-27,0.0
2011-09-28,0.0
2011-09-29,0.0
2011-09-30,0.0
2011-10-01,0.6337003947641804
2011-10-02,0.6337003947641804
2011-10-03,0.6337003947641804
2011-10-04,0.6337003947641804
2011-10-05,0.6337003947641804
2011-10-06,0.6337003947641804
2011-10-07,0.6337003947641804
2011-10-08,0.6337003947641804
2011-10-09,0.6337003947641804
2011-10-10,0.6337003947641804
2011-10-11,0.6337003947641804
2011-10-12,0.6337003947641804
2011-10-13,0.6337003947641804
2011-10-14,0.6337003947641804
2011-10-15,0.6337003947641804
2011-10-16,0.6337003947641804
2011-10-17,0.6337003947641804
2011-10-18,0.6337003947641804
2011-10-19,0.6337003947641804
2011-10-20,0.6337003947641804
2011-10-21,0.6337003947641804
2011-10-22,0.6337003947641804
2011-10-23,0.6337003947641804
2011-10-24,0.6337003947641804
2011-10-25,0.6337003947641804
2011-10-26,0.6337003947641804
2011-10-27,0.6337003947641804
2011-10-28,0.6337003947641804
2011-10-29,0.6337003947641804
2011-10-30,0.6337003947641804
2011-10-31,0.6337003947641804
2011-11-01,0.9557448576771245
2011-11-02,0.9557448576771245
2011-11-03,0.9557448576771245
2011-11-04,0.9557448576771245
2011-11-05,0.9557448576771245
2011-11-06,0.9557448576771245
2011-11-07,0.9557448576771245
2011-11-08,0.9557448576771245
2011-11-09,0.9557448576771245
2011-11-10,0.9557448576771245
2011-11-11,0.9557448576771245
2011-11-12,0.9557448576771245
2011-11-13,0.9557448576771245
2011-11-14,0.9557448576771245
2011-11-15,0.9557448576771245
2011-11-16,0.9557448576771245
2011-11-17,0.9557448576771245
2011-11-18,0.9557448576771245
2011-11-19,0.9557448576771245
2011-11-20,0.9557448576771245
2011-11-21,0.9557448576771245
2011-11-22,0.9557448576771245
2011-11-23,0.9557448576771245
2011-11-24,0.9557448576771245
2011-11-25,0.9557448576771245
2011-11-26,0.9557448576771245
2011-11-27,0.9557448576771245
2011-11-28,0.9557448576771245
2011-11-29,0.9557448576771245
2011-11-30,0.9557448576771245
2011-12-01,1.2674007895283608
2011-12-02,1.2674007895283608
2011-12-03,1.2674007895283608
2011-12-04,1.2674007895283608
2011-12-05,1.2674007895283608
2011-12-06,1.2674007895283608
2011-12-07,1.2674007895283608
2011-12-08,1.2674007895283608
2011-12-09,1.2674007895283608
2011-12-10,1.2674007895283608
2011-12-11,1.2674007895283608
2011-12-12,1.2674007895283608
2011-12-13,1.2674007895283608
2011-12-14,1.2674007895283608
2011-12-15,1.2674007895283608
2011-12-16,1.2674007895283608
2011-12-17,1.2674007895283608
2011-12-18,1.2674007895283608
2011-12-19,1.2674007895283608
2011-12-20,1.2674007895283608
2011-12-21,1.2674007895283608
2011-12-22,1.2674007895283608
2011-12-23,1.2674007895283608
2011-12-24,1.2674007895283608
2011-12-25,1.2674007895283608
2011-12-26,1.2674007895283608
2011-12-27,1.2674007895283608
2011-12-28,1.2674007895283608
2011-12-29,1.2674007895283608
2011-12-30,1.2674007895283608
2011-12-31,1.2674007895283608
2012-01-01,1.5894452524413047
2012-01-02,1.5894452524413047
2012-01-03,1.5894452524413047
2012-01-04,1.5894452524413047
2012-01-05,1.5894452524413047
2012-01-06,1.5894452524413047
2012-01-07,1.5894452524413047
2012-01-08,1.5894452524413047
2012-01-09,1.5894452524413047
2012-01-10,1.5894452524413047
2012-01-11,1.5894452524413047
2012-01-12,1.5894452524413047
2012-01-13,1.5894452524413047
2012-01-14,1.5894452524413047
2012-01-15,1.5894452524413047
2012-01-16,1.5894452524413047
2012-01-17,1.5894452524413047
2012-01-18,1.5894452524413047
2012-01-19,1.5894452524413047
2012-01-20,1.5894452524413047
2012-01-21,1.5894452524413047
2012-01-22,1.5894452524413047
2012-01-23,1.5894452524413047
2012-01-24,1.5894452524413047
2012-01-25,1.5894452524413047
2012-01-26,1.5894452524413047
2012-01-27,1.5894452524413047
2012-01-28,1.5894452524413047
2012-01-29,1.5894452524413047
2012-01-30,1.5894452524413047
2012-01-31,1.5894452524413047
2012-02-01,2.8568460419696655
2012-02-02,2.8568460419696655
2012-02-03,2.8568460419696655
2012-02-04,2.8568460419696655
2012-02-05,2.8568460419696655
2012-02-06,2.8568460419696655
2012-02-07,2.8568460419696655
2012-02-08,2.8568460419696655
2012-02-09,2.8568460419696655
2012-02-10,2.8568460419696655
2012-02-11,2.8568460419696655
2012-02-12,2.8568460419696655
2012-02-13,2.8568460419696655
2012-02-14,2.8568460419696655
2012-02-15,2.8568460419696655
2012-02-16,2.8568460419696655
2012-02-17,2.8568460419696655
2012-02-18,2.8568460419696655
2012-02-19,2.8568460419696655
2012-02-20,2.8568460419696655
2012-02-21,2.8568460419696655
2012-02-22,2.8568460419696655
2012-02-23,2.8568460419696655
2012-02-24,2.8568460419696655
2012-02-25,2.8568460419696655
2012-02-26,2.8568460419696655
2012-02-27,2.8568460419696655
2012-02-28,2.8568460419696655
2012-02-29,2.8568460419696655
2012-03-01,4.4359027633492625
2012-03-02,4.4359027633492625
2012-03-03,4.4359027633492625
2012-03-04,4.4359027633492625
2012-03-05,4.4359027633492625
2012-03-06,4.4359027633492625
2012-03-07,4.4359027633492625
2012-03-08,4.4359027633492625
2012-03-09,4.4359027633492625
2012-03-10,4.4359027633492625
2012-03-11,4.4359027633492625
2012-03-12,4.4359027633492625
2012-03-13,4.4359027633492625
2012-03-14,4.4359027633492625
2012-03-15,4.4359027633492625
2012-03-16,4.4359027633492625
2012-03-17,4.4359027633492625
2012-03-18,4.4359027633492625
2012-03-19,4.4359027633492625
2012-03-20,4.4359027633492625
2012-03-21,4.4359027633492625
2012-03-22,4.4359027633492625
2012-03-23,4.4359027633492625
2012-03-24,4.4359027633492625
2012-03-25,4.4359027633492625
2012-03-26,4.4359027633492625
2012-03-27,4.4359027633492625
2012-03-28,4.4359027633492625
2012-03-29,4.4359027633492625
2012-03-30,4.4359027633492625
2012-03-31,4.4359027633492625
2012-04-01,4.757947226262207
2012-04-02,4.757947226262207
2012-04-03,4.757947226262207
2012-04-04,4.757947226262207
2012-04-05,4.757947226262207
2012-04-06,4.757947226262207
2012-04-07,4.757947226262207
2012-04-08,4.757947226262207
2012-04-09,4.757947226262207
2012-04-10,4.757947226262207
2012-04-11,4.757947226262207
2012-04-12,4.757947226262207
2012-04-13,4.757947226262207
2012-04-14,4.757947226262207
2012-04-15,4.757947226262207
2012-04-16,4.757947226262207
2012-04-17,4.757947226262207
2012-04-18,4.757947226262207
2012-04-19,4.757947226262207
2012-04-20,4.757947226262207
2012-04-21,4.757947226262207
2012-04-22,4.757947226262207
2012-04-23,4.757947226262207
2012-04-24,4.757947226262207
2012-04-25,4.757947226262207
2012-04-26,4.757947226262207
2012-04-27,4.757947226262207
2012-04-28,4.757947226262207
2012-04-29,4.757947226262207
2012-04-30,4.757947226262207
2012-05-01,2.223145647205485
2012-05-02,2.223145647205485
2012-05-03,2.223145647205485
2012-05-04,2.223145647205485
2012-05-05,2.223145647205485
2012-05-06,2.223145647205485
2012-05-07,2.223145647205485
2012-05-08,2.223145647205485
2012-05-09,2.223145647205485
2012-05-10,2.223145647205485
2012-05-11,2.223145647205485
2012-05-12,2.223145647205485
2012-05-13,2.223145647205485
2012-05-14,2.223145647205485
2012-05-15,2.223145647205485
2012-05-16,2.223145647205485
2012-05-17,2.223145647205485
2012-05-18,2.223145647205485
2012-05-19,2.223145647205485
2012-05-20,2.223145647205485
2012-05-21,2.223145647205485
2012-05-22,2.223145647205485
2012-05-23,2.223145647205485
2012-05-24,2.223145647205485
2012-05-25,2.223145647205485
2012-05-26,2.223145647205485
2012-05-27,2.223145647205485
2012-05-28,2.223145647205485
2012-05-29,2.223145647205485
2012-05-30,2.223145647205485
2012-05-31,2.223145647205485
2012-06-01,1.911489715354249
2012-06-02,1.911489715354249
2012-06-03,1.911489715354249
2012-06-04,1.911489715354249
2012-06-05,1.911489715354249
2012-06-06,1.911489715354249
2012-06-07,1.911489715354249
2012-06-08,1.911489715354249
2012-06-09,1.911489715354249
2012-06-10,1.911489715354249
2012-06-11,1.911489715354249
2012-06-12,1.911489715354249
2012-06-13,1.911489715354249
2012-06-14,1.911489715354249
2012-06-15,1.911489715354249
2012-06-16,1.911489715354249
2012-06-17,1.911489715354249
2012-06-18,1.911489715354249
2012-06-19,1.911489715354249
2012-06-20,1.911489715354249
2012-06-21,1.911489715354249
2012-06-22,1.911489715354249
2012-06-23,1.911489715354249
2012-06-24,1.911489715354249
2012-06-25,1.911489715354249
2012-06-26,1.911489715354249
2012-06-27,1.911489715354249
2012-06-28,1.911489715354249
2012-06-29,1.911489715354249
2012-06-30,1.911489715354249
2012-07-01,3.4801579056721375
2012-07-02,3.4801579056721375
2012-07-03,3.4801579056721375
2012-07-04,3.4801579056721375
2012-07-05,3.4801579056721375
2012-07-06,3.4801579056721375
2012-07-07,3.4801579056721375
2012-07-08,3.4801579056721375
2012-07-09,3.4801579056721375
2012-07-10,3.4801579056721375
2012-07-11,3.4801579056721375
2012-07-12,3.4801579056721375
2012-07-13,3.4801579056721375
2012-07-14,3.4801579056721375
2012-07-15,3.4801579056721375
2012-07-16,3.4801579056721375
2012-07-17,3.4801579056721375
2012-07-18,3.4801579056721375
2012-07-19,3.4801579056721375
2012-07-20,3.4801579056721375
2012-07-21,3.4801579056721375
2012-07-22,3.4801579056721375
2012-07-23,3.4801579056721375
2012-07-24,3.4801579056721375
2012-07-25,3.4801579056721375
2012-07-26,3.4801579056721375
2012-07-27,3.4801579056721375
2012-07-28,3.4801579056721375
2012-07-29,3.4801579056721375
2012-07-30,3.4801579056721375
2012-07-31,3.4801579056721375
2012-08-01,7.303137336380636
2012-08-02,7.303137336380636
2012-08-03,7.303137336380636
2012-08-04,7.303137336380636
2012-08-05,7.303137336380636
2012-08-06,7.303137336380636
2012-08-07,7.303137336380636
2012-08-08,7.303137336380636
2012-08-09,7.303137336380636
2012-08-10,7.303137336380636
2012-08-11,7.303137336380636
2012-08-12,7.303137336380636
2012-08-13,7.303137336380636
2012-08-14,7.303137336380636
2012-08-15,7.303137336380636
2012-08-16,7.303137336380636
2012-08-17,7.303137336380636
2012-08-18,7.303137336380636
2012-08-19,7.303137336380636
2012-08-20,7.303137336380636
2012-08-21,7.303137336380636
2012-08-22,7.303137336380636
2012-08-23,7.303137336380636
2012-08-24,7.303137336380636
2012-08-25,7.303137336380636
2012-08-26,7.303137336380636
2012-08-27,7.303137336380636
2012-08-28,7.303137336380636
2012-08-29,7.303137336380636
2012-08-30,7.303137336380636
2012-08-31,7.303137336380636
2012-09-01,10.149594847288594
2012-09-02,10.149594847288594
2012-09-03,10.149594847288594
2012-09-04,10.149594847288594
2012-09-05,10.149594847288594
2012-09-06,10.149594847288594
2012-09-07,10.149594847288594
2012-09-08,10.149594847288594
2012-09-09,10.149594847288594
2012-09-10,10.149594847288594
2012-09-11,10.149594847288594
2012-09-12,10.149594847288594
2012-09-13,10.149594847288594
2012-09-14,10.149594847288594
2012-09-15,10.149594847288594
2012-09-16,10.149594847288594
2012-09-17,10.149594847288594
2012-09-18,10.149594847288594
2012-09-19,10.149594847288594
2012-09-20,10.149594847288594
2012-09-21,10.149594847288594
2012-09-22,10.149594847288594
2012-09-23,10.149594847288594
2012-09-24,10.149594847288594
2012-09-25,10.149594847288594
2012-09-26,10.149594847288594
2012-09-27,10.149594847288594
2012-09-28,10.149594847288594
2012-09-29,10.149594847288594
2012-09-30,10.149594847288594
2012-10-01,9.505505921462705
2012-10-02,9.505505921462705
2012-10-03,9.505505921462705
2012-10-04,9.505505921462705
2012-10-05,9.505505921462705
2012-10-06,9.505505921462705
2012-10-07,9.505505921462705
2012-10-08,9.505505921462705
2012-10-09,9.505505921462705
2012-10-10,9.505505921462705
2012-10-11,9.505505921462705
2012-10-12,9.505505921462705
2012-10-13,9.505505921462705
2012-10-14,9.505505921462705
2012-10-15,9.505505921462705
2012-10-16,9.505505921462705
2012-10-17,9.505505921462705
2012-10-18,9.505505921462705
2012-10-19,9.505505921462705
2012-10-20,9.505505921462705
2012-10-21,9.505505921462705
2012-10-22,9.505505921462705
2012-10-23,9.505505921462705
2012-10-24,9.505505921462705
2012-10-25,9.505505921462705
2012-10-26,9.505505921462705
2012-10-27,9.505505921462705
2012-10-28,9.505505921462705
2012-10-29,9.505505921462705
2012-10-30,9.505505921462705
2012-10-31,9.505505921462705
2012-11-01,6.669436941616455
2012-11-02,6.669436941616455
2012-11-03,6.669436941616455
2012-11-04,6.669436941616455
2012-11-05,6.669436941616455
2012-11-06,6.669436941616455
2012-11-07,6.669436941616455
2012-11-08,6.669436941616455
2012-11-09,6.669436941616455
2012-11-10,6.669436941616455
2012-11-11,6.669436941616455
2012-11-12,6.669436941616455
2012-11-13,6.669436941616455
2012-11-14,6.669436941616455
2012-11-15,6.669436941616455
2012-11-16,6.669436941616455
2012-11-17,6.669436941616455
2012-11-18,6.669436941616455
2012-11-19,6.669436941616455
2012-11-20,6.669436941616455
2012-11-21,6.669436941616455
2012-11-22,6.669436941616455
2012-11-23,6.669436941616455
2012-11-24,6.669436941616455
2012-11-25,6.669436941616455
2012-11-26,6.669436941616455
2012-11-27,6.669436941616455
2012-11-28,6.669436941616455
2012-11-29,6.669436941616455
2012-11-30,6.669436941616455
2012-12-01,8.570538125908996
2012-12-02,8.570538125908996
2012-12-03,8.570538125908996
2012-12-04,8.570538125908996
2012-12-05,8.570538125908996
2012-12-06,8.570538125908996
2012-12-07,8.570538125908996
2012-12-08,8.570538125908996
2012-12-09,8.570538125908996
2012-12-10,8.570538125908996
2012-12-11,8.570538125908996
2012-12-12,8.570538125908996
2012-12-13,8.570538125908996
2012-12-14,8.570538125908996
2012-12-15,8.570538125908996
2012-12-16,8.570538125908996
2012-12-17,8.570538125908996
2012-12-18,8.570538125908996
2012-12-19,8.570538125908996
2012-12-20,8.570538125908996
2012-12-21,8.570538125908996
2012-12-22,8.570538125908996
2012-12-23,8.570538125908996
2012-12-24,8.570538125908996
2012-12-25,8.570538125908996
2012-12-26,8.570538125908996
2012-12-27,8.570538125908996
2012-12-28,8.570538125908996
2012-12-29,8.570538125908996
2012-12-30,8.570538125908996
2012-12-31,8.570538125908996
2013-01-01,11.406607105755247
2013-01-02,11.406607105755247
2013-01-03,11.406607105755247
2013-01-04,11.406607105755247
2013-01-05,11.406607105755247
2013-01-06,11.406607105755247
2013-01-07,11.406607105755247
2013-01-08,11.406607105755247
2013-01-09,11.406607105755247
2013-01-10,11.406607105755247
2013-01-11,11.406607105755247
2013-01-12,11.406607105755247
2013-01-13,11.406607105755247
2013-01-14,11.406607105755247
2013-01-15,11.406607105755247
2013-01-16,11.406607105755247
2013-01-17,11.406607105755247
2013-01-18,11.406607105755247
2013-01-19,11.406607105755247
2013-01-20,11.406607105755247
2013-01-21,11.406607105755247
2013-01-22,11.406607105755247
2013-01-23,11.406607105755247
2013-01-24,11.406607105755247
2013-01-25,11.406607105755247
2013-01-26,11.406607105755247
2013-01-27,11.406607105755247
2013-01-28,11.406607105755247
2013-01-29,11.406607105755247
2013-01-30,11.406607105755247
2013-01-31,11.406607105755247
2013-02-01,12.684396426345316
2013-02-02,12.684396426345316
2013-02-03,12.684396426345316
2013-02-04,12.684396426345316
2013-02-05,12.684396426345316
2013-02-06,12.684396426345316
2013-02-07,12.684396426345316
2013-02-08,12.684396426345316
2013-02-09,12.684396426345316
2013-02-10,12.684396426345316
2013-02-11,12.684396426345316
2013-02-12,12.684396426345316
2013-02-13,12.684396426345316
2013-02-14,12.684396426345316
2013-02-15,12.684396426345316
2013-02-16,12.684396426345316
2013-02-17,12.684396426345316
2013-02-18,12.684396426345316
2013-02-19,12.684396426345316
2013-02-20,12.684396426345316
2013-02-21,12.684396426345316
2013-02-22,12.684396426345316
2013-02-23,12.684396426345316
2013-02-24,12.684396426345316
2013-02-25,12.684396426345316
2013-02-26,12.684396426345316
2013-02-27,12.684396426345316
2013-02-28,12.684396426345316
2013-03-01,14.86598794930397
2013-03-02,14.86598794930397
2013-03-03,14.86598794930397
2013-03-04,14.86598794930397
2013-03-05,14.86598794930397
2013-03-06,14.86598794930397
2013-03-07,14.86598794930397
2013-03-08,14.86598794930397
2013-03-09,14.86598794930397
2013-03-10,14.86598794930397
2013-03-11,14.86598794930397
2013-03-12,14.86598794930397
2013-03-13,14.86598794930397
2013-03-14,14.86598794930397
2013-03-15,14.86598794930397
2013-03-16,14.86598794930397
2013-03-17,14.86598794930397
2013-03-18,14.86598794930397
2013-03-19,14.86598794930397
2013-03-20,14.86598794930397
2013-03-21,14.86598794930397
2013-03-22,14.86598794930397
2013-03-23,14.86598794930397
2013-03-24,14.86598794930397
2013-03-25,14.86598794930397
2013-03-26,14.86598794930397
2013-03-27,14.86598794930397
2013-03-28,14.86598794930397
2013-03-29,14.86598794930397
2013-03-30,14.86598794930397
2013-03-31,14.86598794930397
2013-04-01,15.188032412216913
2013-04-02,15.188032412216913
2013-04-03,15.188032412216913
2013-04-04,15.188032412216913
2013-04-05,15.188032412216913
2013-04-06,15.188032412216913
2013-04-07,15.188032412216913
2013-04-08,15.188032412216913
2013-04-09,15.188032412216913
2013-04-10,15.188032412216913
2013-04-11,15.188032412216913
2013-04-12,15.188032412216913
2013-04-13,15.188032412216913
2013-04-14,15.188032412216913
2013-04-15,15.188032412216913
2013-04-16,15.188032412216913
2013-04-17,15.188032412216913
2013-04-18,15.188032412216913
2013-04-19,15.188032412216913
2013-04-20,15.188032412216913
2013-04-21,15.188032412216913
2013-04-22,15.188032412216913
2013-04-23,15.188032412216913
2013-04-24,15.188032412216913
2013-04-25,15.188032412216913
2013-04-26,15.188032412216913
2013-04-27,15.188032412216913
2013-04-28,15.188032412216913
2013-04-29,15.188032412216913
2013-04-30,15.188032412216913
2013-05-01,21.17182630376065
2013-05-02,21.17182630376065
2013-05-03,21.17182630376065
2013-05-04,21.17182630376065
2013-05-05,21.17182630376065
2013-05-06,21.17182630376065
2013-05-07,21.17182630376065
2013-05-08,21.17182630376065
2013-05-09,21.17182630376065
2013-05-10,21.17182630376065
2013-05-11,21.17182630376065
2013-05-12,21.17182630376065
2013-05-13,21.17182630376065
2013-05-14,21.17182630376065
2013-05-15,21.17182630376065
2013-05-16,21.17182630376065
2013-05-17,21.17182630376065
2013-05-18,21.17182630376065
2013-05-19,21.17182630376065
2013-05-20,21.17182630376065
2013-05-21,21.17182630376065
2013-05-22,21.17182630376065
2013-05-23,21.17182630376065
2013-05-24,21.17182630376065
2013-05-25,21.17182630376065
2013-05-26,21.17182630376065
2013-05-27,21.17182630376065
2013-05-28,21.17182630376065
2013-05-29,21.17182630376065
2013-05-30,21.17182630376065
2013-05-31,21.17182630376065
2013-06-01,15.811344275919383
2013-06-02,15.811344275919383
2013-06-03,15.811344275919383
2013-06-04,15.811344275919383
2013-06-05,15.811344275919383
2013-06-06,15.811344275919383
2013-06-07,15.811344275919383
2013-06-08,15.811344275919383
2013-06-09,15.811344275919383
2013-06-10,15.811344275919383
2013-06-11,15.811344275919383
2013-06-12,15.811344275919383
2013-06-13,15.811344275919383
2013-06-14,15.811344275919383
2013-06-15,15.811344275919383
2013-06-16,15.811344275919383
2013-06-17,15.811344275919383
2013-06-18,15.811344275919383
2013-06-19,15.811344275919383
2013-06-20,15.811344275919383
2013-06-21,15.811344275919383
2013-06-22,15.811344275919383
2013-06-23,15.811344275919383
2013-06-24,15.811344275919383
2013-06-25,15.811344275919383
2013-06-26,15.811344275919383
2013-06-27,15.811344275919383
2013-06-28,15.811344275919383
2013-06-29,15.811344275919383
2013-06-30,15.811344275919383
2013-07-01,20.21608144608352
2013-07-02,20.21608144608352
2013-07-03,20.21608144608352
2013-07-04,20.21608144608352
2013-07-05,20.21608144608352
2013-07-06,20.21608144608352
2013-07-07,20.21608144608352
2013-07-08,20.21608144608352
2013-07-09,20.21608144608352
2013-07-10,20.21608144608352
2013-07-11,20.21608144608352
2013-07-12,20.21608144608352
2013-07-13,20.21608144608352
2013-07-14,20.21608144608352
2013-07-15,20.21608144608352
2013-07-16,20.21608144608352
2013-07-17,20.21608144608352
2013-07-18,20.21608144608352
2013-07-19,20.21608144608352
2013-07-20,20.21608144608352
2013-07-21,20.21608144608352
2013-07-22,20.21608144608352
2013-07-23,20.21608144608352
2013-07-24,20.21608144608352
2013-07-25,20.21608144608352
2013-07-26,20.21608144608352
2013-07-27,20.21608144608352
2013-07-28,20.21608144608352
2013-07-29,20.21608144608352
2013-07-30,20.21608144608352
2013-07-31,20.21608144608352
2013-08-01,17.681279867026802
2013-08-02,17.681279867026802
2013-08-03,17.681279867026802
2013-08-04,17.681279867026802
2013-08-05,17.681279867026802
2013-08-06,17.681279867026802
2013-08-07,17.681279867026802
2013-08-08,17.681279867026802
2013-08-09,17.681279867026802
2013-08-10,17.681279867026802
2013-08-11,17.681279867026802
2013-08-12,17.681279867026802
2013-08-13,17.681279867026802
2013-08-14,17.681279867026802
2013-08-15,17.681279867026802
2013-08-16,17.681279867026802
2013-08-17,17.681279867026802
2013-08-18,17.681279867026802
2013-08-19,17.681279867026802
2013-08-20,17.681279867026802
2013-08-21,17.681279867026802
2013-08-22,17.681279867026802
2013-08-23,17.681279867026802
2013-08-24,17.681279867026802
2013-08-25,17.681279867026802
2013-08-26,17.681279867026802
2013-08-27,17.681279867026802
2013-08-28,17.681279867026802
2013-08-29,17.681279867026802
2013-08-30,17.681279867026802
2013-08-31,17.681279867026802
2013-09-01,17.369623935175564
2013-09-02,17.369623935175564
2013-09-03,17.369623935175564
2013-09-04,17.369623935175564
2013-09-05,17.369623935175564
2013-09-06,17.369623935175564
2013-09-07,17.369623935175564
2013-09-08,17.369623935175564
2013-09-09,17.369623935175564
2013-09-10,17.369623935175564
2013-09-11,17.369623935175564
2013-09-12,17.369623935175564
2013-09-13,17.369623935175564
2013-09-14,17.369623935175564
2013-09-15,17.369623935175564
2013-09-16,17.369623935175564
2013-09-17,17.369623935175564
2013-09-18,17.369623935175564
2013-09-19,17.369623935175564
2013-09-20,17.369623935175564
2013-09-21,17.369623935175564
2013-09-22,17.369623935175564
2013-09-23,17.369623935175564
2013-09-24,17.369623935175564
2013-09-25,17.369623935175564
2013-09-26,17.369623935175564
2013-09-27,17.369623935175564
2013-09-28,17.369623935175564
2013-09-29,17.369623935175564
2013-09-30,17.369623935175564
2013-10-01,17.047579472262623
2013-10-02,17.047579472262623
2013-10-03,17.047579472262623
2013-10-04,17.047579472262623
2013-10-05,17.047579472262623
2013-10-06,17.047579472262623
2013-10-07,17.047579472262623
2013-10-08,17.047579472262623
2013-10-09,17.047579472262623
2013-10-10,17.047579472262623
2013-10-11,17.047579472262623
2013-10-12,17.047579472262623
2013-10-13,17.047579472262623
2013-10-14,17.047579472262623
2013-10-15,17.047579472262623
2013-10-16,17.047579472262623
2013-10-17,17.047579472262623
2013-10-18,17.047579472262623
2013-10-19,17.047579472262623
2013-10-20,17.047579472262623
2013-10-21,17.047579472262623
2013-10-22,17.047579472262623
2013-10-23,17.047579472262623
2013-10-24,17.047579472262623
2013-10-25,17.047579472262623
2013-10-26,17.047579472262623
2013-10-27,17.047579472262623
2013-10-28,17.047579472262623
2013-10-29,17.047579472262623
2013-10-30,17.047579472262623
2013-10-31,17.047579472262623
2013-11-01,20.860170371909412
2013-11-02,20.860170371909412
2013-11-03,20.860170371909412
2013-11-04,20.860170371909412
2013-11-05,20.860170371909412
2013-11-06,20.860170371909412
2013-11-07,20.860170371909412
2013-11-08,20.860170371909412
2013-11-09,20.860170371909412
2013-11-10,20.860170371909412
2013-11-11,20.860170371909412
2013-11-12,20.860170371909412
2013-11-13,20.860170371909412
2013-11-14,20.860170371909412
2013-11-15,20.860170371909412
2013-11-16,20.860170371909412
2013-11-17,20.860170371909412
2013-11-18,20.860170371909412
2013-11-19,20.860170371909412
2013-11-20,20.860170371909412
2013-11-21,20.860170371909412
2013-11-22,20.860170371909412
2013-11-23,20.860170371909412
2013-11-24,20.860170371909412
2013-11-25,20.860170371909412
2013-11-26,20.860170371909412
2013-11-27,20.860170371909412
2013-11-28,20.860170371909412
2013-11-29,20.860170371909412
2013-11-30,20.860170371909412
2013-12-01,18.95906918761687
2013-12-02,18.95906918761687
2013-12-03,18.95906918761687
2013-12-04,18.95906918761687
2013-12-05,18.95906918761687
2013-12-06,18.95906918761687
2013-12-07,18.95906918761687
2013-12-08,18.95906918761687
2013-12-09,18.95906918761687
2013-12-10,18.95906918761687
2013-12-11,18.95906918761687
2013-12-12,18.95906918761687
2013-12-13,18.95906918761687
2013-12-14,18.95906918761687
2013-12-15,18.95906918761687
2013-12-16,18.95906918761687
2013-12-17,18.95906918761687
2013-12-18,18.95906918761687
2013-12-19,18.95906918761687
2013-12-20,18.95906918761687
2013-12-21,18.95906918761687
2013-12-22,18.95906918761687
2013-12-23,18.95906918761687
2013-12-24,18.95906918761687
2013-12-25,18.95906918761687
2013-12-26,18.95906918761687
2013-12-27,18.95906918761687
2013-12-28,18.95906918761687
2013-12-29,18.95906918761687
2013-12-30,18.95906918761687
2013-12-31,18.95906918761687
2014-01-01,20.53812590899647
2014-01-02,20.53812590899647
2014-01-03,20.53812590899647
2014-01-04,20.53812590899647
2014-01-05,20.53812590899647
2014-01-06,20.53812590899647
2014-01-07,20.53812590899647
2014-01-08,20.53812590899647
2014-01-09,20.53812590899647
2014-01-10,20.53812590899647
2014-01-11,20.53812590899647
2014-01-12,20.53812590899647
2014-01-13,20.53812590899647
2014-01-14,20.53812590899647
2014-01-15,20.53812590899647
2014-01-16,20.53812590899647
2014-01-17,20.53812590899647
2014-01-18,20.53812590899647
2014-01-19,20.53812590899647
2014-01-20,20.53812590899647
2014-01-21,20.53812590899647
2014-01-22,20.53812590899647
2014-01-23,20.53812590899647
2014-01-24,20.53812590899647
2014-01-25,20.53812590899647
2014-01-26,20.53812590899647
2014-01-27,20.53812590899647
2014-01-28,20.53812590899647
2014-01-29,20.53812590899647
2014-01-30,20.53812590899647
2014-01-31,20.53812590899647
2014-02-01,19.281113650529814
2014-02-02,19.281113650529814
2014-02-03,19.281113650529814
2014-02-04,19.281113650529814
2014-02-05,19.281113650529814
2014-02-06,19.281113650529814
2014-02-07,19.281113650529814
2014-02-08,19.281113650529814
2014-02-09,19.281113650529814
2014-02-10,19.281113650529814
2014-02-11,19.281113650529814
2014-02-12,19.281113650529814
2014-02-13,19.281113650529814
2014-02-14,19.281113650529814
2014-02-15,19.281113650529814
2014-02-16,19.281113650529814
2014-02-17,19.281113650529814
2014-02-18,19.281113650529814
2014-02-19,19.281113650529814
2014-02-20,19.281113650529814
2014-02-21,19.281113650529814
2014-02-22,19.281113650529814
2014-02-23,19.281113650529814
2014-02-24,19.281113650529814
2014-02-25,19.281113650529814
2014-02-26,19.281113650529814
2014-02-27,19.281113650529814
2014-02-28,19.281113650529814
2014-03-01,22.761271556201955
2014-03-02,22.761271556201955
2014-03-03,22.761271556201955
2014-03-04,22.761271556201955
2014-03-05,22.761271556201955
2014-03-06,22.761271556201955
2014-03-07,22.761271556201955
2014-03-08,22.761271556201955
2014-03-09,22.761271556201955
2014-03-10,22.761271556201955
2014-03-11,22.761271556201955
2014-03-12,22.761271556201955
2014-03-13,22.761271556201955
2014-03-14,22.761271556201955
2014-03-15,22.761271556201955
2014-03-16,22.761271556201955
2014-03-17,22.761271556201955
2014-03-18,22.761271556201955
2014-03-19,22.761271556201955
2014-03-20,22.761271556201955
2014-03-21,22.761271556201955
2014-03-22,22.761271556201955
2014-03-23,22.761271556201955
2014-03-24,22.761271556201955
2014-03-25,22.761271556201955
2014-03-26,22.761271556201955
2014-03-27,22.761271556201955
2014-03-28,22.761271556201955
2014-03-29,22.761271556201955
2014-03-30,22.761271556201955
2014-03-31,22.761271556201955
2014-04-01,21.49387076667359
2014-04-02,21.49387076667359
2014-04-03,21.49387076667359
2014-04-04,21.49387076667359
2014-04-05,21.49387076667359
2014-04-06,21.49387076667359
2014-04-07,21.49387076667359
2014-04-08,21.49387076667359
2014-04-09,21.49387076667359
2014-04-10,21.49387076667359
2014-04-11,21.49387076667359
2014-04-12,21.49387076667359
2014-04-13,21.49387076667359
2014-04-14,21.49387076667359
2014-04-15,21.49387076667359
2014-04-16,21.49387076667359
2014-04-17,21.49387076667359
2014-04-18,21.49387076667359
2014-04-19,21.49387076667359
2014-04-20,21.49387076667359
2014-04-21,21.49387076667359
2014-04-22,21.49387076667359
2014-04-23,21.49387076667359
2014-04-24,21.49387076667359
2014-04-25,21.49387076667359
2014-04-26,21.49387076667359
2014-04-27,21.49387076667359
2014-04-28,21.49387076667359
2014-04-29,21.49387076667359
2014-04-30,21.49387076667359
2014-05-01,22.43922709328901
2014-05-02,22.43922709328901
2014-05-03,22.43922709328901
2014-05-04,22.43922709328901
2014-05-05,22.43922709328901
2014-05-06,22.43922709328901
2014-05-07,22.43922709328901
2014-05-08,22.43922709328901
2014-05-09,22.43922709328901
2014-05-10,22.43922709328901
2014-05-11,22.43922709328901
2014-05-12,22.43922709328901
2014-05-13,22.43922709328901
2014-05-14,22.43922709328901
2014-05-15,22.43922709328901
2014-05-16,22.43922709328901
2014-05-17,22.43922709328901
2014-05-18,22.43922709328901
2014-05-19,22.43922709328901
2014-05-20,22.43922709328901
2014-05-21,22.43922709328901
2014-05-22,22.43922709328901
2014-05-23,22.43922709328901
2014-05-24,22.43922709328901
2014-05-25,22.43922709328901
2014-05-26,22.43922709328901
2014-05-27,22.43922709328901
2014-05-28,22.43922709328901
2014-05-29,22.43922709328901
2014-05-30,22.43922709328901
2014-05-31,22.43922709328901
2014-06-01,24.361105339704967
2014-06-02,24.361105339704967
2014-06-03,24.361105339704967
2014-06-04,24.361105339704967
2014-06-05,24.361105339704967
2014-06-06,24.361105339704967
2014-06-07,24.361105339704967
2014-06-08,24.361105339704967
2014-06-09,24.361105339704967
2014-06-10,24.361105339704967
2014-06-11,24.361105339704967
2014-06-12,24.361105339704967
2014-06-13,24.361105339704967
2014-06-14,24.361105339704967
2014-06-15,24.361105339704967
2014-06-16,24.361105339704967
2014-06-17,24.361105339704967
2014-06-18,24.361105339704967
2014-06-19,24.361105339704967
2014-06-20,24.361105339704967
2014-06-21,24.361105339704967
2014-06-22,24.361105339704967
2014-06-23,24.361105339704967
2014-06-24,24.361105339704967
2014-06-25,24.361105339704967
2014-06-26,24.361105339704967
2014-06-27,24.361105339704967
2014-06-28,24.361105339704967
2014-06-29,24.361105339704967
2014-06-30,24.361105339704967
2014-07-01,25.607729067109915
2014-07-02,25.607729067109915
2014-07-03,25.607729067109915
2014-07-04,25.607729067109915
2014-07-05,25.607729067109915
2014-07-06,25.607729067109915
2014-07-07,25.607729067109915
2014-07-08,25.607729067109915
2014-07-09,25.607729067109915
2014-07-10,25.607729067109915
2014-07-11,25.607729067109915
2014-07-12,25.607729067109915
2014-07-13,25.607729067109915
2014-07-14,25.607729067109915
2014-07-15,25.607729067109915
2014-07-16,25.607729067109915
2014-07-17,25.607729067109915
2014-07-18,25.607729067109915
2014-07-19,25.607729067109915
2014-07-20,25.607729067109915
2014-07-21,25.607729067109915
2014-07-22,25.607729067109915
2014-07-23,25.607729067109915
2014-07-24,25.607729067109915
2014-07-25,25.607729067109915
2014-07-26,25.607729067109915
2014-07-27,25.607729067109915
2014-07-28,25.607729067109915
2014-07-29,25.607729067109915
2014-07-30,25.607729067109915
2014-07-31,25.607729067109915
2014-08-01,23.40536048202784
2014-08-02,23.40536048202784
2014-08-03,23.40536048202784
2014-08-04,23.40536048202784
2014-08-05,23.40536048202784
2014-08-06,23.40536048202784
2014-08-07,23.40536048202784
2014-08-08,23.40536048202784
2014-08-09,23.40536048202784
2014-08-10,23.40536048202784
2014-08-11,23.40536048202784
2014-08-12,23.40536048202784
2014-08-13,23.40536048202784
2014-08-14,23.40536048202784
2014-08-15,23.40536048202784
2014-08-16,23.40536048202784
2014-08-17,23.40536048202784
2014-08-18,23.40536048202784
2014-08-19,23.40536048202784
2014-08-20,23.40536048202784
2014-08-21,23.40536048202784
2014-08-22,23.40536048202784
2014-08-23,23.40536048202784
2014-08-24,23.40536048202784
2014-08-25,23.40536048202784
2014-08-26,23.40536048202784
2014-08-27,23.40536048202784
2014-08-28,23.40536048202784
2014-08-29,23.40536048202784
2014-08-30,23.40536048202784
2014-08-31,23.40536048202784
2014-09-01,24.04944940785373
2014-09-02,24.04944940785373
2014-09-03,24.04944940785373
2014-09-04,24.04944940785373
2014-09-05,24.04944940785373
2014-09-06,24.04944940785373
2014-09-07,24.04944940785373
2014-09-08,24.04944940785373
2014-09-09,24.04944940785373
2014-09-10,24.04944940785373
2014-09-11,24.04944940785373
2014-09-12,24.04944940785373
2014-09-13,24.04944940785373
2014-09-14,24.04944940785373
2014-09-15,24.04944940785373
2014-09-16,24.04944940785373
2014-09-17,24.04944940785373
2014-09-18,24.04944940785373
2014-09-19,24.04944940785373
2014-09-20,24.04944940785373
2014-09-21,24.04944940785373
2014-09-22,24.04944940785373
2014-09-23,24.04944940785373
2014-09-24,24.04944940785373
2014-09-25,24.04944940785373
2014-09-26,24.04944940785373
2014-09-27,24.04944940785373
2014-09-28,24.04944940785373
2014-09-29,24.04944940785373
2014-09-30,24.04944940785373
2014-10-01,23.083316019114896
2014-10-02,23.083316019114896
2014-10-03,23.083316019114896
2014-10-04,23.083316019114896
2014-10-05,23.083316019114896
2014-10-06,23.083316019114896
2014-10-07,23.083316019114896
2014-10-08,23.083316019114896
2014-10-09,23.083316019114896
2014-10-10,23.083316019114896
2014-10-11,23.083316019114896
2014-10-12,23.083316019114896
2014-10-13,23.083316019114896
2014-10-14,23.083316019114896
2014-10-15,23.083316019114896
2014-10-16,23.083316019114896
2014-10-17,23.083316019114896
2014-10-18,23.083316019114896
2014-10-19,23.083316019114896
2014-10-20,23.083316019114896
2014-10-21,23.083316019114896
2014-10-22,23.083316019114896
2014-10-23,23.083316019114896
2014-10-24,23.083316019114896
2014-10-25,23.083316019114896
2014-10-26,23.083316019114896
2014-10-27,23.083316019114896
2014-10-28,23.083316019114896
2014-10-29,23.083316019114896
2014-10-30,23.083316019114896
2014-10-31,23.083316019114896
2014-11-01,29.420319966756704
2014-11-02,29.420319966756704
2014-11-03,29.420319966756704
2014-11-04,29.420319966756704
2014-11-05,29.420319966756704
2014-11-06,29.420319966756704
2014-11-07,29.420319966756704
2014-11-08,29.420319966756704
2014-11-09,29.420319966756704
2014-11-10,29.420319966756704
2014-11-11,29.420319966756704
2014-11-12,29.420319966756704
2014-11-13,29.420319966756704
2014-11-14,29.420319966756704
2014-11-15,29.420319966756704
2014-11-16,29.420319966756704
2014-11-17,29.420319966756704
2014-11-18,29.420319966756704
2014-11-19,29.420319966756704
2014-11-20,29.420319966756704
2014-11-21,29.420319966756704
2014-11-22,29.420319966756704
2014-11-23,29.420319966756704
2014-11-24,29.420319966756704
2014-11-25,29.420319966756704
2014-11-26,29.420319966756704
2014-11-27,29.420319966756704
2014-11-28,29.420319966756704
2014-11-29,29.420319966756704
2014-11-30,29.420319966756704
2014-12-01,31.009765219198005
2014-12-02,31.009765219198005
2014-12-03,31.009765219198005
2014-12-04,31.009765219198005
2014-12-05,31.009765219198005
2014-12-06,31.009765219198005
2014-12-07,31.009765219198005
2014-12-08,31.009765219198005
2014-12-09,31.009765219198005
2014-12-10,31.009765219198005
2014-12-11,31.009765219198005
2014-12-12,31.009765219198005
2014-12-13,31.009765219198005
2014-12-14,31.009765219198005
2014-12-15,31.009765219198005
2014-12-16,31.009765219198005
2014-12-17,31.009765219198005
2014-12-18,31.009765219198005
2014-12-19,31.009765219198005
2014-12-20,31.009765219198005
2014-12-21,31.009765219198005
2014-12-22,31.009765219198005
2014-12-23,31.009765219198005
2014-12-24,31.009765219198005
2014-12-25,31.009765219198005
2014-12-26,31.009765219198005
2014-12-27,31.009765219198005
2014-12-28,31.009765219198005
2014-12-29,31.009765219198005
2014-12-30,31.009765219198005
2014-12-31,31.009765219198005
2015-01-01,30.376064824433826
2015-01-02,30.376064824433826
2015-01-03,30.376064824433826
2015-01-04,30.376064824433826
2015-01-05,30.376064824433826
2015-01-06,30.376064824433826
2015-01-07,30.376064824433826
2015-01-08,30.376064824433826
2015-01-09,30.376064824433826
2015-01-10,30.376064824433826
2015-01-11,30.376064824433826
2015-01-12,30.376064824433826
2015-01-13,30.376064824433826
2015-01-14,30.376064824433826
2015-01-15,30.376064824433826
2015-01-16,30.376064824433826
2015-01-17,30.376064824433826
2015-01-18,30.376064824433826
2015-01-19,30.376064824433826
2015-01-20,30.376064824433826
2015-01-21,30.376064824433826
2015-01-22,30.376064824433826
2015-01-23,30.376064824433826
2015-01-24,30.376064824433826
2015-01-25,30.376064824433826
2015-01-26,30.376064824433826
2015-01-27,30.376064824433826
2015-01-28,30.376064824433826
2015-01-29,30.376064824433826
2015-01-30,30.376064824433826
2015-01-31,30.376064824433826
2015-02-01,35.0924579264492
2015-02-02,35.0924579264492
2015-02-03,35.0924579264492
2015-02-04,35.0924579264492
2015-02-05,35.0924579264492
2015-02-06,35.0924579264492
2015-02-07,35.0924579264492
2015-02-08,35.0924579264492
2015-02-09,35.0924579264492
2015-02-10,35.0924579264492
2015-02-11,35.0924579264492
2015-02-12,35.0924579264492
2015-02-13,35.0924579264492
2015-02-14,35.0924579264492
2015-02-15,35.0924579264492
2015-02-16,35.0924579264492
2015-02-17,35.0924579264492
2015-02-18,35.0924579264492
2015-02-19,35.0924579264492
2015-02-20,35.0924579264492
2015-02-21,35.0924579264492
2015-02-22,35.0924579264492
2015-02-23,35.0924579264492
2015-02-24,35.0924579264492
2015-02-25,35.0924579264492
2015-02-26,35.0924579264492
2015-02-27,35.0924579264492
2015-02-28,35.0924579264492
2015-03-01,36.339081653854144
2015-03-02,36.339081653854144
2015-03-03,36.339081653854144
2015-03-04,36.339081653854144
2015-03-05,36.339081653854144
2015-03-06,36.339081653854144
2015-03-07,36.339081653854144
2015-03-08,36.339081653854144
2015-03-09,36.339081653854144
2015-03-10,36.339081653854144
2015-03-11,36.339081653854144
2015-03-12,36.339081653854144
2015-03-13,36.339081653854144
2015-03-14,36.339081653854144
2015-03-15,36.339081653854144
2015-03-16,36.339081653854144
2015-03-17,36.339081653854144
2015-03-18,36.339081653854144
2015-03-19,36.339081653854144
2015-03-20,36.339081653854144
2015-03-21,36.339081653854144
2015-03-22,36.339081653854144
2015-03-23,36.339081653854144
2015-03-24,36.339081653854144
2015-03-25,36.339081653854144
2015-03-26,36.339081653854144
2015-03-27,36.339081653854144
2015-03-28,36.339081653854144
2015-03-29,36.339081653854144
2015-03-30,36.339081653854144
2015-03-31,36.339081653854144
2015-04-01,37.92852690629545
2015-04-02,37.92852690629545
2015-04-03,37.92852690629545
2015-04-04,37.92852690629545
2015-04-05,37.92852690629545
2015-04-06,37.92852690629545
2015-04-07,37.92852690629545
2015-04-08,37.92852690629545
2015-04-09,37.92852690629545
2015-04-10,37.92852690629545
2015-04-11,37.92852690629545
2015-04-12,37.92852690629545
2015-04-13,37.92852690629545
2015-04-14,37.92852690629545
2015-04-15,37.92852690629545
2015-04-16,37.92852690629545
2015-04-17,37.92852690629545
2015-04-18,37.92852690629545
2015-04-19,37.92852690629545
2015-04-20,37.92852690629545
2015-04-21,37.92852690629545
2015-04-22,37.92852690629545
2015-04-23,37.92852690629545
2015-04-24,37.92852690629545
2015-04-25,37.92852690629545
2015-04-26,37.92852690629545
2015-04-27,37.92852690629545
2015-04-28,37.92852690629545
2015-04-29,37.92852690629545
2015-04-30,37.92852690629545
2015-05-01,40.774984417203406
2015-05-02,40.774984417203406
2015-05-03,40.774984417203406
2015-05-04,40.774984417203406
2015-05-05,40.774984417203406
2015-05-06,40.774984417203406
2015-05-07,40.774984417203406
2015-05-08,40.774984417203406
2015-05-09,40.774984417203406
2015-05-10,40.774984417203406
2015-05-11,40.774984417203406
2015-05-12,40.774984417203406
2015-05-13,40.774984417203406
2015-05-14,40.774984417203406
2015-05-15,40.774984417203406
2015-05-16,40.774984417203406
2015-05-17,40.774984417203406
2015-05-18,40.774984417203406
2015-05-19,40.774984417203406
2015-05-20,40.774984417203406
2015-05-21,40.774984417203406
2015-05-22,40.774984417203406
2015-05-23,40.774984417203406
2015-05-24,40.774984417203406
2015-05-25,40.774984417203406
2015-05-26,40.774984417203406
2015-05-27,40.774984417203406
2015-05-28,40.774984417203406
2015-05-29,40.774984417203406
2015-05-30,40.774984417203406
2015-05-31,40.774984417203406
2015-06-01,42.35404113858301
2015-06-02,42.35404113858301
2015-06-03,42.35404113858301
2015-06-04,42.35404113858301
2015-06-05,42.35404113858301
2015-06-06,42.35404113858301
2015-06-07,42.35404113858301
2015-06-08,42.35404113858301
2015-06-09,42.35404113858301
2015-06-10,42.35404113858301
2015-06-11,42.35404113858301
2015-06-12,42.35404113858301
2015-06-13,42.35404113858301
2015-06-14,42.35404113858301
2015-06-15,42.35404113858301
2015-06-16,42.35404113858301
2015-06-17,42.35404113858301
2015-06-18,42.35404113858301
2015-06-19,42.35404113858301
2015-06-20,42.35404113858301
2015-06-21,42.35404113858301
2015-06-22,42.35404113858301
2015-06-23,42.35404113858301
2015-06-24,42.35404113858301
2015-06-25,42.35404113858301
2015-06-26,42.35404113858301
2015-06-27,42.35404113858301
2015-06-28,42.35404113858301
2015-06-29,42.35404113858301
2015-06-30,42.35404113858301
2015-07-01,45.55370870558903
2015-07-02,45.55370870558903
2015-07-03,45.55370870558903
2015-07-04,45.55370870558903
2015-07-05,45.55370870558903
2015-07-06,45.55370870558903
2015-07-07,45.55370870558903
2015-07-08,45.55370870558903
2015-07-09,45.55370870558903
2015-07-10,45.55370870558903
2015-07-11,45.55370870558903
2015-07-12,45.55370870558903
2015-07-13,45.55370870558903
2015-07-14,45.55370870558903
2015-07-15,45.55370870558903
2015-07-16,45.55370870558903
2015-07-17,45.55370870558903
2015-07-18,45.55370870558903
2015-07-19,45.55370870558903
2015-07-20,45.55370870558903
2015-07-21,45.55370870558903
2015-07-22,45.55370870558903
2015-07-23,45.55370870558903
2015-07-24,45.55370870558903
2015-07-25,45.55370870558903
2015-07-26,45.55370870558903
2015-07-27,45.55370870558903
2015-07-28,45.55370870558903
2015-07-29,45.55370870558903
2015-07-30,45.55370870558903
2015-07-31,45.55370870558903
2015-08-01,42.66569707043424
2015-08-02,42.66569707043424
2015-08-03,42.66569707043424
2015-08-04,42.66569707043424
2015-08-05,42.66569707043424
2015-08-06,42.66569707043424
2015-08-07,42.66569707043424
2015-08-08,42.66569707043424
2015-08-09,42.66569707043424
2015-08-10,42.66569707043424
2015-08-11,42.66569707043424
2015-08-12,42.66569707043424
2015-08-13,42.66569707043424
2015-08-14,42.66569707043424
2015-08-15,42.66569707043424
2015-08-16,42.66569707043424
2015-08-17,42.66569707043424
2015-08-18,42.66569707043424
2015-08-19,42.66569707043424
2015-08-20,42.66569707043424
2015-08-21,42.66569707043424
2015-08-22,42.66569707043424
2015-08-23,42.66569707043424
2015-08-24,42.66569707043424
2015-08-25,42.66569707043424
2015-08-26,42.66569707043424
2015-08-27,42.66569707043424
2015-08-28,42.66569707043424
2015-08-29,42.66569707043424
2015-08-30,42.66569707043424
2015-08-31,42.66569707043424
2015-09-01,38.24018283814669
2015-09-02,38.24018283814669
2015-09-03,38.24018283814669
2015-09-04,38.24018283814669
2015-09-05,38.24018283814669
2015-09-06,38.24018283814669
2015-09-07,38.24018283814669
2015-09-08,38.24018283814669
2015-09-09,38.24018283814669
2015-09-10,38.24018283814669
2015-09-11,38.24018283814669
2015-09-12,38.24018283814669
2015-09-13,38.24018283814669
2015-09-14,38.24018283814669
2015-09-15,38.24018283814669
2015-09-16,38.24018283814669
2015-09-17,38.24018283814669
2015-09-18,38.24018283814669
2015-09-19,38.24018283814669
2015-09-20,38.24018283814669
2015-09-21,38.24018283814669
2015-09-22,38.24018283814669
2015-09-23,38.24018283814669
2015-09-24,38.24018283814669
2015-09-25,38.24018283814669
2015-09-26,38.24018283814669
2015-09-27,38.24018283814669
2015-09-28,38.24018283814669
2015-09-29,38.24018283814669
2015-09-30,38.24018283814669
2015-10-01,48.99231248701434
2015-10-02,48.99231248701434
2015-10-03,48.99231248701434
2015-10-04,48.99231248701434
2015-10-05,48.99231248701434
2015-10-06,48.99231248701434
2015-10-07,48.99231248701434
2015-10-08,48.99231248701434
2015-10-09,48.99231248701434
2015-10-10,48.99231248701434
2015-10-11,48.99231248701434
2015-10-12,48.99231248701434
2015-10-13,48.99231248701434
2015-10-14,48.99231248701434
2015-10-15,48.99231248701434
2015-10-16,48.99231248701434
2015-10-17,48.99231248701434
2015-10-18,48.99231248701434
2015-10-19,48.99231248701434
2015-10-20,48.99231248701434
2015-10-21,48.99231248701434
2015-10-22,48.99231248701434
2015-10-23,48.99231248701434
2015-10-24,48.99231248701434
2015-10-25,48.99231248701434
2015-10-26,48.99231248701434
2015-10-27,48.99231248701434
2015-10-28,48.99231248701434
2015-10-29,48.99231248701434
2015-10-30,48.99231248701434
2015-10-31,48.99231248701434
2015-11-01,56.939538749220866
2015-11-02,56.939538749220866
2015-11-03,56.939538749220866
2015-11-04,56.939538749220866
2015-11-05,56.939538749220866
2015-11-06,56.939538749220866
2015-11-07,56.939538749220866
2015-11-08,56.939538749220866
2015-11-09,56.939538749220866
2015-11-10,56.939538749220866
2015-11-11,56.939538749220866
2015-11-12,56.939538749220866
2015-11-13,56.939538749220866
2015-11-14,56.939538749220866
2015-11-15,56.939538749220866
2015-11-16,56.939538749220866
2015-11-17,56.939538749220866
2015-11-18,56.939538749220866
2015-11-19,56.939538749220866
2015-11-20,56.939538749220866
2015-11-21,56.939538749220866
2015-11-22,56.939538749220866
2015-11-23,56.939538749220866
2015-11-24,56.939538749220866
2015-11-25,56.939538749220866
2015-11-26,56.939538749220866
2015-11-27,56.939538749220866
2015-11-28,56.939538749220866
2015-11-29,56.939538749220866
2015-11-30,56.939538749220866
2015-12-01,57.86411801371286
2015-12-02,57.86411801371286
2015-12-03,57.86411801371286
2015-12-04,57.86411801371286
2015-12-05,57.86411801371286
2015-12-06,57.86411801371286
2015-12-07,57.86411801371286
2015-12-08,57.86411801371286
2015-12-09,57.86411801371286
2015-12-10,57.86411801371286
2015-12-11,57.86411801371286
2015-12-12,57.86411801371286
2015-12-13,57.86411801371286
2015-12-14,57.86411801371286
2015-12-15,57.86411801371286
2015-12-16,57.86411801371286
2015-12-17,57.86411801371286
2015-12-18,57.86411801371286
2015-12-19,57.86411801371286
2015-12-20,57.86411801371286
2015-12-21,57.86411801371286
2015-12-22,57.86411801371286
2015-12-23,57.86411801371286
2015-12-24,57.86411801371286
2015-12-25,57.86411801371286
2015-12-26,57.86411801371286
2015-12-27,57.86411801371286
2015-12-28,57.86411801371286
2015-12-29,57.86411801371286
2015-12-30,57.86411801371286
2015-12-31,57.86411801371286
2016-01-01,43.30978599626013
2016-01-02,43.30978599626013
2016-01-03,43.30978599626013
2016-01-04,43.30978599626013
2016-01-05,43.30978599626013
2016-01-06,43.30978599626013
2016-01-07,43.30978599626013
2016-01-08,43.30978599626013
2016-01-09,43.30978599626013
2016-01-10,43.30978599626013
2016-01-11,43.30978599626013
2016-01-12,43.30978599626013
2016-01-13,43.30978599626013
2016-01-14,43.30978599626013
2016-01-15,43.30978599626013
2016-01-16,43.30978599626013
2016-01-17,43.30978599626013
2016-01-18,43.30978599626013
2016-01-19,43.30978599626013
2016-01-20,43.30978599626013
2016-01-21,43.30978599626013
2016-01-22,43.30978599626013
2016-01-23,43.30978599626013
2016-01-24,43.30978599626013
2016-01-25,43.30978599626013
2016-01-26,43.30978599626013
2016-01-27,43.30978599626013
2016-01-28,43.30978599626013
2016-01-29,43.30978599626013
2016-01-30,43.30978599626013
2016-01-31,43.30978599626013
2016-02-01,41.097028880116355
2016-02-02,41.097028880116355
2016-02-03,41.097028880116355
2016-02-04,41.097028880116355
2016-02-05,41.097028880116355
2016-02-06,41.097028880116355
2016-02-07,41.097028880116355
2016-02-08,41.097028880116355
2016-02-09,41.097028880116355
2016-02-10,41.097028880116355
2016-02-11,41.097028880116355
2016-02-12,41.097028880116355
2016-02-13,41.097028880116355
2016-02-14,41.097028880116355
2016-02-15,41.097028880116355
2016-02-16,41.097028880116355
2016-02-17,41.097028880116355
2016-02-18,41.097028880116355
2016-02-19,41.097028880116355
2016-02-20,41.097028880116355
2016-02-21,41.097028880116355
2016-02-22,41.097028880116355
2016-02-23,41.097028880116355
2016-02-24,41.097028880116355
2016-02-25,41.097028880116355
2016-02-26,41.097028880116355
2016-02-27,41.097028880116355
2016-02-28,41.097028880116355
2016-02-29,41.097028880116355
2016-03-01,54.0930812383129
2016-03-02,54.0930812383129
2016-03-03,54.0930812383129
2016-03-04,54.0930812383129
2016-03-05,54.0930812383129
2016-03-06,54.0930812383129
2016-03-07,54.0930812383129
2016-03-08,54.0930812383129
2016-03-09,54.0930812383129
2016-03-10,54.0930812383129
2016-03-11,54.0930812383129
2016-03-12,54.0930812383129
2016-03-13,54.0930812383129
2016-03-14,54.0930812383129
2016-03-15,54.0930812383129
2016-03-16,54.0930812383129
2016-03-17,54.0930812383129
2016-03-18,54.0930812383129
2016-03-19,54.0930812383129
2016-03-20,54.0930812383129
2016-03-21,54.0930812383129
2016-03-22,54.0930812383129
2016-03-23,54.0930812383129
2016-03-24,54.0930812383129
2016-03-25,54.0930812383129
2016-03-26,54.0930812383129
2016-03-27,54.0930812383129
2016-03-28,54.0930812383129
2016-03-29,54.0930812383129
2016-03-30,54.0930812383129
2016-03-31,54.0930812383129
2016-04-01,60.056098067733224
2016-04-02,60.056098067733224
2016-04-03,60.056098067733224
2016-04-04,60.056098067733224
2016-04-05,60.056098067733224
2016-04-06,60.056098067733224
2016-04-07,60.056098067733224
2016-04-08,60.056098067733224
2016-04-09,60.056098067733224
2016-04-10,60.056098067733224
2016-04-11,60.056098067733224
2016-04-12,60.056098067733224
2016-04-13,60.056098067733224
2016-04-14,60.056098067733224
2016-04-15,60.056098067733224
2016-04-16,60.056098067733224
2016-04-17,60.056098067733224
2016-04-18,60.056098067733224
2016-04-19,60.056098067733224
2016-04-20,60.056098067733224
2016-04-21,60.056098067733224
2016-04-22,60.056098067733224
2016-04-23,60.056098067733224
2016-04-24,60.056098067733224
2016-04-25,60.056098067733224
2016-04-26,60.056098067733224
2016-04-27,60.056098067733224
2016-04-28,60.056098067733224
2016-04-29,60.056098067733224
2016-04-30,60.056098067733224
2016-05-01,58.81986287138999
2016-05-02,58.81986287138999
2016-05-03,58.81986287138999
2016-05-04,58.81986287138999
2016-05-05,58.81986287138999
2016-05-06,58.81986287138999
2016-05-07,58.81986287138999
2016-05-08,58.81986287138999
2016-05-09,58.81986287138999
2016-05-10,58.81986287138999
2016-05-11,58.81986287138999
2016-05-12,58.81986287138999
2016-05-13,58.81986287138999
2016-05-14,58.81986287138999
2016-05-15,58.81986287138999
2016-05-16,58.81986287138999
2016-05-17,58.81986287138999
2016-05-18,58.81986287138999
2016-05-19,58.81986287138999
2016-05-20,58.81986287138999
2016-05-21,58.81986287138999
2016-05-22,58.81986287138999
2016-05-23,58.81986287138999
2016-05-24,58.81986287138999
2016-05-25,58.81986287138999
2016-05-26,58.81986287138999
2016-05-27,58.81986287138999
2016-05-28,58.81986287138999
2016-05-29,58.81986287138999
2016-05-30,58.81986287138999
2016-05-31,58.81986287138999
2016-06-01,60.36775399958446
2016-06-02,60.36775399958446
2016-06-03,60.36775399958446
2016-06-04,60.36775399958446
2016-06-05,60.36775399958446
2016-06-06,60.36775399958446
2016-06-07,60.36775399958446
2016-06-08,60.36775399958446
2016-06-09,60.36775399958446
2016-06-10,60.36775399958446
2016-06-11,60.36775399958446
2016-06-12,60.36775399958446
2016-06-13,60.36775399958446
2016-06-14,60.36775399958446
2016-06-15,60.36775399958446
2016-06-16,60.36775399958446
2016-06-17,60.36775399958446
2016-06-18,60.36775399958446
2016-06-19,60.36775399958446
2016-06-20,60.36775399958446
2016-06-21,60.36775399958446
2016-06-22,60.36775399958446
2016-06-23,60.36775399958446
2016-06-24,60.36775399958446
2016-06-25,60.36775399958446
2016-06-26,60.36775399958446
2016-06-27,60.36775399958446
2016-06-28,60.36775399958446
2016-06-29,60.36775399958446
2016-06-30,60.36775399958446
2016-07-01,62.902555578641184
2016-07-02,62.902555578641184
2016-07-03,62.902555578641184
2016-07-04,62.902555578641184
2016-07-05,62.902555578641184
2016-07-06,62.902555578641184
2016-07-07,62.902555578641184
2016-07-08,62.902555578641184
2016-07-09,62.902555578641184
2016-07-10,62.902555578641184
2016-07-11,62.902555578641184
2016-07-12,62.902555578641184
2016-07-13,62.902555578641184
2016-07-14,62.902555578641184
2016-07-15,62.902555578641184
2016-07-16,62.902555578641184
2016-07-17,62.902555578641184
2016-07-18,62.902555578641184
2016-07-19,62.902555578641184
2016-07-20,62.902555578641184
2016-07-21,62.902555578641184
2016-07-22,62.902555578641184
2016-07-23,62.902555578641184
2016-07-24,62.902555578641184
2016-07-25,62.902555578641184
2016-07-26,62.902555578641184
2016-07-27,62.902555578641184
2016-07-28,62.902555578641184
2016-07-29,62.902555578641184
2016-07-30,62.902555578641184
2016-07-31,62.902555578641184
2016-08-01,63.53625597340537
2016-08-02,63.53625597340537
2016-08-03,63.53625597340537
2016-08-04,63.53625597340537
2016-08-05,63.53625597340537
2016-08-06,63.53625597340537
2016-08-07,63.53625597340537
2016-08-08,63.53625597340537
2016-08-09,63.53625597340537
2016-08-10,63.53625597340537
2016-08-11,63.53625597340537
2016-08-12,63.53625597340537
2016-08-13,63.53625597340537
2016-08-14,63.53625597340537
2016-08-15,63.53625597340537
2016-08-16,63.53625597340537
2016-08-17,63.53625597340537
2016-08-18,63.53625597340537
2016-08-19,63.53625597340537
2016-08-20,63.53625597340537
2016-08-21,63.53625597340537
2016-08-22,63.53625597340537
2016-08-23,63.53625597340537
2016-08-24,63.53625597340537
2016-08-25,63.53625597340537
2016-08-26,63.53625597340537
2016-08-27,63.53625597340537
2016-08-28,63.53625597340537
2016-08-29,63.53625597340537
2016-08-30,63.53625597340537
2016-08-31,63.53625597340537
2016-09-01,61.31311032619987
2016-09-02,61.31311032619987
2016-09-03,61.31311032619987
2016-09-04,61.31311032619987
2016-09-05,61.31311032619987
2016-09-06,61.31311032619987
2016-09-07,61.31311032619987
2016-09-08,61.31311032619987
2016-09-09,61.31311032619987
2016-09-10,61.31311032619987
2016-09-11,61.31311032619987
2016-09-12,61.31311032619987
2016-09-13,61.31311032619987
2016-09-14,61.31311032619987
2016-09-15,61.31311032619987
2016-09-16,61.31311032619987
2016-09-17,61.31311032619987
2016-09-18,61.31311032619987
2016-09-19,61.31311032619987
2016-09-20,61.31311032619987
2016-09-21,61.31311032619987
2016-09-22,61.31311032619987
2016-09-23,61.31311032619987
2016-09-24,61.31311032619987
2016-09-25,61.31311032619987
2016-09-26,61.31311032619987
2016-09-27,61.31311032619987
2016-09-28,61.31311032619987
2016-09-29,61.31311032619987
2016-09-30,61.31311032619987
2016-10-01,55.65136089756908
2016-10-02,55.65136089756908
2016-10-03,55.65136089756908
2016-10-04,55.65136089756908
2016-10-05,55.65136089756908
2016-10-06,55.65136089756908
2016-10-07,55.65136089756908
2016-10-08,55.65136089756908
2016-10-09,55.65136089756908
2016-10-10,55.65136089756908
2016-10-11,55.65136089756908
2016-10-12,55.65136089756908
2016-10-13,55.65136089756908
2016-10-14,55.65136089756908
2016-10-15,55.65136089756908
2016-10-16,55.65136089756908
2016-10-17,55.65136089756908
2016-10-18,55.65136089756908
2016-10-19,55.65136089756908
2016-10-20,55.65136089756908
2016-10-21,55.65136089756908
2016-10-22,55.65136089756908
2016-10-23,55.65136089756908
2016-10-24,55.65136089756908
2016-10-25,55.65136089756908
2016-10-26,55.65136089756908
2016-10-27,55.65136089756908
2016-10-28,55.65136089756908
2016-10-29,55.65136089756908
2016-10-30,55.65136089756908
2016-10-31,55.65136089756908
2016-11-01,53.45938084354872
2016-11-02,53.45938084354872
2016-11-03,53.45938084354872
2016-11-04,53.45938084354872
2016-11-05,53.45938084354872
2016-11-06,53.45938084354872
2016-11-07,53.45938084354872
2016-11-08,53.45938084354872
2016-11-09,53.45938084354872
2016-11-10,53.45938084354872
2016-11-11,53.45938084354872
2016-11-12,53.45938084354872
2016-11-13,53.45938084354872
2016-11-14,53.45938084354872
2016-11-15,53.45938084354872
2016-11-16,53.45938084354872
2016-11-17,53.45938084354872
2016-11-18,53.45938084354872
2016-11-19,53.45938084354872
2016-11-20,53.45938084354872
2016-11-21,53.45938084354872
2016-11-22,53.45938084354872
2016-11-23,53.45938084354872
2016-11-24,53.45938084354872
2016-11-25,53.45938084354872
2016-11-26,53.45938084354872
2016-11-27,53.45938084354872
2016-11-28,53.45938084354872
2016-11-29,53.45938084354872
2016-11-30,53.45938084354872
2016-12-01,58.1861624766258
2016-12-02,58.1861624766258
2016-12-03,58.1861624766258
2016-12-04,58.1861624766258
2016-12-05,58.1861624766258
2016-12-06,58.1861624766258
2016-12-07,58.1861624766258
2016-12-08,58.1861624766258
2016-12-09,58.1861624766258
2016-12-10,58.1861624766258
2016-12-11,58.1861624766258
2016-12-12,58.1861624766258
2016-12-13,58.1861624766258
2016-12-14,58.1861624766258
2016-12-15,58.1861624766258
2016-12-16,58.1861624766258
2016-12-17,58.1861624766258
2016-12-18,58.1861624766258
2016-12-19,58.1861624766258
2016-12-20,58.1861624766258
2016-12-21,58.1861624766258
2016-12-22,58.1861624766258
2016-12-23,58.1861624766258
2016-12-24,58.1861624766258
2016-12-25,58.1861624766258
2016-12-26,58.1861624766258
2016-12-27,58.1861624766258
2016-12-28,58.1861624766258
2016-12-29,58.1861624766258
2016-12-30,58.1861624766258
2016-12-31,58.1861624766258
2017-01-01,55.97340536048203
2017-01-02,55.97340536048203
2017-01-03,55.97340536048203
2017-01-04,55.97340536048203
2017-01-05,55.97340536048203
2017-01-06,55.97340536048203
2017-01-07,55.97340536048203
2017-01-08,55.97340536048203
2017-01-09,55.97340536048203
2017-01-10,55.97340536048203
2017-01-11,55.97340536048203
2017-01-12,55.97340536048203
2017-01-13,55.97340536048203
2017-01-14,55.97340536048203
2017-01-15,55.97340536048203
2017-01-16,55.97340536048203
2017-01-17,55.97340536048203
2017-01-18,55.97340536048203
2017-01-19,55.97340536048203
2017-01-20,55.97340536048203
2017-01-21,55.97340536048203
2017-01-22,55.97340536048203
2017-01-23,55.97340536048203
2017-01-24,55.97340536048203
2017-01-25,55.97340536048203
2017-01-26,55.97340536048203
2017-01-27,55.97340536048203
2017-01-28,55.97340536048203
2017-01-29,55.97340536048203
2017-01-30,55.97340536048203
2017-01-31,55.97340536048203
2017-02-01,57.57323914398504
2017-02-02,57.57323914398504
2017-02-03,57.57323914398504
2017-02-04,57.57323914398504
2017-02-05,57.57323914398504
2017-02-06,57.57323914398504
2017-02-07,57.57323914398504
2017-02-08,57.57323914398504
2017-02-09,57.57323914398504
2017-02-10,57.57323914398504
2017-02-11,57.57323914398504
2017-02-12,57.57323914398504
2017-02-13,57.57323914398504
2017-02-14,57.57323914398504
2017-02-15,57.57323914398504
2017-02-16,57.57323914398504
2017-02-17,57.57323914398504
2017-02-18,57.57323914398504
2017-02-19,57.57323914398504
2017-02-20,57.57323914398504
2017-02-21,57.57323914398504
2017-02-22,57.57323914398504
2017-02-23,57.57323914398504
2017-02-24,57.57323914398504
2017-02-25,57.57323914398504
2017-02-26,57.57323914398504
2017-02-27,57.57323914398504
2017-02-28,57.57323914398504
2017-03-01,56.295449823394975
2017-03-02,56.295449823394975
2017-03-03,56.295449823394975
2017-03-04,56.295449823394975
2017-03-05,56.295449823394975
2017-03-06,56.295449823394975
2017-03-07,56.295449823394975
2017-03-08,56.295449823394975
2017-03-09,56.295449823394975
2017-03-10,56.295449823394975
2017-03-11,56.295449823394975
2017-03-12,56.295449823394975
2017-03-13,56.295449823394975
2017-03-14,56.295449823394975
2017-03-15,56.295449823394975
2017-03-16,56.295449823394975
2017-03-17,56.295449823394975
2017-03-18,56.295449823394975
2017-03-19,56.295449823394975
2017-03-20,56.295449823394975
2017-03-21,56.295449823394975
2017-03-22,56.295449823394975
2017-03-23,56.295449823394975
2017-03-24,56.295449823394975
2017-03-25,56.295449823394975
2017-03-26,56.295449823394975
2017-03-27,56.295449823394975
2017-03-28,56.295449823394975
2017-03-29,56.295449823394975
2017-03-30,56.295449823394975
2017-03-31,56.295449823394975
2017-04-01,52.20236858508207
2017-04-02,52.20236858508207
2017-04-03,52.20236858508207
2017-04-04,52.20236858508207
2017-04-05,52.20236858508207
2017-04-06,52.20236858508207
2017-04-07,52.20236858508207
2017-04-08,52.20236858508207
2017-04-09,52.20236858508207
2017-04-10,52.20236858508207
2017-04-11,52.20236858508207
2017-04-12,52.20236858508207
2017-04-13,52.20236858508207
2017-04-14,52.20236858508207
2017-04-15,52.20236858508207
2017-04-16,52.20236858508207
2017-04-17,52.20236858508207
2017-04-18,52.20236858508207
2017-04-19,52.20236858508207
2017-04-20,52.20236858508207
2017-04-21,52.20236858508207
2017-04-22,52.20236858508207
2017-04-23,52.20236858508207
2017-04-24,52.20236858508207
2017-04-25,52.20236858508207
2017-04-26,52.20236858508207
2017-04-27,52.20236858508207
2017-04-28,52.20236858508207
2017-04-29,52.20236858508207
2017-04-30,52.20236858508207
2017-05-01,53.13733638063578
2017-05-02,53.13733638063578
2017-05-03,53.13733638063578
2017-05-04,53.13733638063578
2017-05-05,53.13733638063578
2017-05-06,53.13733638063578
2017-05-07,53.13733638063578
2017-05-08,53.13733638063578
2017-05-09,53.13733638063578
2017-05-10,53.13733638063578
2017-05-11,53.13733638063578
2017-05-12,53.13733638063578
2017-05-13,53.13733638063578
2017-05-14,53.13733638063578
2017-05-15,53.13733638063578
2017-05-16,53.13733638063578
2017-05-17,53.13733638063578
2017-05-18,53.13733638063578
2017-05-19,53.13733638063578
2017-05-20,53.13733638063578
2017-05-21,53.13733638063578
2017-05-22,53.13733638063578
2017-05-23,53.13733638063578
2017-05-24,53.13733638063578
2017-05-25,53.13733638063578
2017-05-26,53.13733638063578
2017-05-27,53.13733638063578
2017-05-28,53.13733638063578
2017-05-29,53.13733638063578
2017-05-30,53.13733638063578
2017-05-31,53.13733638063578
2017-06-01,54.70600457095367
2017-06-02,54.70600457095367
2017-06-03,54.70600457095367
2017-06-04,54.70600457095367
2017-06-05,54.70600457095367
2017-06-06,54.70600457095367
2017-06-07,54.70600457095367
2017-06-08,54.70600457095367
2017-06-09,54.70600457095367
2017-06-10,54.70600457095367
2017-06-11,54.70600457095367
2017-06-12,54.70600457095367
2017-06-13,54.70600457095367
2017-06-14,54.70600457095367
2017-06-15,54.70600457095367
2017-06-16,54.70600457095367
2017-06-17,54.70600457095367
2017-06-18,54.70600457095367
2017-06-19,54.70600457095367
2017-06-20,54.70600457095367
2017-06-21,54.70600457095367
2017-06-22,54.70600457095367
2017-06-23,54.70600457095367
2017-06-24,54.70600457095367
2017-06-25,54.70600457095367
2017-06-26,54.70600457095367
2017-06-27,54.70600457095367
2017-06-28,54.70600457095367
2017-06-29,54.70600457095367
2017-06-30,54.70600457095367
2017-07-01,53.77103677539996
2017-07-02,53.77103677539996
2017-07-03,53.77103677539996
2017-07-04,53.77103677539996
2017-07-05,53.77103677539996
2017-07-06,53.77103677539996
2017-07-07,53.77103677539996
2017-07-08,53.77103677539996
2017-07-09,53.77103677539996
2017-07-10,53.77103677539996
2017-07-11,53.77103677539996
2017-07-12,53.77103677539996
2017-07-13,53.77103677539996
2017-07-14,53.77103677539996
2017-07-15,53.77103677539996
2017-07-16,53.77103677539996
2017-07-17,53.77103677539996
2017-07-18,53.77103677539996
2017-07-19,53.77103677539996
2017-07-20,53.77103677539996
2017-07-21,53.77103677539996
2017-07-22,53.77103677539996
2017-07-23,53.77103677539996
2017-07-24,53.77103677539996
2017-07-25,53.77103677539996
2017-07-26,53.77103677539996
2017-07-27,53.77103677539996
2017-07-28,53.77103677539996
2017-07-29,53.77103677539996
2017-07-30,53.77103677539996
2017-07-31,53.77103677539996
2017-08-01,51.88032412216913
2017-08-02,51.88032412216913
2017-08-03,51.88032412216913
2017-08-04,51.88032412216913
2017-08-05,51.88032412216913
2017-08-06,51.88032412216913
2017-08-07,51.88032412216913
2017-08-08,51.88032412216913
2017-08-09,51.88032412216913
2017-08-10,51.88032412216913
2017-08-11,51.88032412216913
2017-08-12,51.88032412216913
2017-08-13,51.88032412216913
2017-08-14,51.88032412216913
2017-08-15,51.88032412216913
2017-08-16,51.88032412216913
2017-08-17,51.88032412216913
2017-08-18,51.88032412216913
2017-08-19,51.88032412216913
2017-08-20,51.88032412216913
2017-08-21,51.88032412216913
2017-08-22,51.88032412216913
2017-08-23,51.88032412216913
2017-08-24,51.88032412216913
2017-08-25,51.88032412216913
2017-08-26,51.88032412216913
2017-08-27,51.88032412216913
2017-08-28,51.88032412216913
2017-08-29,51.88032412216913
2017-08-30,51.88032412216913
2017-08-31,51.88032412216913
2017-09-01,52.82568044878454
2017-09-02,52.82568044878454
2017-09-03,52.82568044878454
2017-09-04,52.82568044878454
2017-09-05,52.82568044878454
2017-09-06,52.82568044878454
2017-09-07,52.82568044878454
2017-09-08,52.82568044878454
2017-09-09,52.82568044878454
2017-09-10,52.82568044878454
2017-09-11,52.82568044878454
2017-09-12,52.82568044878454
2017-09-13,52.82568044878454
2017-09-14,52.82568044878454
2017-09-15,52.82568044878454
2017-09-16,52.82568044878454
2017-09-17,52.82568044878454
2017-09-18,52.82568044878454
2017-09-19,52.82568044878454
2017-09-20,52.82568044878454
2017-09-21,52.82568044878454
2017-09-22,52.82568044878454
2017-09-23,52.82568044878454
2017-09-24,52.82568044878454
2017-09-25,52.82568044878454
2017-09-26,52.82568044878454
2017-09-27,52.82568044878454
2017-09-28,52.82568044878454
2017-09-29,52.82568044878454
2017-09-30,52.82568044878454
2017-10-01,57.25119468107209
2017-10-02,57.25119468107209
2017-10-03,57.25119468107209
2017-10-04,57.25119468107209
2017-10-05,57.25119468107209
2017-10-06,57.25119468107209
2017-10-07,57.25119468107209
2017-10-08,57.25119468107209
2017-10-09,57.25119468107209
2017-10-10,57.25119468107209
2017-10-11,57.25119468107209
2017-10-12,57.25119468107209
2017-10-13,57.25119468107209
2017-10-14,57.25119468107209
2017-10-15,57.25119468107209
2017-10-16,57.25119468107209
2017-10-17,57.25119468107209
2017-10-18,57.25119468107209
2017-10-19,57.25119468107209
2017-10-20,57.25119468107209
2017-10-21,57.25119468107209
2017-10-22,57.25119468107209
2017-10-23,57.25119468107209
2017-10-24,57.25119468107209
2017-10-25,57.25119468107209
2017-10-26,57.25119468107209
2017-10-27,57.25119468107209
2017-10-28,57.25119468107209
2017-10-29,57.25119468107209
2017-10-30,57.25119468107209
2017-10-31,57.25119468107209
2017-11-01,58.50820693953875
2017-11-02,58.50820693953875
2017-11-03,58.50820693953875
2017-11-04,58.50820693953875
2017-11-05,58.50820693953875
2017-11-06,58.50820693953875
2017-11-07,58.50820693953875
2017-11-08,58.50820693953875
2017-11-09,58.50820693953875
2017-11-10,58.50820693953875
2017-11-11,58.50820693953875
2017-11-12,58.50820693953875
2017-11-13,58.50820693953875
2017-11-14,58.50820693953875
2017-11-15,58.50820693953875
2017-11-16,58.50820693953875
2017-11-17,58.50820693953875
2017-11-18,58.50820693953875
2017-11-19,58.50820693953875
2017-11-20,58.50820693953875
2017-11-21,58.50820693953875
2017-11-22,58.50820693953875
2017-11-23,58.50820693953875
2017-11-24,58.50820693953875
2017-11-25,58.50820693953875
2017-11-26,58.50820693953875
2017-11-27,58.50820693953875
2017-11-28,58.50820693953875
2017-11-29,58.50820693953875
2017-11-30,58.50820693953875
2017-12-01,61.62476625805111
2017-12-02,61.62476625805111
2017-12-03,61.62476625805111
2017-12-04,61.62476625805111
2017-12-05,61.62476625805111
2017-12-06,61.62476625805111
2017-12-07,61.62476625805111
2017-12-08,61.62476625805111
2017-12-09,61.62476625805111
2017-12-10,61.62476625805111
2017-12-11,61.62476625805111
2017-12-12,61.62476625805111
2017-12-13,61.62476625805111
2017-12-14,61.62476625805111
2017-12-15,61.62476625805111
2017-12-16,61.62476625805111
2017-12-17,61.62476625805111
2017-12-18,61.62476625805111
2017-12-19,61.62476625805111
2017-12-20,61.62476625805111
2017-12-21,61.62476625805111
2017-12-22,61.62476625805111
2017-12-23,61.62476625805111
2017-12-24,61.62476625805111
2017-12-25,61.62476625805111
2017-12-26,61.62476625805111
2017-12-27,61.62476625805111
2017-12-28,61.62476625805111
2017-12-29,61.62476625805111
2017-12-30,61.62476625805111
2017-12-31,61.62476625805111
2018-01-01,65.13608975690838
2018-01-02,65.13608975690838
2018-01-03,65.13608975690838
2018-01-04,65.13608975690838
2018-01-05,65.13608975690838
2018-01-06,65.13608975690838
2018-01-07,65.13608975690838
2018-01-08,65.13608975690838
2018-01-09,65.13608975690838
2018-01-10,65.13608975690838
2018-01-11,65.13608975690838
2018-01-12,65.13608975690838
2018-01-13,65.13608975690838
2018-01-14,65.13608975690838
2018-01-15,65.13608975690838
2018-01-16,65.13608975690838
2018-01-17,65.13608975690838
2018-01-18,65.13608975690838
2018-01-19,65.13608975690838
2018-01-20,65.13608975690838
2018-01-21,65.13608975690838
2018-01-22,65.13608975690838
2018-01-23,65.13608975690838
2018-01-24,65.13608975690838
2018-01-25,65.13608975690838
2018-01-26,65.13608975690838
2018-01-27,65.13608975690838
2018-01-28,65.13608975690838
2018-01-29,65.13608975690838
2018-01-30,65.13608975690838
2018-01-31,65.13608975690838
2018-02-01,59.141907334302935
2018-02-02,59.141907334302935
2018-02-03,59.141907334302935
2018-02-04,59.141907334302935
2018-02-05,59.141907334302935
2018-02-06,59.141907334302935
2018-02-07,59.141907334302935
2018-02-08,59.141907334302935
2018-02-09,59.141907334302935
2018-02-10,59.141907334302935
2018-02-11,59.141907334302935
2018-02-12,59.141907334302935
2018-02-13,59.141907334302935
2018-02-14,59.141907334302935
2018-02-15,59.141907334302935
2018-02-16,59.141907334302935
2018-02-17,59.141907334302935
2018-02-18,59.141907334302935
2018-02-19,59.141907334302935
2018-02-20,59.141907334302935
2018-02-21,59.141907334302935
2018-02-22,59.141907334302935
2018-02-23,59.141907334302935
2018-02-24,59.141907334302935
2018-02-25,59.141907334302935
2018-02-26,59.141907334302935
2018-02-27,59.141907334302935
2018-02-28,59.141907334302935
2018-03-01,55.0176605028049
2018-03-02,55.0176605028049
2018-03-03,55.0176605028049
2018-03-04,55.0176605028049
2018-03-05,55.0176605028049
2018-03-06,55.0176605028049
2018-03-07,55.0176605028049
2018-03-08,55.0176605028049
2018-03-09,55.0176605028049
2018-03-10,55.0176605028049
2018-03-11,55.0176605028049
2018-03-12,55.0176605028049
2018-03-13,55.0176605028049
2018-03-14,55.0176605028049
2018-03-15,55.0176605028049
2018-03-16,55.0176605028049
2018-03-17,55.0176605028049
2018-03-18,55.0176605028049
2018-03-19,55.0176605028049
2018-03-20,55.0176605028049
2018-03-21,55.0176605028049
2018-03-22,55.0176605028049
2018-03-23,55.0176605028049
2018-03-24,55.0176605028049
2018-03-25,55.0176605028049
2018-03-26,55.0176605028049
2018-03-27,55.0176605028049
2018-03-28,55.0176605028049
2018-03-29,55.0176605028049
2018-03-30,55.0176605028049
2018-03-31,55.0176605028049
2018-04-01,47.72491169748598
2018-04-02,47.72491169748598
2018-04-03,47.72491169748598
2018-04-04,47.72491169748598
2018-04-05,47.72491169748598
2018-04-06,47.72491169748598
2018-04-07,47.72491169748598
2018-04-08,47.72491169748598
2018-04-09,47.72491169748598
2018-04-10,47.72491169748598
2018-04-11,47.72491169748598
2018-04-12,47.72491169748598
2018-04-13,47.72491169748598
2018-04-14,47.72491169748598
2018-04-15,47.72491169748598
2018-04-16,47.72491169748598
2018-04-17,47.72491169748598
2018-04-18,47.72491169748598
2018-04-19,47.72491169748598
2018-04-20,47.72491169748598
2018-04-21,47.72491169748598
2018-04-22,47.72491169748598
2018-04-23,47.72491169748598
2018-04-24,47.72491169748598
2018-04-25,47.72491169748598
2018-04-26,47.72491169748598
2018-04-27,47.72491169748598
2018-04-28,47.72491169748598
2018-04-29,47.72491169748598
2018-04-30,47.72491169748598
2018-05-01,47.091211302721796
2018-05-02,47.091211302721796
2018-05-03,47.091211302721796
2018-05-04,47.091211302721796
2018-05-05,47.091211302721796
2018-05-06,47.091211302721796
2018-05-07,47.091211302721796
2018-05-08,47.091211302721796
2018-05-09,47.091211302721796
2018-05-10,47.091211302721796
2018-05-11,47.091211302721796
2018-05-12,47.091211302721796
2018-05-13,47.091211302721796
2018-05-14,47.091211302721796
2018-05-15,47.091211302721796
2018-05-16,47.091211302721796
2018-05-17,47.091211302721796
2018-05-18,47.091211302721796
2018-05-19,47.091211302721796
2018-05-20,47.091211302721796
2018-05-21,47.091211302721796
2018-05-22,47.091211302721796
2018-05-23,47.091211302721796
2018-05-24,47.091211302721796
2018-05-25,47.091211302721796
2018-05-26,47.091211302721796
2018-05-27,47.091211302721796
2018-05-28,47.091211302721796
2018-05-29,47.091211302721796
2018-05-30,47.091211302721796
2018-05-31,47.091211302721796
2018-06-01,47.41325576563474
2018-06-02,47.41325576563474
2018-06-03,47.41325576563474
2018-06-04,47.41325576563474
2018-06-05,47.41325576563474
2018-06-06,47.41325576563474
2018-06-07,47.41325576563474
2018-06-08,47.41325576563474
2018-06-09,47.41325576563474
2018-06-10,47.41325576563474
2018-06-11,47.41325576563474
2018-06-12,47.41325576563474
2018-06-13,47.41325576563474
2018-06-14,47.41325576563474
2018-06-15,47.41325576563474
2018-06-16,47.41325576563474
2018-06-17,47.41325576563474
2018-06-18,47.41325576563474
2018-06-19,47.41325576563474
2018-06-20,47.41325576563474
2018-06-21,47.41325576563474
2018-06-22,47.41325576563474
2018-06-23,47.41325576563474
2018-06-24,47.41325576563474
2018-06-25,47.41325576563474
2018-06-26,47.41325576563474
2018-06-27,47.41325576563474
2018-06-28,47.41325576563474
2018-06-29,47.41325576563474
2018-06-30,47.41325576563474
2018-07-01,44.5875753168502
2018-07-02,44.5875753168502
2018-07-03,44.5875753168502
2018-07-04,44.5875753168502
2018-07-05,44.5875753168502
2018-07-06,44.5875753168502
2018-07-07,44.5875753168502
2018-07-08,44.5875753168502
2018-07-09,44.5875753168502
2018-07-10,44.5875753168502
2018-07-11,44.5875753168502
2018-07-12,44.5875753168502
2018-07-13,44.5875753168502
2018-07-14,44.5875753168502
2018-07-15,44.5875753168502
2018-07-16,44.5875753168502
2018-07-17,44.5875753168502
2018-07-18,44.5875753168502
2018-07-19,44.5875753168502
2018-07-20,44.5875753168502
2018-07-21,44.5875753168502
2018-07-22,44.5875753168502
2018-07-23,44.5875753168502
2018-07-24,44.5875753168502
2018-07-25,44.5875753168502
2018-07-26,44.5875753168502
2018-07-27,44.5875753168502
2018-07-28,44.5875753168502
2018-07-29,44.5875753168502
2018-07-30,44.5875753168502
2018-07-31,44.5875753168502
2018-08-01,45.23166424267608
2018-08-02,45.23166424267608
2018-08-03,45.23166424267608
2018-08-04,45.23166424267608
2018-08-05,45.23166424267608
2018-08-06,45.23166424267608
2018-08-07,45.23166424267608
2018-08-08,45.23166424267608
2018-08-09,45.23166424267608
2018-08-10,45.23166424267608
2018-08-11,45.23166424267608
2018-08-12,45.23166424267608
2018-08-13,45.23166424267608
2018-08-14,45.23166424267608
2018-08-15,45.23166424267608
2018-08-16,45.23166424267608
2018-08-17,45.23166424267608
2018-08-18,45.23166424267608
2018-08-19,45.23166424267608
2018-08-20,45.23166424267608
2018-08-21,45.23166424267608
2018-08-22,45.23166424267608
2018-08-23,45.23166424267608
2018-08-24,45.23166424267608
2018-08-25,45.23166424267608
2018-08-26,45.23166424267608
2018-08-27,45.23166424267608
2018-08-28,45.23166424267608
2018-08-29,45.23166424267608
2018-08-30,45.23166424267608
2018-08-31,45.23166424267608
2018-09-01,43.953874922086015
2018-09-02,43.953874922086015
2018-09-03,43.953874922086015
2018-09-04,43.953874922086015
2018-09-05,43.953874922086015
2018-09-06,43.953874922086015
2018-09-07,43.953874922086015
2018-09-08,43.953874922086015
2018-09-09,43.953874922086015
2018-09-10,43.953874922086015
2018-09-11,43.953874922086015
2018-09-12,43.953874922086015
2018-09-13,43.953874922086015
2018-09-14,43.953874922086015
2018-09-15,43.953874922086015
2018-09-16,43.953874922086015
2018-09-17,43.953874922086015
2018-09-18,43.953874922086015
2018-09-19,43.953874922086015
2018-09-20,43.953874922086015
2018-09-21,43.953874922086015
2018-09-22,43.953874922086015
2018-09-23,43.953874922086015
2018-09-24,43.953874922086015
2018-09-25,43.953874922086015
2018-09-26,43.953874922086015
2018-09-27,43.953874922086015
2018-09-28,43.953874922086015
2018-09-29,43.953874922086015
2018-09-30,43.953874922086015
2018-10-01,37.29482651153127
2018-10-02,37.29482651153127
2018-10-03,37.29482651153127
2018-10-04,37.29482651153127
2018-10-05,37.29482651153127
2018-10-06,37.29482651153127
2018-10-07,37.29482651153127
2018-10-08,37.29482651153127
2018-10-09,37.29482651153127
2018-10-10,37.29482651153127
2018-10-11,37.29482651153127
2018-10-12,37.29482651153127
2018-10-13,37.29482651153127
2018-10-14,37.29482651153127
2018-10-15,37.29482651153127
2018-10-16,37.29482651153127
2018-10-17,37.29482651153127
2018-10-18,37.29482651153127
2018-10-19,37.29482651153127
2018-10-20,37.29482651153127
2018-10-21,37.29482651153127
2018-10-22,37.29482651153127
2018-10-23,37.29482651153127
2018-10-24,37.29482651153127
2018-10-25,37.29482651153127
2018-10-26,37.29482651153127
2018-10-27,37.29482651153127
2018-10-28,37.29482651153127
2018-10-29,37.29482651153127
2018-10-30,37.29482651153127
2018-10-31,37.29482651153127
2018-11-01,34.136713068772075
2018-11-02,34.136713068772075
2018-11-03,34.136713068772075
2018-11-04,34.136713068772075
2018-11-05,34.136713068772075
2018-11-06,34.136713068772075
2018-11-07,34.136713068772075
2018-11-08,34.136713068772075
2018-11-09,34.136713068772075
2018-11-10,34.136713068772075
2018-11-11,34.136713068772075
2018-11-12,34.136713068772075
2018-11-13,34.136713068772075
2018-11-14,34.136713068772075
2018-11-15,34.136713068772075
2018-11-16,34.136713068772075
2018-11-17,34.136713068772075
2018-11-18,34.136713068772075
2018-11-19,34.136713068772075
2018-11-20,34.136713068772075
2018-11-21,34.136713068772075
2018-11-22,34.136713068772075
2018-11-23,34.136713068772075
2018-11-24,34.136713068772075
2018-11-25,34.136713068772075
2018-11-26,34.136713068772075
2018-11-27,34.136713068772075
2018-11-28,34.136713068772075
2018-11-29,34.136713068772075
2018-11-30,34.136713068772075
2018-12-01,28.45418657801787
2018-12-02,28.45418657801787
2018-12-03,28.45418657801787
2018-12-04,28.45418657801787
2018-12-05,28.45418657801787
2018-12-06,28.45418657801787
2018-12-07,28.45418657801787
2018-12-08,28.45418657801787
2018-12-09,28.45418657801787
2018-12-10,28.45418657801787
2018-12-11,28.45418657801787
2018-12-12,28.45418657801787
2018-12-13,28.45418657801787
2018-12-14,28.45418657801787
2018-12-15,28.45418657801787
2018-12-16,28.45418657801787
2018-12-17,28.45418657801787
2018-12-18,28.45418657801787
2018-12-19,28.45418657801787
2018-12-20,28.45418657801787
2018-12-21,28.45418657801787
2018-12-22,28.45418657801787
2018-12-23,28.45418657801787
2018-12-24,28.45418657801787
2018-12-25,28.45418657801787
2018-12-26,28.45418657801787
2018-12-27,28.45418657801787
2018-12-28,28.45418657801787
2018-12-29,28.45418657801787
2018-12-30,28.45418657801787
2018-12-31,28.45418657801787
2019-01-01,29.098275503843755
2019-01-02,29.098275503843755
2019-01-03,29.098275503843755
2019-01-04,29.098275503843755
2019-01-05,29.098275503843755
2019-01-06,29.098275503843755
2019-01-07,29.098275503843755
2019-01-08,29.098275503843755
2019-01-09,29.098275503843755
2019-01-10,29.098275503843755
2019-01-11,29.098275503843755
2019-01-12,29.098275503843755
2019-01-13,29.098275503843755
2019-01-14,29.098275503843755
2019-01-15,29.098275503843755
2019-01-16,29.098275503843755
2019-01-17,29.098275503843755
2019-01-18,29.098275503843755
2019-01-19,29.098275503843755
2019-01-20,29.098275503843755
2019-01-21,29.098275503843755
2019-01-22,29.098275503843755
2019-01-23,29.098275503843755
2019-01-24,29.098275503843755
2019-01-25,29.098275503843755
2019-01-26,29.098275503843755
2019-01-27,29.098275503843755
2019-01-28,29.098275503843755
2019-01-29,29.098275503843755
2019-01-30,29.098275503843755
2019-01-31,29.098275503843755
2019-02-01,33.845834199044255
2019-02-02,33.845834199044255
2019-02-03,33.845834199044255
2019-02-04,33.845834199044255
2019-02-05,33.845834199044255
2019-02-06,33.845834199044255
2019-02-07,33.845834199044255
2019-02-08,33.845834199044255
2019-02-09,33.845834199044255
2019-02-10,33.845834199044255
2019-02-11,33.845834199044255
2019-02-12,33.845834199044255
2019-02-13,33.845834199044255
2019-02-14,33.845834199044255
2019-02-15,33.845834199044255
2019-02-16,33.845834199044255
2019-02-17,33.845834199044255
2019-02-18,33.845834199044255
2019-02-19,33.845834199044255
2019-02-20,33.845834199044255
2019-02-21,33.845834199044255
2019-02-22,33.845834199044255
2019-02-23,33.845834199044255
2019-02-24,33.845834199044255
2019-02-25,33.845834199044255
2019-02-26,33.845834199044255
2019-02-27,33.845834199044255
2019-02-28,33.845834199044255
2019-03-01,36.0170371909412
2019-03-02,36.0170371909412
2019-03-03,36.0170371909412
2019-03-04,36.0170371909412
2019-03-05,36.0170371909412
2019-03-06,36.0170371909412
2019-03-07,36.0170371909412
2019-03-08,36.0170371909412
2019-03-09,36.0170371909412
2019-03-10,36.0170371909412
2019-03-11,36.0170371909412
2019-03-12,36.0170371909412
2019-03-13,36.0170371909412
2019-03-14,36.0170371909412
2019-03-15,36.0170371909412
2019-03-16,36.0170371909412
2019-03-17,36.0170371909412
2019-03-18,36.0170371909412
2019-03-19,36.0170371909412
2019-03-20,36.0170371909412
2019-03-21,36.0170371909412
2019-03-22,36.0170371909412
2019-03-23,36.0170371909412
2019-03-24,36.0170371909412
2019-03-25,36.0170371909412
2019-03-26,36.0170371909412
2019-03-27,36.0170371909412
2019-03-28,36.0170371909412
2019-03-29,36.0170371909412
2019-03-30,36.0170371909412
2019-03-31,36.0170371909412
2019-04-01,38.87388323291086
2019-04-02,38.87388323291086
2019-04-03,38.87388323291086
2019-04-04,38.87388323291086
2019-04-05,38.87388323291086
2019-04-06,38.87388323291086
2019-04-07,38.87388323291086
2019-04-08,38.87388323291086
2019-04-09,38.87388323291086
2019-04-10,38.87388323291086
2019-04-11,38.87388323291086
2019-04-12,38.87388323291086
2019-04-13,38.87388323291086
2019-04-14,38.87388323291086
2019-04-15,38.87388323291086
2019-04-16,38.87388323291086
2019-04-17,38.87388323291086
2019-04-18,38.87388323291086
2019-04-19,38.87388323291086
2019-04-20,38.87388323291086
2019-04-21,38.87388323291086
2019-04-22,38.87388323291086
2019-04-23,38.87388323291086
2019-04-24,38.87388323291086
2019-04-25,38.87388323291086
2019-04-26,38.87388323291086
2019-04-27,38.87388323291086
2019-04-28,38.87388323291086
2019-04-29,38.87388323291086
2019-04-30,38.87388323291086
2019-05-01,36.66112611676709
2019-05-02,36.66112611676709
2019-05-03,36.66112611676709
2019-05-04,36.66112611676709
2019-05-05,36.66112611676709
2019-05-06,36.66112611676709
2019-05-07,36.66112611676709
2019-05-08,36.66112611676709
2019-05-09,36.66112611676709
2019-05-10,36.66112611676709
2019-05-11,36.66112611676709
2019-05-12,36.66112611676709
2019-05-13,36.66112611676709
2019-05-14,36.66112611676709
2019-05-15,36.66112611676709
2019-05-16,36.66112611676709
2019-05-17,36.66112611676709
2019-05-18,36.66112611676709
2019-05-19,36.66112611676709
2019-05-20,36.66112611676709
2019-05-21,36.66112611676709
2019-05-22,36.66112611676709
2019-05-23,36.66112611676709
2019-05-24,36.66112611676709
2019-05-25,36.66112611676709
2019-05-26,36.66112611676709
2019-05-27,36.66112611676709
2019-05-28,36.66112611676709
2019-05-29,36.66112611676709
2019-05-30,36.66112611676709
2019-05-31,36.66112611676709
2019-06-01,37.61687097444421
2019-06-02,37.61687097444421
2019-06-03,37.61687097444421
2019-06-04,37.61687097444421
2019-06-05,37.61687097444421
2019-06-06,37.61687097444421
2019-06-07,37.61687097444421
2019-06-08,37.61687097444421
2019-06-09,37.61687097444421
2019-06-10,37.61687097444421
2019-06-11,37.61687097444421
2019-06-12,37.61687097444421
2019-06-13,37.61687097444421
2019-06-14,37.61687097444421
2019-06-15,37.61687097444421
2019-06-16,37.61687097444421
2019-06-17,37.61687097444421
2019-06-18,37.61687097444421
2019-06-19,37.61687097444421
2019-06-20,37.61687097444421
2019-06-21,37.61687097444421
2019-06-22,37.61687097444421
2019-06-23,37.61687097444421
2019-06-24,37.61687097444421
2019-06-25,37.61687097444421
2019-06-26,37.61687097444421
2019-06-27,37.61687097444421
2019-06-28,37.61687097444421
2019-06-29,37.61687097444421
2019-06-30,37.61687097444421
2019-07-01,44.26553085393725
2019-07-02,44.26553085393725
2019-07-03,44.26553085393725
2019-07-04,44.26553085393725
2019-07-05,44.26553085393725
2019-07-06,44.26553085393725
2019-07-07,44.26553085393725
2019-07-08,44.26553085393725
2019-07-09,44.26553085393725
2019-07-10,44.26553085393725
2019-07-11,44.26553085393725
2019-07-12,44.26553085393725
2019-07-13,44.26553085393725
2019-07-14,44.26553085393725
2019-07-15,44.26553085393725
2019-07-16,44.26553085393725
2019-07-17,44.26553085393725
2019-07-18,44.26553085393725
2019-07-19,44.26553085393725
2019-07-20,44.26553085393725
2019-07-21,44.26553085393725
2019-07-22,44.26553085393725
2019-07-23,44.26553085393725
2019-07-24,44.26553085393725
2019-07-25,44.26553085393725
2019-07-26,44.26553085393725
2019-07-27,44.26553085393725
2019-07-28,44.26553085393725
2019-07-29,44.26553085393725
2019-07-30,44.26553085393725
2019-07-31,44.26553085393725
2019-08-01,39.50758362767505
2019-08-02,39.50758362767505
2019-08-03,39.50758362767505
2019-08-04,39.50758362767505
2019-08-05,39.50758362767505
2019-08-06,39.50758362767505
2019-08-07,39.50758362767505
2019-08-08,39.50758362767505
2019-08-09,39.50758362767505
2019-08-10,39.50758362767505
2019-08-11,39.50758362767505
2019-08-12,39.50758362767505
2019-08-13,39.50758362767505
2019-08-14,39.50758362767505
2019-08-15,39.50758362767505
2019-08-16,39.50758362767505
2019-08-17,39.50758362767505
2019-08-18,39.50758362767505
2019-08-19,39.50758362767505
2019-08-20,39.50758362767505
2019-08-21,39.50758362767505
2019-08-22,39.50758362767505
2019-08-23,39.50758362767505
2019-08-24,39.50758362767505
2019-08-25,39.50758362767505
2019-08-26,39.50758362767505
2019-08-27,39.50758362767505
2019-08-28,39.50758362767505
2019-08-29,39.50758362767505
2019-08-30,39.50758362767505
2019-08-31,39.50758362767505
2019-09-01,46.47828797008103
2019-09-02,46.47828797008103
2019-09-03,46.47828797008103
2019-09-04,46.47828797008103
2019-09-05,46.47828797008103
2019-09-06,46.47828797008103
2019-09-07,46.47828797008103
2019-09-08,46.47828797008103
2019-09-09,46.47828797008103
2019-09-10,46.47828797008103
2019-09-11,46.47828797008103
2019-09-12,46.47828797008103
2019-09-13,46.47828797008103
2019-09-14,46.47828797008103
2019-09-15,46.47828797008103
2019-09-16,46.47828797008103
2019-09-17,46.47828797008103
2019-09-18,46.47828797008103
2019-09-19,46.47828797008103
2019-09-20,46.47828797008103
2019-09-21,46.47828797008103
2019-09-22,46.47828797008103
2019-09-23,46.47828797008103
2019-09-24,46.47828797008103
2019-09-25,46.47828797008103
2019-09-26,46.47828797008103
2019-09-27,46.47828797008103
2019-09-28,46.47828797008103
2019-09-29,46.47828797008103
2019-09-30,46.47828797008103
2019-10-01,41.720340743818824
2019-10-02,41.720340743818824
2019-10-03,41.720340743818824
2019-10-04,41.720340743818824
2019-10-05,41.720340743818824
2019-10-06,41.720340743818824
2019-10-07,41.720340743818824
2019-10-08,41.720340743818824
2019-10-09,41.720340743818824
2019-10-10,41.720340743818824
2019-10-11,41.720340743818824
2019-10-12,41.720340743818824
2019-10-13,41.720340743818824
2019-10-14,41.720340743818824
2019-10-15,41.720340743818824
2019-10-16,41.720340743818824
2019-10-17,41.720340743818824
2019-10-18,41.720340743818824
2019-10-19,41.720340743818824
2019-10-20,41.720340743818824
2019-10-21,41.720340743818824
2019-10-22,41.720340743818824
2019-10-23,41.720340743818824
2019-10-24,41.720340743818824
2019-10-25,41.720340743818824
2019-10-26,41.720340743818824
2019-10-27,41.720340743818824
2019-10-28,41.720340743818824
2019-10-29,41.720340743818824
2019-10-30,41.720340743818824
2019-10-31,41.720340743818824
2019-11-01,48.03656762933721
2019-11-02,48.03656762933721
2019-11-03,48.03656762933721
2019-11-04,48.03656762933721
2019-11-05,48.03656762933721
2019-11-06,48.03656762933721
2019-11-07,48.03656762933721
2019-11-08,48.03656762933721
2019-11-09,48.03656762933721
2019-11-10,48.03656762933721
2019-11-11,48.03656762933721
2019-11-12,48.03656762933721
2019-11-13,48.03656762933721
2019-11-14,48.03656762933721
2019-11-15,48.03656762933721
2019-11-16,48.03656762933721
2019-11-17,48.03656762933721
2019-11-18,48.03656762933721
2019-11-19,48.03656762933721
2019-11-20,48.03656762933721
2019-11-21,48.03656762933721
2019-11-22,48.03656762933721
2019-11-23,48.03656762933721
2019-11-24,48.03656762933721
2019-11-25,48.03656762933721
2019-11-26,48.03656762933721
2019-11-27,48.03656762933721
2019-11-28,48.03656762933721
2019-11-29,48.03656762933721
2019-11-30,48.03656762933721
2019-12-01,49.63640141284023
2019-12-02,49.63640141284023
2019-12-03,49.63640141284023
2019-12-04,49.63640141284023
2019-12-05,49.63640141284023
2019-12-06,49.63640141284023
2019-12-07,49.63640141284023
2019-12-08,49.63640141284023
2019-12-09,49.63640141284023
2019-12-10,49.63640141284023
2019-12-11,49.63640141284023
2019-12-12,49.63640141284023
2019-12-13,49.63640141284023
2019-12-14,49.63640141284023
2019-12-15,49.63640141284023
2019-12-16,49.63640141284023
2019-12-17,49.63640141284023
2019-12-18,49.63640141284023
2019-12-19,49.63640141284023
2019-12-20,49.63640141284023
2019-12-21,49.63640141284023
2019-12-22,49.63640141284023
2019-12-23,49.63640141284023
2019-12-24,49.63640141284023
2019-12-25,49.63640141284023
2019-12-26,49.63640141284023
2019-12-27,49.63640141284023
2019-12-28,49.63640141284023
2019-12-29,49.63640141284023
2019-12-30,49.63640141284023
2019-12-31,49.63640141284023
2020-01-01,64.5023893621442
2020-01-02,64.5023893621442
2020-01-03,64.5023893621442
2020-01-04,64.5023893621442
2020-01-05,64.5023893621442
2020-01-06,64.5023893621442
2020-01-07,64.5023893621442
2020-01-08,64.5023893621442
2020-01-09,64.5023893621442
2020-01-10,64.5023893621442
2020-01-11,64.5023893621442
2020-01-12,64.5023893621442
2020-01-13,64.5023893621442
2020-01-14,64.5023893621442
2020-01-15,64.5023893621442
2020-01-16,64.5023893621442
2020-01-17,64.5023893621442
2020-01-18,64.5023893621442
2020-01-19,64.5023893621442
2020-01-20,64.5023893621442
2020-01-21,64.5023893621442
2020-01-22,64.5023893621442
2020-01-23,64.5023893621442
2020-01-24,64.5023893621442
2020-01-25,64.5023893621442
2020-01-26,64.5023893621442
2020-01-27,64.5023893621442
2020-01-28,64.5023893621442
2020-01-29,64.5023893621442
2020-01-30,64.5023893621442
2020-01-31,64.5023893621442
2020-02-01,68.94868065655515
2020-02-02,68.94868065655515
2020-02-03,68.94868065655515
2020-02-04,68.94868065655515
2020-02-05,68.94868065655515
2020-02-06,68.94868065655515
2020-02-07,68.94868065655515
2020-02-08,68.94868065655515
2020-02-09,68.94868065655515
2020-02-10,68.94868065655515
2020-02-11,68.94868065655515
2020-02-12,68.94868065655515
2020-02-13,68.94868065655515
2020-02-14,68.94868065655515
2020-02-15,68.94868065655515
2020-02-16,68.94868065655515
2020-02-17,68.94868065655515
2020-02-18,68.94868065655515
2020-02-19,68.94868065655515
2020-02-20,68.94868065655515
2020-02-21,68.94868065655515
2020-02-22,68.94868065655515
2020-02-23,68.94868065655515
2020-02-24,68.94868065655515
2020-02-25,68.94868065655515
2020-02-26,68.94868065655515
2020-02-27,68.94868065655515
2020-02-28,68.94868065655515
2020-02-29,68.94868065655515
2020-03-01,50.28049033866612
2020-03-02,50.28049033866612
2020-03-03,50.28049033866612
2020-03-04,50.28049033866612
2020-03-05,50.28049033866612
2020-03-06,50.28049033866612
2020-03-07,50.28049033866612
2020-03-08,50.28049033866612
2020-03-09,50.28049033866612
2020-03-10,50.28049033866612
2020-03-11,50.28049033866612
2020-03-12,50.28049033866612
2020-03-13,50.28049033866612
2020-03-14,50.28049033866612
2020-03-15,50.28049033866612
2020-03-16,50.28049033866612
2020-03-17,50.28049033866612
2020-03-18,50.28049033866612
2020-03-19,50.28049033866612
2020-03-20,50.28049033866612
2020-03-21,50.28049033866612
2020-03-22,50.28049033866612
2020-03-23,50.28049033866612
2020-03-24,50.28049033866612
2020-03-25,50.28049033866612
2020-03-26,50.28049033866612
2020-03-27,50.28049033866612
2020-03-28,50.28049033866612
2020-03-29,50.28049033866612
2020-03-30,50.28049033866612
2020-03-31,50.28049033866612
2020-04-01,64.82443382505714
2020-04-02,64.82443382505714
2020-04-03,64.82443382505714
2020-04-04,64.82443382505714
2020-04-05,64.82443382505714
2020-04-06,64.82443382505714
2020-04-07,64.82443382505714
2020-04-08,64.82443382505714
2020-04-09,64.82443382505714
2020-04-10,64.82443382505714
2020-04-11,64.82443382505714
2020-04-12,64.82443382505714
2020-04-13,64.82443382505714
2020-04-14,64.82443382505714
2020-04-15,64.82443382505714
2020-04-16,64.82443382505714
2020-04-17,64.82443382505714
2020-04-18,64.82443382505714
2020-04-19,64.82443382505714
2020-04-20,64.82443382505714
2020-04-21,64.82443382505714
2020-04-22,64.82443382505714
2020-04-23,64.82443382505714
2020-04-24,64.82443382505714
2020-04-25,64.82443382505714
2020-04-26,64.82443382505714
2020-04-27,64.82443382505714
2020-04-28,64.82443382505714
2020-04-29,64.82443382505714
2020-04-30,64.82443382505714
2020-05-01,76.21026386868897
2020-05-02,76.21026386868897
2020-05-03,76.21026386868897
2020-05-04,76.21026386868897
2020-05-05,76.21026386868897
2020-05-06,76.21026386868897
2020-05-07,76.21026386868897
2020-05-08,76.21026386868897
2020-05-09,76.21026386868897
2020-05-10,76.21026386868897
2020-05-11,76.21026386868897
2020-05-12,76.21026386868897
2020-05-13,76.21026386868897
2020-05-14,76.21026386868897
2020-05-15,76.21026386868897
2020-05-16,76.21026386868897
2020-05-17,76.21026386868897
2020-05-18,76.21026386868897
2020-05-19,76.21026386868897
2020-05-20,76.21026386868897
2020-05-21,76.21026386868897
2020-05-22,76.21026386868897
2020-05-23,76.21026386868897
2020-05-24,76.21026386868897
2020-05-25,76.21026386868897
2020-05-26,76.21026386868897
2020-05-27,76.21026386868897
2020-05-28,76.21026386868897
2020-05-29,76.21026386868897
2020-05-30,76.21026386868897
2020-05-31,76.21026386868897
2020-06-01,87.32599210471639
2020-06-02,87.32599210471639
2020-06-03,87.32599210471639
2020-06-04,87.32599210471639
2020-06-05,87.32599210471639
2020-06-06,87.32599210471639
2020-06-07,87.32599210471639
2020-06-08,87.32599210471639
2020-06-09,87.32599210471639
2020-06-10,87.32599210471639
2020-06-11,87.32599210471639
2020-06-12,87.32599210471639
2020-06-13,87.32599210471639
2020-06-14,87.32599210471639
2020-06-15,87.32599210471639
2020-06-16,87.32599210471639
2020-06-17,87.32599210471639
2020-06-18,87.32599210471639
2020-06-19,87.32599210471639
2020-06-20,87.32599210471639
2020-06-21,87.32599210471639
2020-06-22,87.32599210471639
2020-06-23,87.32599210471639
2020-06-24,87.32599210471639
2020-06-25,87.32599210471639
2020-06-26,87.32599210471639
2020-06-27,87.32599210471639
2020-06-28,87.32599210471639
2020-06-29,87.32599210471639
2020-06-30,87.32599210471639
2020-07-01,88.93621441928111
2020-07-02,88.93621441928111
2020-07-03,88.93621441928111
2020-07-04,88.93621441928111
2020-07-05,88.93621441928111
2020-07-06,88.93621441928111
2020-07-07,88.93621441928111
2020-07-08,88.93621441928111
2020-07-09,88.93621441928111
2020-07-10,88.93621441928111
2020-07-11,88.93621441928111
2020-07-12,88.93621441928111
2020-07-13,88.93621441928111
2020-07-14,88.93621441928111
2020-07-15,88.93621441928111
2020-07-16,88.93621441928111
2020-07-17,88.93621441928111
2020-07-18,88.93621441928111
2020-07-19,88.93621441928111
2020-07-20,88.93621441928111
2020-07-21,88.93621441928111
2020-07-22,88.93621441928111
2020-07-23,88.93621441928111
2020-07-24,88.93621441928111
2020-07-25,88.93621441928111
2020-07-26,88.93621441928111
2020-07-27,88.93621441928111
2020-07-28,88.93621441928111
2020-07-29,88.93621441928111
2020-07-30,88.93621441928111
2020-07-31,88.93621441928111
2020-08-01,90.81653854145024
2020-08-02,90.81653854145024
2020-08-03,90.81653854145024
2020-08-04,90.81653854145024
2020-08-05,90.81653854145024
2020-08-06,90.81653854145024
2020-08-07,90.81653854145024
2020-08-08,90.81653854145024
2020-08-09,90.81653854145024
2020-08-10,90.81653854145024
2020-08-11,90.81653854145024
2020-08-12,90.81653854145024
2020-08-13,90.81653854145024
2020-08-14,90.81653854145024
2020-08-15,90.81653854145024
2020-08-16,90.81653854145024
2020-08-17,90.81653854145024
2020-08-18,90.81653854145024
2020-08-19,90.81653854145024
2020-08-20,90.81653854145024
2020-08-21,90.81653854145024
2020-08-22,90.81653854145024
2020-08-23,90.81653854145024
2020-08-24,90.81653854145024
2020-08-25,90.81653854145024
2020-08-26,90.81653854145024
2020-08-27,90.81653854145024
2020-08-28,90.81653854145024
2020-08-29,90.81653854145024
2020-08-30,90.81653854145024
2020-08-31,90.81653854145024
2020-09-01,90.50488260959901
2020-09-02,90.50488260959901
2020-09-03,90.50488260959901
2020-09-04,90.50488260959901
2020-09-05,90.50488260959901
2020-09-06,90.50488260959901
2020-09-07,90.50488260959901
2020-09-08,90.50488260959901
2020-09-09,90.50488260959901
2020-09-10,90.50488260959901
2020-09-11,90.50488260959901
2020-09-12,90.50488260959901
2020-09-13,90.50488260959901
2020-09-14,90.50488260959901
2020-09-15,90.50488260959901
2020-09-16,90.50488260959901
2020-09-17,90.50488260959901
2020-09-18,90.50488260959901
2020-09-19,90.50488260959901
2020-09-20,90.50488260959901
2020-09-21,90.50488260959901
2020-09-22,90.50488260959901
2020-09-23,90.50488260959901
2020-09-24,90.50488260959901
2020-09-25,90.50488260959901
2020-09-26,90.50488260959901
2020-09-27,90.50488260959901
2020-09-28,90.50488260959901
2020-09-29,90.50488260959901
2020-09-30,90.50488260959901
2020-10-01,91.45023893621442
2020-10-02,91.45023893621442
2020-10-03,91.45023893621442
2020-10-04,91.45023893621442
2020-10-05,91.45023893621442
2020-10-06,91.45023893621442
2020-10-07,91.45023893621442
2020-10-08,91.45023893621442
2020-10-09,91.45023893621442
2020-10-10,91.45023893621442
2020-10-11,91.45023893621442
2020-10-12,91.45023893621442
2020-10-13,91.45023893621442
2020-10-14,91.45023893621442
2020-10-15,91.45023893621442
2020-10-16,91.45023893621442
2020-10-17,91.45023893621442
2020-10-18,91.45023893621442
2020-10-19,91.45023893621442
2020-10-20,91.45023893621442
2020-10-21,91.45023893621442
2020-10-22,91.45023893621442
2020-10-23,91.45023893621442
2020-10-24,91.45023893621442
2020-10-25,91.45023893621442
2020-10-26,91.45023893621442
2020-10-27,91.45023893621442
2020-10-28,91.45023893621442
2020-10-29,91.45023893621442
2020-10-30,91.45023893621442
2020-10-31,91.45023893621442
2020-11-01,92.72802825680448
2020-11-02,92.72802825680448
2020-11-03,92.72802825680448
2020-11-04,92.72802825680448
2020-11-05,92.72802825680448
2020-11-06,92.72802825680448
2020-11-07,92.72802825680448
2020-11-08,92.72802825680448
2020-11-09,92.72802825680448
2020-11-10,92.72802825680448
2020-11-11,92.72802825680448
2020-11-12,92.72802825680448
2020-11-13,92.72802825680448
2020-11-14,92.72802825680448
2020-11-15,92.72802825680448
2020-11-16,92.72802825680448
2020-11-17,92.72802825680448
2020-11-18,92.72802825680448
2020-11-19,92.72802825680448
2020-11-20,92.72802825680448
2020-11-21,92.72802825680448
2020-11-22,92.72802825680448
2020-11-23,92.72802825680448
2020-11-24,92.72802825680448
2020-11-25,92.72802825680448
2020-11-26,92.72802825680448
2020-11-27,92.72802825680448
2020-11-28,92.72802825680448
2020-11-29,92.72802825680448
2020-11-30,92.72802825680448
2020-12-01,93.6733845834199
2020-12-02,93.6733845834199
2020-12-03,93.6733845834199
2020-12-04,93.6733845834199
2020-12-05,93.6733845834199
2020-12-06,93.6733845834199
2020-12-07,93.6733845834199
2020-12-08,93.6733845834199
2020-12-09,93.6733845834199
2020-12-10,93.6733845834199
2020-12-11,93.6733845834199
2020-12-12,93.6733845834199
2020-12-13,93.6733845834199
2020-12-14,93.6733845834199
2020-12-15,93.6733845834199
2020-12-16,93.6733845834199
2020-12-17,93.6733845834199
2020-12-18,93.6733845834199
2020-12-19,93.6733845834199
2020-12-20,93.6733845834199
2020-12-21,93.6733845834199
2020-12-22,93.6733845834199
2020-12-23,93.6733845834199
2020-12-24,93.6733845834199
2020-12-25,93.6733845834199
2020-12-26,93.6733845834199
2020-12-27,93.6733845834199
2020-12-28,93.6733845834199
2020-12-29,93.6733845834199
2020-12-30,93.6733845834199
2020-12-31,93.6733845834199
2021-01-01,92.0943278620403
2021-01-02,92.0943278620403
2021-01-03,92.0943278620403
2021-01-04,92.0943278620403
2021-01-05,92.0943278620403
2021-01-06,92.0943278620403
2021-01-07,92.0943278620403
2021-01-08,92.0943278620403
2021-01-09,92.0943278620403
2021-01-10,92.0943278620403
2021-01-11,92.0943278620403
2021-01-12,92.0943278620403
2021-01-13,92.0943278620403
2021-01-14,92.0943278620403
2021-01-15,92.0943278620403
2021-01-16,92.0943278620403
2021-01-17,92.0943278620403
2021-01-18,92.0943278620403
2021-01-19,92.0943278620403
2021-01-20,92.0943278620403
2021-01-21,92.0943278620403
2021-01-22,92.0943278620403
2021-01-23,92.0943278620403
2021-01-24,92.0943278620403
2021-01-25,92.0943278620403
2021-01-26,92.0943278620403
2021-01-27,92.0943278620403
2021-01-28,92.0943278620403
2021-01-29,92.0943278620403
2021-01-30,92.0943278620403
2021-01-31,92.0943278620403
2021-02-01,89.90234780801994
2021-02-02,89.90234780801994
2021-02-03,89.90234780801994
2021-02-04,89.90234780801994
2021-02-05,89.90234780801994
2021-02-06,89.90234780801994
2021-02-07,89.90234780801994
2021-02-08,89.90234780801994
2021-02-09,89.90234780801994
2021-02-10,89.90234780801994
2021-02-11,89.90234780801994
2021-02-12,89.90234780801994
2021-02-13,89.90234780801994
2021-02-14,89.90234780801994
2021-02-15,89.90234780801994
2021-02-16,89.90234780801994
2021-02-17,89.90234780801994
2021-02-18,89.90234780801994
2021-02-19,89.90234780801994
2021-02-20,89.90234780801994
2021-02-21,89.90234780801994
2021-02-22,89.90234780801994
2021-02-23,89.90234780801994
2021-02-24,89.90234780801994
2021-02-25,89.90234780801994
2021-02-26,89.90234780801994
2021-02-27,89.90234780801994
2021-02-28,89.90234780801994
2021-03-01,87.00394764180345
2021-03-02,87.00394764180345
2021-03-03,87.00394764180345
2021-03-04,87.00394764180345
2021-03-05,87.00394764180345
2021-03-06,87.00394764180345
2021-03-07,87.00394764180345
2021-03-08,87.00394764180345
2021-03-09,87.00394764180345
2021-03-10,87.00394764180345
2021-03-11,87.00394764180345
2021-03-12,87.00394764180345
2021-03-13,87.00394764180345
2021-03-14,87.00394764180345
2021-03-15,87.00394764180345
2021-03-16,87.00394764180345
2021-03-17,87.00394764180345
2021-03-18,87.00394764180345
2021-03-19,87.00394764180345
2021-03-20,87.00394764180345
2021-03-21,87.00394764180345
2021-03-22,87.00394764180345
2021-03-23,87.00394764180345
2021-03-24,87.00394764180345
2021-03-25,87.00394764180345
2021-03-26,87.00394764180345
2021-03-27,87.00394764180345
2021-03-28,87.00394764180345
2021-03-29,87.00394764180345
2021-03-30,87.00394764180345
2021-03-31,87.00394764180345
2021-04-01,86.6922917099522
2021-04-02,86.6922917099522
2021-04-03,86.6922917099522
2021-04-04,86.6922917099522
2021-04-05,86.6922917099522
2021-04-06,86.6922917099522
2021-04-07,86.6922917099522
2021-04-08,86.6922917099522
2021-04-09,86.6922917099522
2021-04-10,86.6922917099522
2021-04-11,86.6922917099522
2021-04-12,86.6922917099522
2021-04-13,86.6922917099522
2021-04-14,86.6922917099522
2021-04-15,86.6922917099522
2021-04-16,86.6922917099522
2021-04-17,86.6922917099522
2021-04-18,86.6922917099522
2021-04-19,86.6922917099522
2021-04-20,86.6922917099522
2021-04-21,86.6922917099522
2021-04-22,86.6922917099522
2021-04-23,86.6922917099522
2021-04-24,86.6922917099522
2021-04-25,86.6922917099522
2021-04-26,86.6922917099522
2021-04-27,86.6922917099522
2021-04-28,86.6922917099522
2021-04-29,86.6922917099522
2021-04-30,86.6922917099522
2021-05-01,78.44379804695616
2021-05-02,78.44379804695616
2021-05-03,78.44379804695616
2021-05-04,78.44379804695616
2021-05-05,78.44379804695616
2021-05-06,78.44379804695616
2021-05-07,78.44379804695616
2021-05-08,78.44379804695616
2021-05-09,78.44379804695616
2021-05-10,78.44379804695616
2021-05-11,78.44379804695616
2021-05-12,78.44379804695616
2021-05-13,78.44379804695616
2021-05-14,78.44379804695616
2021-05-15,78.44379804695616
2021-05-16,78.44379804695616
2021-05-17,78.44379804695616
2021-05-18,78.44379804695616
2021-05-19,78.44379804695616
2021-05-20,78.44379804695616
2021-05-21,78.44379804695616
2021-05-22,78.44379804695616
2021-05-23,78.44379804695616
2021-05-24,78.44379804695616
2021-05-25,78.44379804695616
2021-05-26,78.44379804695616
2021-05-27,78.44379804695616
2021-05-28,78.44379804695616
2021-05-29,78.44379804695616
2021-05-30,78.44379804695616
2021-05-31,78.44379804695616
2021-06-01,71.16143777269895
2021-06-02,71.16143777269895
2021-06-03,71.16143777269895
2021-06-04,71.16143777269895
2021-06-05,71.16143777269895
2021-06-06,71.16143777269895
2021-06-07,71.16143777269895
2021-06-08,71.16143777269895
2021-06-09,71.16143777269895
2021-06-10,71.16143777269895
2021-06-11,71.16143777269895
2021-06-12,71.16143777269895
2021-06-13,71.16143777269895
2021-06-14,71.16143777269895
2021-06-15,71.16143777269895
2021-06-16,71.16143777269895
2021-06-17,71.16143777269895
2021-06-18,71.16143777269895
2021-06-19,71.16143777269895
2021-06-20,71.16143777269895
2021-06-21,71.16143777269895
2021-06-22,71.16143777269895
2021-06-23,71.16143777269895
2021-06-24,71.16143777269895
2021-06-25,71.16143777269895
2021-06-26,71.16143777269895
2021-06-27,71.16143777269895
2021-06-28,71.16143777269895
2021-06-29,71.16143777269895
2021-06-30,71.16143777269895
2021-07-01,70.1953043839601
2021-07-02,70.1953043839601
2021-07-03,70.1953043839601
2021-07-04,70.1953043839601
2021-07-05,70.1953043839601
2021-07-06,70.1953043839601
2021-07-07,70.1953043839601
2021-07-08,70.1953043839601
2021-07-09,70.1953043839601
2021-07-10,70.1953043839601
2021-07-11,70.1953043839601
2021-07-12,70.1953043839601
2021-07-13,70.1953043839601
2021-07-14,70.1953043839601
2021-07-15,70.1953043839601
2021-07-16,70.1953043839601
2021-07-17,70.1953043839601
2021-07-18,70.1953043839601
2021-07-19,70.1953043839601
2021-07-20,70.1953043839601
2021-07-21,70.1953043839601
2021-07-22,70.1953043839601
2021-07-23,70.1953043839601
2021-07-24,70.1953043839601
2021-07-25,70.1953043839601
2021-07-26,70.1953043839601
2021-07-27,70.1953043839601
2021-07-28,70.1953043839601
2021-07-29,70.1953043839601
2021-07-30,70.1953043839601
2021-07-31,70.1953043839601
2021-08-01,67.6708913359651
2021-08-02,67.6708913359651
2021-08-03,67.6708913359651
2021-08-04,67.6708913359651
2021-08-05,67.6708913359651
2021-08-06,67.6708913359651
2021-08-07,67.6708913359651
2021-08-08,67.6708913359651
2021-08-09,67.6708913359651
2021-08-10,67.6708913359651
2021-08-11,67.6708913359651
2021-08-12,67.6708913359651
2021-08-13,67.6708913359651
2021-08-14,67.6708913359651
2021-08-15,67.6708913359651
2021-08-16,67.6708913359651
2021-08-17,67.6708913359651
2021-08-18,67.6708913359651
2021-08-19,67.6708913359651
2021-08-20,67.6708913359651
2021-08-21,67.6708913359651
2021-08-22,67.6708913359651
2021-08-23,67.6708913359651
2021-08-24,67.6708913359651
2021-08-25,67.6708913359651
2021-08-26,67.6708913359651
2021-08-27,67.6708913359651
2021-08-28,67.6708913359651
2021-08-29,67.6708913359651
2021-08-30,67.6708913359651
2021-08-31,67.6708913359651
2021-09-01,65.78017868273426
2021-09-02,65.78017868273426
2021-09-03,65.78017868273426
2021-09-04,65.78017868273426
2021-09-05,65.78017868273426
2021-09-06,65.78017868273426
2021-09-07,65.78017868273426
2021-09-08,65.78017868273426
2021-09-09,65.78017868273426
2021-09-10,65.78017868273426
2021-09-11,65.78017868273426
2021-09-12,65.78017868273426
2021-09-13,65.78017868273426
2021-09-14,65.78017868273426
2021-09-15,65.78017868273426
2021-09-16,65.78017868273426
2021-09-17,65.78017868273426
2021-09-18,65.78017868273426
2021-09-19,65.78017868273426
2021-09-20,65.78017868273426
2021-09-21,65.78017868273426
2021-09-22,65.78017868273426
2021-09-23,65.78017868273426
2021-09-24,65.78017868273426
2021-09-25,65.78017868273426
2021-09-26,65.78017868273426
2021-09-27,65.78017868273426
2021-09-28,65.78017868273426
2021-09-29,65.78017868273426
2021-09-30,65.78017868273426
2021-10-01,62.268855183877
2021-10-02,62.268855183877
2021-10-03,62.268855183877
2021-10-04,62.268855183877
2021-10-05,62.268855183877
2021-10-06,62.268855183877
2021-10-07,62.268855183877
2021-10-08,62.268855183877
2021-10-09,62.268855183877
2021-10-10,62.268855183877
2021-10-11,62.268855183877
2021-10-12,62.268855183877
2021-10-13,62.268855183877
2021-10-14,62.268855183877
2021-10-15,62.268855183877
2021-10-16,62.268855183877
2021-10-17,62.268855183877
2021-10-18,62.268855183877
2021-10-19,62.268855183877
2021-10-20,62.268855183877
2021-10-21,62.268855183877
2021-10-22,62.268855183877
2021-10-23,62.268855183877
2021-10-24,62.268855183877
2021-10-25,62.268855183877
2021-10-26,62.268855183877
2021-10-27,62.268855183877
2021-10-28,62.268855183877
2021-10-29,62.268855183877
2021-10-30,62.268855183877
2021-10-31,62.268855183877
2021-11-01,62.59089964678994
2021-11-02,62.59089964678994
2021-11-03,62.59089964678994
2021-11-04,62.59089964678994
2021-11-05,62.59089964678994
2021-11-06,62.59089964678994
2021-11-07,62.59089964678994
2021-11-08,62.59089964678994
2021-11-09,62.59089964678994
2021-11-10,62.59089964678994
2021-11-11,62.59089964678994
2021-11-12,62.59089964678994
2021-11-13,62.59089964678994
2021-11-14,62.59089964678994
2021-11-15,62.59089964678994
2021-11-16,62.59089964678994
2021-11-17,62.59089964678994
2021-11-18,62.59089964678994
2021-11-19,62.59089964678994
2021-11-20,62.59089964678994
2021-11-21,62.59089964678994
2021-11-22,62.59089964678994
2021-11-23,62.59089964678994
2021-11-24,62.59089964678994
2021-11-25,62.59089964678994
2021-11-26,62.59089964678994
2021-11-27,62.59089964678994
2021-11-28,62.59089964678994
2021-11-29,62.59089964678994
2021-11-30,62.59089964678994
2021-12-01,56.61749428630791
2021-12-02,56.61749428630791
2021-12-03,56.61749428630791
2021-12-04,56.61749428630791
2021-12-05,56.61749428630791
2021-12-06,56.61749428630791
2021-12-07,56.61749428630791
2021-12-08,56.61749428630791
2021-12-09,56.61749428630791
2021-12-10,56.61749428630791
2021-12-11,56.61749428630791
2021-12-12,56.61749428630791
2021-12-13,56.61749428630791
2021-12-14,56.61749428630791
2021-12-15,56.61749428630791
2021-12-16,56.61749428630791
2021-12-17,56.61749428630791
2021-12-18,56.61749428630791
2021-12-19,56.61749428630791
2021-12-20,56.61749428630791
2021-12-21,56.61749428630791
2021-12-22,56.61749428630791
2021-12-23,56.61749428630791
2021-12-24,56.61749428630791
2021-12-25,56.61749428630791
2021-12-26,56.61749428630791
2021-12-27,56.61749428630791
2021-12-28,56.61749428630791
2021-12-29,56.61749428630791
2021-12-30,56.61749428630791
2021-12-31,56.61749428630791
2022-01-01,50.924579264491996
2022-01-02,50.924579264491996
2022-01-03,50.924579264491996
2022-01-04,50.924579264491996
2022-01-05,50.924579264491996
2022-01-06,50.924579264491996
2022-01-07,50.924579264491996
2022-01-08,50.924579264491996
2022-01-09,50.924579264491996
2022-01-10,50.924579264491996
2022-01-11,50.924579264491996
2022-01-12,50.924579264491996
2022-01-13,50.924579264491996
2022-01-14,50.924579264491996
2022-01-15,50.924579264491996
2022-01-16,50.924579264491996
2022-01-17,50.924579264491996
2022-01-18,50.924579264491996
2022-01-19,50.924579264491996
2022-01-20,50.924579264491996
2022-01-21,50.924579264491996
2022-01-22,50.924579264491996
2022-01-23,50.924579264491996
2022-01-24,50.924579264491996
2022-01-25,50.924579264491996
2022-01-26,50.924579264491996
2022-01-27,50.924579264491996
2022-01-28,50.924579264491996
2022-01-29,50.924579264491996
2022-01-30,50.924579264491996
2022-01-31,50.924579264491996
2022-02-01,46.18740910035321
2022-02-02,46.18740910035321
2022-02-03,46.18740910035321
2022-02-04,46.18740910035321
2022-02-05,46.18740910035321
2022-02-06,46.18740910035321
2022-02-07,46.18740910035321
2022-02-08,46.18740910035321
2022-02-09,46.18740910035321
2022-02-10,46.18740910035321
2022-02-11,46.18740910035321
2022-02-12,46.18740910035321
2022-02-13,46.18740910035321
2022-02-14,46.18740910035321
2022-02-15,46.18740910035321
2022-02-16,46.18740910035321
2022-02-17,46.18740910035321
2022-02-18,46.18740910035321
2022-02-19,46.18740910035321
2022-02-20,46.18740910035321
2022-02-21,46.18740910035321
2022-02-22,46.18740910035321
2022-02-23,46.18740910035321
2022-02-24,46.18740910035321
2022-02-25,46.18740910035321
2022-02-26,46.18740910035321
2022-02-27,46.18740910035321
2022-02-28,46.18740910035321
2022-03-01,43.631830459173074
2022-03-02,43.631830459173074
2022-03-03,43.631830459173074
2022-03-04,43.631830459173074
2022-03-05,43.631830459173074
2022-03-06,43.631830459173074
2022-03-07,43.631830459173074
2022-03-08,43.631830459173074
2022-03-09,43.631830459173074
2022-03-10,43.631830459173074
2022-03-11,43.631830459173074
2022-03-12,43.631830459173074
2022-03-13,43.631830459173074
2022-03-14,43.631830459173074
2022-03-15,43.631830459173074
2022-03-16,43.631830459173074
2022-03-17,43.631830459173074
2022-03-18,43.631830459173074
2022-03-19,43.631830459173074
2022-03-20,43.631830459173074
2022-03-21,43.631830459173074
2022-03-22,43.631830459173074
2022-03-23,43.631830459173074
2022-03-24,43.631830459173074
2022-03-25,43.631830459173074
2022-03-26,43.631830459173074
2022-03-27,43.631830459173074
2022-03-28,43.631830459173074
2022-03-29,43.631830459173074
2022-03-30,43.631830459173074
2022-03-31,43.631830459173074
2022-04-01,45.87575316850197
2022-04-02,45.87575316850197
2022-04-03,45.87575316850197
2022-04-04,45.87575316850197
2022-04-05,45.87575316850197
2022-04-06,45.87575316850197
2022-04-07,45.87575316850197
2022-04-08,45.87575316850197
2022-04-09,45.87575316850197
2022-04-10,45.87575316850197
2022-04-11,45.87575316850197
2022-04-12,45.87575316850197
2022-04-13,45.87575316850197
2022-04-14,45.87575316850197
2022-04-15,45.87575316850197
2022-04-16,45.87575316850197
2022-04-17,45.87575316850197
2022-04-18,45.87575316850197
2022-04-19,45.87575316850197
2022-04-20,45.87575316850197
2022-04-21,45.87575316850197
2022-04-22,45.87575316850197
2022-04-23,45.87575316850197
2022-04-24,45.87575316850197
2022-04-25,45.87575316850197
2022-04-26,45.87575316850197
2022-04-27,45.87575316850197
2022-04-28,45.87575316850197
2022-04-29,45.87575316850197
2022-04-30,45.87575316850197
2022-05-01,35.69499272802826
2022-05-02,35.69499272802826
2022-05-03,35.69499272802826
2022-05-04,35.69499272802826
2022-05-05,35.69499272802826
2022-05-06,35.69499272802826
2022-05-07,35.69499272802826
2022-05-08,35.69499272802826
2022-05-09,35.69499272802826
2022-05-10,35.69499272802826
2022-05-11,35.69499272802826
2022-05-12,35.69499272802826
2022-05-13,35.69499272802826
2022-05-14,35.69499272802826
2022-05-15,35.69499272802826
2022-05-16,35.69499272802826
2022-05-17,35.69499272802826
2022-05-18,35.69499272802826
2022-05-19,35.69499272802826
2022-05-20,35.69499272802826
2022-05-21,35.69499272802826
2022-05-22,35.69499272802826
2022-05-23,35.69499272802826
2022-05-24,35.69499272802826
2022-05-25,35.69499272802826
2022-05-26,35.69499272802826
2022-05-27,35.69499272802826
2022-05-28,35.69499272802826
2022-05-29,35.69499272802826
2022-05-30,35.69499272802826
2022-05-31,35.69499272802826
2022-06-01,32.25638894660295
2022-06-02,32.25638894660295
2022-06-03,32.25638894660295
2022-06-04,32.25638894660295
2022-06-05,32.25638894660295
2022-06-06,32.25638894660295
2022-06-07,32.25638894660295
2022-06-08,32.25638894660295
2022-06-09,32.25638894660295
2022-06-10,32.25638894660295
2022-06-11,32.25638894660295
2022-06-12,32.25638894660295
2022-06-13,32.25638894660295
2022-06-14,32.25638894660295
2022-06-15,32.25638894660295
2022-06-16,32.25638894660295
2022-06-17,32.25638894660295
2022-06-18,32.25638894660295
2022-06-19,32.25638894660295
2022-06-20,32.25638894660295
2022-06-21,32.25638894660295
2022-06-22,32.25638894660295
2022-06-23,32.25638894660295
2022-06-24,32.25638894660295
2022-06-25,32.25638894660295
2022-06-26,32.25638894660295
2022-06-27,32.25638894660295
2022-06-28,32.25638894660295
2022-06-29,32.25638894660295
2022-06-30,32.25638894660295
2022-07-01,33.21213380428007
2022-07-02,33.21213380428007
2022-07-03,33.21213380428007
2022-07-04,33.21213380428007
2022-07-05,33.21213380428007
2022-07-06,33.21213380428007
2022-07-07,33.21213380428007
2022-07-08,33.21213380428007
2022-07-09,33.21213380428007
2022-07-10,33.21213380428007
2022-07-11,33.21213380428007
2022-07-12,33.21213380428007
2022-07-13,33.21213380428007
2022-07-14,33.21213380428007
2022-07-15,33.21213380428007
2022-07-16,33.21213380428007
2022-07-17,33.21213380428007
2022-07-18,33.21213380428007
2022-07-19,33.21213380428007
2022-07-20,33.21213380428007
2022-07-21,33.21213380428007
2022-07-22,33.21213380428007
2022-07-23,33.21213380428007
2022-07-24,33.21213380428007
2022-07-25,33.21213380428007
2022-07-26,33.21213380428007
2022-07-27,33.21213380428007
2022-07-28,33.21213380428007
2022-07-29,33.21213380428007
2022-07-30,33.21213380428007
2022-07-31,33.21213380428007
2022-08-01,41.398296280905875
2022-08-02,41.398296280905875
2022-08-03,41.398296280905875
2022-08-04,41.398296280905875
2022-08-05,41.398296280905875
2022-08-06,41.398296280905875
2022-08-07,41.398296280905875
2022-08-08,41.398296280905875
2022-08-09,41.398296280905875
2022-08-10,41.398296280905875
2022-08-11,41.398296280905875
2022-08-12,41.398296280905875
2022-08-13,41.398296280905875
2022-08-14,41.398296280905875
2022-08-15,41.398296280905875
2022-08-16,41.398296280905875
2022-08-17,41.398296280905875
2022-08-18,41.398296280905875
2022-08-19,41.398296280905875
2022-08-20,41.398296280905875
2022-08-21,41.398296280905875
2022-08-22,41.398296280905875
2022-08-23,41.398296280905875
2022-08-24,41.398296280905875
2022-08-25,41.398296280905875
2022-08-26,41.398296280905875
2022-08-27,41.398296280905875
2022-08-28,41.398296280905875
2022-08-29,41.398296280905875
2022-08-30,41.398296280905875
2022-08-31,41.398296280905875
2022-09-01,33.53417826719302
2022-09-02,33.53417826719302
2022-09-03,33.53417826719302
2022-09-04,33.53417826719302
2022-09-05,33.53417826719302
2022-09-06,33.53417826719302
2022-09-07,33.53417826719302
2022-09-08,33.53417826719302
2022-09-09,33.53417826719302
2022-09-10,33.53417826719302
2022-09-11,33.53417826719302
2022-09-12,33.53417826719302
2022-09-13,33.53417826719302
2022-09-14,33.53417826719302
2022-09-15,33.53417826719302
2022-09-16,33.53417826719302
2022-09-17,33.53417826719302
2022-09-18,33.53417826719302
2022-09-19,33.53417826719302
2022-09-20,33.53417826719302
2022-09-21,33.53417826719302
2022-09-22,33.53417826719302
2022-09-23,33.53417826719302
2022-09-24,33.53417826719302
2022-09-25,33.53417826719302
2022-09-26,33.53417826719302
2022-09-27,33.53417826719302
2022-09-28,33.53417826719302
2022-09-29,33.53417826719302
2022-09-30,33.53417826719302
2022-10-01,32.56804487845419
2022-10-02,32.56804487845419
2022-10-03,32.56804487845419
2022-10-04,32.56804487845419
2022-10-05,32.56804487845419
2022-10-06,32.56804487845419
2022-10-07,32.56804487845419
2022-10-08,32.56804487845419
2022-10-09,32.56804487845419
2022-10-10,32.56804487845419
2022-10-11,32.56804487845419
2022-10-12,32.56804487845419
2022-10-13,32.56804487845419
2022-10-14,32.56804487845419
2022-10-15,32.56804487845419
2022-10-16,32.56804487845419
2022-10-17,32.56804487845419
2022-10-18,32.56804487845419
2022-10-19,32.56804487845419
2022-10-20,32.56804487845419
2022-10-21,32.56804487845419
2022-10-22,32.56804487845419
2022-10-23,32.56804487845419
2022-10-24,32.56804487845419
2022-10-25,32.56804487845419
2022-10-26,32.56804487845419
2022-10-27,32.56804487845419
2022-10-28,32.56804487845419
2022-10-29,32.56804487845419
2022-10-30,32.56804487845419
2022-10-31,32.56804487845419
2022-11-01,42.04238520673177
2022-11-02,42.04238520673177
2022-11-03,42.04238520673177
2022-11-04,42.04238520673177
2022-11-05,42.04238520673177
2022-11-06,42.04238520673177
2022-11-07,42.04238520673177
2022-11-08,42.04238520673177
2022-11-09,42.04238520673177
2022-11-10,42.04238520673177
2022-11-11,42.04238520673177
2022-11-12,42.04238520673177
2022-11-13,42.04238520673177
2022-11-14,42.04238520673177
2022-11-15,42.04238520673177
2022-11-16,42.04238520673177
2022-11-17,42.04238520673177
2022-11-18,42.04238520673177
2022-11-19,42.04238520673177
2022-11-20,42.04238520673177
2022-11-21,42.04238520673177
2022-11-22,42.04238520673177
2022-11-23,42.04238520673177
2022-11-24,42.04238520673177
2022-11-25,42.04238520673177
2022-11-26,42.04238520673177
2022-11-27,42.04238520673177
2022-11-28,42.04238520673177
2022-11-29,42.04238520673177
2022-11-30,42.04238520673177
2022-12-01,48.34822356118845
2022-12-02,48.34822356118845
2022-12-03,48.34822356118845
2022-12-04,48.34822356118845
2022-12-05,48.34822356118845
2022-12-06,48.34822356118845
2022-12-07,48.34822356118845
2022-12-08,48.34822356118845
2022-12-09,48.34822356118845
2022-12-10,48.34822356118845
2022-12-11,48.34822356118845
2022-12-12,48.34822356118845
2022-12-13,48.34822356118845
2022-12-14,48.34822356118845
2022-12-15,48.34822356118845
2022-12-16,48.34822356118845
2022-12-17,48.34822356118845
2022-12-18,48.34822356118845
2022-12-19,48.34822356118845
2022-12-20,48.34822356118845
2022-12-21,48.34822356118845
2022-12-22,48.34822356118845
2022-12-23,48.34822356118845
2022-12-24,48.34822356118845
2022-12-25,48.34822356118845
2022-12-26,48.34822356118845
2022-12-27,48.34822356118845
2022-12-28,48.34822356118845
2022-12-29,48.34822356118845
2022-12-30,48.34822356118845
2022-12-31,48.34822356118845
2023-01-01,50.602534801579054
2023-01-02,50.602534801579054
2023-01-03,50.602534801579054
2023-01-04,50.602534801579054
2023-01-05,50.602534801579054
2023-01-06,50.602534801579054
2023-01-07,50.602534801579054
2023-01-08,50.602534801579054
2023-01-09,50.602534801579054
2023-01-10,50.602534801579054
2023-01-11,50.602534801579054
2023-01-12,50.602534801579054
2023-01-13,50.602534801579054
2023-01-14,50.602534801579054
2023-01-15,50.602534801579054
2023-01-16,50.602534801579054
2023-01-17,50.602534801579054
2023-01-18,50.602534801579054
2023-01-19,50.602534801579054
2023-01-20,50.602534801579054
2023-01-21,50.602534801579054
2023-01-22,50.602534801579054
2023-01-23,50.602534801579054
2023-01-24,50.602534801579054
2023-01-25,50.602534801579054
2023-01-26,50.602534801579054
2023-01-27,50.602534801579054
2023-01-28,50.602534801579054
2023-01-29,50.602534801579054
2023-01-30,50.602534801579054
2023-01-31,50.602534801579054
2023-02-01,54.41512570122584
2023-02-02,54.41512570122584
2023-02-03,54.41512570122584
2023-02-04,54.41512570122584
2023-02-05,54.41512570122584
2023-02-06,54.41512570122584
2023-02-07,54.41512570122584
2023-02-08,54.41512570122584
2023-02-09,54.41512570122584
2023-02-10,54.41512570122584
2023-02-11,54.41512570122584
2023-02-12,54.41512570122584
2023-02-13,54.41512570122584
2023-02-14,54.41512570122584
2023-02-15,54.41512570122584
2023-02-16,54.41512570122584
2023-02-17,54.41512570122584
2023-02-18,54.41512570122584
2023-02-19,54.41512570122584
2023-02-20,54.41512570122584
2023-02-21,54.41512570122584
2023-02-22,54.41512570122584
2023-02-23,54.41512570122584
2023-02-24,54.41512570122584
2023-02-25,54.41512570122584
2023-02-26,54.41512570122584
2023-02-27,54.41512570122584
2023-02-28,54.41512570122584
2023-03-01,48.67026802410139
2023-03-02,48.67026802410139
2023-03-03,48.67026802410139
2023-03-04,48.67026802410139
2023-03-05,48.67026802410139
2023-03-06,48.67026802410139
2023-03-07,48.67026802410139
2023-03-08,48.67026802410139
2023-03-09,48.67026802410139
2023-03-10,48.67026802410139
2023-03-11,48.67026802410139
2023-03-12,48.67026802410139
2023-03-13,48.67026802410139
2023-03-14,48.67026802410139
2023-03-15,48.67026802410139
2023-03-16,48.67026802410139
2023-03-17,48.67026802410139
2023-03-18,48.67026802410139
2023-03-19,48.67026802410139
2023-03-20,48.67026802410139
2023-03-21,48.67026802410139
2023-03-22,48.67026802410139
2023-03-23,48.67026802410139
2023-03-24,48.67026802410139
2023-03-25,48.67026802410139
2023-03-26,48.67026802410139
2023-03-27,48.67026802410139
2023-03-28,48.67026802410139
2023-03-29,48.67026802410139
2023-03-30,48.67026802410139
2023-03-31,48.67026802410139
2023-04-01,52.51402451693331
2023-04-02,52.51402451693331
2023-04-03,52.51402451693331
2023-04-04,52.51402451693331
2023-04-05,52.51402451693331
2023-04-06,52.51402451693331
2023-04-07,52.51402451693331
2023-04-08,52.51402451693331
2023-04-09,52.51402451693331
2023-04-10,52.51402451693331
2023-04-11,52.51402451693331
2023-04-12,52.51402451693331
2023-04-13,52.51402451693331
2023-04-14,52.51402451693331
2023-04-15,52.51402451693331
2023-04-16,52.51402451693331
2023-04-17,52.51402451693331
2023-04-18,52.51402451693331
2023-04-19,52.51402451693331
2023-04-20,52.51402451693331
2023-04-21,52.51402451693331
2023-04-22,52.51402451693331
2023-04-23,52.51402451693331
2023-04-24,52.51402451693331
2023-04-25,52.51402451693331
2023-04-26,52.51402451693331
2023-04-27,52.51402451693331
2023-04-28,52.51402451693331
2023-04-29,52.51402451693331
2023-04-30,52.51402451693331
2023-05-01,51.55827965925618
2023-05-02,51.55827965925618
2023-05-03,51.55827965925618
2023-05-04,51.55827965925618
2023-05-05,51.55827965925618
2023-05-06,51.55827965925618
2023-05-07,51.55827965925618
2023-05-08,51.55827965925618
2023-05-09,51.55827965925618
2023-05-10,51.55827965925618
2023-05-11,51.55827965925618
2023-05-12,51.55827965925618
2023-05-13,51.55827965925618
2023-05-14,51.55827965925618
2023-05-15,51.55827965925618
2023-05-16,51.55827965925618
2023-05-17,51.55827965925618
2023-05-18,51.55827965925618
2023-05-19,51.55827965925618
2023-05-20,51.55827965925618
2023-05-21,51.55827965925618
2023-05-22,51.55827965925618
2023-05-23,51.55827965925618
2023-05-24,51.55827965925618
2023-05-25,51.55827965925618
2023-05-26,51.55827965925618
2023-05-27,51.55827965925618
2023-05-28,51.55827965925618
2023-05-29,51.55827965925618
2023-05-30,51.55827965925618
2023-05-31,51.55827965925618
2023-06-01,60.67940993143569
2023-06-02,60.67940993143569
2023-06-03,60.67940993143569
2023-06-04,60.67940993143569
2023-06-05,60.67940993143569
2023-06-06,60.67940993143569
2023-06-07,60.67940993143569
2023-06-08,60.67940993143569
2023-06-09,60.67940993143569
2023-06-10,60.67940993143569
2023-06-11,60.67940993143569
2023-06-12,60.67940993143569
2023-06-13,60.67940993143569
2023-06-14,60.67940993143569
2023-06-15,60.67940993143569
2023-06-16,60.67940993143569
2023-06-17,60.67940993143569
2023-06-18,60.67940993143569
2023-06-19,60.67940993143569
2023-06-20,60.67940993143569
2023-06-21,60.67940993143569
2023-06-22,60.67940993143569
2023-06-23,60.67940993143569
2023-06-24,60.67940993143569
2023-06-25,60.67940993143569
2023-06-26,60.67940993143569
2023-06-27,60.67940993143569
2023-06-28,60.67940993143569
2023-06-29,60.67940993143569
2023-06-30,60.67940993143569
2023-07-01,64.18034489923124
2023-07-02,64.18034489923124
2023-07-03,64.18034489923124
2023-07-04,64.18034489923124
2023-07-05,64.18034489923124
2023-07-06,64.18034489923124
2023-07-07,64.18034489923124
2023-07-08,64.18034489923124
2023-07-09,64.18034489923124
2023-07-10,64.18034489923124
2023-07-11,64.18034489923124
2023-07-12,64.18034489923124
2023-07-13,64.18034489923124
2023-07-14,64.18034489923124
2023-07-15,64.18034489923124
2023-07-16,64.18034489923124
2023-07-17,64.18034489923124
2023-07-18,64.18034489923124
2023-07-19,64.18034489923124
2023-07-20,64.18034489923124
2023-07-21,64.18034489923124
2023-07-22,64.18034489923124
2023-07-23,64.18034489923124
2023-07-24,64.18034489923124
2023-07-25,64.18034489923124
2023-07-26,64.18034489923124
2023-07-27,64.18034489923124
2023-07-28,64.18034489923124
2023-07-29,64.18034489923124
2023-07-30,64.18034489923124
2023-07-31,64.18034489923124
2023-08-01,60.991065863286934
2023-08-02,60.991065863286934
2023-08-03,60.991065863286934
2023-08-04,60.991065863286934
2023-08-05,60.991065863286934
2023-08-06,60.991065863286934
2023-08-07,60.991065863286934
2023-08-08,60.991065863286934
2023-08-09,60.991065863286934
2023-08-10,60.991065863286934
2023-08-11,60.991065863286934
2023-08-12,60.991065863286934
2023-08-13,60.991065863286934
2023-08-14,60.991065863286934
2023-08-15,60.991065863286934
2023-08-16,60.991065863286934
2023-08-17,60.991065863286934
2023-08-18,60.991065863286934
2023-08-19,60.991065863286934
2023-08-20,60.991065863286934
2023-08-21,60.991065863286934
2023-08-22,60.991065863286934
2023-08-23,60.991065863286934
2023-08-24,60.991065863286934
2023-08-25,60.991065863286934
2023-08-26,60.991065863286934
2023-08-27,60.991065863286934
2023-08-28,60.991065863286934
2023-08-29,60.991065863286934
2023-08-30,60.991065863286934
2023-08-31,60.991065863286934
2023-09-01,59.74444213588198
2023-09-02,59.74444213588198
2023-09-03,59.74444213588198
2023-09-04,59.74444213588198
2023-09-05,59.74444213588198
2023-09-06,59.74444213588198
2023-09-07,59.74444213588198
2023-09-08,59.74444213588198
2023-09-09,59.74444213588198
2023-09-10,59.74444213588198
2023-09-11,59.74444213588198
2023-09-12,59.74444213588198
2023-09-13,59.74444213588198
2023-09-14,59.74444213588198
2023-09-15,59.74444213588198
2023-09-16,59.74444213588198
2023-09-17,59.74444213588198
2023-09-18,59.74444213588198
2023-09-19,59.74444213588198
2023-09-20,59.74444213588198
2023-09-21,59.74444213588198
2023-09-22,59.74444213588198
2023-09-23,59.74444213588198
2023-09-24,59.74444213588198
2023-09-25,59.74444213588198
2023-09-26,59.74444213588198
2023-09-27,59.74444213588198
2023-09-28,59.74444213588198
2023-09-29,59.74444213588198
2023-09-30,59.74444213588198
2023-10-01,49.95844587575316
2023-10-02,49.95844587575316
2023-10-03,49.95844587575316
2023-10-04,49.95844587575316
2023-10-05,49.95844587575316
2023-10-06,49.95844587575316
2023-10-07,49.95844587575316
2023-10-08,49.95844587575316
2023-10-09,49.95844587575316
2023-10-10,49.95844587575316
2023-10-11,49.95844587575316
2023-10-12,49.95844587575316
2023-10-13,49.95844587575316
2023-10-14,49.95844587575316
2023-10-15,49.95844587575316
2023-10-16,49.95844587575316
2023-10-17,49.95844587575316
2023-10-18,49.95844587575316
2023-10-19,49.95844587575316
2023-10-20,49.95844587575316
2023-10-21,49.95844587575316
2023-10-22,49.95844587575316
2023-10-23,49.95844587575316
2023-10-24,49.95844587575316
2023-10-25,49.95844587575316
2023-10-26,49.95844587575316
2023-10-27,49.95844587575316
2023-10-28,49.95844587575316
2023-10-29,49.95844587575316
2023-10-30,49.95844587575316
2023-10-31,49.95844587575316
2023-11-01,55.33970496571785
2023-11-02,55.33970496571785
2023-11-03,55.33970496571785
2023-11-04,55.33970496571785
2023-11-05,55.33970496571785
2023-11-06,55.33970496571785
2023-11-07,55.33970496571785
2023-11-08,55.33970496571785
2023-11-09,55.33970496571785
2023-11-10,55.33970496571785
2023-11-11,55.33970496571785
2023-11-12,55.33970496571785
2023-11-13,55.33970496571785
2023-11-14,55.33970496571785
2023-11-15,55.33970496571785
2023-11-16,55.33970496571785
2023-11-17,55.33970496571785
2023-11-18,55.33970496571785
2023-11-19,55.33970496571785
2023-11-20,55.33970496571785
2023-11-21,55.33970496571785
2023-11-22,55.33970496571785
2023-11-23,55.33970496571785
2023-11-24,55.33970496571785
2023-11-25,55.33970496571785
2023-11-26,55.33970496571785
2023-11-27,55.33970496571785
2023-11-28,55.33970496571785
2023-11-29,55.33970496571785
2023-11-30,55.33970496571785
2023-12-01,61.94681072096405
2023-12-02,61.94681072096405
2023-12-03,61.94681072096405
2023-12-04,61.94681072096405
2023-12-05,61.94681072096405
2023-12-06,61.94681072096405
2023-12-07,61.94681072096405
2023-12-08,61.94681072096405
2023-12-09,61.94681072096405
2023-12-10,61.94681072096405
2023-12-11,61.94681072096405
2023-12-12,61.94681072096405
2023-12-13,61.94681072096405
2023-12-14,61.94681072096405
2023-12-15,61.94681072096405
2023-12-16,61.94681072096405
2023-12-17,61.94681072096405
2023-12-18,61.94681072096405
2023-12-19,61.94681072096405
2023-12-20,61.94681072096405
2023-12-21,61.94681072096405
2023-12-22,61.94681072096405
2023-12-23,61.94681072096405
2023-12-24,61.94681072096405
2023-12-25,61.94681072096405
2023-12-26,61.94681072096405
2023-12-27,61.94681072096405
2023-12-28,61.94681072096405
2023-12-29,61.94681072096405
2023-12-30,61.94681072096405
2023-12-31,61.94681072096405
2024-01-01,65.45813421982132
2024-01-02,65.45813421982132
2024-01-03,65.45813421982132
2024-01-04,65.45813421982132
2024-01-05,65.45813421982132
2024-01-06,65.45813421982132
2024-01-07,65.45813421982132
2024-01-08,65.45813421982132
2024-01-09,65.45813421982132
2024-01-10,65.45813421982132
2024-01-11,65.45813421982132
2024-01-12,65.45813421982132
2024-01-13,65.45813421982132
2024-01-14,65.45813421982132
2024-01-15,65.45813421982132
2024-01-16,65.45813421982132
2024-01-17,65.45813421982132
2024-01-18,65.45813421982132
2024-01-19,65.45813421982132
2024-01-20,65.45813421982132
2024-01-21,65.45813421982132
2024-01-22,65.45813421982132
2024-01-23,65.45813421982132
2024-01-24,65.45813421982132
2024-01-25,65.45813421982132
2024-01-26,65.45813421982132
2024-01-27,65.45813421982132
2024-01-28,65.45813421982132
2024-01-29,65.45813421982132
2024-01-30,65.45813421982132
2024-01-31,65.45813421982132
2024-02-01,67.36962393517557
2024-02-02,67.36962393517557
2024-02-03,67.36962393517557
2024-02-04,67.36962393517557
2024-02-05,67.36962393517557
2024-02-06,67.36962393517557
2024-02-07,67.36962393517557
2024-02-08,67.36962393517557
2024-02-09,67.36962393517557
2024-02-10,67.36962393517557
2024-02-11,67.36962393517557
2024-02-12,67.36962393517557
2024-02-13,67.36962393517557
2024-02-14,67.36962393517557
2024-02-15,67.36962393517557
2024-02-16,67.36962393517557
2024-02-17,67.36962393517557
2024-02-18,67.36962393517557
2024-02-19,67.36962393517557
2024-02-20,67.36962393517557
2024-02-21,67.36962393517557
2024-02-22,67.36962393517557
2024-02-23,67.36962393517557
2024-02-24,67.36962393517557
2024-02-25,67.36962393517557
2024-02-26,67.36962393517557
2024-02-27,67.36962393517557
2024-02-28,67.36962393517557
2024-02-29,67.36962393517557
2024-03-01,72.4288385622273
2024-03-02,72.4288385622273
2024-03-03,72.4288385622273
2024-03-04,72.4288385622273
2024-03-05,72.4288385622273
2024-03-06,72.4288385622273
2024-03-07,72.4288385622273
2024-03-08,72.4288385622273
2024-03-09,72.4288385622273
2024-03-10,72.4288385622273
2024-03-11,72.4288385622273
2024-03-12,72.4288385622273
2024-03-13,72.4288385622273
2024-03-14,72.4288385622273
2024-03-15,72.4288385622273
2024-03-16,72.4288385622273
2024-03-17,72.4288385622273
2024-03-18,72.4288385622273
2024-03-19,72.4288385622273
2024-03-20,72.4288385622273
2024-03-21,72.4288385622273
2024-03-22,72.4288385622273
2024-03-23,72.4288385622273
2024-03-24,72.4288385622273
2024-03-25,72.4288385622273
2024-03-26,72.4288385622273
2024-03-27,72.4288385622273
2024-03-28,72.4288385622273
2024-03-29,72.4288385622273
2024-03-30,72.4288385622273
2024-03-31,72.4288385622273
2024-04-01,68.63702472470393
2024-04-02,68.63702472470393
2024-04-03,68.63702472470393
2024-04-04,68.63702472470393
2024-04-05,68.63702472470393
2024-04-06,68.63702472470393
2024-04-07,68.63702472470393
2024-04-08,68.63702472470393
2024-04-09,68.63702472470393
2024-04-10,68.63702472470393
2024-04-11,68.63702472470393
2024-04-12,68.63702472470393
2024-04-13,68.63702472470393
2024-04-14,68.63702472470393
2024-04-15,68.63702472470393
2024-04-16,68.63702472470393
2024-04-17,68.63702472470393
2024-04-18,68.63702472470393
2024-04-19,68.63702472470393
2024-04-20,68.63702472470393
2024-04-21,68.63702472470393
2024-04-22,68.63702472470393
2024-04-23,68.63702472470393
2024-04-24,68.63702472470393
2024-04-25,68.63702472470393
2024-04-26,68.63702472470393
2024-04-27,68.63702472470393
2024-04-28,68.63702472470393
2024-04-29,68.63702472470393
2024-04-30,68.63702472470393
2024-05-01,72.10679409931436
2024-05-02,72.10679409931436
2024-05-03,72.10679409931436
2024-05-04,72.10679409931436
2024-05-05,72.10679409931436
2024-05-06,72.10679409931436
2024-05-07,72.10679409931436
2024-05-08,72.10679409931436
2024-05-09,72.10679409931436
2024-05-10,72.10679409931436
2024-05-11,72.10679409931436
2024-05-12,72.10679409931436
2024-05-13,72.10679409931436
2024-05-14,72.10679409931436
2024-05-15,72.10679409931436
2024-05-16,72.10679409931436
2024-05-17,72.10679409931436
2024-05-18,72.10679409931436
2024-05-19,72.10679409931436
2024-05-20,72.10679409931436
2024-05-21,72.10679409931436
2024-05-22,72.10679409931436
2024-05-23,72.10679409931436
2024-05-24,72.10679409931436
2024-05-25,72.10679409931436
2024-05-26,72.10679409931436
2024-05-27,72.10679409931436
2024-05-28,72.10679409931436
2024-05-29,72.10679409931436
2024-05-30,72.10679409931436
2024-05-31,72.10679409931436
2024-06-01,74.34032827758155
2024-06-02,74.34032827758155
2024-06-03,74.34032827758155
2024-06-04,74.34032827758155
2024-06-05,74.34032827758155
2024-06-06,74.34032827758155
2024-06-07,74.34032827758155
2024-06-08,74.34032827758155
2024-06-09,74.34032827758155
2024-06-10,74.34032827758155
2024-06-11,74.34032827758155
2024-06-12,74.34032827758155
2024-06-13,74.34032827758155
2024-06-14,74.34032827758155
2024-06-15,74.34032827758155
2024-06-16,74.34032827758155
2024-06-17,74.34032827758155
2024-06-18,74.34032827758155
2024-06-19,74.34032827758155
2024-06-20,74.34032827758155
2024-06-21,74.34032827758155
2024-06-22,74.34032827758155
2024-06-23,74.34032827758155
2024-06-24,74.34032827758155
2024-06-25,74.34032827758155
2024-06-26,74.34032827758155
2024-06-27,74.34032827758155
2024-06-28,74.34032827758155
2024-06-29,74.34032827758155
2024-06-30,74.34032827758155
2024-07-01,78.7658425098691
2024-07-02,78.7658425098691
2024-07-03,78.7658425098691
2024-07-04,78.7658425098691
2024-07-05,78.7658425098691
2024-07-06,78.7658425098691
2024-07-07,78.7658425098691
2024-07-08,78.7658425098691
2024-07-09,78.7658425098691
2024-07-10,78.7658425098691
2024-07-11,78.7658425098691
2024-07-12,78.7658425098691
2024-07-13,78.7658425098691
2024-07-14,78.7658425098691
2024-07-15,78.7658425098691
2024-07-16,78.7658425098691
2024-07-17,78.7658425098691
2024-07-18,78.7658425098691
2024-07-19,78.7658425098691
2024-07-20,78.7658425098691
2024-07-21,78.7658425098691
2024-07-22,78.7658425098691
2024-07-23,78.7658425098691
2024-07-24,78.7658425098691
2024-07-25,78.7658425098691
2024-07-26,78.7658425098691
2024-07-27,78.7658425098691
2024-07-28,78.7658425098691
2024-07-29,78.7658425098691
2024-07-30,78.7658425098691
2024-07-31,78.7658425098691
2024-08-01,74.97402867234572
2024-08-02,74.97402867234572
2024-08-03,74.97402867234572
2024-08-04,74.97402867234572
2024-08-05,74.97402867234572
2024-08-06,74.97402867234572
2024-08-07,74.97402867234572
2024-08-08,74.97402867234572
2024-08-09,74.97402867234572
2024-08-10,74.97402867234572
2024-08-11,74.97402867234572
2024-08-12,74.97402867234572
2024-08-13,74.97402867234572
2024-08-14,74.97402867234572
2024-08-15,74.97402867234572
2024-08-16,74.97402867234572
2024-08-17,74.97402867234572
2024-08-18,74.97402867234572
2024-08-19,74.97402867234572
2024-08-20,74.97402867234572
2024-08-21,74.97402867234572
2024-08-22,74.97402867234572
2024-08-23,74.97402867234572
2024-08-24,74.97402867234572
2024-08-25,74.97402867234572
2024-08-26,74.97402867234572
2024-08-27,74.97402867234572
2024-08-28,74.97402867234572
2024-08-29,74.97402867234572
2024-08-30,74.97402867234572
2024-08-31,74.97402867234572
2024-09-01,79.08788697278204
2024-09-02,79.08788697278204
2024-09-03,79.08788697278204
2024-09-04,79.08788697278204
2024-09-05,79.08788697278204
2024-09-06,79.08788697278204
2024-09-07,79.08788697278204
2024-09-08,79.08788697278204
2024-09-09,79.08788697278204
2024-09-10,79.08788697278204
2024-09-11,79.08788697278204
2024-09-12,79.08788697278204
2024-09-13,79.08788697278204
2024-09-14,79.08788697278204
2024-09-15,79.08788697278204
2024-09-16,79.08788697278204
2024-09-17,79.08788697278204
2024-09-18,79.08788697278204
2024-09-19,79.08788697278204
2024-09-20,79.08788697278204
2024-09-21,79.08788697278204
2024-09-22,79.08788697278204
2024-09-23,79.08788697278204
2024-09-24,79.08788697278204
2024-09-25,79.08788697278204
2024-09-26,79.08788697278204
2024-09-27,79.08788697278204
2024-09-28,79.08788697278204
2024-09-29,79.08788697278204
2024-09-30,79.08788697278204
2024-10-01,81.60191148971535
2024-10-02,81.60191148971535
2024-10-03,81.60191148971535
2024-10-04,81.60191148971535
2024-10-05,81.60191148971535
2024-10-06,81.60191148971535
2024-10-07,81.60191148971535
2024-10-08,81.60191148971535
2024-10-09,81.60191148971535
2024-10-10,81.60191148971535
2024-10-11,81.60191148971535
2024-10-12,81.60191148971535
2024-10-13,81.60191148971535
2024-10-14,81.60191148971535
2024-10-15,81.60191148971535
2024-10-16,81.60191148971535
2024-10-17,81.60191148971535
2024-10-18,81.60191148971535
2024-10-19,81.60191148971535
2024-10-20,81.60191148971535
2024-10-21,81.60191148971535
2024-10-22,81.60191148971535
2024-10-23,81.60191148971535
2024-10-24,81.60191148971535
2024-10-25,81.60191148971535
2024-10-26,81.60191148971535
2024-10-27,81.60191148971535
2024-10-28,81.60191148971535
2024-10-29,81.60191148971535
2024-10-30,81.60191148971535
2024-10-31,81.60191148971535
2024-11-01,83.47184708082277
2024-11-02,83.47184708082277
2024-11-03,83.47184708082277
2024-11-04,83.47184708082277
2024-11-05,83.47184708082277
2024-11-06,83.47184708082277
2024-11-07,83.47184708082277
2024-11-08,83.47184708082277
2024-11-09,83.47184708082277
2024-11-10,83.47184708082277
2024-11-11,83.47184708082277
2024-11-12,83.47184708082277
2024-11-13,83.47184708082277
2024-11-14,83.47184708082277
2024-11-15,83.47184708082277
2024-11-16,83.47184708082277
2024-11-17,83.47184708082277
2024-11-18,83.47184708082277
2024-11-19,83.47184708082277
2024-11-20,83.47184708082277
2024-11-21,83.47184708082277
2024-11-22,83.47184708082277
2024-11-23,83.47184708082277
2024-11-24,83.47184708082277
2024-11-25,83.47184708082277
2024-11-26,83.47184708082277
2024-11-27,83.47184708082277
2024-11-28,83.47184708082277
2024-11-29,83.47184708082277
2024-11-30,83.47184708082277
2024-12-01,83.14980261790983
2024-12-02,83.14980261790983
2024-12-03,83.14980261790983
2024-12-04,83.14980261790983
2024-12-05,83.14980261790983
2024-12-06,83.14980261790983
2024-12-07,83.14980261790983
2024-12-08,83.14980261790983
2024-12-09,83.14980261790983
2024-12-10,83.14980261790983
2024-12-11,83.14980261790983
2024-12-12,83.14980261790983
2024-12-13,83.14980261790983
2024-12-14,83.14980261790983
2024-12-15,83.14980261790983
2024-12-16,83.14980261790983
2024-12-17,83.14980261790983
2024-12-18,83.14980261790983
2024-12-19,83.14980261790983
2024-12-20,83.14980261790983
2024-12-21,83.14980261790983
2024-12-22,83.14980261790983
2024-12-23,83.14980261790983
2024-12-24,83.14980261790983
2024-12-25,83.14980261790983
2024-12-26,83.14980261790983
2024-12-27,83.14980261790983
2024-12-28,83.14980261790983
2024-12-29,83.14980261790983
2024-12-30,83.14980261790983
2024-12-31,83.14980261790983
2025-01-01,80.31373363806358
2025-01-02,80.31373363806358
2025-01-03,80.31373363806358
2025-01-04,80.31373363806358
2025-01-05,80.31373363806358
2025-01-06,80.31373363806358
2025-01-07,80.31373363806358
2025-01-08,80.31373363806358
2025-01-09,80.31373363806358
2025-01-10,80.31373363806358
2025-01-11,80.31373363806358
2025-01-12,80.31373363806358
2025-01-13,80.31373363806358
2025-01-14,80.31373363806358
2025-01-15,80.31373363806358
2025-01-16,80.31373363806358
2025-01-17,80.31373363806358
2025-01-18,80.31373363806358
2025-01-19,80.31373363806358
2025-01-20,80.31373363806358
2025-01-21,80.31373363806358
2025-01-22,80.31373363806358
2025-01-23,80.31373363806358
2025-01-24,80.31373363806358
2025-01-25,80.31373363806358
2025-01-26,80.31373363806358
2025-01-27,80.31373363806358
2025-01-28,80.31373363806358
2025-01-29,80.31373363806358
2025-01-30,80.31373363806358
2025-01-31,80.31373363806358
2025-02-01,79.71119883648453
2025-02-02,79.71119883648453
2025-02-03,79.71119883648453
2025-02-04,79.71119883648453
2025-02-05,79.71119883648453
2025-02-06,79.71119883648453
2025-02-07,79.71119883648453
2025-02-08,79.71119883648453
2025-02-09,79.71119883648453
2025-02-10,79.71119883648453
2025-02-11,79.71119883648453
2025-02-12,79.71119883648453
2025-02-13,79.71119883648453
2025-02-14,79.71119883648453
2025-02-15,79.71119883648453
2025-02-16,79.71119883648453
2025-02-17,79.71119883648453
2025-02-18,79.71119883648453
2025-02-19,79.71119883648453
2025-02-20,79.71119883648453
2025-02-21,79.71119883648453
2025-02-22,79.71119883648453
2025-02-23,79.71119883648453
2025-02-24,79.71119883648453
2025-02-25,79.71119883648453
2025-02-26,79.71119883648453
2025-02-27,79.71119883648453
2025-02-28,79.71119883648453
2025-03-01,67.99293579887804
2025-03-02,67.99293579887804
2025-03-03,67.99293579887804
2025-03-04,67.99293579887804
2025-03-05,67.99293579887804
2025-03-06,67.99293579887804
2025-03-07,67.99293579887804
2025-03-08,67.99293579887804
2025-03-09,67.99293579887804
2025-03-10,67.99293579887804
2025-03-11,67.99293579887804
2025-03-12,67.99293579887804
2025-03-13,67.99293579887804
2025-03-14,67.99293579887804
2025-03-15,67.99293579887804
2025-03-16,67.99293579887804
2025-03-17,67.99293579887804
2025-03-18,67.99293579887804
2025-03-19,67.99293579887804
2025-03-20,67.99293579887804
2025-03-21,67.99293579887804
2025-03-22,67.99293579887804
2025-03-23,67.99293579887804
2025-03-24,67.99293579887804
2025-03-25,67.99293579887804
2025-03-26,67.99293579887804
2025-03-27,67.99293579887804
2025-03-28,67.99293579887804
2025-03-29,67.99293579887804
2025-03-30,67.99293579887804
2025-03-31,67.99293579887804
2025-04-01,63.224600041554126
2025-04-02,63.224600041554126
2025-04-03,63.224600041554126
2025-04-04,63.224600041554126
2025-04-05,63.224600041554126
2025-04-06,63.224600041554126
2025-04-07,63.224600041554126
2025-04-08,63.224600041554126
2025-04-09,63.224600041554126
2025-04-10,63.224600041554126
2025-04-11,63.224600041554126
2025-04-12,63.224600041554126
2025-04-13,63.224600041554126
2025-04-14,63.224600041554126
2025-04-15,63.224600041554126
2025-04-16,63.224600041554126
2025-04-17,63.224600041554126
2025-04-18,63.224600041554126
2025-04-19,63.224600041554126
2025-04-20,63.224600041554126
2025-04-21,63.224600041554126
2025-04-22,63.224600041554126
2025-04-23,63.224600041554126
2025-04-24,63.224600041554126
2025-04-25,63.224600041554126
2025-04-26,63.224600041554126
2025-04-27,63.224600041554126
2025-04-28,63.224600041554126
2025-04-29,63.224600041554126
2025-04-30,63.224600041554126
2025-05-01,68.31498026179098
2025-05-02,68.31498026179098
2025-05-03,68.31498026179098
2025-05-04,68.31498026179098
2025-05-05,68.31498026179098
2025-05-06,68.31498026179098
2025-05-07,68.31498026179098
2025-05-08,68.31498026179098
2025-05-09,68.31498026179098
2025-05-10,68.31498026179098
2025-05-11,68.31498026179098
2025-05-12,68.31498026179098
2025-05-13,68.31498026179098
2025-05-14,68.31498026179098
2025-05-15,68.31498026179098
2025-05-16,68.31498026179098
2025-05-17,68.31498026179098
2025-05-18,68.31498026179098
2025-05-19,68.31498026179098
2025-05-20,68.31498026179098
2025-05-21,68.31498026179098
2025-05-22,68.31498026179098
2025-05-23,68.31498026179098
2025-05-24,68.31498026179098
2025-05-25,68.31498026179098
2025-05-26,68.31498026179098
2025-05-27,68.31498026179098
2025-05-28,68.31498026179098
2025-05-29,68.31498026179098
2025-05-30,68.31498026179098
2025-05-31,68.31498026179098
2025-06-01,72.75088302514024
2025-06-02,72.75088302514024
2025-06-03,72.75088302514024
2025-06-04,72.75088302514024
2025-06-05,72.75088302514024
2025-06-06,72.75088302514024
2025-06-07,72.75088302514024
2025-06-08,72.75088302514024
2025-06-09,72.75088302514024
2025-06-10,72.75088302514024
2025-06-11,72.75088302514024
2025-06-12,72.75088302514024
2025-06-13,72.75088302514024
2025-06-14,72.75088302514024
2025-06-15,72.75088302514024
2025-06-16,72.75088302514024
2025-06-17,72.75088302514024
2025-06-18,72.75088302514024
2025-06-19,72.75088302514024
2025-06-20,72.75088302514024
2025-06-21,72.75088302514024
2025-06-22,72.75088302514024
2025-06-23,72.75088302514024
2025-06-24,72.75088302514024
2025-06-25,72.75088302514024
2025-06-26,72.75088302514024
2025-06-27,72.75088302514024
2025-06-28,72.75088302514024
2025-06-29,72.75088302514024
2025-06-30,72.75088302514024
2025-07-01,75.88821940577603
2025-07-02,75.88821940577603
2025-07-03,75.88821940577603
2025-07-04,75.88821940577603
2025-07-05,75.88821940577603
2025-07-06,75.88821940577603
2025-07-07,75.88821940577603
2025-07-08,75.88821940577603
2025-07-09,75.88821940577603
2025-07-10,75.88821940577603
2025-07-11,75.88821940577603
2025-07-12,75.88821940577603
2025-07-13,75.88821940577603
2025-07-14,75.88821940577603
2025-07-15,75.88821940577603
2025-07-16,75.88821940577603
2025-07-17,75.88821940577603
2025-07-18,75.88821940577603
2025-07-19,75.88821940577603
2025-07-20,75.88821940577603
2025-07-21,75.88821940577603
2025-07-22,75.88821940577603
2025-07-23,75.88821940577603
2025-07-24,75.88821940577603
2025-07-25,75.88821940577603
2025-07-26,75.88821940577603
2025-07-27,75.88821940577603
2025-07-28,75.88821940577603
2025-07-29,75.88821940577603
2025-07-30,75.88821940577603
2025-07-31,75.88821940577603
2025-08-01,76.53230833160191
2025-08-02,76.53230833160191
2025-08-03,76.53230833160191
2025-08-04,76.53230833160191
2025-08-05,76.53230833160191
2025-08-06,76.53230833160191
2025-08-07,76.53230833160191
2025-08-08,76.53230833160191
2025-08-09,76.53230833160191
2025-08-10,76.53230833160191
2025-08-11,76.53230833160191
2025-08-12,76.53230833160191
2025-08-13,76.53230833160191
2025-08-14,76.53230833160191
2025-08-15,76.53230833160191
2025-08-16,76.53230833160191
2025-08-17,76.53230833160191
2025-08-18,76.53230833160191
2025-08-19,76.53230833160191
2025-08-20,76.53230833160191
2025-08-21,76.53230833160191
2025-08-22,76.53230833160191
2025-08-23,76.53230833160191
2025-08-24,76.53230833160191
2025-08-25,76.53230833160191
2025-08-26,76.53230833160191
2025-08-27,76.53230833160191
2025-08-28,76.53230833160191
2025-08-29,76.53230833160191
2025-08-30,76.53230833160191
2025-08-31,76.53230833160191
2025-09-01,79.39954290463328
2025-09-02,79.39954290463328
2025-09-03,79.39954290463328
2025-09-04,79.39954290463328
2025-09-05,79.39954290463328
2025-09-06,79.39954290463328
2025-09-07,79.39954290463328
2025-09-08,79.39954290463328
2025-09-09,79.39954290463328
2025-09-10,79.39954290463328
2025-09-11,79.39954290463328
2025-09-12,79.39954290463328
2025-09-13,79.39954290463328
2025-09-14,79.39954290463328
2025-09-15,79.39954290463328
2025-09-16,79.39954290463328
2025-09-17,79.39954290463328
2025-09-18,79.39954290463328
2025-09-19,79.39954290463328
2025-09-20,79.39954290463328
2025-09-21,79.39954290463328
2025-09-22,79.39954290463328
2025-09-23,79.39954290463328
2025-09-24,79.39954290463328
2025-09-25,79.39954290463328
2025-09-26,79.39954290463328
2025-09-27,79.39954290463328
2025-09-28,79.39954290463328
2025-09-29,79.39954290463328
2025-09-30,79.39954290463328
2025-10-01,83.783503012674
2025-10-02,83.783503012674
2025-10-03,83.783503012674
2025-10-04,83.783503012674
2025-10-05,83.783503012674
2025-10-06,83.783503012674
2025-10-07,83.783503012674
2025-10-08,83.783503012674
2025-10-09,83.783503012674
2025-10-10,83.783503012674
2025-10-11,83.783503012674
2025-10-12,83.783503012674
2025-10-13,83.783503012674
2025-10-14,83.783503012674
2025-10-15,83.783503012674
2025-10-16,83.783503012674
2025-10-17,83.783503012674
2025-10-18,83.783503012674
2025-10-19,83.783503012674
2025-10-20,83.783503012674
2025-10-21,83.783503012674
2025-10-22,83.783503012674
2025-10-23,83.783503012674
2025-10-24,83.783503012674
2025-10-25,83.783503012674
2025-10-26,83.783503012674
2025-10-27,83.783503012674
2025-10-28,83.783503012674
2025-10-29,83.783503012674
2025-10-30,83.783503012674
2025-10-31,83.783503012674
2025-11-01,84.10554747558695
2025-11-02,84.10554747558695
2025-11-03,84.10554747558695
2025-11-04,84.10554747558695
2025-11-05,84.10554747558695
2025-11-06,84.10554747558695
2025-11-07,84.10554747558695
2025-11-08,84.10554747558695
2025-11-09,84.10554747558695
2025-11-10,84.10554747558695
2025-11-11,84.10554747558695
2025-11-12,84.10554747558695
2025-11-13,84.10554747558695
2025-11-14,84.10554747558695
2025-11-15,84.10554747558695
2025-11-16,84.10554747558695
2025-11-17,84.10554747558695
2025-11-18,84.10554747558695
2025-11-19,84.10554747558695
2025-11-20,84.10554747558695
2025-11-21,84.10554747558695
2025-11-22,84.10554747558695
2025-11-23,84.10554747558695
2025-11-24,84.10554747558695
2025-11-25,84.10554747558695
2025-11-26,84.10554747558695
2025-11-27,84.10554747558695
2025-11-28,84.10554747558695
2025-11-29,84.10554747558695
2025-11-30,84.10554747558695
2025-12-01,85.75732391439851
2025-12-02,85.75732391439851
2025-12-03,85.75732391439851
2025-12-04,85.75732391439851
2025-12-05,85.75732391439851
2025-12-06,85.75732391439851
2025-12-07,85.75732391439851
2025-12-08,85.75732391439851
2025-12-09,85.75732391439851
2025-12-10,85.75732391439851
2025-12-11,85.75732391439851
2025-12-12,85.75732391439851
2025-12-13,85.75732391439851
2025-12-14,85.75732391439851
2025-12-15,85.75732391439851
2025-12-16,85.75732391439851
2025-12-17,85.75732391439851
2025-12-18,85.75732391439851
2025-12-19,85.75732391439851
2025-12-20,85.75732391439851
2025-12-21,85.75732391439851
2025-12-22,85.75732391439851
2025-12-23,85.75732391439851
2025-12-24,85.75732391439851
2025-12-25,85.75732391439851
2025-12-26,85.75732391439851
2025-12-27,85.75732391439851
2025-12-28,85.75732391439851
2025-12-29,85.75732391439851
2025-12-30,85.75732391439851
2025-12-31,85.75732391439851
2026-01-01,86.37024724703927
2026-01-02,86.37024724703927
2026-01-03,86.37024724703927
2026-01-04,86.37024724703927
2026-01-05,86.37024724703927
2026-01-06,86.37024724703927
2026-01-07,86.37024724703927
2026-01-08,86.37024724703927
2026-01-09,86.37024724703927
2026-01-10,86.37024724703927
2026-01-11,86.37024724703927
2026-01-12,86.37024724703927
2026-01-13,86.37024724703927
2026-01-14,86.37024724703927
2026-01-15,86.37024724703927
2026-01-16,86.37024724703927
2026-01-17,86.37024724703927
2026-01-18,86.37024724703927
2026-01-19,86.37024724703927
2026-01-20,86.37024724703927
2026-01-21,86.37024724703927
2026-01-22,86.37024724703927
2026-01-23,86.37024724703927
2026-01-24,86.37024724703927
2026-01-25,86.37024724703927
2026-01-26,86.37024724703927
2026-01-27,86.37024724703927
2026-01-28,86.37024724703927
2026-01-29,86.37024724703927
2026-01-30,86.37024724703927
2026-01-31,86.37024724703927
2026-02-01,86.07936837731145
2026-02-02,86.07936837731145
2026-02-03,86.07936837731145
2026-02-04,86.07936837731145
2026-02-05,86.07936837731145
2026-02-06,86.07936837731145
2026-02-07,86.07936837731145
2026-02-08,86.07936837731145
2026-02-09,86.07936837731145
2026-02-10,86.07936837731145
2026-02-11,86.07936837731145
2026-02-12,86.07936837731145
2026-02-13,86.07936837731145
2026-02-14,86.07936837731145
2026-02-15,86.07936837731145
2026-02-16,86.07936837731145
2026-02-17,86.07936837731145
2026-02-18,86.07936837731145
2026-02-19,86.07936837731145
2026-02-20,86.07936837731145
2026-02-21,86.07936837731145
2026-02-22,86.07936837731145
2026-02-23,86.07936837731145
2026-02-24,86.07936837731145
2026-02-25,86.07936837731145
2026-02-26,86.07936837731145
2026-02-27,86.07936837731145
2026-02-28,86.07936837731145
2026-03-01,81.2798670268024
2026-03-02,81.2798670268024
2026-03-03,81.2798670268024
2026-03-04,81.2798670268024
2026-03-05,81.2798670268024
2026-03-06,81.2798670268024
2026-03-07,81.2798670268024
2026-03-08,81.2798670268024
2026-03-09,81.2798670268024
2026-03-10,81.2798670268024
2026-03-11,81.2798670268024
2026-03-12,81.2798670268024
2026-03-13,81.2798670268024
2026-03-14,81.2798670268024
2026-03-15,81.2798670268024
2026-03-16,81.2798670268024
2026-03-17,81.2798670268024
2026-03-18,81.2798670268024
2026-03-19,81.2798670268024
2026-03-20,81.2798670268024
2026-03-21,81.2798670268024
2026-03-22,81.2798670268024
2026-03-23,81.2798670268024
2026-03-24,81.2798670268024
2026-03-25,81.2798670268024
2026-03-26,81.2798670268024
2026-03-27,81.2798670268024
2026-03-28,81.2798670268024
2026-03-29,81.2798670268024
2026-03-30,81.2798670268024
2026-03-31,81.2798670268024
2026-04-01,84.72885933928941
2026-04-02,84.72885933928941
2026-04-03,84.72885933928941
2026-04-04,84.72885933928941
2026-04-05,84.72885933928941
2026-04-06,84.72885933928941
2026-04-07,84.72885933928941
2026-04-08,84.72885933928941
2026-04-09,84.72885933928941
2026-04-10,84.72885933928941
2026-04-11,84.72885933928941
2026-04-12,84.72885933928941
2026-04-13,84.72885933928941
2026-04-14,84.72885933928941
2026-04-15,84.72885933928941
2026-04-16,84.72885933928941
2026-04-17,84.72885933928941
2026-04-18,84.72885933928941
2026-04-19,84.72885933928941
2026-04-20,84.72885933928941
2026-04-21,84.72885933928941
2026-04-22,84.72885933928941
2026-04-23,84.72885933928941
2026-04-24,84.72885933928941
2026-04-25,84.72885933928941
2026-04-26,84.72885933928941
2026-04-27,84.72885933928941
2026-04-28,84.72885933928941
2026-04-29,84.72885933928941
2026-04-30,84.72885933928941
2026-05-01,84.72885933928941
2026-05-02,84.72885933928941
2026-05-03,84.72885933928941
2026-05-04,84.72885933928941
2026-05-05,84.72885933928941
2026-05-06,84.72885933928941
2026-05-07,84.72885933928941
2026-05-08,88.28173696239352
2026-05-09,88.28173696239352
