date,value
2000-01-01,29.03639030456543
2000-01-02,29.03639030456543
2000-01-03,29.03639030456543
2000-01-04,29.03639030456543
2000-01-05,29.03639030456543
2000-01-06,29.03639030456543
2000-01-07,29.03639030456543
2000-01-08,29.03639030456543
2000-01-09,29.03639030456543
2000-01-10,29.03639030456543
2000-01-11,29.03639030456543
2000-01-12,29.03639030456543
2000-01-13,29.03639030456543
2000-01-14,29.03639030456543
2000-01-15,29.03639030456543
2000-01-16,29.03639030456543
2000-01-17,29.03639030456543
2000-01-18,29.03639030456543
2000-01-19,29.03639030456543
2000-01-20,29.03639030456543
2000-01-21,29.03639030456543
2000-01-22,29.03639030456543
2000-01-23,29.03639030456543
2000-01-24,29.03639030456543
2000-01-25,29.03639030456543
2000-01-26,29.03639030456543
2000-01-27,29.03639030456543
2000-01-28,29.03639030456543
2000-01-29,29.03639030456543
2000-01-30,29.03639030456543
2000-01-31,29.03639030456543
2000-02-01,27.764442443847656
2000-02-02,27.764442443847656
2000-02-03,27.764442443847656
2000-02-04,27.764442443847656
2000-02-05,27.764442443847656
2000-02-06,27.764442443847656
2000-02-07,27.764442443847656
2000-02-08,27.764442443847656
2000-02-09,27.764442443847656
2000-02-10,27.764442443847656
2000-02-11,27.764442443847656
2000-02-12,27.764442443847656
2000-02-13,27.764442443847656
2000-02-14,27.764442443847656
2000-02-15,27.764442443847656
2000-02-16,27.764442443847656
2000-02-17,27.764442443847656
2000-02-18,27.764442443847656
2000-02-19,27.764442443847656
2000-02-20,27.764442443847656
2000-02-21,27.764442443847656
2000-02-22,27.764442443847656
2000-02-23,27.764442443847656
2000-02-24,27.764442443847656
2000-02-25,27.764442443847656
2000-02-26,27.764442443847656
2000-02-27,27.764442443847656
2000-02-28,27.764442443847656
2000-02-29,27.764442443847656
2000-03-01,28.306379318237305
2000-03-02,28.306379318237305
2000-03-03,28.306379318237305
2000-03-04,28.306379318237305
2000-03-05,28.306379318237305
2000-03-06,28.306379318237305
2000-03-07,28.306379318237305
2000-03-08,28.306379318237305
2000-03-09,28.306379318237305
2000-03-10,28.306379318237305
2000-03-11,28.306379318237305
2000-03-12,28.306379318237305
2000-03-13,28.306379318237305
2000-03-14,28.306379318237305
2000-03-15,28.306379318237305
2000-03-16,28.306379318237305
2000-03-17,28.306379318237305
2000-03-18,28.306379318237305
2000-03-19,28.306379318237305
2000-03-20,28.306379318237305
2000-03-21,28.306379318237305
2000-03-22,28.306379318237305
2000-03-23,28.306379318237305
2000-03-24,28.306379318237305
2000-03-25,28.306379318237305
2000-03-26,28.306379318237305
2000-03-27,28.306379318237305
2000-03-28,28.306379318237305
2000-03-29,28.306379318237305
2000-03-30,28.306379318237305
2000-03-31,28.306379318237305
2000-04-01,28.501365661621094
2000-04-02,28.501365661621094
2000-04-03,28.501365661621094
2000-04-04,28.501365661621094
2000-04-05,28.501365661621094
2000-04-06,28.501365661621094
2000-04-07,28.501365661621094
2000-04-08,28.501365661621094
2000-04-09,28.501365661621094
2000-04-10,28.501365661621094
2000-04-11,28.501365661621094
2000-04-12,28.501365661621094
2000-04-13,28.501365661621094
2000-04-14,28.501365661621094
2000-04-15,28.501365661621094
2000-04-16,28.501365661621094
2000-04-17,28.501365661621094
2000-04-18,28.501365661621094
2000-04-19,28.501365661621094
2000-04-20,28.501365661621094
2000-04-21,28.501365661621094
2000-04-22,28.501365661621094
2000-04-23,28.501365661621094
2000-04-24,28.501365661621094
2000-04-25,28.501365661621094
2000-04-26,28.501365661621094
2000-04-27,28.501365661621094
2000-04-28,28.501365661621094
2000-04-29,28.501365661621094
2000-04-30,28.501365661621094
2000-05-01,27.49169921875
2000-05-02,27.49169921875
2000-05-03,27.49169921875
2000-05-04,27.49169921875
2000-05-05,27.49169921875
2000-05-06,27.49169921875
2000-05-07,27.49169921875
2000-05-08,27.49169921875
2000-05-09,27.49169921875
2000-05-10,27.49169921875
2000-05-11,27.49169921875
2000-05-12,27.49169921875
2000-05-13,27.49169921875
2000-05-14,27.49169921875
2000-05-15,27.49169921875
2000-05-16,27.49169921875
2000-05-17,27.49169921875
2000-05-18,27.49169921875
2000-05-19,27.49169921875
2000-05-20,27.49169921875
2000-05-21,27.49169921875
2000-05-22,27.49169921875
2000-05-23,27.49169921875
2000-05-24,27.49169921875
2000-05-25,27.49169921875
2000-05-26,27.49169921875
2000-05-27,27.49169921875
2000-05-28,27.49169921875
2000-05-29,27.49169921875
2000-05-30,27.49169921875
2000-05-31,27.49169921875
2000-06-01,28.157936096191406
2000-06-02,28.157936096191406
2000-06-03,28.157936096191406
2000-06-04,28.157936096191406
2000-06-05,28.157936096191406
2000-06-06,28.157936096191406
2000-06-07,28.157936096191406
2000-06-08,28.157936096191406
2000-06-09,28.157936096191406
2000-06-10,28.157936096191406
2000-06-11,28.157936096191406
2000-06-12,28.157936096191406
2000-06-13,28.157936096191406
2000-06-14,28.157936096191406
2000-06-15,28.157936096191406
2000-06-16,28.157936096191406
2000-06-17,28.157936096191406
2000-06-18,28.157936096191406
2000-06-19,28.157936096191406
2000-06-20,28.157936096191406
2000-06-21,28.157936096191406
2000-06-22,28.157936096191406
2000-06-23,28.157936096191406
2000-06-24,28.157936096191406
2000-06-25,28.157936096191406
2000-06-26,28.157936096191406
2000-06-27,28.157936096191406
2000-06-28,28.157936096191406
2000-06-29,28.157936096191406
2000-06-30,28.157936096191406
2000-07-01,28.050018310546875
2000-07-02,28.050018310546875
2000-07-03,28.050018310546875
2000-07-04,28.050018310546875
2000-07-05,28.050018310546875
2000-07-06,28.050018310546875
2000-07-07,28.050018310546875
2000-07-08,28.050018310546875
2000-07-09,28.050018310546875
2000-07-10,28.050018310546875
2000-07-11,28.050018310546875
2000-07-12,28.050018310546875
2000-07-13,28.050018310546875
2000-07-14,28.050018310546875
2000-07-15,28.050018310546875
2000-07-16,28.050018310546875
2000-07-17,28.050018310546875
2000-07-18,28.050018310546875
2000-07-19,28.050018310546875
2000-07-20,28.050018310546875
2000-07-21,28.050018310546875
2000-07-22,28.050018310546875
2000-07-23,28.050018310546875
2000-07-24,28.050018310546875
2000-07-25,28.050018310546875
2000-07-26,28.050018310546875
2000-07-27,28.050018310546875
2000-07-28,28.050018310546875
2000-07-29,28.050018310546875
2000-07-30,28.050018310546875
2000-07-31,28.050018310546875
2000-08-01,27.97125244140625
2000-08-02,27.97125244140625
2000-08-03,27.97125244140625
2000-08-04,27.97125244140625
2000-08-05,27.97125244140625
2000-08-06,27.97125244140625
2000-08-07,27.97125244140625
2000-08-08,27.97125244140625
2000-08-09,27.97125244140625
2000-08-10,27.97125244140625
2000-08-11,27.97125244140625
2000-08-12,27.97125244140625
2000-08-13,27.97125244140625
2000-08-14,27.97125244140625
2000-08-15,27.97125244140625
2000-08-16,27.97125244140625
2000-08-17,27.97125244140625
2000-08-18,27.97125244140625
2000-08-19,27.97125244140625
2000-08-20,27.97125244140625
2000-08-21,27.97125244140625
2000-08-22,27.97125244140625
2000-08-23,27.97125244140625
2000-08-24,27.97125244140625
2000-08-25,27.97125244140625
2000-08-26,27.97125244140625
2000-08-27,27.97125244140625
2000-08-28,27.97125244140625
2000-08-29,27.97125244140625
2000-08-30,27.97125244140625
2000-08-31,27.97125244140625
2000-09-01,27.337987899780273
2000-09-02,27.337987899780273
2000-09-03,27.337987899780273
2000-09-04,27.337987899780273
2000-09-05,27.337987899780273
2000-09-06,27.337987899780273
2000-09-07,27.337987899780273
2000-09-08,27.337987899780273
2000-09-09,27.337987899780273
2000-09-10,27.337987899780273
2000-09-11,27.337987899780273
2000-09-12,27.337987899780273
2000-09-13,27.337987899780273
2000-09-14,27.337987899780273
2000-09-15,27.337987899780273
2000-09-16,27.337987899780273
2000-09-17,27.337987899780273
2000-09-18,27.337987899780273
2000-09-19,27.337987899780273
2000-09-20,27.337987899780273
2000-09-21,27.337987899780273
2000-09-22,27.337987899780273
2000-09-23,27.337987899780273
2000-09-24,27.337987899780273
2000-09-25,27.337987899780273
2000-09-26,27.337987899780273
2000-09-27,27.337987899780273
2000-09-28,27.337987899780273
2000-09-29,27.337987899780273
2000-09-30,27.337987899780273
2000-10-01,26.49567985534668
2000-10-02,26.49567985534668
2000-10-03,26.49567985534668
2000-10-04,26.49567985534668
2000-10-05,26.49567985534668
2000-10-06,26.49567985534668
2000-10-07,26.49567985534668
2000-10-08,26.49567985534668
2000-10-09,26.49567985534668
2000-10-10,26.49567985534668
2000-10-11,26.49567985534668
2000-10-12,26.49567985534668
2000-10-13,26.49567985534668
2000-10-14,26.49567985534668
2000-10-15,26.49567985534668
2000-10-16,26.49567985534668
2000-10-17,26.49567985534668
2000-10-18,26.49567985534668
2000-10-19,26.49567985534668
2000-10-20,26.49567985534668
2000-10-21,26.49567985534668
2000-10-22,26.49567985534668
2000-10-23,26.49567985534668
2000-10-24,26.49567985534668
2000-10-25,26.49567985534668
2000-10-26,26.49567985534668
2000-10-27,26.49567985534668
2000-10-28,26.49567985534668
2000-10-29,26.49567985534668
2000-10-30,26.49567985534668
2000-10-31,26.49567985534668
2000-11-01,26.8973331451416
2000-11-02,26.8973331451416
2000-11-03,26.8973331451416
2000-11-04,26.8973331451416
2000-11-05,26.8973331451416
2000-11-06,26.8973331451416
2000-11-07,26.8973331451416
2000-11-08,26.8973331451416
2000-11-09,26.8973331451416
2000-11-10,26.8973331451416
2000-11-11,26.8973331451416
2000-11-12,26.8973331451416
2000-11-13,26.8973331451416
2000-11-14,26.8973331451416
2000-11-15,26.8973331451416
2000-11-16,26.8973331451416
2000-11-17,26.8973331451416
2000-11-18,26.8973331451416
2000-11-19,26.8973331451416
2000-11-20,26.8973331451416
2000-11-21,26.8973331451416
2000-11-22,26.8973331451416
2000-11-23,26.8973331451416
2000-11-24,26.8973331451416
2000-11-25,26.8973331451416
2000-11-26,26.8973331451416
2000-11-27,26.8973331451416
2000-11-28,26.8973331451416
2000-11-29,26.8973331451416
2000-11-30,26.8973331451416
2000-12-01,26.618600845336914
2000-12-02,26.618600845336914
2000-12-03,26.618600845336914
2000-12-04,26.618600845336914
2000-12-05,26.618600845336914
2000-12-06,26.618600845336914
2000-12-07,26.618600845336914
2000-12-08,26.618600845336914
2000-12-09,26.618600845336914
2000-12-10,26.618600845336914
2000-12-11,26.618600845336914
2000-12-12,26.618600845336914
2000-12-13,26.618600845336914
2000-12-14,26.618600845336914
2000-12-15,26.618600845336914
2000-12-16,26.618600845336914
2000-12-17,26.618600845336914
2000-12-18,26.618600845336914
2000-12-19,26.618600845336914
2000-12-20,26.618600845336914
2000-12-21,26.618600845336914
2000-12-22,26.618600845336914
2000-12-23,26.618600845336914
2000-12-24,26.618600845336914
2000-12-25,26.618600845336914
2000-12-26,26.618600845336914
2000-12-27,26.618600845336914
2000-12-28,26.618600845336914
2000-12-29,26.618600845336914
2000-12-30,26.618600845336914
2000-12-31,26.618600845336914
2001-01-01,27.55012321472168
2001-01-02,27.55012321472168
2001-01-03,27.55012321472168
2001-01-04,27.55012321472168
2001-01-05,27.55012321472168
2001-01-06,27.55012321472168
2001-01-07,27.55012321472168
2001-01-08,27.55012321472168
2001-01-09,27.55012321472168
2001-01-10,27.55012321472168
2001-01-11,27.55012321472168
2001-01-12,27.55012321472168
2001-01-13,27.55012321472168
2001-01-14,27.55012321472168
2001-01-15,27.55012321472168
2001-01-16,27.55012321472168
2001-01-17,27.55012321472168
2001-01-18,27.55012321472168
2001-01-19,27.55012321472168
2001-01-20,27.55012321472168
2001-01-21,27.55012321472168
2001-01-22,27.55012321472168
2001-01-23,27.55012321472168
2001-01-24,27.55012321472168
2001-01-25,27.55012321472168
2001-01-26,27.55012321472168
2001-01-27,27.55012321472168
2001-01-28,27.55012321472168
2001-01-29,27.55012321472168
2001-01-30,27.55012321472168
2001-01-31,27.55012321472168
2001-02-01,27.805580139160156
2001-02-02,27.805580139160156
2001-02-03,27.805580139160156
2001-02-04,27.805580139160156
2001-02-05,27.805580139160156
2001-02-06,27.805580139160156
2001-02-07,27.805580139160156
2001-02-08,27.805580139160156
2001-02-09,27.805580139160156
2001-02-10,27.805580139160156
2001-02-11,27.805580139160156
2001-02-12,27.805580139160156
2001-02-13,27.805580139160156
2001-02-14,27.805580139160156
2001-02-15,27.805580139160156
2001-02-16,27.805580139160156
2001-02-17,27.805580139160156
2001-02-18,27.805580139160156
2001-02-19,27.805580139160156
2001-02-20,27.805580139160156
2001-02-21,27.805580139160156
2001-02-22,27.805580139160156
2001-02-23,27.805580139160156
2001-02-24,27.805580139160156
2001-02-25,27.805580139160156
2001-02-26,27.805580139160156
2001-02-27,27.805580139160156
2001-02-28,27.805580139160156
2001-03-01,26.0970516204834
2001-03-02,26.0970516204834
2001-03-03,26.0970516204834
2001-03-04,26.0970516204834
2001-03-05,26.0970516204834
2001-03-06,26.0970516204834
2001-03-07,26.0970516204834
2001-03-08,26.0970516204834
2001-03-09,26.0970516204834
2001-03-10,26.0970516204834
2001-03-11,26.0970516204834
2001-03-12,26.0970516204834
2001-03-13,26.0970516204834
2001-03-14,26.0970516204834
2001-03-15,26.0970516204834
2001-03-16,26.0970516204834
2001-03-17,26.0970516204834
2001-03-18,26.0970516204834
2001-03-19,26.0970516204834
2001-03-20,26.0970516204834
2001-03-21,26.0970516204834
2001-03-22,26.0970516204834
2001-03-23,26.0970516204834
2001-03-24,26.0970516204834
2001-03-25,26.0970516204834
2001-03-26,26.0970516204834
2001-03-27,26.0970516204834
2001-03-28,26.0970516204834
2001-03-29,26.0970516204834
2001-03-30,26.0970516204834
2001-03-31,26.0970516204834
2001-04-01,27.958955764770508
2001-04-02,27.958955764770508
2001-04-03,27.958955764770508
2001-04-04,27.958955764770508
2001-04-05,27.958955764770508
2001-04-06,27.958955764770508
2001-04-07,27.958955764770508
2001-04-08,27.958955764770508
2001-04-09,27.958955764770508
2001-04-10,27.958955764770508
2001-04-11,27.958955764770508
2001-04-12,27.958955764770508
2001-04-13,27.958955764770508
2001-04-14,27.958955764770508
2001-04-15,27.958955764770508
2001-04-16,27.958955764770508
2001-04-17,27.958955764770508
2001-04-18,27.958955764770508
2001-04-19,27.958955764770508
2001-04-20,27.958955764770508
2001-04-21,27.958955764770508
2001-04-22,27.958955764770508
2001-04-23,27.958955764770508
2001-04-24,27.958955764770508
2001-04-25,27.958955764770508
2001-04-26,27.958955764770508
2001-04-27,27.958955764770508
2001-04-28,27.958955764770508
2001-04-29,27.958955764770508
2001-04-30,27.958955764770508
2001-05-01,32.020751953125
2001-05-02,32.020751953125
2001-05-03,32.020751953125
2001-05-04,32.020751953125
2001-05-05,32.020751953125
2001-05-06,32.020751953125
2001-05-07,32.020751953125
2001-05-08,32.020751953125
2001-05-09,32.020751953125
2001-05-10,32.020751953125
2001-05-11,32.020751953125
2001-05-12,32.020751953125
2001-05-13,32.020751953125
2001-05-14,32.020751953125
2001-05-15,32.020751953125
2001-05-16,32.020751953125
2001-05-17,32.020751953125
2001-05-18,32.020751953125
2001-05-19,32.020751953125
2001-05-20,32.020751953125
2001-05-21,32.020751953125
2001-05-22,32.020751953125
2001-05-23,32.020751953125
2001-05-24,32.020751953125
2001-05-25,32.020751953125
2001-05-26,32.020751953125
2001-05-27,32.020751953125
2001-05-28,32.020751953125
2001-05-29,32.020751953125
2001-05-30,32.020751953125
2001-05-31,32.020751953125
2001-06-01,33.66974639892578
2001-06-02,33.66974639892578
2001-06-03,33.66974639892578
2001-06-04,33.66974639892578
2001-06-05,33.66974639892578
2001-06-06,33.66974639892578
2001-06-07,33.66974639892578
2001-06-08,33.66974639892578
2001-06-09,33.66974639892578
2001-06-10,33.66974639892578
2001-06-11,33.66974639892578
2001-06-12,33.66974639892578
2001-06-13,33.66974639892578
2001-06-14,33.66974639892578
2001-06-15,33.66974639892578
2001-06-16,33.66974639892578
2001-06-17,33.66974639892578
2001-06-18,33.66974639892578
2001-06-19,33.66974639892578
2001-06-20,33.66974639892578
2001-06-21,33.66974639892578
2001-06-22,33.66974639892578
2001-06-23,33.66974639892578
2001-06-24,33.66974639892578
2001-06-25,33.66974639892578
2001-06-26,33.66974639892578
2001-06-27,33.66974639892578
2001-06-28,33.66974639892578
2001-06-29,33.66974639892578
2001-06-30,33.66974639892578
2001-07-01,35.4632453918457
2001-07-02,35.4632453918457
2001-07-03,35.4632453918457
2001-07-04,35.4632453918457
2001-07-05,35.4632453918457
2001-07-06,35.4632453918457
2001-07-07,35.4632453918457
2001-07-08,35.4632453918457
2001-07-09,35.4632453918457
2001-07-10,35.4632453918457
2001-07-11,35.4632453918457
2001-07-12,35.4632453918457
2001-07-13,35.4632453918457
2001-07-14,35.4632453918457
2001-07-15,35.4632453918457
2001-07-16,35.4632453918457
2001-07-17,35.4632453918457
2001-07-18,35.4632453918457
2001-07-19,35.4632453918457
2001-07-20,35.4632453918457
2001-07-21,35.4632453918457
2001-07-22,35.4632453918457
2001-07-23,35.4632453918457
2001-07-24,35.4632453918457
2001-07-25,35.4632453918457
2001-07-26,35.4632453918457
2001-07-27,35.4632453918457
2001-07-28,35.4632453918457
2001-07-29,35.4632453918457
2001-07-30,35.4632453918457
2001-07-31,35.4632453918457
2001-08-01,37.849266052246094
2001-08-02,37.849266052246094
2001-08-03,37.849266052246094
2001-08-04,37.849266052246094
2001-08-05,37.849266052246094
2001-08-06,37.849266052246094
2001-08-07,37.849266052246094
2001-08-08,37.849266052246094
2001-08-09,37.849266052246094
2001-08-10,37.849266052246094
2001-08-11,37.849266052246094
2001-08-12,37.849266052246094
2001-08-13,37.849266052246094
2001-08-14,37.849266052246094
2001-08-15,37.849266052246094
2001-08-16,37.849266052246094
2001-08-17,37.849266052246094
2001-08-18,37.849266052246094
2001-08-19,37.849266052246094
2001-08-20,37.849266052246094
2001-08-21,37.849266052246094
2001-08-22,37.849266052246094
2001-08-23,37.849266052246094
2001-08-24,37.849266052246094
2001-08-25,37.849266052246094
2001-08-26,37.849266052246094
2001-08-27,37.849266052246094
2001-08-28,37.849266052246094
2001-08-29,37.849266052246094
2001-08-30,37.849266052246094
2001-08-31,37.849266052246094
2001-09-01,36.9000358581543
2001-09-02,36.9000358581543
2001-09-03,36.9000358581543
2001-09-04,36.9000358581543
2001-09-05,36.9000358581543
2001-09-06,36.9000358581543
2001-09-07,36.9000358581543
2001-09-08,36.9000358581543
2001-09-09,36.9000358581543
2001-09-10,36.9000358581543
2001-09-11,36.9000358581543
2001-09-12,36.9000358581543
2001-09-13,36.9000358581543
2001-09-14,36.9000358581543
2001-09-15,36.9000358581543
2001-09-16,36.9000358581543
2001-09-17,36.9000358581543
2001-09-18,36.9000358581543
2001-09-19,36.9000358581543
2001-09-20,36.9000358581543
2001-09-21,36.9000358581543
2001-09-22,36.9000358581543
2001-09-23,36.9000358581543
2001-09-24,36.9000358581543
2001-09-25,36.9000358581543
2001-09-26,36.9000358581543
2001-09-27,36.9000358581543
2001-09-28,36.9000358581543
2001-09-29,36.9000358581543
2001-09-30,36.9000358581543
2001-10-01,39.721683502197266
2001-10-02,39.721683502197266
2001-10-03,39.721683502197266
2001-10-04,39.721683502197266
2001-10-05,39.721683502197266
2001-10-06,39.721683502197266
2001-10-07,39.721683502197266
2001-10-08,39.721683502197266
2001-10-09,39.721683502197266
2001-10-10,39.721683502197266
2001-10-11,39.721683502197266
2001-10-12,39.721683502197266
2001-10-13,39.721683502197266
2001-10-14,39.721683502197266
2001-10-15,39.721683502197266
2001-10-16,39.721683502197266
2001-10-17,39.721683502197266
2001-10-18,39.721683502197266
2001-10-19,39.721683502197266
2001-10-20,39.721683502197266
2001-10-21,39.721683502197266
2001-10-22,39.721683502197266
2001-10-23,39.721683502197266
2001-10-24,39.721683502197266
2001-10-25,39.721683502197266
2001-10-26,39.721683502197266
2001-10-27,39.721683502197266
2001-10-28,39.721683502197266
2001-10-29,39.721683502197266
2001-10-30,39.721683502197266
2001-10-31,39.721683502197266
2001-11-01,43.62260437011719
2001-11-02,43.62260437011719
2001-11-03,43.62260437011719
2001-11-04,43.62260437011719
2001-11-05,43.62260437011719
2001-11-06,43.62260437011719
2001-11-07,43.62260437011719
2001-11-08,43.62260437011719
2001-11-09,43.62260437011719
2001-11-10,43.62260437011719
2001-11-11,43.62260437011719
2001-11-12,43.62260437011719
2001-11-13,43.62260437011719
2001-11-14,43.62260437011719
2001-11-15,43.62260437011719
2001-11-16,43.62260437011719
2001-11-17,43.62260437011719
2001-11-18,43.62260437011719
2001-11-19,43.62260437011719
2001-11-20,43.62260437011719
2001-11-21,43.62260437011719
2001-11-22,43.62260437011719
2001-11-23,43.62260437011719
2001-11-24,43.62260437011719
2001-11-25,43.62260437011719
2001-11-26,43.62260437011719
2001-11-27,43.62260437011719
2001-11-28,43.62260437011719
2001-11-29,43.62260437011719
2001-11-30,43.62260437011719
2001-12-01,46.372215270996094
2001-12-02,46.372215270996094
2001-12-03,46.372215270996094
2001-12-04,46.372215270996094
2001-12-05,46.372215270996094
2001-12-06,46.372215270996094
2001-12-07,46.372215270996094
2001-12-08,46.372215270996094
2001-12-09,46.372215270996094
2001-12-10,46.372215270996094
2001-12-11,46.372215270996094
2001-12-12,46.372215270996094
2001-12-13,46.372215270996094
2001-12-14,46.372215270996094
2001-12-15,46.372215270996094
2001-12-16,46.372215270996094
2001-12-17,46.372215270996094
2001-12-18,46.372215270996094
2001-12-19,46.372215270996094
2001-12-20,46.372215270996094
2001-12-21,46.372215270996094
2001-12-22,46.372215270996094
2001-12-23,46.372215270996094
2001-12-24,46.372215270996094
2001-12-25,46.372215270996094
2001-12-26,46.372215270996094
2001-12-27,46.372215270996094
2001-12-28,46.372215270996094
2001-12-29,46.372215270996094
2001-12-30,46.372215270996094
2001-12-31,46.372215270996094
2002-01-01,46.17481231689453
2002-01-02,46.17481231689453
2002-01-03,46.17481231689453
2002-01-04,46.17481231689453
2002-01-05,46.17481231689453
2002-01-06,46.17481231689453
2002-01-07,46.17481231689453
2002-01-08,46.17481231689453
2002-01-09,46.17481231689453
2002-01-10,46.17481231689453
2002-01-11,46.17481231689453
2002-01-12,46.17481231689453
2002-01-13,46.17481231689453
2002-01-14,46.17481231689453
2002-01-15,46.17481231689453
2002-01-16,46.17481231689453
2002-01-17,46.17481231689453
2002-01-18,46.17481231689453
2002-01-19,46.17481231689453
2002-01-20,46.17481231689453
2002-01-21,46.17481231689453
2002-01-22,46.17481231689453
2002-01-23,46.17481231689453
2002-01-24,46.17481231689453
2002-01-25,46.17481231689453
2002-01-26,46.17481231689453
2002-01-27,46.17481231689453
2002-01-28,46.17481231689453
2002-01-29,46.17481231689453
2002-01-30,46.17481231689453
2002-01-31,46.17481231689453
2002-02-01,44.56755447387695
2002-02-02,44.56755447387695
2002-02-03,44.56755447387695
2002-02-04,44.56755447387695
2002-02-05,44.56755447387695
2002-02-06,44.56755447387695
2002-02-07,44.56755447387695
2002-02-08,44.56755447387695
2002-02-09,44.56755447387695
2002-02-10,44.56755447387695
2002-02-11,44.56755447387695
2002-02-12,44.56755447387695
2002-02-13,44.56755447387695
2002-02-14,44.56755447387695
2002-02-15,44.56755447387695
2002-02-16,44.56755447387695
2002-02-17,44.56755447387695
2002-02-18,44.56755447387695
2002-02-19,44.56755447387695
2002-02-20,44.56755447387695
2002-02-21,44.56755447387695
2002-02-22,44.56755447387695
2002-02-23,44.56755447387695
2002-02-24,44.56755447387695
2002-02-25,44.56755447387695
2002-02-26,44.56755447387695
2002-02-27,44.56755447387695
2002-02-28,44.56755447387695
2002-03-01,46.7121467590332
2002-03-02,46.7121467590332
2002-03-03,46.7121467590332
2002-03-04,46.7121467590332
2002-03-05,46.7121467590332
2002-03-06,46.7121467590332
2002-03-07,46.7121467590332
2002-03-08,46.7121467590332
2002-03-09,46.7121467590332
2002-03-10,46.7121467590332
2002-03-11,46.7121467590332
2002-03-12,46.7121467590332
2002-03-13,46.7121467590332
2002-03-14,46.7121467590332
2002-03-15,46.7121467590332
2002-03-16,46.7121467590332
2002-03-17,46.7121467590332
2002-03-18,46.7121467590332
2002-03-19,46.7121467590332
2002-03-20,46.7121467590332
2002-03-21,46.7121467590332
2002-03-22,46.7121467590332
2002-03-23,46.7121467590332
2002-03-24,46.7121467590332
2002-03-25,46.7121467590332
2002-03-26,46.7121467590332
2002-03-27,46.7121467590332
2002-03-28,46.7121467590332
2002-03-29,46.7121467590332
2002-03-30,46.7121467590332
2002-03-31,46.7121467590332
2002-04-01,43.8112678527832
2002-04-02,43.8112678527832
2002-04-03,43.8112678527832
2002-04-04,43.8112678527832
2002-04-05,43.8112678527832
2002-04-06,43.8112678527832
2002-04-07,43.8112678527832
2002-04-08,43.8112678527832
2002-04-09,43.8112678527832
2002-04-10,43.8112678527832
2002-04-11,43.8112678527832
2002-04-12,43.8112678527832
2002-04-13,43.8112678527832
2002-04-14,43.8112678527832
2002-04-15,43.8112678527832
2002-04-16,43.8112678527832
2002-04-17,43.8112678527832
2002-04-18,43.8112678527832
2002-04-19,43.8112678527832
2002-04-20,43.8112678527832
2002-04-21,43.8112678527832
2002-04-22,43.8112678527832
2002-04-23,43.8112678527832
2002-04-24,43.8112678527832
2002-04-25,43.8112678527832
2002-04-26,43.8112678527832
2002-04-27,43.8112678527832
2002-04-28,43.8112678527832
2002-04-29,43.8112678527832
2002-04-30,43.8112678527832
2002-05-01,41.41404342651367
2002-05-02,41.41404342651367
2002-05-03,41.41404342651367
2002-05-04,41.41404342651367
2002-05-05,41.41404342651367
2002-05-06,41.41404342651367
2002-05-07,41.41404342651367
2002-05-08,41.41404342651367
2002-05-09,41.41404342651367
2002-05-10,41.41404342651367
2002-05-11,41.41404342651367
2002-05-12,41.41404342651367
2002-05-13,41.41404342651367
2002-05-14,41.41404342651367
2002-05-15,41.41404342651367
2002-05-16,41.41404342651367
2002-05-17,41.41404342651367
2002-05-18,41.41404342651367
2002-05-19,41.41404342651367
2002-05-20,41.41404342651367
2002-05-21,41.41404342651367
2002-05-22,41.41404342651367
2002-05-23,41.41404342651367
2002-05-24,41.41404342651367
2002-05-25,41.41404342651367
2002-05-26,41.41404342651367
2002-05-27,41.41404342651367
2002-05-28,41.41404342651367
2002-05-29,41.41404342651367
2002-05-30,41.41404342651367
2002-05-31,41.41404342651367
2002-06-01,37.92146682739258
2002-06-02,37.92146682739258
2002-06-03,37.92146682739258
2002-06-04,37.92146682739258
2002-06-05,37.92146682739258
2002-06-06,37.92146682739258
2002-06-07,37.92146682739258
2002-06-08,37.92146682739258
2002-06-09,37.92146682739258
2002-06-10,37.92146682739258
2002-06-11,37.92146682739258
2002-06-12,37.92146682739258
2002-06-13,37.92146682739258
2002-06-14,37.92146682739258
2002-06-15,37.92146682739258
2002-06-16,37.92146682739258
2002-06-17,37.92146682739258
2002-06-18,37.92146682739258
2002-06-19,37.92146682739258
2002-06-20,37.92146682739258
2002-06-21,37.92146682739258
2002-06-22,37.92146682739258
2002-06-23,37.92146682739258
2002-06-24,37.92146682739258
2002-06-25,37.92146682739258
2002-06-26,37.92146682739258
2002-06-27,37.92146682739258
2002-06-28,37.92146682739258
2002-06-29,37.92146682739258
2002-06-30,37.92146682739258
2002-07-01,32.456539154052734
2002-07-02,32.456539154052734
2002-07-03,32.456539154052734
2002-07-04,32.456539154052734
2002-07-05,32.456539154052734
2002-07-06,32.456539154052734
2002-07-07,32.456539154052734
2002-07-08,32.456539154052734
2002-07-09,32.456539154052734
2002-07-10,32.456539154052734
2002-07-11,32.456539154052734
2002-07-12,32.456539154052734
2002-07-13,32.456539154052734
2002-07-14,32.456539154052734
2002-07-15,32.456539154052734
2002-07-16,32.456539154052734
2002-07-17,32.456539154052734
2002-07-18,32.456539154052734
2002-07-19,32.456539154052734
2002-07-20,32.456539154052734
2002-07-21,32.456539154052734
2002-07-22,32.456539154052734
2002-07-23,32.456539154052734
2002-07-24,32.456539154052734
2002-07-25,32.456539154052734
2002-07-26,32.456539154052734
2002-07-27,32.456539154052734
2002-07-28,32.456539154052734
2002-07-29,32.456539154052734
2002-07-30,32.456539154052734
2002-07-31,32.456539154052734
2002-08-01,31.532480239868164
2002-08-02,31.532480239868164
2002-08-03,31.532480239868164
2002-08-04,31.532480239868164
2002-08-05,31.532480239868164
2002-08-06,31.532480239868164
2002-08-07,31.532480239868164
2002-08-08,31.532480239868164
2002-08-09,31.532480239868164
2002-08-10,31.532480239868164
2002-08-11,31.532480239868164
2002-08-12,31.532480239868164
2002-08-13,31.532480239868164
2002-08-14,31.532480239868164
2002-08-15,31.532480239868164
2002-08-16,31.532480239868164
2002-08-17,31.532480239868164
2002-08-18,31.532480239868164
2002-08-19,31.532480239868164
2002-08-20,31.532480239868164
2002-08-21,31.532480239868164
2002-08-22,31.532480239868164
2002-08-23,31.532480239868164
2002-08-24,31.532480239868164
2002-08-25,31.532480239868164
2002-08-26,31.532480239868164
2002-08-27,31.532480239868164
2002-08-28,31.532480239868164
2002-08-29,31.532480239868164
2002-08-30,31.532480239868164
2002-08-31,31.532480239868164
2002-09-01,28.88848114013672
2002-09-02,28.88848114013672
2002-09-03,28.88848114013672
2002-09-04,28.88848114013672
2002-09-05,28.88848114013672
2002-09-06,28.88848114013672
2002-09-07,28.88848114013672
2002-09-08,28.88848114013672
2002-09-09,28.88848114013672
2002-09-10,28.88848114013672
2002-09-11,28.88848114013672
2002-09-12,28.88848114013672
2002-09-13,28.88848114013672
2002-09-14,28.88848114013672
2002-09-15,28.88848114013672
2002-09-16,28.88848114013672
2002-09-17,28.88848114013672
2002-09-18,28.88848114013672
2002-09-19,28.88848114013672
2002-09-20,28.88848114013672
2002-09-21,28.88848114013672
2002-09-22,28.88848114013672
2002-09-23,28.88848114013672
2002-09-24,28.88848114013672
2002-09-25,28.88848114013672
2002-09-26,28.88848114013672
2002-09-27,28.88848114013672
2002-09-28,28.88848114013672
2002-09-29,28.88848114013672
2002-09-30,28.88848114013672
2002-10-01,29.244781494140625
2002-10-02,29.244781494140625
2002-10-03,29.244781494140625
2002-10-04,29.244781494140625
2002-10-05,29.244781494140625
2002-10-06,29.244781494140625
2002-10-07,29.244781494140625
2002-10-08,29.244781494140625
2002-10-09,29.244781494140625
2002-10-10,29.244781494140625
2002-10-11,29.244781494140625
2002-10-12,29.244781494140625
2002-10-13,29.244781494140625
2002-10-14,29.244781494140625
2002-10-15,29.244781494140625
2002-10-16,29.244781494140625
2002-10-17,29.244781494140625
2002-10-18,29.244781494140625
2002-10-19,29.244781494140625
2002-10-20,29.244781494140625
2002-10-21,29.244781494140625
2002-10-22,29.244781494140625
2002-10-23,29.244781494140625
2002-10-24,29.244781494140625
2002-10-25,29.244781494140625
2002-10-26,29.244781494140625
2002-10-27,29.244781494140625
2002-10-28,29.244781494140625
2002-10-29,29.244781494140625
2002-10-30,29.244781494140625
2002-10-31,29.244781494140625
2002-11-01,32.03226852416992
2002-11-02,32.03226852416992
2002-11-03,32.03226852416992
2002-11-04,32.03226852416992
2002-11-05,32.03226852416992
2002-11-06,32.03226852416992
2002-11-07,32.03226852416992
2002-11-08,32.03226852416992
2002-11-09,32.03226852416992
2002-11-10,32.03226852416992
2002-11-11,32.03226852416992
2002-11-12,32.03226852416992
2002-11-13,32.03226852416992
2002-11-14,32.03226852416992
2002-11-15,32.03226852416992
2002-11-16,32.03226852416992
2002-11-17,32.03226852416992
2002-11-18,32.03226852416992
2002-11-19,32.03226852416992
2002-11-20,32.03226852416992
2002-11-21,32.03226852416992
2002-11-22,32.03226852416992
2002-11-23,32.03226852416992
2002-11-24,32.03226852416992
2002-11-25,32.03226852416992
2002-11-26,32.03226852416992
2002-11-27,32.03226852416992
2002-11-28,32.03226852416992
2002-11-29,32.03226852416992
2002-11-30,32.03226852416992
2002-12-01,32.59079360961914
2002-12-02,32.59079360961914
2002-12-03,32.59079360961914
2002-12-04,32.59079360961914
2002-12-05,32.59079360961914
2002-12-06,32.59079360961914
2002-12-07,32.59079360961914
2002-12-08,32.59079360961914
2002-12-09,32.59079360961914
2002-12-10,32.59079360961914
2002-12-11,32.59079360961914
2002-12-12,32.59079360961914
2002-12-13,32.59079360961914
2002-12-14,32.59079360961914
2002-12-15,32.59079360961914
2002-12-16,32.59079360961914
2002-12-17,32.59079360961914
2002-12-18,32.59079360961914
2002-12-19,32.59079360961914
2002-12-20,32.59079360961914
2002-12-21,32.59079360961914
2002-12-22,32.59079360961914
2002-12-23,32.59079360961914
2002-12-24,32.59079360961914
2002-12-25,32.59079360961914
2002-12-26,32.59079360961914
2002-12-27,32.59079360961914
2002-12-28,32.59079360961914
2002-12-29,32.59079360961914
2002-12-30,32.59079360961914
2002-12-31,32.59079360961914
2003-01-01,31.4329833984375
2003-01-02,31.4329833984375
2003-01-03,31.4329833984375
2003-01-04,31.4329833984375
2003-01-05,31.4329833984375
2003-01-06,31.4329833984375
2003-01-07,31.4329833984375
2003-01-08,31.4329833984375
2003-01-09,31.4329833984375
2003-01-10,31.4329833984375
2003-01-11,31.4329833984375
2003-01-12,31.4329833984375
2003-01-13,31.4329833984375
2003-01-14,31.4329833984375
2003-01-15,31.4329833984375
2003-01-16,31.4329833984375
2003-01-17,31.4329833984375
2003-01-18,31.4329833984375
2003-01-19,31.4329833984375
2003-01-20,31.4329833984375
2003-01-21,31.4329833984375
2003-01-22,31.4329833984375
2003-01-23,31.4329833984375
2003-01-24,31.4329833984375
2003-01-25,31.4329833984375
2003-01-26,31.4329833984375
2003-01-27,31.4329833984375
2003-01-28,31.4329833984375
2003-01-29,31.4329833984375
2003-01-30,31.4329833984375
2003-01-31,31.4329833984375
2003-02-01,28.46072769165039
2003-02-02,28.46072769165039
2003-02-03,28.46072769165039
2003-02-04,28.46072769165039
2003-02-05,28.46072769165039
2003-02-06,28.46072769165039
2003-02-07,28.46072769165039
2003-02-08,28.46072769165039
2003-02-09,28.46072769165039
2003-02-10,28.46072769165039
2003-02-11,28.46072769165039
2003-02-12,28.46072769165039
2003-02-13,28.46072769165039
2003-02-14,28.46072769165039
2003-02-15,28.46072769165039
2003-02-16,28.46072769165039
2003-02-17,28.46072769165039
2003-02-18,28.46072769165039
2003-02-19,28.46072769165039
2003-02-20,28.46072769165039
2003-02-21,28.46072769165039
2003-02-22,28.46072769165039
2003-02-23,28.46072769165039
2003-02-24,28.46072769165039
2003-02-25,28.46072769165039
2003-02-26,28.46072769165039
2003-02-27,28.46072769165039
2003-02-28,28.46072769165039
2003-03-01,27.923152923583984
2003-03-02,27.923152923583984
2003-03-03,27.923152923583984
2003-03-04,27.923152923583984
2003-03-05,27.923152923583984
2003-03-06,27.923152923583984
2003-03-07,27.923152923583984
2003-03-08,27.923152923583984
2003-03-09,27.923152923583984
2003-03-10,27.923152923583984
2003-03-11,27.923152923583984
2003-03-12,27.923152923583984
2003-03-13,27.923152923583984
2003-03-14,27.923152923583984
2003-03-15,27.923152923583984
2003-03-16,27.923152923583984
2003-03-17,27.923152923583984
2003-03-18,27.923152923583984
2003-03-19,27.923152923583984
2003-03-20,27.923152923583984
2003-03-21,27.923152923583984
2003-03-22,27.923152923583984
2003-03-23,27.923152923583984
2003-03-24,27.923152923583984
2003-03-25,27.923152923583984
2003-03-26,27.923152923583984
2003-03-27,27.923152923583984
2003-03-28,27.923152923583984
2003-03-29,27.923152923583984
2003-03-30,27.923152923583984
2003-03-31,27.923152923583984
2003-04-01,28.05010986328125
2003-04-02,28.05010986328125
2003-04-03,28.05010986328125
2003-04-04,28.05010986328125
2003-04-05,28.05010986328125
2003-04-06,28.05010986328125
2003-04-07,28.05010986328125
2003-04-08,28.05010986328125
2003-04-09,28.05010986328125
2003-04-10,28.05010986328125
2003-04-11,28.05010986328125
2003-04-12,28.05010986328125
2003-04-13,28.05010986328125
2003-04-14,28.05010986328125
2003-04-15,28.05010986328125
2003-04-16,28.05010986328125
2003-04-17,28.05010986328125
2003-04-18,28.05010986328125
2003-04-19,28.05010986328125
2003-04-20,28.05010986328125
2003-04-21,28.05010986328125
2003-04-22,28.05010986328125
2003-04-23,28.05010986328125
2003-04-24,28.05010986328125
2003-04-25,28.05010986328125
2003-04-26,28.05010986328125
2003-04-27,28.05010986328125
2003-04-28,28.05010986328125
2003-04-29,28.05010986328125
2003-04-30,28.05010986328125
2003-05-01,28.24260711669922
2003-05-02,28.24260711669922
2003-05-03,28.24260711669922
2003-05-04,28.24260711669922
2003-05-05,28.24260711669922
2003-05-06,28.24260711669922
2003-05-07,28.24260711669922
2003-05-08,28.24260711669922
2003-05-09,28.24260711669922
2003-05-10,28.24260711669922
2003-05-11,28.24260711669922
2003-05-12,28.24260711669922
2003-05-13,28.24260711669922
2003-05-14,28.24260711669922
2003-05-15,28.24260711669922
2003-05-16,28.24260711669922
2003-05-17,28.24260711669922
2003-05-18,28.24260711669922
2003-05-19,28.24260711669922
2003-05-20,28.24260711669922
2003-05-21,28.24260711669922
2003-05-22,28.24260711669922
2003-05-23,28.24260711669922
2003-05-24,28.24260711669922
2003-05-25,28.24260711669922
2003-05-26,28.24260711669922
2003-05-27,28.24260711669922
2003-05-28,28.24260711669922
2003-05-29,28.24260711669922
2003-05-30,28.24260711669922
2003-05-31,28.24260711669922
2003-06-01,28.596237182617188
2003-06-02,28.596237182617188
2003-06-03,28.596237182617188
2003-06-04,28.596237182617188
2003-06-05,28.596237182617188
2003-06-06,28.596237182617188
2003-06-07,28.596237182617188
2003-06-08,28.596237182617188
2003-06-09,28.596237182617188
2003-06-10,28.596237182617188
2003-06-11,28.596237182617188
2003-06-12,28.596237182617188
2003-06-13,28.596237182617188
2003-06-14,28.596237182617188
2003-06-15,28.596237182617188
2003-06-16,28.596237182617188
2003-06-17,28.596237182617188
2003-06-18,28.596237182617188
2003-06-19,28.596237182617188
2003-06-20,28.596237182617188
2003-06-21,28.596237182617188
2003-06-22,28.596237182617188
2003-06-23,28.596237182617188
2003-06-24,28.596237182617188
2003-06-25,28.596237182617188
2003-06-26,28.596237182617188
2003-06-27,28.596237182617188
2003-06-28,28.596237182617188
2003-06-29,28.596237182617188
2003-06-30,28.596237182617188
2003-07-01,27.652488708496094
2003-07-02,27.652488708496094
2003-07-03,27.652488708496094
2003-07-04,27.652488708496094
2003-07-05,27.652488708496094
2003-07-06,27.652488708496094
2003-07-07,27.652488708496094
2003-07-08,27.652488708496094
2003-07-09,27.652488708496094
2003-07-10,27.652488708496094
2003-07-11,27.652488708496094
2003-07-12,27.652488708496094
2003-07-13,27.652488708496094
2003-07-14,27.652488708496094
2003-07-15,27.652488708496094
2003-07-16,27.652488708496094
2003-07-17,27.652488708496094
2003-07-18,27.652488708496094
2003-07-19,27.652488708496094
2003-07-20,27.652488708496094
2003-07-21,27.652488708496094
2003-07-22,27.652488708496094
2003-07-23,27.652488708496094
2003-07-24,27.652488708496094
2003-07-25,27.652488708496094
2003-07-26,27.652488708496094
2003-07-27,27.652488708496094
2003-07-28,27.652488708496094
2003-07-29,27.652488708496094
2003-07-30,27.652488708496094
2003-07-31,27.652488708496094
2003-08-01,26.57407569885254
2003-08-02,26.57407569885254
2003-08-03,26.57407569885254
2003-08-04,26.57407569885254
2003-08-05,26.57407569885254
2003-08-06,26.57407569885254
2003-08-07,26.57407569885254
2003-08-08,26.57407569885254
2003-08-09,26.57407569885254
2003-08-10,26.57407569885254
2003-08-11,26.57407569885254
2003-08-12,26.57407569885254
2003-08-13,26.57407569885254
2003-08-14,26.57407569885254
2003-08-15,26.57407569885254
2003-08-16,26.57407569885254
2003-08-17,26.57407569885254
2003-08-18,26.57407569885254
2003-08-19,26.57407569885254
2003-08-20,26.57407569885254
2003-08-21,26.57407569885254
2003-08-22,26.57407569885254
2003-08-23,26.57407569885254
2003-08-24,26.57407569885254
2003-08-25,26.57407569885254
2003-08-26,26.57407569885254
2003-08-27,26.57407569885254
2003-08-28,26.57407569885254
2003-08-29,26.57407569885254
2003-08-30,26.57407569885254
2003-08-31,26.57407569885254
2003-09-01,26.424053192138672
2003-09-02,26.424053192138672
2003-09-03,26.424053192138672
2003-09-04,26.424053192138672
2003-09-05,26.424053192138672
2003-09-06,26.424053192138672
2003-09-07,26.424053192138672
2003-09-08,26.424053192138672
2003-09-09,26.424053192138672
2003-09-10,26.424053192138672
2003-09-11,26.424053192138672
2003-09-12,26.424053192138672
2003-09-13,26.424053192138672
2003-09-14,26.424053192138672
2003-09-15,26.424053192138672
2003-09-16,26.424053192138672
2003-09-17,26.424053192138672
2003-09-18,26.424053192138672
2003-09-19,26.424053192138672
2003-09-20,26.424053192138672
2003-09-21,26.424053192138672
2003-09-22,26.424053192138672
2003-09-23,26.424053192138672
2003-09-24,26.424053192138672
2003-09-25,26.424053192138672
2003-09-26,26.424053192138672
2003-09-27,26.424053192138672
2003-09-28,26.424053192138672
2003-09-29,26.424053192138672
2003-09-30,26.424053192138672
2003-10-01,24.751310348510742
2003-10-02,24.751310348510742
2003-10-03,24.751310348510742
2003-10-04,24.751310348510742
2003-10-05,24.751310348510742
2003-10-06,24.751310348510742
2003-10-07,24.751310348510742
2003-10-08,24.751310348510742
2003-10-09,24.751310348510742
2003-10-10,24.751310348510742
2003-10-11,24.751310348510742
2003-10-12,24.751310348510742
2003-10-13,24.751310348510742
2003-10-14,24.751310348510742
2003-10-15,24.751310348510742
2003-10-16,24.751310348510742
2003-10-17,24.751310348510742
2003-10-18,24.751310348510742
2003-10-19,24.751310348510742
2003-10-20,24.751310348510742
2003-10-21,24.751310348510742
2003-10-22,24.751310348510742
2003-10-23,24.751310348510742
2003-10-24,24.751310348510742
2003-10-25,24.751310348510742
2003-10-26,24.751310348510742
2003-10-27,24.751310348510742
2003-10-28,24.751310348510742
2003-10-29,24.751310348510742
2003-10-30,24.751310348510742
2003-10-31,24.751310348510742
2003-11-01,23.14934539794922
2003-11-02,23.14934539794922
2003-11-03,23.14934539794922
2003-11-04,23.14934539794922
2003-11-05,23.14934539794922
2003-11-06,23.14934539794922
2003-11-07,23.14934539794922
2003-11-08,23.14934539794922
2003-11-09,23.14934539794922
2003-11-10,23.14934539794922
2003-11-11,23.14934539794922
2003-11-12,23.14934539794922
2003-11-13,23.14934539794922
2003-11-14,23.14934539794922
2003-11-15,23.14934539794922
2003-11-16,23.14934539794922
2003-11-17,23.14934539794922
2003-11-18,23.14934539794922
2003-11-19,23.14934539794922
2003-11-20,23.14934539794922
2003-11-21,23.14934539794922
2003-11-22,23.14934539794922
2003-11-23,23.14934539794922
2003-11-24,23.14934539794922
2003-11-25,23.14934539794922
2003-11-26,23.14934539794922
2003-11-27,23.14934539794922
2003-11-28,23.14934539794922
2003-11-29,23.14934539794922
2003-11-30,23.14934539794922
2003-12-01,22.17152214050293
2003-12-02,22.17152214050293
2003-12-03,22.17152214050293
2003-12-04,22.17152214050293
2003-12-05,22.17152214050293
2003-12-06,22.17152214050293
2003-12-07,22.17152214050293
2003-12-08,22.17152214050293
2003-12-09,22.17152214050293
2003-12-10,22.17152214050293
2003-12-11,22.17152214050293
2003-12-12,22.17152214050293
2003-12-13,22.17152214050293
2003-12-14,22.17152214050293
2003-12-15,22.17152214050293
2003-12-16,22.17152214050293
2003-12-17,22.17152214050293
2003-12-18,22.17152214050293
2003-12-19,22.17152214050293
2003-12-20,22.17152214050293
2003-12-21,22.17152214050293
2003-12-22,22.17152214050293
2003-12-23,22.17152214050293
2003-12-24,22.17152214050293
2003-12-25,22.17152214050293
2003-12-26,22.17152214050293
2003-12-27,22.17152214050293
2003-12-28,22.17152214050293
2003-12-29,22.17152214050293
2003-12-30,22.17152214050293
2003-12-31,22.17152214050293
2004-01-01,22.72919464111328
2004-01-02,22.72919464111328
2004-01-03,22.72919464111328
2004-01-04,22.72919464111328
2004-01-05,22.72919464111328
2004-01-06,22.72919464111328
2004-01-07,22.72919464111328
2004-01-08,22.72919464111328
2004-01-09,22.72919464111328
2004-01-10,22.72919464111328
2004-01-11,22.72919464111328
2004-01-12,22.72919464111328
2004-01-13,22.72919464111328
2004-01-14,22.72919464111328
2004-01-15,22.72919464111328
2004-01-16,22.72919464111328
2004-01-17,22.72919464111328
2004-01-18,22.72919464111328
2004-01-19,22.72919464111328
2004-01-20,22.72919464111328
2004-01-21,22.72919464111328
2004-01-22,22.72919464111328
2004-01-23,22.72919464111328
2004-01-24,22.72919464111328
2004-01-25,22.72919464111328
2004-01-26,22.72919464111328
2004-01-27,22.72919464111328
2004-01-28,22.72919464111328
2004-01-29,22.72919464111328
2004-01-30,22.72919464111328
2004-01-31,22.72919464111328
2004-02-01,22.456985473632812
2004-02-02,22.456985473632812
2004-02-03,22.456985473632812
2004-02-04,22.456985473632812
2004-02-05,22.456985473632812
2004-02-06,22.456985473632812
2004-02-07,22.456985473632812
2004-02-08,22.456985473632812
2004-02-09,22.456985473632812
2004-02-10,22.456985473632812
2004-02-11,22.456985473632812
2004-02-12,22.456985473632812
2004-02-13,22.456985473632812
2004-02-14,22.456985473632812
2004-02-15,22.456985473632812
2004-02-16,22.456985473632812
2004-02-17,22.456985473632812
2004-02-18,22.456985473632812
2004-02-19,22.456985473632812
2004-02-20,22.456985473632812
2004-02-21,22.456985473632812
2004-02-22,22.456985473632812
2004-02-23,22.456985473632812
2004-02-24,22.456985473632812
2004-02-25,22.456985473632812
2004-02-26,22.456985473632812
2004-02-27,22.456985473632812
2004-02-28,22.456985473632812
2004-02-29,22.456985473632812
2004-03-01,21.614999771118164
2004-03-02,21.614999771118164
2004-03-03,21.614999771118164
2004-03-04,21.614999771118164
2004-03-05,21.614999771118164
2004-03-06,21.614999771118164
2004-03-07,21.614999771118164
2004-03-08,21.614999771118164
2004-03-09,21.614999771118164
2004-03-10,21.614999771118164
2004-03-11,21.614999771118164
2004-03-12,21.614999771118164
2004-03-13,21.614999771118164
2004-03-14,21.614999771118164
2004-03-15,21.614999771118164
2004-03-16,21.614999771118164
2004-03-17,21.614999771118164
2004-03-18,21.614999771118164
2004-03-19,21.614999771118164
2004-03-20,21.614999771118164
2004-03-21,21.614999771118164
2004-03-22,21.614999771118164
2004-03-23,21.614999771118164
2004-03-24,21.614999771118164
2004-03-25,21.614999771118164
2004-03-26,21.614999771118164
2004-03-27,21.614999771118164
2004-03-28,21.614999771118164
2004-03-29,21.614999771118164
2004-03-30,21.614999771118164
2004-03-31,21.614999771118164
2004-04-01,21.2305965423584
2004-04-02,21.2305965423584
2004-04-03,21.2305965423584
2004-04-04,21.2305965423584
2004-04-05,21.2305965423584
2004-04-06,21.2305965423584
2004-04-07,21.2305965423584
2004-04-08,21.2305965423584
2004-04-09,21.2305965423584
2004-04-10,21.2305965423584
2004-04-11,21.2305965423584
2004-04-12,21.2305965423584
2004-04-13,21.2305965423584
2004-04-14,21.2305965423584
2004-04-15,21.2305965423584
2004-04-16,21.2305965423584
2004-04-17,21.2305965423584
2004-04-18,21.2305965423584
2004-04-19,21.2305965423584
2004-04-20,21.2305965423584
2004-04-21,21.2305965423584
2004-04-22,21.2305965423584
2004-04-23,21.2305965423584
2004-04-24,21.2305965423584
2004-04-25,21.2305965423584
2004-04-26,21.2305965423584
2004-04-27,21.2305965423584
2004-04-28,21.2305965423584
2004-04-29,21.2305965423584
2004-04-30,21.2305965423584
2004-05-01,20.135971069335938
2004-05-02,20.135971069335938
2004-05-03,20.135971069335938
2004-05-04,20.135971069335938
2004-05-05,20.135971069335938
2004-05-06,20.135971069335938
2004-05-07,20.135971069335938
2004-05-08,20.135971069335938
2004-05-09,20.135971069335938
2004-05-10,20.135971069335938
2004-05-11,20.135971069335938
2004-05-12,20.135971069335938
2004-05-13,20.135971069335938
2004-05-14,20.135971069335938
2004-05-15,20.135971069335938
2004-05-16,20.135971069335938
2004-05-17,20.135971069335938
2004-05-18,20.135971069335938
2004-05-19,20.135971069335938
2004-05-20,20.135971069335938
2004-05-21,20.135971069335938
2004-05-22,20.135971069335938
2004-05-23,20.135971069335938
2004-05-24,20.135971069335938
2004-05-25,20.135971069335938
2004-05-26,20.135971069335938
2004-05-27,20.135971069335938
2004-05-28,20.135971069335938
2004-05-29,20.135971069335938
2004-05-30,20.135971069335938
2004-05-31,20.135971069335938
2004-06-01,20.17382049560547
2004-06-02,20.17382049560547
2004-06-03,20.17382049560547
2004-06-04,20.17382049560547
2004-06-05,20.17382049560547
2004-06-06,20.17382049560547
2004-06-07,20.17382049560547
2004-06-08,20.17382049560547
2004-06-09,20.17382049560547
2004-06-10,20.17382049560547
2004-06-11,20.17382049560547
2004-06-12,20.17382049560547
2004-06-13,20.17382049560547
2004-06-14,20.17382049560547
2004-06-15,20.17382049560547
2004-06-16,20.17382049560547
2004-06-17,20.17382049560547
2004-06-18,20.17382049560547
2004-06-19,20.17382049560547
2004-06-20,20.17382049560547
2004-06-21,20.17382049560547
2004-06-22,20.17382049560547
2004-06-23,20.17382049560547
2004-06-24,20.17382049560547
2004-06-25,20.17382049560547
2004-06-26,20.17382049560547
2004-06-27,20.17382049560547
2004-06-28,20.17382049560547
2004-06-29,20.17382049560547
2004-06-30,20.17382049560547
2004-07-01,19.506967544555664
2004-07-02,19.506967544555664
2004-07-03,19.506967544555664
2004-07-04,19.506967544555664
2004-07-05,19.506967544555664
2004-07-06,19.506967544555664
2004-07-07,19.506967544555664
2004-07-08,19.506967544555664
2004-07-09,19.506967544555664
2004-07-10,19.506967544555664
2004-07-11,19.506967544555664
2004-07-12,19.506967544555664
2004-07-13,19.506967544555664
2004-07-14,19.506967544555664
2004-07-15,19.506967544555664
2004-07-16,19.506967544555664
2004-07-17,19.506967544555664
2004-07-18,19.506967544555664
2004-07-19,19.506967544555664
2004-07-20,19.506967544555664
2004-07-21,19.506967544555664
2004-07-22,19.506967544555664
2004-07-23,19.506967544555664
2004-07-24,19.506967544555664
2004-07-25,19.506967544555664
2004-07-26,19.506967544555664
2004-07-27,19.506967544555664
2004-07-28,19.506967544555664
2004-07-29,19.506967544555664
2004-07-30,19.506967544555664
2004-07-31,19.506967544555664
2004-08-01,19.027433395385742
2004-08-02,19.027433395385742
2004-08-03,19.027433395385742
2004-08-04,19.027433395385742
2004-08-05,19.027433395385742
2004-08-06,19.027433395385742
2004-08-07,19.027433395385742
2004-08-08,19.027433395385742
2004-08-09,19.027433395385742
2004-08-10,19.027433395385742
2004-08-11,19.027433395385742
2004-08-12,19.027433395385742
2004-08-13,19.027433395385742
2004-08-14,19.027433395385742
2004-08-15,19.027433395385742
2004-08-16,19.027433395385742
2004-08-17,19.027433395385742
2004-08-18,19.027433395385742
2004-08-19,19.027433395385742
2004-08-20,19.027433395385742
2004-08-21,19.027433395385742
2004-08-22,19.027433395385742
2004-08-23,19.027433395385742
2004-08-24,19.027433395385742
2004-08-25,19.027433395385742
2004-08-26,19.027433395385742
2004-08-27,19.027433395385742
2004-08-28,19.027433395385742
2004-08-29,19.027433395385742
2004-08-30,19.027433395385742
2004-08-31,19.027433395385742
2004-09-01,19.34671974182129
2004-09-02,19.34671974182129
2004-09-03,19.34671974182129
2004-09-04,19.34671974182129
2004-09-05,19.34671974182129
2004-09-06,19.34671974182129
2004-09-07,19.34671974182129
2004-09-08,19.34671974182129
2004-09-09,19.34671974182129
2004-09-10,19.34671974182129
2004-09-11,19.34671974182129
2004-09-12,19.34671974182129
2004-09-13,19.34671974182129
2004-09-14,19.34671974182129
2004-09-15,19.34671974182129
2004-09-16,19.34671974182129
2004-09-17,19.34671974182129
2004-09-18,19.34671974182129
2004-09-19,19.34671974182129
2004-09-20,19.34671974182129
2004-09-21,19.34671974182129
2004-09-22,19.34671974182129
2004-09-23,19.34671974182129
2004-09-24,19.34671974182129
2004-09-25,19.34671974182129
2004-09-26,19.34671974182129
2004-09-27,19.34671974182129
2004-09-28,19.34671974182129
2004-09-29,19.34671974182129
2004-09-30,19.34671974182129
2004-10-01,19.252283096313477
2004-10-02,19.252283096313477
2004-10-03,19.252283096313477
2004-10-04,19.252283096313477
2004-10-05,19.252283096313477
2004-10-06,19.252283096313477
2004-10-07,19.252283096313477
2004-10-08,19.252283096313477
2004-10-09,19.252283096313477
2004-10-10,19.252283096313477
2004-10-11,19.252283096313477
2004-10-12,19.252283096313477
2004-10-13,19.252283096313477
2004-10-14,19.252283096313477
2004-10-15,19.252283096313477
2004-10-16,19.252283096313477
2004-10-17,19.252283096313477
2004-10-18,19.252283096313477
2004-10-19,19.252283096313477
2004-10-20,19.252283096313477
2004-10-21,19.252283096313477
2004-10-22,19.252283096313477
2004-10-23,19.252283096313477
2004-10-24,19.252283096313477
2004-10-25,19.252283096313477
2004-10-26,19.252283096313477
2004-10-27,19.252283096313477
2004-10-28,19.252283096313477
2004-10-29,19.252283096313477
2004-10-30,19.252283096313477
2004-10-31,19.252283096313477
2004-11-01,20.053869247436523
2004-11-02,20.053869247436523
2004-11-03,20.053869247436523
2004-11-04,20.053869247436523
2004-11-05,20.053869247436523
2004-11-06,20.053869247436523
2004-11-07,20.053869247436523
2004-11-08,20.053869247436523
2004-11-09,20.053869247436523
2004-11-10,20.053869247436523
2004-11-11,20.053869247436523
2004-11-12,20.053869247436523
2004-11-13,20.053869247436523
2004-11-14,20.053869247436523
2004-11-15,20.053869247436523
2004-11-16,20.053869247436523
2004-11-17,20.053869247436523
2004-11-18,20.053869247436523
2004-11-19,20.053869247436523
2004-11-20,20.053869247436523
2004-11-21,20.053869247436523
2004-11-22,20.053869247436523
2004-11-23,20.053869247436523
2004-11-24,20.053869247436523
2004-11-25,20.053869247436523
2004-11-26,20.053869247436523
2004-11-27,20.053869247436523
2004-11-28,20.053869247436523
2004-11-29,20.053869247436523
2004-11-30,20.053869247436523
2004-12-01,20.481809616088867
2004-12-02,20.481809616088867
2004-12-03,20.481809616088867
2004-12-04,20.481809616088867
2004-12-05,20.481809616088867
2004-12-06,20.481809616088867
2004-12-07,20.481809616088867
2004-12-08,20.481809616088867
2004-12-09,20.481809616088867
2004-12-10,20.481809616088867
2004-12-11,20.481809616088867
2004-12-12,20.481809616088867
2004-12-13,20.481809616088867
2004-12-14,20.481809616088867
2004-12-15,20.481809616088867
2004-12-16,20.481809616088867
2004-12-17,20.481809616088867
2004-12-18,20.481809616088867
2004-12-19,20.481809616088867
2004-12-20,20.481809616088867
2004-12-21,20.481809616088867
2004-12-22,20.481809616088867
2004-12-23,20.481809616088867
2004-12-24,20.481809616088867
2004-12-25,20.481809616088867
2004-12-26,20.481809616088867
2004-12-27,20.481809616088867
2004-12-28,20.481809616088867
2004-12-29,20.481809616088867
2004-12-30,20.481809616088867
2004-12-31,20.481809616088867
2005-01-01,19.987762451171875
2005-01-02,19.987762451171875
2005-01-03,19.987762451171875
2005-01-04,19.987762451171875
2005-01-05,19.987762451171875
2005-01-06,19.987762451171875
2005-01-07,19.987762451171875
2005-01-08,19.987762451171875
2005-01-09,19.987762451171875
2005-01-10,19.987762451171875
2005-01-11,19.987762451171875
2005-01-12,19.987762451171875
2005-01-13,19.987762451171875
2005-01-14,19.987762451171875
2005-01-15,19.987762451171875
2005-01-16,19.987762451171875
2005-01-17,19.987762451171875
2005-01-18,19.987762451171875
2005-01-19,19.987762451171875
2005-01-20,19.987762451171875
2005-01-21,19.987762451171875
2005-01-22,19.987762451171875
2005-01-23,19.987762451171875
2005-01-24,19.987762451171875
2005-01-25,19.987762451171875
2005-01-26,19.987762451171875
2005-01-27,19.987762451171875
2005-01-28,19.987762451171875
2005-01-29,19.987762451171875
2005-01-30,19.987762451171875
2005-01-31,19.987762451171875
2005-02-01,20.106653213500977
2005-02-02,20.106653213500977
2005-02-03,20.106653213500977
2005-02-04,20.106653213500977
2005-02-05,20.106653213500977
2005-02-06,20.106653213500977
2005-02-07,20.106653213500977
2005-02-08,20.106653213500977
2005-02-09,20.106653213500977
2005-02-10,20.106653213500977
2005-02-11,20.106653213500977
2005-02-12,20.106653213500977
2005-02-13,20.106653213500977
2005-02-14,20.106653213500977
2005-02-15,20.106653213500977
2005-02-16,20.106653213500977
2005-02-17,20.106653213500977
2005-02-18,20.106653213500977
2005-02-19,20.106653213500977
2005-02-20,20.106653213500977
2005-02-21,20.106653213500977
2005-02-22,20.106653213500977
2005-02-23,20.106653213500977
2005-02-24,20.106653213500977
2005-02-25,20.106653213500977
2005-02-26,20.106653213500977
2005-02-27,20.106653213500977
2005-02-28,20.106653213500977
2005-03-01,19.84224510192871
2005-03-02,19.84224510192871
2005-03-03,19.84224510192871
2005-03-04,19.84224510192871
2005-03-05,19.84224510192871
2005-03-06,19.84224510192871
2005-03-07,19.84224510192871
2005-03-08,19.84224510192871
2005-03-09,19.84224510192871
2005-03-10,19.84224510192871
2005-03-11,19.84224510192871
2005-03-12,19.84224510192871
2005-03-13,19.84224510192871
2005-03-14,19.84224510192871
2005-03-15,19.84224510192871
2005-03-16,19.84224510192871
2005-03-17,19.84224510192871
2005-03-18,19.84224510192871
2005-03-19,19.84224510192871
2005-03-20,19.84224510192871
2005-03-21,19.84224510192871
2005-03-22,19.84224510192871
2005-03-23,19.84224510192871
2005-03-24,19.84224510192871
2005-03-25,19.84224510192871
2005-03-26,19.84224510192871
2005-03-27,19.84224510192871
2005-03-28,19.84224510192871
2005-03-29,19.84224510192871
2005-03-30,19.84224510192871
2005-03-31,19.84224510192871
2005-04-01,19.016277313232422
2005-04-02,19.016277313232422
2005-04-03,19.016277313232422
2005-04-04,19.016277313232422
2005-04-05,19.016277313232422
2005-04-06,19.016277313232422
2005-04-07,19.016277313232422
2005-04-08,19.016277313232422
2005-04-09,19.016277313232422
2005-04-10,19.016277313232422
2005-04-11,19.016277313232422
2005-04-12,19.016277313232422
2005-04-13,19.016277313232422
2005-04-14,19.016277313232422
2005-04-15,19.016277313232422
2005-04-16,19.016277313232422
2005-04-17,19.016277313232422
2005-04-18,19.016277313232422
2005-04-19,19.016277313232422
2005-04-20,19.016277313232422
2005-04-21,19.016277313232422
2005-04-22,19.016277313232422
2005-04-23,19.016277313232422
2005-04-24,19.016277313232422
2005-04-25,19.016277313232422
2005-04-26,19.016277313232422
2005-04-27,19.016277313232422
2005-04-28,19.016277313232422
2005-04-29,19.016277313232422
2005-04-30,19.016277313232422
2005-05-01,18.92920684814453
2005-05-02,18.92920684814453
2005-05-03,18.92920684814453
2005-05-04,18.92920684814453
2005-05-05,18.92920684814453
2005-05-06,18.92920684814453
2005-05-07,18.92920684814453
2005-05-08,18.92920684814453
2005-05-09,18.92920684814453
2005-05-10,18.92920684814453
2005-05-11,18.92920684814453
2005-05-12,18.92920684814453
2005-05-13,18.92920684814453
2005-05-14,18.92920684814453
2005-05-15,18.92920684814453
2005-05-16,18.92920684814453
2005-05-17,18.92920684814453
2005-05-18,18.92920684814453
2005-05-19,18.92920684814453
2005-05-20,18.92920684814453
2005-05-21,18.92920684814453
2005-05-22,18.92920684814453
2005-05-23,18.92920684814453
2005-05-24,18.92920684814453
2005-05-25,18.92920684814453
2005-05-26,18.92920684814453
2005-05-27,18.92920684814453
2005-05-28,18.92920684814453
2005-05-29,18.92920684814453
2005-05-30,18.92920684814453
2005-05-31,18.92920684814453
2005-06-01,19.004899978637695
2005-06-02,19.004899978637695
2005-06-03,19.004899978637695
2005-06-04,19.004899978637695
2005-06-05,19.004899978637695
2005-06-06,19.004899978637695
2005-06-07,19.004899978637695
2005-06-08,19.004899978637695
2005-06-09,19.004899978637695
2005-06-10,19.004899978637695
2005-06-11,19.004899978637695
2005-06-12,19.004899978637695
2005-06-13,19.004899978637695
2005-06-14,19.004899978637695
2005-06-15,19.004899978637695
2005-06-16,19.004899978637695
2005-06-17,19.004899978637695
2005-06-18,19.004899978637695
2005-06-19,19.004899978637695
2005-06-20,19.004899978637695
2005-06-21,19.004899978637695
2005-06-22,19.004899978637695
2005-06-23,19.004899978637695
2005-06-24,19.004899978637695
2005-06-25,19.004899978637695
2005-06-26,19.004899978637695
2005-06-27,19.004899978637695
2005-06-28,19.004899978637695
2005-06-29,19.004899978637695
2005-06-30,19.004899978637695
2005-07-01,18.999534606933594
2005-07-02,18.999534606933594
2005-07-03,18.999534606933594
2005-07-04,18.999534606933594
2005-07-05,18.999534606933594
2005-07-06,18.999534606933594
2005-07-07,18.999534606933594
2005-07-08,18.999534606933594
2005-07-09,18.999534606933594
2005-07-10,18.999534606933594
2005-07-11,18.999534606933594
2005-07-12,18.999534606933594
2005-07-13,18.999534606933594
2005-07-14,18.999534606933594
2005-07-15,18.999534606933594
2005-07-16,18.999534606933594
2005-07-17,18.999534606933594
2005-07-18,18.999534606933594
2005-07-19,18.999534606933594
2005-07-20,18.999534606933594
2005-07-21,18.999534606933594
2005-07-22,18.999534606933594
2005-07-23,18.999534606933594
2005-07-24,18.999534606933594
2005-07-25,18.999534606933594
2005-07-26,18.999534606933594
2005-07-27,18.999534606933594
2005-07-28,18.999534606933594
2005-07-29,18.999534606933594
2005-07-30,18.999534606933594
2005-07-31,18.999534606933594
2005-08-01,18.719724655151367
2005-08-02,18.719724655151367
2005-08-03,18.719724655151367
2005-08-04,18.719724655151367
2005-08-05,18.719724655151367
2005-08-06,18.719724655151367
2005-08-07,18.719724655151367
2005-08-08,18.719724655151367
2005-08-09,18.719724655151367
2005-08-10,18.719724655151367
2005-08-11,18.719724655151367
2005-08-12,18.719724655151367
2005-08-13,18.719724655151367
2005-08-14,18.719724655151367
2005-08-15,18.719724655151367
2005-08-16,18.719724655151367
2005-08-17,18.719724655151367
2005-08-18,18.719724655151367
2005-08-19,18.719724655151367
2005-08-20,18.719724655151367
2005-08-21,18.719724655151367
2005-08-22,18.719724655151367
2005-08-23,18.719724655151367
2005-08-24,18.719724655151367
2005-08-25,18.719724655151367
2005-08-26,18.719724655151367
2005-08-27,18.719724655151367
2005-08-28,18.719724655151367
2005-08-29,18.719724655151367
2005-08-30,18.719724655151367
2005-08-31,18.719724655151367
2005-09-01,18.443206787109375
2005-09-02,18.443206787109375
2005-09-03,18.443206787109375
2005-09-04,18.443206787109375
2005-09-05,18.443206787109375
2005-09-06,18.443206787109375
2005-09-07,18.443206787109375
2005-09-08,18.443206787109375
2005-09-09,18.443206787109375
2005-09-10,18.443206787109375
2005-09-11,18.443206787109375
2005-09-12,18.443206787109375
2005-09-13,18.443206787109375
2005-09-14,18.443206787109375
2005-09-15,18.443206787109375
2005-09-16,18.443206787109375
2005-09-17,18.443206787109375
2005-09-18,18.443206787109375
2005-09-19,18.443206787109375
2005-09-20,18.443206787109375
2005-09-21,18.443206787109375
2005-09-22,18.443206787109375
2005-09-23,18.443206787109375
2005-09-24,18.443206787109375
2005-09-25,18.443206787109375
2005-09-26,18.443206787109375
2005-09-27,18.443206787109375
2005-09-28,18.443206787109375
2005-09-29,18.443206787109375
2005-09-30,18.443206787109375
2005-10-01,17.63515281677246
2005-10-02,17.63515281677246
2005-10-03,17.63515281677246
2005-10-04,17.63515281677246
2005-10-05,17.63515281677246
2005-10-06,17.63515281677246
2005-10-07,17.63515281677246
2005-10-08,17.63515281677246
2005-10-09,17.63515281677246
2005-10-10,17.63515281677246
2005-10-11,17.63515281677246
2005-10-12,17.63515281677246
2005-10-13,17.63515281677246
2005-10-14,17.63515281677246
2005-10-15,17.63515281677246
2005-10-16,17.63515281677246
2005-10-17,17.63515281677246
2005-10-18,17.63515281677246
2005-10-19,17.63515281677246
2005-10-20,17.63515281677246
2005-10-21,17.63515281677246
2005-10-22,17.63515281677246
2005-10-23,17.63515281677246
2005-10-24,17.63515281677246
2005-10-25,17.63515281677246
2005-10-26,17.63515281677246
2005-10-27,17.63515281677246
2005-10-28,17.63515281677246
2005-10-29,17.63515281677246
2005-10-30,17.63515281677246
2005-10-31,17.63515281677246
2005-11-01,18.008586883544922
2005-11-02,18.008586883544922
2005-11-03,18.008586883544922
2005-11-04,18.008586883544922
2005-11-05,18.008586883544922
2005-11-06,18.008586883544922
2005-11-07,18.008586883544922
2005-11-08,18.008586883544922
2005-11-09,18.008586883544922
2005-11-10,18.008586883544922
2005-11-11,18.008586883544922
2005-11-12,18.008586883544922
2005-11-13,18.008586883544922
2005-11-14,18.008586883544922
2005-11-15,18.008586883544922
2005-11-16,18.008586883544922
2005-11-17,18.008586883544922
2005-11-18,18.008586883544922
2005-11-19,18.008586883544922
2005-11-20,18.008586883544922
2005-11-21,18.008586883544922
2005-11-22,18.008586883544922
2005-11-23,18.008586883544922
2005-11-24,18.008586883544922
2005-11-25,18.008586883544922
2005-11-26,18.008586883544922
2005-11-27,18.008586883544922
2005-11-28,18.008586883544922
2005-11-29,18.008586883544922
2005-11-30,18.008586883544922
2005-12-01,18.073463439941406
2005-12-02,18.073463439941406
2005-12-03,18.073463439941406
2005-12-04,18.073463439941406
2005-12-05,18.073463439941406
2005-12-06,18.073463439941406
2005-12-07,18.073463439941406
2005-12-08,18.073463439941406
2005-12-09,18.073463439941406
2005-12-10,18.073463439941406
2005-12-11,18.073463439941406
2005-12-12,18.073463439941406
2005-12-13,18.073463439941406
2005-12-14,18.073463439941406
2005-12-15,18.073463439941406
2005-12-16,18.073463439941406
2005-12-17,18.073463439941406
2005-12-18,18.073463439941406
2005-12-19,18.073463439941406
2005-12-20,18.073463439941406
2005-12-21,18.073463439941406
2005-12-22,18.073463439941406
2005-12-23,18.073463439941406
2005-12-24,18.073463439941406
2005-12-25,18.073463439941406
2005-12-26,18.073463439941406
2005-12-27,18.073463439941406
2005-12-28,18.073463439941406
2005-12-29,18.073463439941406
2005-12-30,18.073463439941406
2005-12-31,18.073463439941406
2006-01-01,18.06711196899414
2006-01-02,18.06711196899414
2006-01-03,18.06711196899414
2006-01-04,18.06711196899414
2006-01-05,18.06711196899414
2006-01-06,18.06711196899414
2006-01-07,18.06711196899414
2006-01-08,18.06711196899414
2006-01-09,18.06711196899414
2006-01-10,18.06711196899414
2006-01-11,18.06711196899414
2006-01-12,18.06711196899414
2006-01-13,18.06711196899414
2006-01-14,18.06711196899414
2006-01-15,18.06711196899414
2006-01-16,18.06711196899414
2006-01-17,18.06711196899414
2006-01-18,18.06711196899414
2006-01-19,18.06711196899414
2006-01-20,18.06711196899414
2006-01-21,18.06711196899414
2006-01-22,18.06711196899414
2006-01-23,18.06711196899414
2006-01-24,18.06711196899414
2006-01-25,18.06711196899414
2006-01-26,18.06711196899414
2006-01-27,18.06711196899414
2006-01-28,18.06711196899414
2006-01-29,18.06711196899414
2006-01-30,18.06711196899414
2006-01-31,18.06711196899414
2006-02-01,17.799646377563477
2006-02-02,17.799646377563477
2006-02-03,17.799646377563477
2006-02-04,17.799646377563477
2006-02-05,17.799646377563477
2006-02-06,17.799646377563477
2006-02-07,17.799646377563477
2006-02-08,17.799646377563477
2006-02-09,17.799646377563477
2006-02-10,17.799646377563477
2006-02-11,17.799646377563477
2006-02-12,17.799646377563477
2006-02-13,17.799646377563477
2006-02-14,17.799646377563477
2006-02-15,17.799646377563477
2006-02-16,17.799646377563477
2006-02-17,17.799646377563477
2006-02-18,17.799646377563477
2006-02-19,17.799646377563477
2006-02-20,17.799646377563477
2006-02-21,17.799646377563477
2006-02-22,17.799646377563477
2006-02-23,17.799646377563477
2006-02-24,17.799646377563477
2006-02-25,17.799646377563477
2006-02-26,17.799646377563477
2006-02-27,17.799646377563477
2006-02-28,17.799646377563477
2006-03-01,17.80294418334961
2006-03-02,17.80294418334961
2006-03-03,17.80294418334961
2006-03-04,17.80294418334961
2006-03-05,17.80294418334961
2006-03-06,17.80294418334961
2006-03-07,17.80294418334961
2006-03-08,17.80294418334961
2006-03-09,17.80294418334961
2006-03-10,17.80294418334961
2006-03-11,17.80294418334961
2006-03-12,17.80294418334961
2006-03-13,17.80294418334961
2006-03-14,17.80294418334961
2006-03-15,17.80294418334961
2006-03-16,17.80294418334961
2006-03-17,17.80294418334961
2006-03-18,17.80294418334961
2006-03-19,17.80294418334961
2006-03-20,17.80294418334961
2006-03-21,17.80294418334961
2006-03-22,17.80294418334961
2006-03-23,17.80294418334961
2006-03-24,17.80294418334961
2006-03-25,17.80294418334961
2006-03-26,17.80294418334961
2006-03-27,17.80294418334961
2006-03-28,17.80294418334961
2006-03-29,17.80294418334961
2006-03-30,17.80294418334961
2006-03-31,17.80294418334961
2006-04-01,17.77059555053711
2006-04-02,17.77059555053711
2006-04-03,17.77059555053711
2006-04-04,17.77059555053711
2006-04-05,17.77059555053711
2006-04-06,17.77059555053711
2006-04-07,17.77059555053711
2006-04-08,17.77059555053711
2006-04-09,17.77059555053711
2006-04-10,17.77059555053711
2006-04-11,17.77059555053711
2006-04-12,17.77059555053711
2006-04-13,17.77059555053711
2006-04-14,17.77059555053711
2006-04-15,17.77059555053711
2006-04-16,17.77059555053711
2006-04-17,17.77059555053711
2006-04-18,17.77059555053711
2006-04-19,17.77059555053711
2006-04-20,17.77059555053711
2006-04-21,17.77059555053711
2006-04-22,17.77059555053711
2006-04-23,17.77059555053711
2006-04-24,17.77059555053711
2006-04-25,17.77059555053711
2006-04-26,17.77059555053711
2006-04-27,17.77059555053711
2006-04-28,17.77059555053711
2006-04-29,17.77059555053711
2006-04-30,17.77059555053711
2006-05-01,17.460094451904297
2006-05-02,17.460094451904297
2006-05-03,17.460094451904297
2006-05-04,17.460094451904297
2006-05-05,17.460094451904297
2006-05-06,17.460094451904297
2006-05-07,17.460094451904297
2006-05-08,17.460094451904297
2006-05-09,17.460094451904297
2006-05-10,17.460094451904297
2006-05-11,17.460094451904297
2006-05-12,17.460094451904297
2006-05-13,17.460094451904297
2006-05-14,17.460094451904297
2006-05-15,17.460094451904297
2006-05-16,17.460094451904297
2006-05-17,17.460094451904297
2006-05-18,17.460094451904297
2006-05-19,17.460094451904297
2006-05-20,17.460094451904297
2006-05-21,17.460094451904297
2006-05-22,17.460094451904297
2006-05-23,17.460094451904297
2006-05-24,17.460094451904297
2006-05-25,17.460094451904297
2006-05-26,17.460094451904297
2006-05-27,17.460094451904297
2006-05-28,17.460094451904297
2006-05-29,17.460094451904297
2006-05-30,17.460094451904297
2006-05-31,17.460094451904297
2006-06-01,16.823331832885742
2006-06-02,16.823331832885742
2006-06-03,16.823331832885742
2006-06-04,16.823331832885742
2006-06-05,16.823331832885742
2006-06-06,16.823331832885742
2006-06-07,16.823331832885742
2006-06-08,16.823331832885742
2006-06-09,16.823331832885742
2006-06-10,16.823331832885742
2006-06-11,16.823331832885742
2006-06-12,16.823331832885742
2006-06-13,16.823331832885742
2006-06-14,16.823331832885742
2006-06-15,16.823331832885742
2006-06-16,16.823331832885742
2006-06-17,16.823331832885742
2006-06-18,16.823331832885742
2006-06-19,16.823331832885742
2006-06-20,16.823331832885742
2006-06-21,16.823331832885742
2006-06-22,16.823331832885742
2006-06-23,16.823331832885742
2006-06-24,16.823331832885742
2006-06-25,16.823331832885742
2006-06-26,16.823331832885742
2006-06-27,16.823331832885742
2006-06-28,16.823331832885742
2006-06-29,16.823331832885742
2006-06-30,16.823331832885742
2006-07-01,16.614898681640625
2006-07-02,16.614898681640625
2006-07-03,16.614898681640625
2006-07-04,16.614898681640625
2006-07-05,16.614898681640625
2006-07-06,16.614898681640625
2006-07-07,16.614898681640625
2006-07-08,16.614898681640625
2006-07-09,16.614898681640625
2006-07-10,16.614898681640625
2006-07-11,16.614898681640625
2006-07-12,16.614898681640625
2006-07-13,16.614898681640625
2006-07-14,16.614898681640625
2006-07-15,16.614898681640625
2006-07-16,16.614898681640625
2006-07-17,16.614898681640625
2006-07-18,16.614898681640625
2006-07-19,16.614898681640625
2006-07-20,16.614898681640625
2006-07-21,16.614898681640625
2006-07-22,16.614898681640625
2006-07-23,16.614898681640625
2006-07-24,16.614898681640625
2006-07-25,16.614898681640625
2006-07-26,16.614898681640625
2006-07-27,16.614898681640625
2006-07-28,16.614898681640625
2006-07-29,16.614898681640625
2006-07-30,16.614898681640625
2006-07-31,16.614898681640625
2006-08-01,16.67076873779297
2006-08-02,16.67076873779297
2006-08-03,16.67076873779297
2006-08-04,16.67076873779297
2006-08-05,16.67076873779297
2006-08-06,16.67076873779297
2006-08-07,16.67076873779297
2006-08-08,16.67076873779297
2006-08-09,16.67076873779297
2006-08-10,16.67076873779297
2006-08-11,16.67076873779297
2006-08-12,16.67076873779297
2006-08-13,16.67076873779297
2006-08-14,16.67076873779297
2006-08-15,16.67076873779297
2006-08-16,16.67076873779297
2006-08-17,16.67076873779297
2006-08-18,16.67076873779297
2006-08-19,16.67076873779297
2006-08-20,16.67076873779297
2006-08-21,16.67076873779297
2006-08-22,16.67076873779297
2006-08-23,16.67076873779297
2006-08-24,16.67076873779297
2006-08-25,16.67076873779297
2006-08-26,16.67076873779297
2006-08-27,16.67076873779297
2006-08-28,16.67076873779297
2006-08-29,16.67076873779297
2006-08-30,16.67076873779297
2006-08-31,16.67076873779297
2006-09-01,16.771541595458984
2006-09-02,16.771541595458984
2006-09-03,16.771541595458984
2006-09-04,16.771541595458984
2006-09-05,16.771541595458984
2006-09-06,16.771541595458984
2006-09-07,16.771541595458984
2006-09-08,16.771541595458984
2006-09-09,16.771541595458984
2006-09-10,16.771541595458984
2006-09-11,16.771541595458984
2006-09-12,16.771541595458984
2006-09-13,16.771541595458984
2006-09-14,16.771541595458984
2006-09-15,16.771541595458984
2006-09-16,16.771541595458984
2006-09-17,16.771541595458984
2006-09-18,16.771541595458984
2006-09-19,16.771541595458984
2006-09-20,16.771541595458984
2006-09-21,16.771541595458984
2006-09-22,16.771541595458984
2006-09-23,16.771541595458984
2006-09-24,16.771541595458984
2006-09-25,16.771541595458984
2006-09-26,16.771541595458984
2006-09-27,16.771541595458984
2006-09-28,16.771541595458984
2006-09-29,16.771541595458984
2006-09-30,16.771541595458984
2006-10-01,17.138654708862305
2006-10-02,17.138654708862305
2006-10-03,17.138654708862305
2006-10-04,17.138654708862305
2006-10-05,17.138654708862305
2006-10-06,17.138654708862305
2006-10-07,17.138654708862305
2006-10-08,17.138654708862305
2006-10-09,17.138654708862305
2006-10-10,17.138654708862305
2006-10-11,17.138654708862305
2006-10-12,17.138654708862305
2006-10-13,17.138654708862305
2006-10-14,17.138654708862305
2006-10-15,17.138654708862305
2006-10-16,17.138654708862305
2006-10-17,17.138654708862305
2006-10-18,17.138654708862305
2006-10-19,17.138654708862305
2006-10-20,17.138654708862305
2006-10-21,17.138654708862305
2006-10-22,17.138654708862305
2006-10-23,17.138654708862305
2006-10-24,17.138654708862305
2006-10-25,17.138654708862305
2006-10-26,17.138654708862305
2006-10-27,17.138654708862305
2006-10-28,17.138654708862305
2006-10-29,17.138654708862305
2006-10-30,17.138654708862305
2006-10-31,17.138654708862305
2006-11-01,17.243759155273438
2006-11-02,17.243759155273438
2006-11-03,17.243759155273438
2006-11-04,17.243759155273438
2006-11-05,17.243759155273438
2006-11-06,17.243759155273438
2006-11-07,17.243759155273438
2006-11-08,17.243759155273438
2006-11-09,17.243759155273438
2006-11-10,17.243759155273438
2006-11-11,17.243759155273438
2006-11-12,17.243759155273438
2006-11-13,17.243759155273438
2006-11-14,17.243759155273438
2006-11-15,17.243759155273438
2006-11-16,17.243759155273438
2006-11-17,17.243759155273438
2006-11-18,17.243759155273438
2006-11-19,17.243759155273438
2006-11-20,17.243759155273438
2006-11-21,17.243759155273438
2006-11-22,17.243759155273438
2006-11-23,17.243759155273438
2006-11-24,17.243759155273438
2006-11-25,17.243759155273438
2006-11-26,17.243759155273438
2006-11-27,17.243759155273438
2006-11-28,17.243759155273438
2006-11-29,17.243759155273438
2006-11-30,17.243759155273438
2006-12-01,17.377254486083984
2006-12-02,17.377254486083984
2006-12-03,17.377254486083984
2006-12-04,17.377254486083984
2006-12-05,17.377254486083984
2006-12-06,17.377254486083984
2006-12-07,17.377254486083984
2006-12-08,17.377254486083984
2006-12-09,17.377254486083984
2006-12-10,17.377254486083984
2006-12-11,17.377254486083984
2006-12-12,17.377254486083984
2006-12-13,17.377254486083984
2006-12-14,17.377254486083984
2006-12-15,17.377254486083984
2006-12-16,17.377254486083984
2006-12-17,17.377254486083984
2006-12-18,17.377254486083984
2006-12-19,17.377254486083984
2006-12-20,17.377254486083984
2006-12-21,17.377254486083984
2006-12-22,17.377254486083984
2006-12-23,17.377254486083984
2006-12-24,17.377254486083984
2006-12-25,17.377254486083984
2006-12-26,17.377254486083984
2006-12-27,17.377254486083984
2006-12-28,17.377254486083984
2006-12-29,17.377254486083984
2006-12-30,17.377254486083984
2006-12-31,17.377254486083984
2007-01-01,17.355810165405273
2007-01-02,17.355810165405273
2007-01-03,17.355810165405273
2007-01-04,17.355810165405273
2007-01-05,17.355810165405273
2007-01-06,17.355810165405273
2007-01-07,17.355810165405273
2007-01-08,17.355810165405273
2007-01-09,17.355810165405273
2007-01-10,17.355810165405273
2007-01-11,17.355810165405273
2007-01-12,17.355810165405273
2007-01-13,17.355810165405273
2007-01-14,17.355810165405273
2007-01-15,17.355810165405273
2007-01-16,17.355810165405273
2007-01-17,17.355810165405273
2007-01-18,17.355810165405273
2007-01-19,17.355810165405273
2007-01-20,17.355810165405273
2007-01-21,17.355810165405273
2007-01-22,17.355810165405273
2007-01-23,17.355810165405273
2007-01-24,17.355810165405273
2007-01-25,17.355810165405273
2007-01-26,17.355810165405273
2007-01-27,17.355810165405273
2007-01-28,17.355810165405273
2007-01-29,17.355810165405273
2007-01-30,17.355810165405273
2007-01-31,17.355810165405273
2007-02-01,17.490819931030273
2007-02-02,17.490819931030273
2007-02-03,17.490819931030273
2007-02-04,17.490819931030273
2007-02-05,17.490819931030273
2007-02-06,17.490819931030273
2007-02-07,17.490819931030273
2007-02-08,17.490819931030273
2007-02-09,17.490819931030273
2007-02-10,17.490819931030273
2007-02-11,17.490819931030273
2007-02-12,17.490819931030273
2007-02-13,17.490819931030273
2007-02-14,17.490819931030273
2007-02-15,17.490819931030273
2007-02-16,17.490819931030273
2007-02-17,17.490819931030273
2007-02-18,17.490819931030273
2007-02-19,17.490819931030273
2007-02-20,17.490819931030273
2007-02-21,17.490819931030273
2007-02-22,17.490819931030273
2007-02-23,17.490819931030273
2007-02-24,17.490819931030273
2007-02-25,17.490819931030273
2007-02-26,17.490819931030273
2007-02-27,17.490819931030273
2007-02-28,17.490819931030273
2007-03-01,16.920625686645508
2007-03-02,16.920625686645508
2007-03-03,16.920625686645508
2007-03-04,16.920625686645508
2007-03-05,16.920625686645508
2007-03-06,16.920625686645508
2007-03-07,16.920625686645508
2007-03-08,16.920625686645508
2007-03-09,16.920625686645508
2007-03-10,16.920625686645508
2007-03-11,16.920625686645508
2007-03-12,16.920625686645508
2007-03-13,16.920625686645508
2007-03-14,16.920625686645508
2007-03-15,16.920625686645508
2007-03-16,16.920625686645508
2007-03-17,16.920625686645508
2007-03-18,16.920625686645508
2007-03-19,16.920625686645508
2007-03-20,16.920625686645508
2007-03-21,16.920625686645508
2007-03-22,16.920625686645508
2007-03-23,16.920625686645508
2007-03-24,16.920625686645508
2007-03-25,16.920625686645508
2007-03-26,16.920625686645508
2007-03-27,16.920625686645508
2007-03-28,16.920625686645508
2007-03-29,16.920625686645508
2007-03-30,16.920625686645508
2007-03-31,16.920625686645508
2007-04-01,17.478334426879883
2007-04-02,17.478334426879883
2007-04-03,17.478334426879883
2007-04-04,17.478334426879883
2007-04-05,17.478334426879883
2007-04-06,17.478334426879883
2007-04-07,17.478334426879883
2007-04-08,17.478334426879883
2007-04-09,17.478334426879883
2007-04-10,17.478334426879883
2007-04-11,17.478334426879883
2007-04-12,17.478334426879883
2007-04-13,17.478334426879883
2007-04-14,17.478334426879883
2007-04-15,17.478334426879883
2007-04-16,17.478334426879883
2007-04-17,17.478334426879883
2007-04-18,17.478334426879883
2007-04-19,17.478334426879883
2007-04-20,17.478334426879883
2007-04-21,17.478334426879883
2007-04-22,17.478334426879883
2007-04-23,17.478334426879883
2007-04-24,17.478334426879883
2007-04-25,17.478334426879883
2007-04-26,17.478334426879883
2007-04-27,17.478334426879883
2007-04-28,17.478334426879883
2007-04-29,17.478334426879883
2007-04-30,17.478334426879883
2007-05-01,17.91925811767578
2007-05-02,17.91925811767578
2007-05-03,17.91925811767578
2007-05-04,17.91925811767578
2007-05-05,17.91925811767578
2007-05-06,17.91925811767578
2007-05-07,17.91925811767578
2007-05-08,17.91925811767578
2007-05-09,17.91925811767578
2007-05-10,17.91925811767578
2007-05-11,17.91925811767578
2007-05-12,17.91925811767578
2007-05-13,17.91925811767578
2007-05-14,17.91925811767578
2007-05-15,17.91925811767578
2007-05-16,17.91925811767578
2007-05-17,17.91925811767578
2007-05-18,17.91925811767578
2007-05-19,17.91925811767578
2007-05-20,17.91925811767578
2007-05-21,17.91925811767578
2007-05-22,17.91925811767578
2007-05-23,17.91925811767578
2007-05-24,17.91925811767578
2007-05-25,17.91925811767578
2007-05-26,17.91925811767578
2007-05-27,17.91925811767578
2007-05-28,17.91925811767578
2007-05-29,17.91925811767578
2007-05-30,17.91925811767578
2007-05-31,17.91925811767578
2007-06-01,17.830625534057617
2007-06-02,17.830625534057617
2007-06-03,17.830625534057617
2007-06-04,17.830625534057617
2007-06-05,17.830625534057617
2007-06-06,17.830625534057617
2007-06-07,17.830625534057617
2007-06-08,17.830625534057617
2007-06-09,17.830625534057617
2007-06-10,17.830625534057617
2007-06-11,17.830625534057617
2007-06-12,17.830625534057617
2007-06-13,17.830625534057617
2007-06-14,17.830625534057617
2007-06-15,17.830625534057617
2007-06-16,17.830625534057617
2007-06-17,17.830625534057617
2007-06-18,17.830625534057617
2007-06-19,17.830625534057617
2007-06-20,17.830625534057617
2007-06-21,17.830625534057617
2007-06-22,17.830625534057617
2007-06-23,17.830625534057617
2007-06-24,17.830625534057617
2007-06-25,17.830625534057617
2007-06-26,17.830625534057617
2007-06-27,17.830625534057617
2007-06-28,17.830625534057617
2007-06-29,17.830625534057617
2007-06-30,17.830625534057617
2007-07-01,18.362939834594727
2007-07-02,18.362939834594727
2007-07-03,18.362939834594727
2007-07-04,18.362939834594727
2007-07-05,18.362939834594727
2007-07-06,18.362939834594727
2007-07-07,18.362939834594727
2007-07-08,18.362939834594727
2007-07-09,18.362939834594727
2007-07-10,18.362939834594727
2007-07-11,18.362939834594727
2007-07-12,18.362939834594727
2007-07-13,18.362939834594727
2007-07-14,18.362939834594727
2007-07-15,18.362939834594727
2007-07-16,18.362939834594727
2007-07-17,18.362939834594727
2007-07-18,18.362939834594727
2007-07-19,18.362939834594727
2007-07-20,18.362939834594727
2007-07-21,18.362939834594727
2007-07-22,18.362939834594727
2007-07-23,18.362939834594727
2007-07-24,18.362939834594727
2007-07-25,18.362939834594727
2007-07-26,18.362939834594727
2007-07-27,18.362939834594727
2007-07-28,18.362939834594727
2007-07-29,18.362939834594727
2007-07-30,18.362939834594727
2007-07-31,18.362939834594727
2007-08-01,18.02337646484375
2007-08-02,18.02337646484375
2007-08-03,18.02337646484375
2007-08-04,18.02337646484375
2007-08-05,18.02337646484375
2007-08-06,18.02337646484375
2007-08-07,18.02337646484375
2007-08-08,18.02337646484375
2007-08-09,18.02337646484375
2007-08-10,18.02337646484375
2007-08-11,18.02337646484375
2007-08-12,18.02337646484375
2007-08-13,18.02337646484375
2007-08-14,18.02337646484375
2007-08-15,18.02337646484375
2007-08-16,18.02337646484375
2007-08-17,18.02337646484375
2007-08-18,18.02337646484375
2007-08-19,18.02337646484375
2007-08-20,18.02337646484375
2007-08-21,18.02337646484375
2007-08-22,18.02337646484375
2007-08-23,18.02337646484375
2007-08-24,18.02337646484375
2007-08-25,18.02337646484375
2007-08-26,18.02337646484375
2007-08-27,18.02337646484375
2007-08-28,18.02337646484375
2007-08-29,18.02337646484375
2007-08-30,18.02337646484375
2007-08-31,18.02337646484375
2007-09-01,19.047147750854492
2007-09-02,19.047147750854492
2007-09-03,19.047147750854492
2007-09-04,19.047147750854492
2007-09-05,19.047147750854492
2007-09-06,19.047147750854492
2007-09-07,19.047147750854492
2007-09-08,19.047147750854492
2007-09-09,19.047147750854492
2007-09-10,19.047147750854492
2007-09-11,19.047147750854492
2007-09-12,19.047147750854492
2007-09-13,19.047147750854492
2007-09-14,19.047147750854492
2007-09-15,19.047147750854492
2007-09-16,19.047147750854492
2007-09-17,19.047147750854492
2007-09-18,19.047147750854492
2007-09-19,19.047147750854492
2007-09-20,19.047147750854492
2007-09-21,19.047147750854492
2007-09-22,19.047147750854492
2007-09-23,19.047147750854492
2007-09-24,19.047147750854492
2007-09-25,19.047147750854492
2007-09-26,19.047147750854492
2007-09-27,19.047147750854492
2007-09-28,19.047147750854492
2007-09-29,19.047147750854492
2007-09-30,19.047147750854492
2007-10-01,20.677473068237305
2007-10-02,20.677473068237305
2007-10-03,20.677473068237305
2007-10-04,20.677473068237305
2007-10-05,20.677473068237305
2007-10-06,20.677473068237305
2007-10-07,20.677473068237305
2007-10-08,20.677473068237305
2007-10-09,20.677473068237305
2007-10-10,20.677473068237305
2007-10-11,20.677473068237305
2007-10-12,20.677473068237305
2007-10-13,20.677473068237305
2007-10-14,20.677473068237305
2007-10-15,20.677473068237305
2007-10-16,20.677473068237305
2007-10-17,20.677473068237305
2007-10-18,20.677473068237305
2007-10-19,20.677473068237305
2007-10-20,20.677473068237305
2007-10-21,20.677473068237305
2007-10-22,20.677473068237305
2007-10-23,20.677473068237305
2007-10-24,20.677473068237305
2007-10-25,20.677473068237305
2007-10-26,20.677473068237305
2007-10-27,20.677473068237305
2007-10-28,20.677473068237305
2007-10-29,20.677473068237305
2007-10-30,20.677473068237305
2007-10-31,20.677473068237305
2007-11-01,20.810216903686523
2007-11-02,20.810216903686523
2007-11-03,20.810216903686523
2007-11-04,20.810216903686523
2007-11-05,20.810216903686523
2007-11-06,20.810216903686523
2007-11-07,20.810216903686523
2007-11-08,20.810216903686523
2007-11-09,20.810216903686523
2007-11-10,20.810216903686523
2007-11-11,20.810216903686523
2007-11-12,20.810216903686523
2007-11-13,20.810216903686523
2007-11-14,20.810216903686523
2007-11-15,20.810216903686523
2007-11-16,20.810216903686523
2007-11-17,20.810216903686523
2007-11-18,20.810216903686523
2007-11-19,20.810216903686523
2007-11-20,20.810216903686523
2007-11-21,20.810216903686523
2007-11-22,20.810216903686523
2007-11-23,20.810216903686523
2007-11-24,20.810216903686523
2007-11-25,20.810216903686523
2007-11-26,20.810216903686523
2007-11-27,20.810216903686523
2007-11-28,20.810216903686523
2007-11-29,20.810216903686523
2007-11-30,20.810216903686523
2007-12-01,22.351213455200195
2007-12-02,22.351213455200195
2007-12-03,22.351213455200195
2007-12-04,22.351213455200195
2007-12-05,22.351213455200195
2007-12-06,22.351213455200195
2007-12-07,22.351213455200195
2007-12-08,22.351213455200195
2007-12-09,22.351213455200195
2007-12-10,22.351213455200195
2007-12-11,22.351213455200195
2007-12-12,22.351213455200195
2007-12-13,22.351213455200195
2007-12-14,22.351213455200195
2007-12-15,22.351213455200195
2007-12-16,22.351213455200195
2007-12-17,22.351213455200195
2007-12-18,22.351213455200195
2007-12-19,22.351213455200195
2007-12-20,22.351213455200195
2007-12-21,22.351213455200195
2007-12-22,22.351213455200195
2007-12-23,22.351213455200195
2007-12-24,22.351213455200195
2007-12-25,22.351213455200195
2007-12-26,22.351213455200195
2007-12-27,22.351213455200195
2007-12-28,22.351213455200195
2007-12-29,22.351213455200195
2007-12-30,22.351213455200195
2007-12-31,22.351213455200195
2008-01-01,21.45905113220215
2008-01-02,21.45905113220215
2008-01-03,21.45905113220215
2008-01-04,21.45905113220215
2008-01-05,21.45905113220215
2008-01-06,21.45905113220215
2008-01-07,21.45905113220215
2008-01-08,21.45905113220215
2008-01-09,21.45905113220215
2008-01-10,21.45905113220215
2008-01-11,21.45905113220215
2008-01-12,21.45905113220215
2008-01-13,21.45905113220215
2008-01-14,21.45905113220215
2008-01-15,21.45905113220215
2008-01-16,21.45905113220215
2008-01-17,21.45905113220215
2008-01-18,21.45905113220215
2008-01-19,21.45905113220215
2008-01-20,21.45905113220215
2008-01-21,21.45905113220215
2008-01-22,21.45905113220215
2008-01-23,21.45905113220215
2008-01-24,21.45905113220215
2008-01-25,21.45905113220215
2008-01-26,21.45905113220215
2008-01-27,21.45905113220215
2008-01-28,21.45905113220215
2008-01-29,21.45905113220215
2008-01-30,21.45905113220215
2008-01-31,21.45905113220215
2008-02-01,21.740272521972656
2008-02-02,21.740272521972656
2008-02-03,21.740272521972656
2008-02-04,21.740272521972656
2008-02-05,21.740272521972656
2008-02-06,21.740272521972656
2008-02-07,21.740272521972656
2008-02-08,21.740272521972656
2008-02-09,21.740272521972656
2008-02-10,21.740272521972656
2008-02-11,21.740272521972656
2008-02-12,21.740272521972656
2008-02-13,21.740272521972656
2008-02-14,21.740272521972656
2008-02-15,21.740272521972656
2008-02-16,21.740272521972656
2008-02-17,21.740272521972656
2008-02-18,21.740272521972656
2008-02-19,21.740272521972656
2008-02-20,21.740272521972656
2008-02-21,21.740272521972656
2008-02-22,21.740272521972656
2008-02-23,21.740272521972656
2008-02-24,21.740272521972656
2008-02-25,21.740272521972656
2008-02-26,21.740272521972656
2008-02-27,21.740272521972656
2008-02-28,21.740272521972656
2008-02-29,21.740272521972656
2008-03-01,21.806983947753906
2008-03-02,21.806983947753906
2008-03-03,21.806983947753906
2008-03-04,21.806983947753906
2008-03-05,21.806983947753906
2008-03-06,21.806983947753906
2008-03-07,21.806983947753906
2008-03-08,21.806983947753906
2008-03-09,21.806983947753906
2008-03-10,21.806983947753906
2008-03-11,21.806983947753906
2008-03-12,21.806983947753906
2008-03-13,21.806983947753906
2008-03-14,21.806983947753906
2008-03-15,21.806983947753906
2008-03-16,21.806983947753906
2008-03-17,21.806983947753906
2008-03-18,21.806983947753906
2008-03-19,21.806983947753906
2008-03-20,21.806983947753906
2008-03-21,21.806983947753906
2008-03-22,21.806983947753906
2008-03-23,21.806983947753906
2008-03-24,21.806983947753906
2008-03-25,21.806983947753906
2008-03-26,21.806983947753906
2008-03-27,21.806983947753906
2008-03-28,21.806983947753906
2008-03-29,21.806983947753906
2008-03-30,21.806983947753906
2008-03-31,21.806983947753906
2008-04-01,23.882511138916016
2008-04-02,23.882511138916016
2008-04-03,23.882511138916016
2008-04-04,23.882511138916016
2008-04-05,23.882511138916016
2008-04-06,23.882511138916016
2008-04-07,23.882511138916016
2008-04-08,23.882511138916016
2008-04-09,23.882511138916016
2008-04-10,23.882511138916016
2008-04-11,23.882511138916016
2008-04-12,23.882511138916016
2008-04-13,23.882511138916016
2008-04-14,23.882511138916016
2008-04-15,23.882511138916016
2008-04-16,23.882511138916016
2008-04-17,23.882511138916016
2008-04-18,23.882511138916016
2008-04-19,23.882511138916016
2008-04-20,23.882511138916016
2008-04-21,23.882511138916016
2008-04-22,23.882511138916016
2008-04-23,23.882511138916016
2008-04-24,23.882511138916016
2008-04-25,23.882511138916016
2008-04-26,23.882511138916016
2008-04-27,23.882511138916016
2008-04-28,23.882511138916016
2008-04-29,23.882511138916016
2008-04-30,23.882511138916016
2008-05-01,25.805435180664062
2008-05-02,25.805435180664062
2008-05-03,25.805435180664062
2008-05-04,25.805435180664062
2008-05-05,25.805435180664062
2008-05-06,25.805435180664062
2008-05-07,25.805435180664062
2008-05-08,25.805435180664062
2008-05-09,25.805435180664062
2008-05-10,25.805435180664062
2008-05-11,25.805435180664062
2008-05-12,25.805435180664062
2008-05-13,25.805435180664062
2008-05-14,25.805435180664062
2008-05-15,25.805435180664062
2008-05-16,25.805435180664062
2008-05-17,25.805435180664062
2008-05-18,25.805435180664062
2008-05-19,25.805435180664062
2008-05-20,25.805435180664062
2008-05-21,25.805435180664062
2008-05-22,25.805435180664062
2008-05-23,25.805435180664062
2008-05-24,25.805435180664062
2008-05-25,25.805435180664062
2008-05-26,25.805435180664062
2008-05-27,25.805435180664062
2008-05-28,25.805435180664062
2008-05-29,25.805435180664062
2008-05-30,25.805435180664062
2008-05-31,25.805435180664062
2008-06-01,26.109596252441406
2008-06-02,26.109596252441406
2008-06-03,26.109596252441406
2008-06-04,26.109596252441406
2008-06-05,26.109596252441406
2008-06-06,26.109596252441406
2008-06-07,26.109596252441406
2008-06-08,26.109596252441406
2008-06-09,26.109596252441406
2008-06-10,26.109596252441406
2008-06-11,26.109596252441406
2008-06-12,26.109596252441406
2008-06-13,26.109596252441406
2008-06-14,26.109596252441406
2008-06-15,26.109596252441406
2008-06-16,26.109596252441406
2008-06-17,26.109596252441406
2008-06-18,26.109596252441406
2008-06-19,26.109596252441406
2008-06-20,26.109596252441406
2008-06-21,26.109596252441406
2008-06-22,26.109596252441406
2008-06-23,26.109596252441406
2008-06-24,26.109596252441406
2008-06-25,26.109596252441406
2008-06-26,26.109596252441406
2008-06-27,26.109596252441406
2008-06-28,26.109596252441406
2008-06-29,26.109596252441406
2008-06-30,26.109596252441406
2008-07-01,25.368148803710938
2008-07-02,25.368148803710938
2008-07-03,25.368148803710938
2008-07-04,25.368148803710938
2008-07-05,25.368148803710938
2008-07-06,25.368148803710938
2008-07-07,25.368148803710938
2008-07-08,25.368148803710938
2008-07-09,25.368148803710938
2008-07-10,25.368148803710938
2008-07-11,25.368148803710938
2008-07-12,25.368148803710938
2008-07-13,25.368148803710938
2008-07-14,25.368148803710938
2008-07-15,25.368148803710938
2008-07-16,25.368148803710938
2008-07-17,25.368148803710938
2008-07-18,25.368148803710938
2008-07-19,25.368148803710938
2008-07-20,25.368148803710938
2008-07-21,25.368148803710938
2008-07-22,25.368148803710938
2008-07-23,25.368148803710938
2008-07-24,25.368148803710938
2008-07-25,25.368148803710938
2008-07-26,25.368148803710938
2008-07-27,25.368148803710938
2008-07-28,25.368148803710938
2008-07-29,25.368148803710938
2008-07-30,25.368148803710938
2008-07-31,25.368148803710938
2008-08-01,26.833322525024414
2008-08-02,26.833322525024414
2008-08-03,26.833322525024414
2008-08-04,26.833322525024414
2008-08-05,26.833322525024414
2008-08-06,26.833322525024414
2008-08-07,26.833322525024414
2008-08-08,26.833322525024414
2008-08-09,26.833322525024414
2008-08-10,26.833322525024414
2008-08-11,26.833322525024414
2008-08-12,26.833322525024414
2008-08-13,26.833322525024414
2008-08-14,26.833322525024414
2008-08-15,26.833322525024414
2008-08-16,26.833322525024414
2008-08-17,26.833322525024414
2008-08-18,26.833322525024414
2008-08-19,26.833322525024414
2008-08-20,26.833322525024414
2008-08-21,26.833322525024414
2008-08-22,26.833322525024414
2008-08-23,26.833322525024414
2008-08-24,26.833322525024414
2008-08-25,26.833322525024414
2008-08-26,26.833322525024414
2008-08-27,26.833322525024414
2008-08-28,26.833322525024414
2008-08-29,26.833322525024414
2008-08-30,26.833322525024414
2008-08-31,26.833322525024414
2008-09-01,26.484222412109375
2008-09-02,26.484222412109375
2008-09-03,26.484222412109375
2008-09-04,26.484222412109375
2008-09-05,26.484222412109375
2008-09-06,26.484222412109375
2008-09-07,26.484222412109375
2008-09-08,26.484222412109375
2008-09-09,26.484222412109375
2008-09-10,26.484222412109375
2008-09-11,26.484222412109375
2008-09-12,26.484222412109375
2008-09-13,26.484222412109375
2008-09-14,26.484222412109375
2008-09-15,26.484222412109375
2008-09-16,26.484222412109375
2008-09-17,26.484222412109375
2008-09-18,26.484222412109375
2008-09-19,26.484222412109375
2008-09-20,26.484222412109375
2008-09-21,26.484222412109375
2008-09-22,26.484222412109375
2008-09-23,26.484222412109375
2008-09-24,26.484222412109375
2008-09-25,26.484222412109375
2008-09-26,26.484222412109375
2008-09-27,26.484222412109375
2008-09-28,26.484222412109375
2008-09-29,26.484222412109375
2008-09-30,26.484222412109375
2008-10-01,27.21858024597168
2008-10-02,27.21858024597168
2008-10-03,27.21858024597168
2008-10-04,27.21858024597168
2008-10-05,27.21858024597168
2008-10-06,27.21858024597168
2008-10-07,27.21858024597168
2008-10-08,27.21858024597168
2008-10-09,27.21858024597168
2008-10-10,27.21858024597168
2008-10-11,27.21858024597168
2008-10-12,27.21858024597168
2008-10-13,27.21858024597168
2008-10-14,27.21858024597168
2008-10-15,27.21858024597168
2008-10-16,27.21858024597168
2008-10-17,27.21858024597168
2008-10-18,27.21858024597168
2008-10-19,27.21858024597168
2008-10-20,27.21858024597168
2008-10-21,27.21858024597168
2008-10-22,27.21858024597168
2008-10-23,27.21858024597168
2008-10-24,27.21858024597168
2008-10-25,27.21858024597168
2008-10-26,27.21858024597168
2008-10-27,27.21858024597168
2008-10-28,27.21858024597168
2008-10-29,27.21858024597168
2008-10-30,27.21858024597168
2008-10-31,27.21858024597168
2008-11-01,34.9903564453125
2008-11-02,34.9903564453125
2008-11-03,34.9903564453125
2008-11-04,34.9903564453125
2008-11-05,34.9903564453125
2008-11-06,34.9903564453125
2008-11-07,34.9903564453125
2008-11-08,34.9903564453125
2008-11-09,34.9903564453125
2008-11-10,34.9903564453125
2008-11-11,34.9903564453125
2008-11-12,34.9903564453125
2008-11-13,34.9903564453125
2008-11-14,34.9903564453125
2008-11-15,34.9903564453125
2008-11-16,34.9903564453125
2008-11-17,34.9903564453125
2008-11-18,34.9903564453125
2008-11-19,34.9903564453125
2008-11-20,34.9903564453125
2008-11-21,34.9903564453125
2008-11-22,34.9903564453125
2008-11-23,34.9903564453125
2008-11-24,34.9903564453125
2008-11-25,34.9903564453125
2008-11-26,34.9903564453125
2008-11-27,34.9903564453125
2008-11-28,34.9903564453125
2008-11-29,34.9903564453125
2008-11-30,34.9903564453125
2008-12-01,58.975807189941406
2008-12-02,58.975807189941406
2008-12-03,58.975807189941406
2008-12-04,58.975807189941406
2008-12-05,58.975807189941406
2008-12-06,58.975807189941406
2008-12-07,58.975807189941406
2008-12-08,58.975807189941406
2008-12-09,58.975807189941406
2008-12-10,58.975807189941406
2008-12-11,58.975807189941406
2008-12-12,58.975807189941406
2008-12-13,58.975807189941406
2008-12-14,58.975807189941406
2008-12-15,58.975807189941406
2008-12-16,58.975807189941406
2008-12-17,58.975807189941406
2008-12-18,58.975807189941406
2008-12-19,58.975807189941406
2008-12-20,58.975807189941406
2008-12-21,58.975807189941406
2008-12-22,58.975807189941406
2008-12-23,58.975807189941406
2008-12-24,58.975807189941406
2008-12-25,58.975807189941406
2008-12-26,58.975807189941406
2008-12-27,58.975807189941406
2008-12-28,58.975807189941406
2008-12-29,58.975807189941406
2008-12-30,58.975807189941406
2008-12-31,58.975807189941406
2009-01-01,70.91043090820312
2009-01-02,70.91043090820312
2009-01-03,70.91043090820312
2009-01-04,70.91043090820312
2009-01-05,70.91043090820312
2009-01-06,70.91043090820312
2009-01-07,70.91043090820312
2009-01-08,70.91043090820312
2009-01-09,70.91043090820312
2009-01-10,70.91043090820312
2009-01-11,70.91043090820312
2009-01-12,70.91043090820312
2009-01-13,70.91043090820312
2009-01-14,70.91043090820312
2009-01-15,70.91043090820312
2009-01-16,70.91043090820312
2009-01-17,70.91043090820312
2009-01-18,70.91043090820312
2009-01-19,70.91043090820312
2009-01-20,70.91043090820312
2009-01-21,70.91043090820312
2009-01-22,70.91043090820312
2009-01-23,70.91043090820312
2009-01-24,70.91043090820312
2009-01-25,70.91043090820312
2009-01-26,70.91043090820312
2009-01-27,70.91043090820312
2009-01-28,70.91043090820312
2009-01-29,70.91043090820312
2009-01-30,70.91043090820312
2009-01-31,70.91043090820312
2009-02-01,84.46468353271484
2009-02-02,84.46468353271484
2009-02-03,84.46468353271484
2009-02-04,84.46468353271484
2009-02-05,84.46468353271484
2009-02-06,84.46468353271484
2009-02-07,84.46468353271484
2009-02-08,84.46468353271484
2009-02-09,84.46468353271484
2009-02-10,84.46468353271484
2009-02-11,84.46468353271484
2009-02-12,84.46468353271484
2009-02-13,84.46468353271484
2009-02-14,84.46468353271484
2009-02-15,84.46468353271484
2009-02-16,84.46468353271484
2009-02-17,84.46468353271484
2009-02-18,84.46468353271484
2009-02-19,84.46468353271484
2009-02-20,84.46468353271484
2009-02-21,84.46468353271484
2009-02-22,84.46468353271484
2009-02-23,84.46468353271484
2009-02-24,84.46468353271484
2009-02-25,84.46468353271484
2009-02-26,84.46468353271484
2009-02-27,84.46468353271484
2009-02-28,84.46468353271484
2009-03-01,110.36880493164062
2009-03-02,110.36880493164062
2009-03-03,110.36880493164062
2009-03-04,110.36880493164062
2009-03-05,110.36880493164062
2009-03-06,110.36880493164062
2009-03-07,110.36880493164062
2009-03-08,110.36880493164062
2009-03-09,110.36880493164062
2009-03-10,110.36880493164062
2009-03-11,110.36880493164062
2009-03-12,110.36880493164062
2009-03-13,110.36880493164062
2009-03-14,110.36880493164062
2009-03-15,110.36880493164062
2009-03-16,110.36880493164062
2009-03-17,110.36880493164062
2009-03-18,110.36880493164062
2009-03-19,110.36880493164062
2009-03-20,110.36880493164062
2009-03-21,110.36880493164062
2009-03-22,110.36880493164062
2009-03-23,110.36880493164062
2009-03-24,110.36880493164062
2009-03-25,110.36880493164062
2009-03-26,110.36880493164062
2009-03-27,110.36880493164062
2009-03-28,110.36880493164062
2009-03-29,110.36880493164062
2009-03-30,110.36880493164062
2009-03-31,110.36880493164062
2009-04-01,119.85162353515625
2009-04-02,119.85162353515625
2009-04-03,119.85162353515625
2009-04-04,119.85162353515625
2009-04-05,119.85162353515625
2009-04-06,119.85162353515625
2009-04-07,119.85162353515625
2009-04-08,119.85162353515625
2009-04-09,119.85162353515625
2009-04-10,119.85162353515625
2009-04-11,119.85162353515625
2009-04-12,119.85162353515625
2009-04-13,119.85162353515625
2009-04-14,119.85162353515625
2009-04-15,119.85162353515625
2009-04-16,119.85162353515625
2009-04-17,119.85162353515625
2009-04-18,119.85162353515625
2009-04-19,119.85162353515625
2009-04-20,119.85162353515625
2009-04-21,119.85162353515625
2009-04-22,119.85162353515625
2009-04-23,119.85162353515625
2009-04-24,119.85162353515625
2009-04-25,119.85162353515625
2009-04-26,119.85162353515625
2009-04-27,119.85162353515625
2009-04-28,119.85162353515625
2009-04-29,119.85162353515625
2009-04-30,119.85162353515625
2009-05-01,123.73080444335938
2009-05-02,123.73080444335938
2009-05-03,123.73080444335938
2009-05-04,123.73080444335938
2009-05-05,123.73080444335938
2009-05-06,123.73080444335938
2009-05-07,123.73080444335938
2009-05-08,123.73080444335938
2009-05-09,123.73080444335938
2009-05-10,123.73080444335938
2009-05-11,123.73080444335938
2009-05-12,123.73080444335938
2009-05-13,123.73080444335938
2009-05-14,123.73080444335938
2009-05-15,123.73080444335938
2009-05-16,123.73080444335938
2009-05-17,123.73080444335938
2009-05-18,123.73080444335938
2009-05-19,123.73080444335938
2009-05-20,123.73080444335938
2009-05-21,123.73080444335938
2009-05-22,123.73080444335938
2009-05-23,123.73080444335938
2009-05-24,123.73080444335938
2009-05-25,123.73080444335938
2009-05-26,123.73080444335938
2009-05-27,123.73080444335938
2009-05-28,123.73080444335938
2009-05-29,123.73080444335938
2009-05-30,123.73080444335938
2009-05-31,123.73080444335938
2009-06-01,123.31824493408203
2009-06-02,123.31824493408203
2009-06-03,123.31824493408203
2009-06-04,123.31824493408203
2009-06-05,123.31824493408203
2009-06-06,123.31824493408203
2009-06-07,123.31824493408203
2009-06-08,123.31824493408203
2009-06-09,123.31824493408203
2009-06-10,123.31824493408203
2009-06-11,123.31824493408203
2009-06-12,123.31824493408203
2009-06-13,123.31824493408203
2009-06-14,123.31824493408203
2009-06-15,123.31824493408203
2009-06-16,123.31824493408203
2009-06-17,123.31824493408203
2009-06-18,123.31824493408203
2009-06-19,123.31824493408203
2009-06-20,123.31824493408203
2009-06-21,123.31824493408203
2009-06-22,123.31824493408203
2009-06-23,123.31824493408203
2009-06-24,123.31824493408203
2009-06-25,123.31824493408203
2009-06-26,123.31824493408203
2009-06-27,123.31824493408203
2009-06-28,123.31824493408203
2009-06-29,123.31824493408203
2009-06-30,123.31824493408203
2009-07-01,101.86719512939453
2009-07-02,101.86719512939453
2009-07-03,101.86719512939453
2009-07-04,101.86719512939453
2009-07-05,101.86719512939453
2009-07-06,101.86719512939453
2009-07-07,101.86719512939453
2009-07-08,101.86719512939453
2009-07-09,101.86719512939453
2009-07-10,101.86719512939453
2009-07-11,101.86719512939453
2009-07-12,101.86719512939453
2009-07-13,101.86719512939453
2009-07-14,101.86719512939453
2009-07-15,101.86719512939453
2009-07-16,101.86719512939453
2009-07-17,101.86719512939453
2009-07-18,101.86719512939453
2009-07-19,101.86719512939453
2009-07-20,101.86719512939453
2009-07-21,101.86719512939453
2009-07-22,101.86719512939453
2009-07-23,101.86719512939453
2009-07-24,101.86719512939453
2009-07-25,101.86719512939453
2009-07-26,101.86719512939453
2009-07-27,101.86719512939453
2009-07-28,101.86719512939453
2009-07-29,101.86719512939453
2009-07-30,101.86719512939453
2009-07-31,101.86719512939453
2009-08-01,92.94844818115234
2009-08-02,92.94844818115234
2009-08-03,92.94844818115234
2009-08-04,92.94844818115234
2009-08-05,92.94844818115234
2009-08-06,92.94844818115234
2009-08-07,92.94844818115234
2009-08-08,92.94844818115234
2009-08-09,92.94844818115234
2009-08-10,92.94844818115234
2009-08-11,92.94844818115234
2009-08-12,92.94844818115234
2009-08-13,92.94844818115234
2009-08-14,92.94844818115234
2009-08-15,92.94844818115234
2009-08-16,92.94844818115234
2009-08-17,92.94844818115234
2009-08-18,92.94844818115234
2009-08-19,92.94844818115234
2009-08-20,92.94844818115234
2009-08-21,92.94844818115234
2009-08-22,92.94844818115234
2009-08-23,92.94844818115234
2009-08-24,92.94844818115234
2009-08-25,92.94844818115234
2009-08-26,92.94844818115234
2009-08-27,92.94844818115234
2009-08-28,92.94844818115234
2009-08-29,92.94844818115234
2009-08-30,92.94844818115234
2009-08-31,92.94844818115234
2009-09-01,83.29744720458984
2009-09-02,83.29744720458984
2009-09-03,83.29744720458984
2009-09-04,83.29744720458984
2009-09-05,83.29744720458984
2009-09-06,83.29744720458984
2009-09-07,83.29744720458984
2009-09-08,83.29744720458984
2009-09-09,83.29744720458984
2009-09-10,83.29744720458984
2009-09-11,83.29744720458984
2009-09-12,83.29744720458984
2009-09-13,83.29744720458984
2009-09-14,83.29744720458984
2009-09-15,83.29744720458984
2009-09-16,83.29744720458984
2009-09-17,83.29744720458984
2009-09-18,83.29744720458984
2009-09-19,83.29744720458984
2009-09-20,83.29744720458984
2009-09-21,83.29744720458984
2009-09-22,83.29744720458984
2009-09-23,83.29744720458984
2009-09-24,83.29744720458984
2009-09-25,83.29744720458984
2009-09-26,83.29744720458984
2009-09-27,83.29744720458984
2009-09-28,83.29744720458984
2009-09-29,83.29744720458984
2009-09-30,83.29744720458984
2009-10-01,42.116764068603516
2009-10-02,42.116764068603516
2009-10-03,42.116764068603516
2009-10-04,42.116764068603516
2009-10-05,42.116764068603516
2009-10-06,42.116764068603516
2009-10-07,42.116764068603516
2009-10-08,42.116764068603516
2009-10-09,42.116764068603516
2009-10-10,42.116764068603516
2009-10-11,42.116764068603516
2009-10-12,42.116764068603516
2009-10-13,42.116764068603516
2009-10-14,42.116764068603516
2009-10-15,42.116764068603516
2009-10-16,42.116764068603516
2009-10-17,42.116764068603516
2009-10-18,42.116764068603516
2009-10-19,42.116764068603516
2009-10-20,42.116764068603516
2009-10-21,42.116764068603516
2009-10-22,42.116764068603516
2009-10-23,42.116764068603516
2009-10-24,42.116764068603516
2009-10-25,42.116764068603516
2009-10-26,42.116764068603516
2009-10-27,42.116764068603516
2009-10-28,42.116764068603516
2009-10-29,42.116764068603516
2009-10-30,42.116764068603516
2009-10-31,42.116764068603516
2009-11-01,28.513364791870117
2009-11-02,28.513364791870117
2009-11-03,28.513364791870117
2009-11-04,28.513364791870117
2009-11-05,28.513364791870117
2009-11-06,28.513364791870117
2009-11-07,28.513364791870117
2009-11-08,28.513364791870117
2009-11-09,28.513364791870117
2009-11-10,28.513364791870117
2009-11-11,28.513364791870117
2009-11-12,28.513364791870117
2009-11-13,28.513364791870117
2009-11-14,28.513364791870117
2009-11-15,28.513364791870117
2009-11-16,28.513364791870117
2009-11-17,28.513364791870117
2009-11-18,28.513364791870117
2009-11-19,28.513364791870117
2009-11-20,28.513364791870117
2009-11-21,28.513364791870117
2009-11-22,28.513364791870117
2009-11-23,28.513364791870117
2009-11-24,28.513364791870117
2009-11-25,28.513364791870117
2009-11-26,28.513364791870117
2009-11-27,28.513364791870117
2009-11-28,28.513364791870117
2009-11-29,28.513364791870117
2009-11-30,28.513364791870117
2009-12-01,21.784971237182617
2009-12-02,21.784971237182617
2009-12-03,21.784971237182617
2009-12-04,21.784971237182617
2009-12-05,21.784971237182617
2009-12-06,21.784971237182617
2009-12-07,21.784971237182617
2009-12-08,21.784971237182617
2009-12-09,21.784971237182617
2009-12-10,21.784971237182617
2009-12-11,21.784971237182617
2009-12-12,21.784971237182617
2009-12-13,21.784971237182617
2009-12-14,21.784971237182617
2009-12-15,21.784971237182617
2009-12-16,21.784971237182617
2009-12-17,21.784971237182617
2009-12-18,21.784971237182617
2009-12-19,21.784971237182617
2009-12-20,21.784971237182617
2009-12-21,21.784971237182617
2009-12-22,21.784971237182617
2009-12-23,21.784971237182617
2009-12-24,21.784971237182617
2009-12-25,21.784971237182617
2009-12-26,21.784971237182617
2009-12-27,21.784971237182617
2009-12-28,21.784971237182617
2009-12-29,21.784971237182617
2009-12-30,21.784971237182617
2009-12-31,21.784971237182617
2010-01-01,20.695892333984375
2010-01-02,20.695892333984375
2010-01-03,20.695892333984375
2010-01-04,20.695892333984375
2010-01-05,20.695892333984375
2010-01-06,20.695892333984375
2010-01-07,20.695892333984375
2010-01-08,20.695892333984375
2010-01-09,20.695892333984375
2010-01-10,20.695892333984375
2010-01-11,20.695892333984375
2010-01-12,20.695892333984375
2010-01-13,20.695892333984375
2010-01-14,20.695892333984375
2010-01-15,20.695892333984375
2010-01-16,20.695892333984375
2010-01-17,20.695892333984375
2010-01-18,20.695892333984375
2010-01-19,20.695892333984375
2010-01-20,20.695892333984375
2010-01-21,20.695892333984375
2010-01-22,20.695892333984375
2010-01-23,20.695892333984375
2010-01-24,20.695892333984375
2010-01-25,20.695892333984375
2010-01-26,20.695892333984375
2010-01-27,20.695892333984375
2010-01-28,20.695892333984375
2010-01-29,20.695892333984375
2010-01-30,20.695892333984375
2010-01-31,20.695892333984375
2010-02-01,18.905746459960938
2010-02-02,18.905746459960938
2010-02-03,18.905746459960938
2010-02-04,18.905746459960938
2010-02-05,18.905746459960938
2010-02-06,18.905746459960938
2010-02-07,18.905746459960938
2010-02-08,18.905746459960938
2010-02-09,18.905746459960938
2010-02-10,18.905746459960938
2010-02-11,18.905746459960938
2010-02-12,18.905746459960938
2010-02-13,18.905746459960938
2010-02-14,18.905746459960938
2010-02-15,18.905746459960938
2010-02-16,18.905746459960938
2010-02-17,18.905746459960938
2010-02-18,18.905746459960938
2010-02-19,18.905746459960938
2010-02-20,18.905746459960938
2010-02-21,18.905746459960938
2010-02-22,18.905746459960938
2010-02-23,18.905746459960938
2010-02-24,18.905746459960938
2010-02-25,18.905746459960938
2010-02-26,18.905746459960938
2010-02-27,18.905746459960938
2010-02-28,18.905746459960938
2010-03-01,18.90776252746582
2010-03-02,18.90776252746582
2010-03-03,18.90776252746582
2010-03-04,18.90776252746582
2010-03-05,18.90776252746582
2010-03-06,18.90776252746582
2010-03-07,18.90776252746582
2010-03-08,18.90776252746582
2010-03-09,18.90776252746582
2010-03-10,18.90776252746582
2010-03-11,18.90776252746582
2010-03-12,18.90776252746582
2010-03-13,18.90776252746582
2010-03-14,18.90776252746582
2010-03-15,18.90776252746582
2010-03-16,18.90776252746582
2010-03-17,18.90776252746582
2010-03-18,18.90776252746582
2010-03-19,18.90776252746582
2010-03-20,18.90776252746582
2010-03-21,18.90776252746582
2010-03-22,18.90776252746582
2010-03-23,18.90776252746582
2010-03-24,18.90776252746582
2010-03-25,18.90776252746582
2010-03-26,18.90776252746582
2010-03-27,18.90776252746582
2010-03-28,18.90776252746582
2010-03-29,18.90776252746582
2010-03-30,18.90776252746582
2010-03-31,18.90776252746582
2010-04-01,19.00910186767578
2010-04-02,19.00910186767578
2010-04-03,19.00910186767578
2010-04-04,19.00910186767578
2010-04-05,19.00910186767578
2010-04-06,19.00910186767578
2010-04-07,19.00910186767578
2010-04-08,19.00910186767578
2010-04-09,19.00910186767578
2010-04-10,19.00910186767578
2010-04-11,19.00910186767578
2010-04-12,19.00910186767578
2010-04-13,19.00910186767578
2010-04-14,19.00910186767578
2010-04-15,19.00910186767578
2010-04-16,19.00910186767578
2010-04-17,19.00910186767578
2010-04-18,19.00910186767578
2010-04-19,19.00910186767578
2010-04-20,19.00910186767578
2010-04-21,19.00910186767578
2010-04-22,19.00910186767578
2010-04-23,19.00910186767578
2010-04-24,19.00910186767578
2010-04-25,19.00910186767578
2010-04-26,19.00910186767578
2010-04-27,19.00910186767578
2010-04-28,19.00910186767578
2010-04-29,19.00910186767578
2010-04-30,19.00910186767578
2010-05-01,17.29708480834961
2010-05-02,17.29708480834961
2010-05-03,17.29708480834961
2010-05-04,17.29708480834961
2010-05-05,17.29708480834961
2010-05-06,17.29708480834961
2010-05-07,17.29708480834961
2010-05-08,17.29708480834961
2010-05-09,17.29708480834961
2010-05-10,17.29708480834961
2010-05-11,17.29708480834961
2010-05-12,17.29708480834961
2010-05-13,17.29708480834961
2010-05-14,17.29708480834961
2010-05-15,17.29708480834961
2010-05-16,17.29708480834961
2010-05-17,17.29708480834961
2010-05-18,17.29708480834961
2010-05-19,17.29708480834961
2010-05-20,17.29708480834961
2010-05-21,17.29708480834961
2010-05-22,17.29708480834961
2010-05-23,17.29708480834961
2010-05-24,17.29708480834961
2010-05-25,17.29708480834961
2010-05-26,17.29708480834961
2010-05-27,17.29708480834961
2010-05-28,17.29708480834961
2010-05-29,17.29708480834961
2010-05-30,17.29708480834961
2010-05-31,17.29708480834961
2010-06-01,16.14545440673828
2010-06-02,16.14545440673828
2010-06-03,16.14545440673828
2010-06-04,16.14545440673828
2010-06-05,16.14545440673828
2010-06-06,16.14545440673828
2010-06-07,16.14545440673828
2010-06-08,16.14545440673828
2010-06-09,16.14545440673828
2010-06-10,16.14545440673828
2010-06-11,16.14545440673828
2010-06-12,16.14545440673828
2010-06-13,16.14545440673828
2010-06-14,16.14545440673828
2010-06-15,16.14545440673828
2010-06-16,16.14545440673828
2010-06-17,16.14545440673828
2010-06-18,16.14545440673828
2010-06-19,16.14545440673828
2010-06-20,16.14545440673828
2010-06-21,16.14545440673828
2010-06-22,16.14545440673828
2010-06-23,16.14545440673828
2010-06-24,16.14545440673828
2010-06-25,16.14545440673828
2010-06-26,16.14545440673828
2010-06-27,16.14545440673828
2010-06-28,16.14545440673828
2010-06-29,16.14545440673828
2010-06-30,16.14545440673828
2010-07-01,15.720664024353027
2010-07-02,15.720664024353027
2010-07-03,15.720664024353027
2010-07-04,15.720664024353027
2010-07-05,15.720664024353027
2010-07-06,15.720664024353027
2010-07-07,15.720664024353027
2010-07-08,15.720664024353027
2010-07-09,15.720664024353027
2010-07-10,15.720664024353027
2010-07-11,15.720664024353027
2010-07-12,15.720664024353027
2010-07-13,15.720664024353027
2010-07-14,15.720664024353027
2010-07-15,15.720664024353027
2010-07-16,15.720664024353027
2010-07-17,15.720664024353027
2010-07-18,15.720664024353027
2010-07-19,15.720664024353027
2010-07-20,15.720664024353027
2010-07-21,15.720664024353027
2010-07-22,15.720664024353027
2010-07-23,15.720664024353027
2010-07-24,15.720664024353027
2010-07-25,15.720664024353027
2010-07-26,15.720664024353027
2010-07-27,15.720664024353027
2010-07-28,15.720664024353027
2010-07-29,15.720664024353027
2010-07-30,15.720664024353027
2010-07-31,15.720664024353027
2010-08-01,15.472156524658203
2010-08-02,15.472156524658203
2010-08-03,15.472156524658203
2010-08-04,15.472156524658203
2010-08-05,15.472156524658203
2010-08-06,15.472156524658203
2010-08-07,15.472156524658203
2010-08-08,15.472156524658203
2010-08-09,15.472156524658203
2010-08-10,15.472156524658203
2010-08-11,15.472156524658203
2010-08-12,15.472156524658203
2010-08-13,15.472156524658203
2010-08-14,15.472156524658203
2010-08-15,15.472156524658203
2010-08-16,15.472156524658203
2010-08-17,15.472156524658203
2010-08-18,15.472156524658203
2010-08-19,15.472156524658203
2010-08-20,15.472156524658203
2010-08-21,15.472156524658203
2010-08-22,15.472156524658203
2010-08-23,15.472156524658203
2010-08-24,15.472156524658203
2010-08-25,15.472156524658203
2010-08-26,15.472156524658203
2010-08-27,15.472156524658203
2010-08-28,15.472156524658203
2010-08-29,15.472156524658203
2010-08-30,15.472156524658203
2010-08-31,15.472156524658203
2010-09-01,15.614806175231934
2010-09-02,15.614806175231934
2010-09-03,15.614806175231934
2010-09-04,15.614806175231934
2010-09-05,15.614806175231934
2010-09-06,15.614806175231934
2010-09-07,15.614806175231934
2010-09-08,15.614806175231934
2010-09-09,15.614806175231934
2010-09-10,15.614806175231934
2010-09-11,15.614806175231934
2010-09-12,15.614806175231934
2010-09-13,15.614806175231934
2010-09-14,15.614806175231934
2010-09-15,15.614806175231934
2010-09-16,15.614806175231934
2010-09-17,15.614806175231934
2010-09-18,15.614806175231934
2010-09-19,15.614806175231934
2010-09-20,15.614806175231934
2010-09-21,15.614806175231934
2010-09-22,15.614806175231934
2010-09-23,15.614806175231934
2010-09-24,15.614806175231934
2010-09-25,15.614806175231934
2010-09-26,15.614806175231934
2010-09-27,15.614806175231934
2010-09-28,15.614806175231934
2010-09-29,15.614806175231934
2010-09-30,15.614806175231934
2010-10-01,15.898765563964844
2010-10-02,15.898765563964844
2010-10-03,15.898765563964844
2010-10-04,15.898765563964844
2010-10-05,15.898765563964844
2010-10-06,15.898765563964844
2010-10-07,15.898765563964844
2010-10-08,15.898765563964844
2010-10-09,15.898765563964844
2010-10-10,15.898765563964844
2010-10-11,15.898765563964844
2010-10-12,15.898765563964844
2010-10-13,15.898765563964844
2010-10-14,15.898765563964844
2010-10-15,15.898765563964844
2010-10-16,15.898765563964844
2010-10-17,15.898765563964844
2010-10-18,15.898765563964844
2010-10-19,15.898765563964844
2010-10-20,15.898765563964844
2010-10-21,15.898765563964844
2010-10-22,15.898765563964844
2010-10-23,15.898765563964844
2010-10-24,15.898765563964844
2010-10-25,15.898765563964844
2010-10-26,15.898765563964844
2010-10-27,15.898765563964844
2010-10-28,15.898765563964844
2010-10-29,15.898765563964844
2010-10-30,15.898765563964844
2010-10-31,15.898765563964844
2010-11-01,15.87513256072998
2010-11-02,15.87513256072998
2010-11-03,15.87513256072998
2010-11-04,15.87513256072998
2010-11-05,15.87513256072998
2010-11-06,15.87513256072998
2010-11-07,15.87513256072998
2010-11-08,15.87513256072998
2010-11-09,15.87513256072998
2010-11-10,15.87513256072998
2010-11-11,15.87513256072998
2010-11-12,15.87513256072998
2010-11-13,15.87513256072998
2010-11-14,15.87513256072998
2010-11-15,15.87513256072998
2010-11-16,15.87513256072998
2010-11-17,15.87513256072998
2010-11-18,15.87513256072998
2010-11-19,15.87513256072998
2010-11-20,15.87513256072998
2010-11-21,15.87513256072998
2010-11-22,15.87513256072998
2010-11-23,15.87513256072998
2010-11-24,15.87513256072998
2010-11-25,15.87513256072998
2010-11-26,15.87513256072998
2010-11-27,15.87513256072998
2010-11-28,15.87513256072998
2010-11-29,15.87513256072998
2010-11-30,15.87513256072998
2010-12-01,16.05080795288086
2010-12-02,16.05080795288086
2010-12-03,16.05080795288086
2010-12-04,16.05080795288086
2010-12-05,16.05080795288086
2010-12-06,16.05080795288086
2010-12-07,16.05080795288086
2010-12-08,16.05080795288086
2010-12-09,16.05080795288086
2010-12-10,16.05080795288086
2010-12-11,16.05080795288086
2010-12-12,16.05080795288086
2010-12-13,16.05080795288086
2010-12-14,16.05080795288086
2010-12-15,16.05080795288086
2010-12-16,16.05080795288086
2010-12-17,16.05080795288086
2010-12-18,16.05080795288086
2010-12-19,16.05080795288086
2010-12-20,16.05080795288086
2010-12-21,16.05080795288086
2010-12-22,16.05080795288086
2010-12-23,16.05080795288086
2010-12-24,16.05080795288086
2010-12-25,16.05080795288086
2010-12-26,16.05080795288086
2010-12-27,16.05080795288086
2010-12-28,16.05080795288086
2010-12-29,16.05080795288086
2010-12-30,16.05080795288086
2010-12-31,16.05080795288086
2011-01-01,16.303800582885742
2011-01-02,16.303800582885742
2011-01-03,16.303800582885742
2011-01-04,16.303800582885742
2011-01-05,16.303800582885742
2011-01-06,16.303800582885742
2011-01-07,16.303800582885742
2011-01-08,16.303800582885742
2011-01-09,16.303800582885742
2011-01-10,16.303800582885742
2011-01-11,16.303800582885742
2011-01-12,16.303800582885742
2011-01-13,16.303800582885742
2011-01-14,16.303800582885742
2011-01-15,16.303800582885742
2011-01-16,16.303800582885742
2011-01-17,16.303800582885742
2011-01-18,16.303800582885742
2011-01-19,16.303800582885742
2011-01-20,16.303800582885742
2011-01-21,16.303800582885742
2011-01-22,16.303800582885742
2011-01-23,16.303800582885742
2011-01-24,16.303800582885742
2011-01-25,16.303800582885742
2011-01-26,16.303800582885742
2011-01-27,16.303800582885742
2011-01-28,16.303800582885742
2011-01-29,16.303800582885742
2011-01-30,16.303800582885742
2011-01-31,16.303800582885742
2011-02-01,16.516063690185547
2011-02-02,16.516063690185547
2011-02-03,16.516063690185547
2011-02-04,16.516063690185547
2011-02-05,16.516063690185547
2011-02-06,16.516063690185547
2011-02-07,16.516063690185547
2011-02-08,16.516063690185547
2011-02-09,16.516063690185547
2011-02-10,16.516063690185547
2011-02-11,16.516063690185547
2011-02-12,16.516063690185547
2011-02-13,16.516063690185547
2011-02-14,16.516063690185547
2011-02-15,16.516063690185547
2011-02-16,16.516063690185547
2011-02-17,16.516063690185547
2011-02-18,16.516063690185547
2011-02-19,16.516063690185547
2011-02-20,16.516063690185547
2011-02-21,16.516063690185547
2011-02-22,16.516063690185547
2011-02-23,16.516063690185547
2011-02-24,16.516063690185547
2011-02-25,16.516063690185547
2011-02-26,16.516063690185547
2011-02-27,16.516063690185547
2011-02-28,16.516063690185547
2011-03-01,16.043413162231445
2011-03-02,16.043413162231445
2011-03-03,16.043413162231445
2011-03-04,16.043413162231445
2011-03-05,16.043413162231445
2011-03-06,16.043413162231445
2011-03-07,16.043413162231445
2011-03-08,16.043413162231445
2011-03-09,16.043413162231445
2011-03-10,16.043413162231445
2011-03-11,16.043413162231445
2011-03-12,16.043413162231445
2011-03-13,16.043413162231445
2011-03-14,16.043413162231445
2011-03-15,16.043413162231445
2011-03-16,16.043413162231445
2011-03-17,16.043413162231445
2011-03-18,16.043413162231445
2011-03-19,16.043413162231445
2011-03-20,16.043413162231445
2011-03-21,16.043413162231445
2011-03-22,16.043413162231445
2011-03-23,16.043413162231445
2011-03-24,16.043413162231445
2011-03-25,16.043413162231445
2011-03-26,16.043413162231445
2011-03-27,16.043413162231445
2011-03-28,16.043413162231445
2011-03-29,16.043413162231445
2011-03-30,16.043413162231445
2011-03-31,16.043413162231445
2011-04-01,16.205646514892578
2011-04-02,16.205646514892578
2011-04-03,16.205646514892578
2011-04-04,16.205646514892578
2011-04-05,16.205646514892578
2011-04-06,16.205646514892578
2011-04-07,16.205646514892578
2011-04-08,16.205646514892578
2011-04-09,16.205646514892578
2011-04-10,16.205646514892578
2011-04-11,16.205646514892578
2011-04-12,16.205646514892578
2011-04-13,16.205646514892578
2011-04-14,16.205646514892578
2011-04-15,16.205646514892578
2011-04-16,16.205646514892578
2011-04-17,16.205646514892578
2011-04-18,16.205646514892578
2011-04-19,16.205646514892578
2011-04-20,16.205646514892578
2011-04-21,16.205646514892578
2011-04-22,16.205646514892578
2011-04-23,16.205646514892578
2011-04-24,16.205646514892578
2011-04-25,16.205646514892578
2011-04-26,16.205646514892578
2011-04-27,16.205646514892578
2011-04-28,16.205646514892578
2011-04-29,16.205646514892578
2011-04-30,16.205646514892578
2011-05-01,16.12097930908203
2011-05-02,16.12097930908203
2011-05-03,16.12097930908203
2011-05-04,16.12097930908203
2011-05-05,16.12097930908203
2011-05-06,16.12097930908203
2011-05-07,16.12097930908203
2011-05-08,16.12097930908203
2011-05-09,16.12097930908203
2011-05-10,16.12097930908203
2011-05-11,16.12097930908203
2011-05-12,16.12097930908203
2011-05-13,16.12097930908203
2011-05-14,16.12097930908203
2011-05-15,16.12097930908203
2011-05-16,16.12097930908203
2011-05-17,16.12097930908203
2011-05-18,16.12097930908203
2011-05-19,16.12097930908203
2011-05-20,16.12097930908203
2011-05-21,16.12097930908203
2011-05-22,16.12097930908203
2011-05-23,16.12097930908203
2011-05-24,16.12097930908203
2011-05-25,16.12097930908203
2011-05-26,16.12097930908203
2011-05-27,16.12097930908203
2011-05-28,16.12097930908203
2011-05-29,16.12097930908203
2011-05-30,16.12097930908203
2011-05-31,16.12097930908203
2011-06-01,15.348634719848633
2011-06-02,15.348634719848633
2011-06-03,15.348634719848633
2011-06-04,15.348634719848633
2011-06-05,15.348634719848633
2011-06-06,15.348634719848633
2011-06-07,15.348634719848633
2011-06-08,15.348634719848633
2011-06-09,15.348634719848633
2011-06-10,15.348634719848633
2011-06-11,15.348634719848633
2011-06-12,15.348634719848633
2011-06-13,15.348634719848633
2011-06-14,15.348634719848633
2011-06-15,15.348634719848633
2011-06-16,15.348634719848633
2011-06-17,15.348634719848633
2011-06-18,15.348634719848633
2011-06-19,15.348634719848633
2011-06-20,15.348634719848633
2011-06-21,15.348634719848633
2011-06-22,15.348634719848633
2011-06-23,15.348634719848633
2011-06-24,15.348634719848633
2011-06-25,15.348634719848633
2011-06-26,15.348634719848633
2011-06-27,15.348634719848633
2011-06-28,15.348634719848633
2011-06-29,15.348634719848633
2011-06-30,15.348634719848633
2011-07-01,15.607608795166016
2011-07-02,15.607608795166016
2011-07-03,15.607608795166016
2011-07-04,15.607608795166016
2011-07-05,15.607608795166016
2011-07-06,15.607608795166016
2011-07-07,15.607608795166016
2011-07-08,15.607608795166016
2011-07-09,15.607608795166016
2011-07-10,15.607608795166016
2011-07-11,15.607608795166016
2011-07-12,15.607608795166016
2011-07-13,15.607608795166016
2011-07-14,15.607608795166016
2011-07-15,15.607608795166016
2011-07-16,15.607608795166016
2011-07-17,15.607608795166016
2011-07-18,15.607608795166016
2011-07-19,15.607608795166016
2011-07-20,15.607608795166016
2011-07-21,15.607608795166016
2011-07-22,15.607608795166016
2011-07-23,15.607608795166016
2011-07-24,15.607608795166016
2011-07-25,15.607608795166016
2011-07-26,15.607608795166016
2011-07-27,15.607608795166016
2011-07-28,15.607608795166016
2011-07-29,15.607608795166016
2011-07-30,15.607608795166016
2011-07-31,15.607608795166016
2011-08-01,13.791762351989746
2011-08-02,13.791762351989746
2011-08-03,13.791762351989746
2011-08-04,13.791762351989746
2011-08-05,13.791762351989746
2011-08-06,13.791762351989746
2011-08-07,13.791762351989746
2011-08-08,13.791762351989746
2011-08-09,13.791762351989746
2011-08-10,13.791762351989746
2011-08-11,13.791762351989746
2011-08-12,13.791762351989746
2011-08-13,13.791762351989746
2011-08-14,13.791762351989746
2011-08-15,13.791762351989746
2011-08-16,13.791762351989746
2011-08-17,13.791762351989746
2011-08-18,13.791762351989746
2011-08-19,13.791762351989746
2011-08-20,13.791762351989746
2011-08-21,13.791762351989746
2011-08-22,13.791762351989746
2011-08-23,13.791762351989746
2011-08-24,13.791762351989746
2011-08-25,13.791762351989746
2011-08-26,13.791762351989746
2011-08-27,13.791762351989746
2011-08-28,13.791762351989746
2011-08-29,13.791762351989746
2011-08-30,13.791762351989746
2011-08-31,13.791762351989746
2011-09-01,13.495976448059082
2011-09-02,13.495976448059082
2011-09-03,13.495976448059082
2011-09-04,13.495976448059082
2011-09-05,13.495976448059082
2011-09-06,13.495976448059082
2011-09-07,13.495976448059082
2011-09-08,13.495976448059082
2011-09-09,13.495976448059082
2011-09-10,13.495976448059082
2011-09-11,13.495976448059082
2011-09-12,13.495976448059082
2011-09-13,13.495976448059082
2011-09-14,13.495976448059082
2011-09-15,13.495976448059082
2011-09-16,13.495976448059082
2011-09-17,13.495976448059082
2011-09-18,13.495976448059082
2011-09-19,13.495976448059082
2011-09-20,13.495976448059082
2011-09-21,13.495976448059082
2011-09-22,13.495976448059082
2011-09-23,13.495976448059082
2011-09-24,13.495976448059082
2011-09-25,13.495976448059082
2011-09-26,13.495976448059082
2011-09-27,13.495976448059082
2011-09-28,13.495976448059082
2011-09-29,13.495976448059082
2011-09-30,13.495976448059082
2011-10-01,13.880878448486328
2011-10-02,13.880878448486328
2011-10-03,13.880878448486328
2011-10-04,13.880878448486328
2011-10-05,13.880878448486328
2011-10-06,13.880878448486328
2011-10-07,13.880878448486328
2011-10-08,13.880878448486328
2011-10-09,13.880878448486328
2011-10-10,13.880878448486328
2011-10-11,13.880878448486328
2011-10-12,13.880878448486328
2011-10-13,13.880878448486328
2011-10-14,13.880878448486328
2011-10-15,13.880878448486328
2011-10-16,13.880878448486328
2011-10-17,13.880878448486328
2011-10-18,13.880878448486328
2011-10-19,13.880878448486328
2011-10-20,13.880878448486328
2011-10-21,13.880878448486328
2011-10-22,13.880878448486328
2011-10-23,13.880878448486328
2011-10-24,13.880878448486328
2011-10-25,13.880878448486328
2011-10-26,13.880878448486328
2011-10-27,13.880878448486328
2011-10-28,13.880878448486328
2011-10-29,13.880878448486328
2011-10-30,13.880878448486328
2011-10-31,13.880878448486328
2011-11-01,14.103265762329102
2011-11-02,14.103265762329102
2011-11-03,14.103265762329102
2011-11-04,14.103265762329102
2011-11-05,14.103265762329102
2011-11-06,14.103265762329102
2011-11-07,14.103265762329102
2011-11-08,14.103265762329102
2011-11-09,14.103265762329102
2011-11-10,14.103265762329102
2011-11-11,14.103265762329102
2011-11-12,14.103265762329102
2011-11-13,14.103265762329102
2011-11-14,14.103265762329102
2011-11-15,14.103265762329102
2011-11-16,14.103265762329102
2011-11-17,14.103265762329102
2011-11-18,14.103265762329102
2011-11-19,14.103265762329102
2011-11-20,14.103265762329102
2011-11-21,14.103265762329102
2011-11-22,14.103265762329102
2011-11-23,14.103265762329102
2011-11-24,14.103265762329102
2011-11-25,14.103265762329102
2011-11-26,14.103265762329102
2011-11-27,14.103265762329102
2011-11-28,14.103265762329102
2011-11-29,14.103265762329102
2011-11-30,14.103265762329102
2011-12-01,14.2992525100708
2011-12-02,14.2992525100708
2011-12-03,14.2992525100708
2011-12-04,14.2992525100708
2011-12-05,14.2992525100708
2011-12-06,14.2992525100708
2011-12-07,14.2992525100708
2011-12-08,14.2992525100708
2011-12-09,14.2992525100708
2011-12-10,14.2992525100708
2011-12-11,14.2992525100708
2011-12-12,14.2992525100708
2011-12-13,14.2992525100708
2011-12-14,14.2992525100708
2011-12-15,14.2992525100708
2011-12-16,14.2992525100708
2011-12-17,14.2992525100708
2011-12-18,14.2992525100708
2011-12-19,14.2992525100708
2011-12-20,14.2992525100708
2011-12-21,14.2992525100708
2011-12-22,14.2992525100708
2011-12-23,14.2992525100708
2011-12-24,14.2992525100708
2011-12-25,14.2992525100708
2011-12-26,14.2992525100708
2011-12-27,14.2992525100708
2011-12-28,14.2992525100708
2011-12-29,14.2992525100708
2011-12-30,14.2992525100708
2011-12-31,14.2992525100708
2012-01-01,14.867169380187988
2012-01-02,14.867169380187988
2012-01-03,14.867169380187988
2012-01-04,14.867169380187988
2012-01-05,14.867169380187988
2012-01-06,14.867169380187988
2012-01-07,14.867169380187988
2012-01-08,14.867169380187988
2012-01-09,14.867169380187988
2012-01-10,14.867169380187988
2012-01-11,14.867169380187988
2012-01-12,14.867169380187988
2012-01-13,14.867169380187988
2012-01-14,14.867169380187988
2012-01-15,14.867169380187988
2012-01-16,14.867169380187988
2012-01-17,14.867169380187988
2012-01-18,14.867169380187988
2012-01-19,14.867169380187988
2012-01-20,14.867169380187988
2012-01-21,14.867169380187988
2012-01-22,14.867169380187988
2012-01-23,14.867169380187988
2012-01-24,14.867169380187988
2012-01-25,14.867169380187988
2012-01-26,14.867169380187988
2012-01-27,14.867169380187988
2012-01-28,14.867169380187988
2012-01-29,14.867169380187988
2012-01-30,14.867169380187988
2012-01-31,14.867169380187988
2012-02-01,15.36745834350586
2012-02-02,15.36745834350586
2012-02-03,15.36745834350586
2012-02-04,15.36745834350586
2012-02-05,15.36745834350586
2012-02-06,15.36745834350586
2012-02-07,15.36745834350586
2012-02-08,15.36745834350586
2012-02-09,15.36745834350586
2012-02-10,15.36745834350586
2012-02-11,15.36745834350586
2012-02-12,15.36745834350586
2012-02-13,15.36745834350586
2012-02-14,15.36745834350586
2012-02-15,15.36745834350586
2012-02-16,15.36745834350586
2012-02-17,15.36745834350586
2012-02-18,15.36745834350586
2012-02-19,15.36745834350586
2012-02-20,15.36745834350586
2012-02-21,15.36745834350586
2012-02-22,15.36745834350586
2012-02-23,15.36745834350586
2012-02-24,15.36745834350586
2012-02-25,15.36745834350586
2012-02-26,15.36745834350586
2012-02-27,15.36745834350586
2012-02-28,15.36745834350586
2012-02-29,15.36745834350586
2012-03-01,15.690535545349121
2012-03-02,15.690535545349121
2012-03-03,15.690535545349121
2012-03-04,15.690535545349121
2012-03-05,15.690535545349121
2012-03-06,15.690535545349121
2012-03-07,15.690535545349121
2012-03-08,15.690535545349121
2012-03-09,15.690535545349121
2012-03-10,15.690535545349121
2012-03-11,15.690535545349121
2012-03-12,15.690535545349121
2012-03-13,15.690535545349121
2012-03-14,15.690535545349121
2012-03-15,15.690535545349121
2012-03-16,15.690535545349121
2012-03-17,15.690535545349121
2012-03-18,15.690535545349121
2012-03-19,15.690535545349121
2012-03-20,15.690535545349121
2012-03-21,15.690535545349121
2012-03-22,15.690535545349121
2012-03-23,15.690535545349121
2012-03-24,15.690535545349121
2012-03-25,15.690535545349121
2012-03-26,15.690535545349121
2012-03-27,15.690535545349121
2012-03-28,15.690535545349121
2012-03-29,15.690535545349121
2012-03-30,15.690535545349121
2012-03-31,15.690535545349121
2012-04-01,15.695433616638184
2012-04-02,15.695433616638184
2012-04-03,15.695433616638184
2012-04-04,15.695433616638184
2012-04-05,15.695433616638184
2012-04-06,15.695433616638184
2012-04-07,15.695433616638184
2012-04-08,15.695433616638184
2012-04-09,15.695433616638184
2012-04-10,15.695433616638184
2012-04-11,15.695433616638184
2012-04-12,15.695433616638184
2012-04-13,15.695433616638184
2012-04-14,15.695433616638184
2012-04-15,15.695433616638184
2012-04-16,15.695433616638184
2012-04-17,15.695433616638184
2012-04-18,15.695433616638184
2012-04-19,15.695433616638184
2012-04-20,15.695433616638184
2012-04-21,15.695433616638184
2012-04-22,15.695433616638184
2012-04-23,15.695433616638184
2012-04-24,15.695433616638184
2012-04-25,15.695433616638184
2012-04-26,15.695433616638184
2012-04-27,15.695433616638184
2012-04-28,15.695433616638184
2012-04-29,15.695433616638184
2012-04-30,15.695433616638184
2012-05-01,15.219797134399414
2012-05-02,15.219797134399414
2012-05-03,15.219797134399414
2012-05-04,15.219797134399414
2012-05-05,15.219797134399414
2012-05-06,15.219797134399414
2012-05-07,15.219797134399414
2012-05-08,15.219797134399414
2012-05-09,15.219797134399414
2012-05-10,15.219797134399414
2012-05-11,15.219797134399414
2012-05-12,15.219797134399414
2012-05-13,15.219797134399414
2012-05-14,15.219797134399414
2012-05-15,15.219797134399414
2012-05-16,15.219797134399414
2012-05-17,15.219797134399414
2012-05-18,15.219797134399414
2012-05-19,15.219797134399414
2012-05-20,15.219797134399414
2012-05-21,15.219797134399414
2012-05-22,15.219797134399414
2012-05-23,15.219797134399414
2012-05-24,15.219797134399414
2012-05-25,15.219797134399414
2012-05-26,15.219797134399414
2012-05-27,15.219797134399414
2012-05-28,15.219797134399414
2012-05-29,15.219797134399414
2012-05-30,15.219797134399414
2012-05-31,15.219797134399414
2012-06-01,15.053230285644531
2012-06-02,15.053230285644531
2012-06-03,15.053230285644531
2012-06-04,15.053230285644531
2012-06-05,15.053230285644531
2012-06-06,15.053230285644531
2012-06-07,15.053230285644531
2012-06-08,15.053230285644531
2012-06-09,15.053230285644531
2012-06-10,15.053230285644531
2012-06-11,15.053230285644531
2012-06-12,15.053230285644531
2012-06-13,15.053230285644531
2012-06-14,15.053230285644531
2012-06-15,15.053230285644531
2012-06-16,15.053230285644531
2012-06-17,15.053230285644531
2012-06-18,15.053230285644531
2012-06-19,15.053230285644531
2012-06-20,15.053230285644531
2012-06-21,15.053230285644531
2012-06-22,15.053230285644531
2012-06-23,15.053230285644531
2012-06-24,15.053230285644531
2012-06-25,15.053230285644531
2012-06-26,15.053230285644531
2012-06-27,15.053230285644531
2012-06-28,15.053230285644531
2012-06-29,15.053230285644531
2012-06-30,15.053230285644531
2012-07-01,15.549820899963379
2012-07-02,15.549820899963379
2012-07-03,15.549820899963379
2012-07-04,15.549820899963379
2012-07-05,15.549820899963379
2012-07-06,15.549820899963379
2012-07-07,15.549820899963379
2012-07-08,15.549820899963379
2012-07-09,15.549820899963379
2012-07-10,15.549820899963379
2012-07-11,15.549820899963379
2012-07-12,15.549820899963379
2012-07-13,15.549820899963379
2012-07-14,15.549820899963379
2012-07-15,15.549820899963379
2012-07-16,15.549820899963379
2012-07-17,15.549820899963379
2012-07-18,15.549820899963379
2012-07-19,15.549820899963379
2012-07-20,15.549820899963379
2012-07-21,15.549820899963379
2012-07-22,15.549820899963379
2012-07-23,15.549820899963379
2012-07-24,15.549820899963379
2012-07-25,15.549820899963379
2012-07-26,15.549820899963379
2012-07-27,15.549820899963379
2012-07-28,15.549820899963379
2012-07-29,15.549820899963379
2012-07-30,15.549820899963379
2012-07-31,15.549820899963379
2012-08-01,16.136554718017578
2012-08-02,16.136554718017578
2012-08-03,16.136554718017578
2012-08-04,16.136554718017578
2012-08-05,16.136554718017578
2012-08-06,16.136554718017578
2012-08-07,16.136554718017578
2012-08-08,16.136554718017578
2012-08-09,16.136554718017578
2012-08-10,16.136554718017578
2012-08-11,16.136554718017578
2012-08-12,16.136554718017578
2012-08-13,16.136554718017578
2012-08-14,16.136554718017578
2012-08-15,16.136554718017578
2012-08-16,16.136554718017578
2012-08-17,16.136554718017578
2012-08-18,16.136554718017578
2012-08-19,16.136554718017578
2012-08-20,16.136554718017578
2012-08-21,16.136554718017578
2012-08-22,16.136554718017578
2012-08-23,16.136554718017578
2012-08-24,16.136554718017578
2012-08-25,16.136554718017578
2012-08-26,16.136554718017578
2012-08-27,16.136554718017578
2012-08-28,16.136554718017578
2012-08-29,16.136554718017578
2012-08-30,16.136554718017578
2012-08-31,16.136554718017578
2012-09-01,16.68693733215332
2012-09-02,16.68693733215332
2012-09-03,16.68693733215332
2012-09-04,16.68693733215332
2012-09-05,16.68693733215332
2012-09-06,16.68693733215332
2012-09-07,16.68693733215332
2012-09-08,16.68693733215332
2012-09-09,16.68693733215332
2012-09-10,16.68693733215332
2012-09-11,16.68693733215332
2012-09-12,16.68693733215332
2012-09-13,16.68693733215332
2012-09-14,16.68693733215332
2012-09-15,16.68693733215332
2012-09-16,16.68693733215332
2012-09-17,16.68693733215332
2012-09-18,16.68693733215332
2012-09-19,16.68693733215332
2012-09-20,16.68693733215332
2012-09-21,16.68693733215332
2012-09-22,16.68693733215332
2012-09-23,16.68693733215332
2012-09-24,16.68693733215332
2012-09-25,16.68693733215332
2012-09-26,16.68693733215332
2012-09-27,16.68693733215332
2012-09-28,16.68693733215332
2012-09-29,16.68693733215332
2012-09-30,16.68693733215332
2012-10-01,16.62155532836914
2012-10-02,16.62155532836914
2012-10-03,16.62155532836914
2012-10-04,16.62155532836914
2012-10-05,16.62155532836914
2012-10-06,16.62155532836914
2012-10-07,16.62155532836914
2012-10-08,16.62155532836914
2012-10-09,16.62155532836914
2012-10-10,16.62155532836914
2012-10-11,16.62155532836914
2012-10-12,16.62155532836914
2012-10-13,16.62155532836914
2012-10-14,16.62155532836914
2012-10-15,16.62155532836914
2012-10-16,16.62155532836914
2012-10-17,16.62155532836914
2012-10-18,16.62155532836914
2012-10-19,16.62155532836914
2012-10-20,16.62155532836914
2012-10-21,16.62155532836914
2012-10-22,16.62155532836914
2012-10-23,16.62155532836914
2012-10-24,16.62155532836914
2012-10-25,16.62155532836914
2012-10-26,16.62155532836914
2012-10-27,16.62155532836914
2012-10-28,16.62155532836914
2012-10-29,16.62155532836914
2012-10-30,16.62155532836914
2012-10-31,16.62155532836914
2012-11-01,16.12026023864746
2012-11-02,16.12026023864746
2012-11-03,16.12026023864746
2012-11-04,16.12026023864746
2012-11-05,16.12026023864746
2012-11-06,16.12026023864746
2012-11-07,16.12026023864746
2012-11-08,16.12026023864746
2012-11-09,16.12026023864746
2012-11-10,16.12026023864746
2012-11-11,16.12026023864746
2012-11-12,16.12026023864746
2012-11-13,16.12026023864746
2012-11-14,16.12026023864746
2012-11-15,16.12026023864746
2012-11-16,16.12026023864746
2012-11-17,16.12026023864746
2012-11-18,16.12026023864746
2012-11-19,16.12026023864746
2012-11-20,16.12026023864746
2012-11-21,16.12026023864746
2012-11-22,16.12026023864746
2012-11-23,16.12026023864746
2012-11-24,16.12026023864746
2012-11-25,16.12026023864746
2012-11-26,16.12026023864746
2012-11-27,16.12026023864746
2012-11-28,16.12026023864746
2012-11-29,16.12026023864746
2012-11-30,16.12026023864746
2012-12-01,16.440757751464844
2012-12-02,16.440757751464844
2012-12-03,16.440757751464844
2012-12-04,16.440757751464844
2012-12-05,16.440757751464844
2012-12-06,16.440757751464844
2012-12-07,16.440757751464844
2012-12-08,16.440757751464844
2012-12-09,16.440757751464844
2012-12-10,16.440757751464844
2012-12-11,16.440757751464844
2012-12-12,16.440757751464844
2012-12-13,16.440757751464844
2012-12-14,16.440757751464844
2012-12-15,16.440757751464844
2012-12-16,16.440757751464844
2012-12-17,16.440757751464844
2012-12-18,16.440757751464844
2012-12-19,16.440757751464844
2012-12-20,16.440757751464844
2012-12-21,16.440757751464844
2012-12-22,16.440757751464844
2012-12-23,16.440757751464844
2012-12-24,16.440757751464844
2012-12-25,16.440757751464844
2012-12-26,16.440757751464844
2012-12-27,16.440757751464844
2012-12-28,16.440757751464844
2012-12-29,16.440757751464844
2012-12-30,16.440757751464844
2012-12-31,16.440757751464844
2013-01-01,17.034366607666016
2013-01-02,17.034366607666016
2013-01-03,17.034366607666016
2013-01-04,17.034366607666016
2013-01-05,17.034366607666016
2013-01-06,17.034366607666016
2013-01-07,17.034366607666016
2013-01-08,17.034366607666016
2013-01-09,17.034366607666016
2013-01-10,17.034366607666016
2013-01-11,17.034366607666016
2013-01-12,17.034366607666016
2013-01-13,17.034366607666016
2013-01-14,17.034366607666016
2013-01-15,17.034366607666016
2013-01-16,17.034366607666016
2013-01-17,17.034366607666016
2013-01-18,17.034366607666016
2013-01-19,17.034366607666016
2013-01-20,17.034366607666016
2013-01-21,17.034366607666016
2013-01-22,17.034366607666016
2013-01-23,17.034366607666016
2013-01-24,17.034366607666016
2013-01-25,17.034366607666016
2013-01-26,17.034366607666016
2013-01-27,17.034366607666016
2013-01-28,17.034366607666016
2013-01-29,17.034366607666016
2013-01-30,17.034366607666016
2013-01-31,17.034366607666016
2013-02-01,17.322477340698242
2013-02-02,17.322477340698242
2013-02-03,17.322477340698242
2013-02-04,17.322477340698242
2013-02-05,17.322477340698242
2013-02-06,17.322477340698242
2013-02-07,17.322477340698242
2013-02-08,17.322477340698242
2013-02-09,17.322477340698242
2013-02-10,17.322477340698242
2013-02-11,17.322477340698242
2013-02-12,17.322477340698242
2013-02-13,17.322477340698242
2013-02-14,17.322477340698242
2013-02-15,17.322477340698242
2013-02-16,17.322477340698242
2013-02-17,17.322477340698242
2013-02-18,17.322477340698242
2013-02-19,17.322477340698242
2013-02-20,17.322477340698242
2013-02-21,17.322477340698242
2013-02-22,17.322477340698242
2013-02-23,17.322477340698242
2013-02-24,17.322477340698242
2013-02-25,17.322477340698242
2013-02-26,17.322477340698242
2013-02-27,17.322477340698242
2013-02-28,17.322477340698242
2013-03-01,17.683351516723633
2013-03-02,17.683351516723633
2013-03-03,17.683351516723633
2013-03-04,17.683351516723633
2013-03-05,17.683351516723633
2013-03-06,17.683351516723633
2013-03-07,17.683351516723633
2013-03-08,17.683351516723633
2013-03-09,17.683351516723633
2013-03-10,17.683351516723633
2013-03-11,17.683351516723633
2013-03-12,17.683351516723633
2013-03-13,17.683351516723633
2013-03-14,17.683351516723633
2013-03-15,17.683351516723633
2013-03-16,17.683351516723633
2013-03-17,17.683351516723633
2013-03-18,17.683351516723633
2013-03-19,17.683351516723633
2013-03-20,17.683351516723633
2013-03-21,17.683351516723633
2013-03-22,17.683351516723633
2013-03-23,17.683351516723633
2013-03-24,17.683351516723633
2013-03-25,17.683351516723633
2013-03-26,17.683351516723633
2013-03-27,17.683351516723633
2013-03-28,17.683351516723633
2013-03-29,17.683351516723633
2013-03-30,17.683351516723633
2013-03-31,17.683351516723633
2013-04-01,17.691383361816406
2013-04-02,17.691383361816406
2013-04-03,17.691383361816406
2013-04-04,17.691383361816406
2013-04-05,17.691383361816406
2013-04-06,17.691383361816406
2013-04-07,17.691383361816406
2013-04-08,17.691383361816406
2013-04-09,17.691383361816406
2013-04-10,17.691383361816406
2013-04-11,17.691383361816406
2013-04-12,17.691383361816406
2013-04-13,17.691383361816406
2013-04-14,17.691383361816406
2013-04-15,17.691383361816406
2013-04-16,17.691383361816406
2013-04-17,17.691383361816406
2013-04-18,17.691383361816406
2013-04-19,17.691383361816406
2013-04-20,17.691383361816406
2013-04-21,17.691383361816406
2013-04-22,17.691383361816406
2013-04-23,17.691383361816406
2013-04-24,17.691383361816406
2013-04-25,17.691383361816406
2013-04-26,17.691383361816406
2013-04-27,17.691383361816406
2013-04-28,17.691383361816406
2013-04-29,17.691383361816406
2013-04-30,17.691383361816406
2013-05-01,18.247478485107422
2013-05-02,18.247478485107422
2013-05-03,18.247478485107422
2013-05-04,18.247478485107422
2013-05-05,18.247478485107422
2013-05-06,18.247478485107422
2013-05-07,18.247478485107422
2013-05-08,18.247478485107422
2013-05-09,18.247478485107422
2013-05-10,18.247478485107422
2013-05-11,18.247478485107422
2013-05-12,18.247478485107422
2013-05-13,18.247478485107422
2013-05-14,18.247478485107422
2013-05-15,18.247478485107422
2013-05-16,18.247478485107422
2013-05-17,18.247478485107422
2013-05-18,18.247478485107422
2013-05-19,18.247478485107422
2013-05-20,18.247478485107422
2013-05-21,18.247478485107422
2013-05-22,18.247478485107422
2013-05-23,18.247478485107422
2013-05-24,18.247478485107422
2013-05-25,18.247478485107422
2013-05-26,18.247478485107422
2013-05-27,18.247478485107422
2013-05-28,18.247478485107422
2013-05-29,18.247478485107422
2013-05-30,18.247478485107422
2013-05-31,18.247478485107422
2013-06-01,17.798460006713867
2013-06-02,17.798460006713867
2013-06-03,17.798460006713867
2013-06-04,17.798460006713867
2013-06-05,17.798460006713867
2013-06-06,17.798460006713867
2013-06-07,17.798460006713867
2013-06-08,17.798460006713867
2013-06-09,17.798460006713867
2013-06-10,17.798460006713867
2013-06-11,17.798460006713867
2013-06-12,17.798460006713867
2013-06-13,17.798460006713867
2013-06-14,17.798460006713867
2013-06-15,17.798460006713867
2013-06-16,17.798460006713867
2013-06-17,17.798460006713867
2013-06-18,17.798460006713867
2013-06-19,17.798460006713867
2013-06-20,17.798460006713867
2013-06-21,17.798460006713867
2013-06-22,17.798460006713867
2013-06-23,17.798460006713867
2013-06-24,17.798460006713867
2013-06-25,17.798460006713867
2013-06-26,17.798460006713867
2013-06-27,17.798460006713867
2013-06-28,17.798460006713867
2013-06-29,17.798460006713867
2013-06-30,17.798460006713867
2013-07-01,18.120100021362305
2013-07-02,18.120100021362305
2013-07-03,18.120100021362305
2013-07-04,18.120100021362305
2013-07-05,18.120100021362305
2013-07-06,18.120100021362305
2013-07-07,18.120100021362305
2013-07-08,18.120100021362305
2013-07-09,18.120100021362305
2013-07-10,18.120100021362305
2013-07-11,18.120100021362305
2013-07-12,18.120100021362305
2013-07-13,18.120100021362305
2013-07-14,18.120100021362305
2013-07-15,18.120100021362305
2013-07-16,18.120100021362305
2013-07-17,18.120100021362305
2013-07-18,18.120100021362305
2013-07-19,18.120100021362305
2013-07-20,18.120100021362305
2013-07-21,18.120100021362305
2013-07-22,18.120100021362305
2013-07-23,18.120100021362305
2013-07-24,18.120100021362305
2013-07-25,18.120100021362305
2013-07-26,18.120100021362305
2013-07-27,18.120100021362305
2013-07-28,18.120100021362305
2013-07-29,18.120100021362305
2013-07-30,18.120100021362305
2013-07-31,18.120100021362305
2013-08-01,17.913654327392578
2013-08-02,17.913654327392578
2013-08-03,17.913654327392578
2013-08-04,17.913654327392578
2013-08-05,17.913654327392578
2013-08-06,17.913654327392578
2013-08-07,17.913654327392578
2013-08-08,17.913654327392578
2013-08-09,17.913654327392578
2013-08-10,17.913654327392578
2013-08-11,17.913654327392578
2013-08-12,17.913654327392578
2013-08-13,17.913654327392578
2013-08-14,17.913654327392578
2013-08-15,17.913654327392578
2013-08-16,17.913654327392578
2013-08-17,17.913654327392578
2013-08-18,17.913654327392578
2013-08-19,17.913654327392578
2013-08-20,17.913654327392578
2013-08-21,17.913654327392578
2013-08-22,17.913654327392578
2013-08-23,17.913654327392578
2013-08-24,17.913654327392578
2013-08-25,17.913654327392578
2013-08-26,17.913654327392578
2013-08-27,17.913654327392578
2013-08-28,17.913654327392578
2013-08-29,17.913654327392578
2013-08-30,17.913654327392578
2013-08-31,17.913654327392578
2013-09-01,17.878244400024414
2013-09-02,17.878244400024414
2013-09-03,17.878244400024414
2013-09-04,17.878244400024414
2013-09-05,17.878244400024414
2013-09-06,17.878244400024414
2013-09-07,17.878244400024414
2013-09-08,17.878244400024414
2013-09-09,17.878244400024414
2013-09-10,17.878244400024414
2013-09-11,17.878244400024414
2013-09-12,17.878244400024414
2013-09-13,17.878244400024414
2013-09-14,17.878244400024414
2013-09-15,17.878244400024414
2013-09-16,17.878244400024414
2013-09-17,17.878244400024414
2013-09-18,17.878244400024414
2013-09-19,17.878244400024414
2013-09-20,17.878244400024414
2013-09-21,17.878244400024414
2013-09-22,17.878244400024414
2013-09-23,17.878244400024414
2013-09-24,17.878244400024414
2013-09-25,17.878244400024414
2013-09-26,17.878244400024414
2013-09-27,17.878244400024414
2013-09-28,17.878244400024414
2013-09-29,17.878244400024414
2013-09-30,17.878244400024414
2013-10-01,17.85869026184082
2013-10-02,17.85869026184082
2013-10-03,17.85869026184082
2013-10-04,17.85869026184082
2013-10-05,17.85869026184082
2013-10-06,17.85869026184082
2013-10-07,17.85869026184082
2013-10-08,17.85869026184082
2013-10-09,17.85869026184082
2013-10-10,17.85869026184082
2013-10-11,17.85869026184082
2013-10-12,17.85869026184082
2013-10-13,17.85869026184082
2013-10-14,17.85869026184082
2013-10-15,17.85869026184082
2013-10-16,17.85869026184082
2013-10-17,17.85869026184082
2013-10-18,17.85869026184082
2013-10-19,17.85869026184082
2013-10-20,17.85869026184082
2013-10-21,17.85869026184082
2013-10-22,17.85869026184082
2013-10-23,17.85869026184082
2013-10-24,17.85869026184082
2013-10-25,17.85869026184082
2013-10-26,17.85869026184082
2013-10-27,17.85869026184082
2013-10-28,17.85869026184082
2013-10-29,17.85869026184082
2013-10-30,17.85869026184082
2013-10-31,17.85869026184082
2013-11-01,18.15184783935547
2013-11-02,18.15184783935547
2013-11-03,18.15184783935547
2013-11-04,18.15184783935547
2013-11-05,18.15184783935547
2013-11-06,18.15184783935547
2013-11-07,18.15184783935547
2013-11-08,18.15184783935547
2013-11-09,18.15184783935547
2013-11-10,18.15184783935547
2013-11-11,18.15184783935547
2013-11-12,18.15184783935547
2013-11-13,18.15184783935547
2013-11-14,18.15184783935547
2013-11-15,18.15184783935547
2013-11-16,18.15184783935547
2013-11-17,18.15184783935547
2013-11-18,18.15184783935547
2013-11-19,18.15184783935547
2013-11-20,18.15184783935547
2013-11-21,18.15184783935547
2013-11-22,18.15184783935547
2013-11-23,18.15184783935547
2013-11-24,18.15184783935547
2013-11-25,18.15184783935547
2013-11-26,18.15184783935547
2013-11-27,18.15184783935547
2013-11-28,18.15184783935547
2013-11-29,18.15184783935547
2013-11-30,18.15184783935547
2013-12-01,18.041715621948242
2013-12-02,18.041715621948242
2013-12-03,18.041715621948242
2013-12-04,18.041715621948242
2013-12-05,18.041715621948242
2013-12-06,18.041715621948242
2013-12-07,18.041715621948242
2013-12-08,18.041715621948242
2013-12-09,18.041715621948242
2013-12-10,18.041715621948242
2013-12-11,18.041715621948242
2013-12-12,18.041715621948242
2013-12-13,18.041715621948242
2013-12-14,18.041715621948242
2013-12-15,18.041715621948242
2013-12-16,18.041715621948242
2013-12-17,18.041715621948242
2013-12-18,18.041715621948242
2013-12-19,18.041715621948242
2013-12-20,18.041715621948242
2013-12-21,18.041715621948242
2013-12-22,18.041715621948242
2013-12-23,18.041715621948242
2013-12-24,18.041715621948242
2013-12-25,18.041715621948242
2013-12-26,18.041715621948242
2013-12-27,18.041715621948242
2013-12-28,18.041715621948242
2013-12-29,18.041715621948242
2013-12-30,18.041715621948242
2013-12-31,18.041715621948242
2014-01-01,18.14798355102539
2014-01-02,18.14798355102539
2014-01-03,18.14798355102539
2014-01-04,18.14798355102539
2014-01-05,18.14798355102539
2014-01-06,18.14798355102539
2014-01-07,18.14798355102539
2014-01-08,18.14798355102539
2014-01-09,18.14798355102539
2014-01-10,18.14798355102539
2014-01-11,18.14798355102539
2014-01-12,18.14798355102539
2014-01-13,18.14798355102539
2014-01-14,18.14798355102539
2014-01-15,18.14798355102539
2014-01-16,18.14798355102539
2014-01-17,18.14798355102539
2014-01-18,18.14798355102539
2014-01-19,18.14798355102539
2014-01-20,18.14798355102539
2014-01-21,18.14798355102539
2014-01-22,18.14798355102539
2014-01-23,18.14798355102539
2014-01-24,18.14798355102539
2014-01-25,18.14798355102539
2014-01-26,18.14798355102539
2014-01-27,18.14798355102539
2014-01-28,18.14798355102539
2014-01-29,18.14798355102539
2014-01-30,18.14798355102539
2014-01-31,18.14798355102539
2014-02-01,18.056045532226562
2014-02-02,18.056045532226562
2014-02-03,18.056045532226562
2014-02-04,18.056045532226562
2014-02-05,18.056045532226562
2014-02-06,18.056045532226562
2014-02-07,18.056045532226562
2014-02-08,18.056045532226562
2014-02-09,18.056045532226562
2014-02-10,18.056045532226562
2014-02-11,18.056045532226562
2014-02-12,18.056045532226562
2014-02-13,18.056045532226562
2014-02-14,18.056045532226562
2014-02-15,18.056045532226562
2014-02-16,18.056045532226562
2014-02-17,18.056045532226562
2014-02-18,18.056045532226562
2014-02-19,18.056045532226562
2014-02-20,18.056045532226562
2014-02-21,18.056045532226562
2014-02-22,18.056045532226562
2014-02-23,18.056045532226562
2014-02-24,18.056045532226562
2014-02-25,18.056045532226562
2014-02-26,18.056045532226562
2014-02-27,18.056045532226562
2014-02-28,18.056045532226562
2014-03-01,18.47813606262207
2014-03-02,18.47813606262207
2014-03-03,18.47813606262207
2014-03-04,18.47813606262207
2014-03-05,18.47813606262207
2014-03-06,18.47813606262207
2014-03-07,18.47813606262207
2014-03-08,18.47813606262207
2014-03-09,18.47813606262207
2014-03-10,18.47813606262207
2014-03-11,18.47813606262207
2014-03-12,18.47813606262207
2014-03-13,18.47813606262207
2014-03-14,18.47813606262207
2014-03-15,18.47813606262207
2014-03-16,18.47813606262207
2014-03-17,18.47813606262207
2014-03-18,18.47813606262207
2014-03-19,18.47813606262207
2014-03-20,18.47813606262207
2014-03-21,18.47813606262207
2014-03-22,18.47813606262207
2014-03-23,18.47813606262207
2014-03-24,18.47813606262207
2014-03-25,18.47813606262207
2014-03-26,18.47813606262207
2014-03-27,18.47813606262207
2014-03-28,18.47813606262207
2014-03-29,18.47813606262207
2014-03-30,18.47813606262207
2014-03-31,18.47813606262207
2014-04-01,18.34781265258789
2014-04-02,18.34781265258789
2014-04-03,18.34781265258789
2014-04-04,18.34781265258789
2014-04-05,18.34781265258789
2014-04-06,18.34781265258789
2014-04-07,18.34781265258789
2014-04-08,18.34781265258789
2014-04-09,18.34781265258789
2014-04-10,18.34781265258789
2014-04-11,18.34781265258789
2014-04-12,18.34781265258789
2014-04-13,18.34781265258789
2014-04-14,18.34781265258789
2014-04-15,18.34781265258789
2014-04-16,18.34781265258789
2014-04-17,18.34781265258789
2014-04-18,18.34781265258789
2014-04-19,18.34781265258789
2014-04-20,18.34781265258789
2014-04-21,18.34781265258789
2014-04-22,18.34781265258789
2014-04-23,18.34781265258789
2014-04-24,18.34781265258789
2014-04-25,18.34781265258789
2014-04-26,18.34781265258789
2014-04-27,18.34781265258789
2014-04-28,18.34781265258789
2014-04-29,18.34781265258789
2014-04-30,18.34781265258789
2014-05-01,18.461395263671875
2014-05-02,18.461395263671875
2014-05-03,18.461395263671875
2014-05-04,18.461395263671875
2014-05-05,18.461395263671875
2014-05-06,18.461395263671875
2014-05-07,18.461395263671875
2014-05-08,18.461395263671875
2014-05-09,18.461395263671875
2014-05-10,18.461395263671875
2014-05-11,18.461395263671875
2014-05-12,18.461395263671875
2014-05-13,18.461395263671875
2014-05-14,18.461395263671875
2014-05-15,18.461395263671875
2014-05-16,18.461395263671875
2014-05-17,18.461395263671875
2014-05-18,18.461395263671875
2014-05-19,18.461395263671875
2014-05-20,18.461395263671875
2014-05-21,18.461395263671875
2014-05-22,18.461395263671875
2014-05-23,18.461395263671875
2014-05-24,18.461395263671875
2014-05-25,18.461395263671875
2014-05-26,18.461395263671875
2014-05-27,18.461395263671875
2014-05-28,18.461395263671875
2014-05-29,18.461395263671875
2014-05-30,18.461395263671875
2014-05-31,18.461395263671875
2014-06-01,18.88178825378418
2014-06-02,18.88178825378418
2014-06-03,18.88178825378418
2014-06-04,18.88178825378418
2014-06-05,18.88178825378418
2014-06-06,18.88178825378418
2014-06-07,18.88178825378418
2014-06-08,18.88178825378418
2014-06-09,18.88178825378418
2014-06-10,18.88178825378418
2014-06-11,18.88178825378418
2014-06-12,18.88178825378418
2014-06-13,18.88178825378418
2014-06-14,18.88178825378418
2014-06-15,18.88178825378418
2014-06-16,18.88178825378418
2014-06-17,18.88178825378418
2014-06-18,18.88178825378418
2014-06-19,18.88178825378418
2014-06-20,18.88178825378418
2014-06-21,18.88178825378418
2014-06-22,18.88178825378418
2014-06-23,18.88178825378418
2014-06-24,18.88178825378418
2014-06-25,18.88178825378418
2014-06-26,18.88178825378418
2014-06-27,18.88178825378418
2014-06-28,18.88178825378418
2014-06-29,18.88178825378418
2014-06-30,18.88178825378418
2014-07-01,18.9599609375
2014-07-02,18.9599609375
2014-07-03,18.9599609375
2014-07-04,18.9599609375
2014-07-05,18.9599609375
2014-07-06,18.9599609375
2014-07-07,18.9599609375
2014-07-08,18.9599609375
2014-07-09,18.9599609375
2014-07-10,18.9599609375
2014-07-11,18.9599609375
2014-07-12,18.9599609375
2014-07-13,18.9599609375
2014-07-14,18.9599609375
2014-07-15,18.9599609375
2014-07-16,18.9599609375
2014-07-17,18.9599609375
2014-07-18,18.9599609375
2014-07-19,18.9599609375
2014-07-20,18.9599609375
2014-07-21,18.9599609375
2014-07-22,18.9599609375
2014-07-23,18.9599609375
2014-07-24,18.9599609375
2014-07-25,18.9599609375
2014-07-26,18.9599609375
2014-07-27,18.9599609375
2014-07-28,18.9599609375
2014-07-29,18.9599609375
2014-07-30,18.9599609375
2014-07-31,18.9599609375
2014-08-01,18.678865432739258
2014-08-02,18.678865432739258
2014-08-03,18.678865432739258
2014-08-04,18.678865432739258
2014-08-05,18.678865432739258
2014-08-06,18.678865432739258
2014-08-07,18.678865432739258
2014-08-08,18.678865432739258
2014-08-09,18.678865432739258
2014-08-10,18.678865432739258
2014-08-11,18.678865432739258
2014-08-12,18.678865432739258
2014-08-13,18.678865432739258
2014-08-14,18.678865432739258
2014-08-15,18.678865432739258
2014-08-16,18.678865432739258
2014-08-17,18.678865432739258
2014-08-18,18.678865432739258
2014-08-19,18.678865432739258
2014-08-20,18.678865432739258
2014-08-21,18.678865432739258
2014-08-22,18.678865432739258
2014-08-23,18.678865432739258
2014-08-24,18.678865432739258
2014-08-25,18.678865432739258
2014-08-26,18.678865432739258
2014-08-27,18.678865432739258
2014-08-28,18.678865432739258
2014-08-29,18.678865432739258
2014-08-30,18.678865432739258
2014-08-31,18.678865432739258
2014-09-01,18.811155319213867
2014-09-02,18.811155319213867
2014-09-03,18.811155319213867
2014-09-04,18.811155319213867
2014-09-05,18.811155319213867
2014-09-06,18.811155319213867
2014-09-07,18.811155319213867
2014-09-08,18.811155319213867
2014-09-09,18.811155319213867
2014-09-10,18.811155319213867
2014-09-11,18.811155319213867
2014-09-12,18.811155319213867
2014-09-13,18.811155319213867
2014-09-14,18.811155319213867
2014-09-15,18.811155319213867
2014-09-16,18.811155319213867
2014-09-17,18.811155319213867
2014-09-18,18.811155319213867
2014-09-19,18.811155319213867
2014-09-20,18.811155319213867
2014-09-21,18.811155319213867
2014-09-22,18.811155319213867
2014-09-23,18.811155319213867
2014-09-24,18.811155319213867
2014-09-25,18.811155319213867
2014-09-26,18.811155319213867
2014-09-27,18.811155319213867
2014-09-28,18.811155319213867
2014-09-29,18.811155319213867
2014-09-30,18.811155319213867
2014-10-01,18.49540138244629
2014-10-02,18.49540138244629
2014-10-03,18.49540138244629
2014-10-04,18.49540138244629
2014-10-05,18.49540138244629
2014-10-06,18.49540138244629
2014-10-07,18.49540138244629
2014-10-08,18.49540138244629
2014-10-09,18.49540138244629
2014-10-10,18.49540138244629
2014-10-11,18.49540138244629
2014-10-12,18.49540138244629
2014-10-13,18.49540138244629
2014-10-14,18.49540138244629
2014-10-15,18.49540138244629
2014-10-16,18.49540138244629
2014-10-17,18.49540138244629
2014-10-18,18.49540138244629
2014-10-19,18.49540138244629
2014-10-20,18.49540138244629
2014-10-21,18.49540138244629
2014-10-22,18.49540138244629
2014-10-23,18.49540138244629
2014-10-24,18.49540138244629
2014-10-25,18.49540138244629
2014-10-26,18.49540138244629
2014-10-27,18.49540138244629
2014-10-28,18.49540138244629
2014-10-29,18.49540138244629
2014-10-30,18.49540138244629
2014-10-31,18.49540138244629
2014-11-01,19.749210357666016
2014-11-02,19.749210357666016
2014-11-03,19.749210357666016
2014-11-04,19.749210357666016
2014-11-05,19.749210357666016
2014-11-06,19.749210357666016
2014-11-07,19.749210357666016
2014-11-08,19.749210357666016
2014-11-09,19.749210357666016
2014-11-10,19.749210357666016
2014-11-11,19.749210357666016
2014-11-12,19.749210357666016
2014-11-13,19.749210357666016
2014-11-14,19.749210357666016
2014-11-15,19.749210357666016
2014-11-16,19.749210357666016
2014-11-17,19.749210357666016
2014-11-18,19.749210357666016
2014-11-19,19.749210357666016
2014-11-20,19.749210357666016
2014-11-21,19.749210357666016
2014-11-22,19.749210357666016
2014-11-23,19.749210357666016
2014-11-24,19.749210357666016
2014-11-25,19.749210357666016
2014-11-26,19.749210357666016
2014-11-27,19.749210357666016
2014-11-28,19.749210357666016
2014-11-29,19.749210357666016
2014-11-30,19.749210357666016
2014-12-01,20.07887840270996
2014-12-02,20.07887840270996
2014-12-03,20.07887840270996
2014-12-04,20.07887840270996
2014-12-05,20.07887840270996
2014-12-06,20.07887840270996
2014-12-07,20.07887840270996
2014-12-08,20.07887840270996
2014-12-09,20.07887840270996
2014-12-10,20.07887840270996
2014-12-11,20.07887840270996
2014-12-12,20.07887840270996
2014-12-13,20.07887840270996
2014-12-14,20.07887840270996
2014-12-15,20.07887840270996
2014-12-16,20.07887840270996
2014-12-17,20.07887840270996
2014-12-18,20.07887840270996
2014-12-19,20.07887840270996
2014-12-20,20.07887840270996
2014-12-21,20.07887840270996
2014-12-22,20.07887840270996
2014-12-23,20.07887840270996
2014-12-24,20.07887840270996
2014-12-25,20.07887840270996
2014-12-26,20.07887840270996
2014-12-27,20.07887840270996
2014-12-28,20.07887840270996
2014-12-29,20.07887840270996
2014-12-30,20.07887840270996
2014-12-31,20.07887840270996
2015-01-01,20.023496627807617
2015-01-02,20.023496627807617
2015-01-03,20.023496627807617
2015-01-04,20.023496627807617
2015-01-05,20.023496627807617
2015-01-06,20.023496627807617
2015-01-07,20.023496627807617
2015-01-08,20.023496627807617
2015-01-09,20.023496627807617
2015-01-10,20.023496627807617
2015-01-11,20.023496627807617
2015-01-12,20.023496627807617
2015-01-13,20.023496627807617
2015-01-14,20.023496627807617
2015-01-15,20.023496627807617
2015-01-16,20.023496627807617
2015-01-17,20.023496627807617
2015-01-18,20.023496627807617
2015-01-19,20.023496627807617
2015-01-20,20.023496627807617
2015-01-21,20.023496627807617
2015-01-22,20.023496627807617
2015-01-23,20.023496627807617
2015-01-24,20.023496627807617
2015-01-25,20.023496627807617
2015-01-26,20.023496627807617
2015-01-27,20.023496627807617
2015-01-28,20.023496627807617
2015-01-29,20.023496627807617
2015-01-30,20.023496627807617
2015-01-31,20.023496627807617
2015-02-01,20.765932083129883
2015-02-02,20.765932083129883
2015-02-03,20.765932083129883
2015-02-04,20.765932083129883
2015-02-05,20.765932083129883
2015-02-06,20.765932083129883
2015-02-07,20.765932083129883
2015-02-08,20.765932083129883
2015-02-09,20.765932083129883
2015-02-10,20.765932083129883
2015-02-11,20.765932083129883
2015-02-12,20.765932083129883
2015-02-13,20.765932083129883
2015-02-14,20.765932083129883
2015-02-15,20.765932083129883
2015-02-16,20.765932083129883
2015-02-17,20.765932083129883
2015-02-18,20.765932083129883
2015-02-19,20.765932083129883
2015-02-20,20.765932083129883
2015-02-21,20.765932083129883
2015-02-22,20.765932083129883
2015-02-23,20.765932083129883
2015-02-24,20.765932083129883
2015-02-25,20.765932083129883
2015-02-26,20.765932083129883
2015-02-27,20.765932083129883
2015-02-28,20.765932083129883
2015-03-01,20.95707893371582
2015-03-02,20.95707893371582
2015-03-03,20.95707893371582
2015-03-04,20.95707893371582
2015-03-05,20.95707893371582
2015-03-06,20.95707893371582
2015-03-07,20.95707893371582
2015-03-08,20.95707893371582
2015-03-09,20.95707893371582
2015-03-10,20.95707893371582
2015-03-11,20.95707893371582
2015-03-12,20.95707893371582
2015-03-13,20.95707893371582
2015-03-14,20.95707893371582
2015-03-15,20.95707893371582
2015-03-16,20.95707893371582
2015-03-17,20.95707893371582
2015-03-18,20.95707893371582
2015-03-19,20.95707893371582
2015-03-20,20.95707893371582
2015-03-21,20.95707893371582
2015-03-22,20.95707893371582
2015-03-23,20.95707893371582
2015-03-24,20.95707893371582
2015-03-25,20.95707893371582
2015-03-26,20.95707893371582
2015-03-27,20.95707893371582
2015-03-28,20.95707893371582
2015-03-29,20.95707893371582
2015-03-30,20.95707893371582
2015-03-31,20.95707893371582
2015-04-01,21.419105529785156
2015-04-02,21.419105529785156
2015-04-03,21.419105529785156
2015-04-04,21.419105529785156
2015-04-05,21.419105529785156
2015-04-06,21.419105529785156
2015-04-07,21.419105529785156
2015-04-08,21.419105529785156
2015-04-09,21.419105529785156
2015-04-10,21.419105529785156
2015-04-11,21.419105529785156
2015-04-12,21.419105529785156
2015-04-13,21.419105529785156
2015-04-14,21.419105529785156
2015-04-15,21.419105529785156
2015-04-16,21.419105529785156
2015-04-17,21.419105529785156
2015-04-18,21.419105529785156
2015-04-19,21.419105529785156
2015-04-20,21.419105529785156
2015-04-21,21.419105529785156
2015-04-22,21.419105529785156
2015-04-23,21.419105529785156
2015-04-24,21.419105529785156
2015-04-25,21.419105529785156
2015-04-26,21.419105529785156
2015-04-27,21.419105529785156
2015-04-28,21.419105529785156
2015-04-29,21.419105529785156
2015-04-30,21.419105529785156
2015-05-01,21.917943954467773
2015-05-02,21.917943954467773
2015-05-03,21.917943954467773
2015-05-04,21.917943954467773
2015-05-05,21.917943954467773
2015-05-06,21.917943954467773
2015-05-07,21.917943954467773
2015-05-08,21.917943954467773
2015-05-09,21.917943954467773
2015-05-10,21.917943954467773
2015-05-11,21.917943954467773
2015-05-12,21.917943954467773
2015-05-13,21.917943954467773
2015-05-14,21.917943954467773
2015-05-15,21.917943954467773
2015-05-16,21.917943954467773
2015-05-17,21.917943954467773
2015-05-18,21.917943954467773
2015-05-19,21.917943954467773
2015-05-20,21.917943954467773
2015-05-21,21.917943954467773
2015-05-22,21.917943954467773
2015-05-23,21.917943954467773
2015-05-24,21.917943954467773
2015-05-25,21.917943954467773
2015-05-26,21.917943954467773
2015-05-27,21.917943954467773
2015-05-28,21.917943954467773
2015-05-29,21.917943954467773
2015-05-30,21.917943954467773
2015-05-31,21.917943954467773
2015-06-01,22.118743896484375
2015-06-02,22.118743896484375
2015-06-03,22.118743896484375
2015-06-04,22.118743896484375
2015-06-05,22.118743896484375
2015-06-06,22.118743896484375
2015-06-07,22.118743896484375
2015-06-08,22.118743896484375
2015-06-09,22.118743896484375
2015-06-10,22.118743896484375
2015-06-11,22.118743896484375
2015-06-12,22.118743896484375
2015-06-13,22.118743896484375
2015-06-14,22.118743896484375
2015-06-15,22.118743896484375
2015-06-16,22.118743896484375
2015-06-17,22.118743896484375
2015-06-18,22.118743896484375
2015-06-19,22.118743896484375
2015-06-20,22.118743896484375
2015-06-21,22.118743896484375
2015-06-22,22.118743896484375
2015-06-23,22.118743896484375
2015-06-24,22.118743896484375
2015-06-25,22.118743896484375
2015-06-26,22.118743896484375
2015-06-27,22.118743896484375
2015-06-28,22.118743896484375
2015-06-29,22.118743896484375
2015-06-30,22.118743896484375
2015-07-01,22.39881706237793
2015-07-02,22.39881706237793
2015-07-03,22.39881706237793
2015-07-04,22.39881706237793
2015-07-05,22.39881706237793
2015-07-06,22.39881706237793
2015-07-07,22.39881706237793
2015-07-08,22.39881706237793
2015-07-09,22.39881706237793
2015-07-10,22.39881706237793
2015-07-11,22.39881706237793
2015-07-12,22.39881706237793
2015-07-13,22.39881706237793
2015-07-14,22.39881706237793
2015-07-15,22.39881706237793
2015-07-16,22.39881706237793
2015-07-17,22.39881706237793
2015-07-18,22.39881706237793
2015-07-19,22.39881706237793
2015-07-20,22.39881706237793
2015-07-21,22.39881706237793
2015-07-22,22.39881706237793
2015-07-23,22.39881706237793
2015-07-24,22.39881706237793
2015-07-25,22.39881706237793
2015-07-26,22.39881706237793
2015-07-27,22.39881706237793
2015-07-28,22.39881706237793
2015-07-29,22.39881706237793
2015-07-30,22.39881706237793
2015-07-31,22.39881706237793
2015-08-01,22.154037475585938
2015-08-02,22.154037475585938
2015-08-03,22.154037475585938
2015-08-04,22.154037475585938
2015-08-05,22.154037475585938
2015-08-06,22.154037475585938
2015-08-07,22.154037475585938
2015-08-08,22.154037475585938
2015-08-09,22.154037475585938
2015-08-10,22.154037475585938
2015-08-11,22.154037475585938
2015-08-12,22.154037475585938
2015-08-13,22.154037475585938
2015-08-14,22.154037475585938
2015-08-15,22.154037475585938
2015-08-16,22.154037475585938
2015-08-17,22.154037475585938
2015-08-18,22.154037475585938
2015-08-19,22.154037475585938
2015-08-20,22.154037475585938
2015-08-21,22.154037475585938
2015-08-22,22.154037475585938
2015-08-23,22.154037475585938
2015-08-24,22.154037475585938
2015-08-25,22.154037475585938
2015-08-26,22.154037475585938
2015-08-27,22.154037475585938
2015-08-28,22.154037475585938
2015-08-29,22.154037475585938
2015-08-30,22.154037475585938
2015-08-31,22.154037475585938
2015-09-01,21.447275161743164
2015-09-02,21.447275161743164
2015-09-03,21.447275161743164
2015-09-04,21.447275161743164
2015-09-05,21.447275161743164
2015-09-06,21.447275161743164
2015-09-07,21.447275161743164
2015-09-08,21.447275161743164
2015-09-09,21.447275161743164
2015-09-10,21.447275161743164
2015-09-11,21.447275161743164
2015-09-12,21.447275161743164
2015-09-13,21.447275161743164
2015-09-14,21.447275161743164
2015-09-15,21.447275161743164
2015-09-16,21.447275161743164
2015-09-17,21.447275161743164
2015-09-18,21.447275161743164
2015-09-19,21.447275161743164
2015-09-20,21.447275161743164
2015-09-21,21.447275161743164
2015-09-22,21.447275161743164
2015-09-23,21.447275161743164
2015-09-24,21.447275161743164
2015-09-25,21.447275161743164
2015-09-26,21.447275161743164
2015-09-27,21.447275161743164
2015-09-28,21.447275161743164
2015-09-29,21.447275161743164
2015-09-30,21.447275161743164
2015-10-01,22.678476333618164
2015-10-02,22.678476333618164
2015-10-03,22.678476333618164
2015-10-04,22.678476333618164
2015-10-05,22.678476333618164
2015-10-06,22.678476333618164
2015-10-07,22.678476333618164
2015-10-08,22.678476333618164
2015-10-09,22.678476333618164
2015-10-10,22.678476333618164
2015-10-11,22.678476333618164
2015-10-12,22.678476333618164
2015-10-13,22.678476333618164
2015-10-14,22.678476333618164
2015-10-15,22.678476333618164
2015-10-16,22.678476333618164
2015-10-17,22.678476333618164
2015-10-18,22.678476333618164
2015-10-19,22.678476333618164
2015-10-20,22.678476333618164
2015-10-21,22.678476333618164
2015-10-22,22.678476333618164
2015-10-23,22.678476333618164
2015-10-24,22.678476333618164
2015-10-25,22.678476333618164
2015-10-26,22.678476333618164
2015-10-27,22.678476333618164
2015-10-28,22.678476333618164
2015-10-29,22.678476333618164
2015-10-30,22.678476333618164
2015-10-31,22.678476333618164
2015-11-01,23.66851234436035
2015-11-02,23.66851234436035
2015-11-03,23.66851234436035
2015-11-04,23.66851234436035
2015-11-05,23.66851234436035
2015-11-06,23.66851234436035
2015-11-07,23.66851234436035
2015-11-08,23.66851234436035
2015-11-09,23.66851234436035
2015-11-10,23.66851234436035
2015-11-11,23.66851234436035
2015-11-12,23.66851234436035
2015-11-13,23.66851234436035
2015-11-14,23.66851234436035
2015-11-15,23.66851234436035
2015-11-16,23.66851234436035
2015-11-17,23.66851234436035
2015-11-18,23.66851234436035
2015-11-19,23.66851234436035
2015-11-20,23.66851234436035
2015-11-21,23.66851234436035
2015-11-22,23.66851234436035
2015-11-23,23.66851234436035
2015-11-24,23.66851234436035
2015-11-25,23.66851234436035
2015-11-26,23.66851234436035
2015-11-27,23.66851234436035
2015-11-28,23.66851234436035
2015-11-29,23.66851234436035
2015-11-30,23.66851234436035
2015-12-01,23.738357543945312
2015-12-02,23.738357543945312
2015-12-03,23.738357543945312
2015-12-04,23.738357543945312
2015-12-05,23.738357543945312
2015-12-06,23.738357543945312
2015-12-07,23.738357543945312
2015-12-08,23.738357543945312
2015-12-09,23.738357543945312
2015-12-10,23.738357543945312
2015-12-11,23.738357543945312
2015-12-12,23.738357543945312
2015-12-13,23.738357543945312
2015-12-14,23.738357543945312
2015-12-15,23.738357543945312
2015-12-16,23.738357543945312
2015-12-17,23.738357543945312
2015-12-18,23.738357543945312
2015-12-19,23.738357543945312
2015-12-20,23.738357543945312
2015-12-21,23.738357543945312
2015-12-22,23.738357543945312
2015-12-23,23.738357543945312
2015-12-24,23.738357543945312
2015-12-25,23.738357543945312
2015-12-26,23.738357543945312
2015-12-27,23.738357543945312
2015-12-28,23.738357543945312
2015-12-29,23.738357543945312
2015-12-30,23.738357543945312
2015-12-31,23.738357543945312
2016-01-01,22.180347442626953
2016-01-02,22.180347442626953
2016-01-03,22.180347442626953
2016-01-04,22.180347442626953
2016-01-05,22.180347442626953
2016-01-06,22.180347442626953
2016-01-07,22.180347442626953
2016-01-08,22.180347442626953
2016-01-09,22.180347442626953
2016-01-10,22.180347442626953
2016-01-11,22.180347442626953
2016-01-12,22.180347442626953
2016-01-13,22.180347442626953
2016-01-14,22.180347442626953
2016-01-15,22.180347442626953
2016-01-16,22.180347442626953
2016-01-17,22.180347442626953
2016-01-18,22.180347442626953
2016-01-19,22.180347442626953
2016-01-20,22.180347442626953
2016-01-21,22.180347442626953
2016-01-22,22.180347442626953
2016-01-23,22.180347442626953
2016-01-24,22.180347442626953
2016-01-25,22.180347442626953
2016-01-26,22.180347442626953
2016-01-27,22.180347442626953
2016-01-28,22.180347442626953
2016-01-29,22.180347442626953
2016-01-30,22.180347442626953
2016-01-31,22.180347442626953
2016-02-01,22.02405548095703
2016-02-02,22.02405548095703
2016-02-03,22.02405548095703
2016-02-04,22.02405548095703
2016-02-05,22.02405548095703
2016-02-06,22.02405548095703
2016-02-07,22.02405548095703
2016-02-08,22.02405548095703
2016-02-09,22.02405548095703
2016-02-10,22.02405548095703
2016-02-11,22.02405548095703
2016-02-12,22.02405548095703
2016-02-13,22.02405548095703
2016-02-14,22.02405548095703
2016-02-15,22.02405548095703
2016-02-16,22.02405548095703
2016-02-17,22.02405548095703
2016-02-18,22.02405548095703
2016-02-19,22.02405548095703
2016-02-20,22.02405548095703
2016-02-21,22.02405548095703
2016-02-22,22.02405548095703
2016-02-23,22.02405548095703
2016-02-24,22.02405548095703
2016-02-25,22.02405548095703
2016-02-26,22.02405548095703
2016-02-27,22.02405548095703
2016-02-28,22.02405548095703
2016-02-29,22.02405548095703
2016-03-01,23.391368865966797
2016-03-02,23.391368865966797
2016-03-03,23.391368865966797
2016-03-04,23.391368865966797
2016-03-05,23.391368865966797
2016-03-06,23.391368865966797
2016-03-07,23.391368865966797
2016-03-08,23.391368865966797
2016-03-09,23.391368865966797
2016-03-10,23.391368865966797
2016-03-11,23.391368865966797
2016-03-12,23.391368865966797
2016-03-13,23.391368865966797
2016-03-14,23.391368865966797
2016-03-15,23.391368865966797
2016-03-16,23.391368865966797
2016-03-17,23.391368865966797
2016-03-18,23.391368865966797
2016-03-19,23.391368865966797
2016-03-20,23.391368865966797
2016-03-21,23.391368865966797
2016-03-22,23.391368865966797
2016-03-23,23.391368865966797
2016-03-24,23.391368865966797
2016-03-25,23.391368865966797
2016-03-26,23.391368865966797
2016-03-27,23.391368865966797
2016-03-28,23.391368865966797
2016-03-29,23.391368865966797
2016-03-30,23.391368865966797
2016-03-31,23.391368865966797
2016-04-01,23.96697425842285
2016-04-02,23.96697425842285
2016-04-03,23.96697425842285
2016-04-04,23.96697425842285
2016-04-05,23.96697425842285
2016-04-06,23.96697425842285
2016-04-07,23.96697425842285
2016-04-08,23.96697425842285
2016-04-09,23.96697425842285
2016-04-10,23.96697425842285
2016-04-11,23.96697425842285
2016-04-12,23.96697425842285
2016-04-13,23.96697425842285
2016-04-14,23.96697425842285
2016-04-15,23.96697425842285
2016-04-16,23.96697425842285
2016-04-17,23.96697425842285
2016-04-18,23.96697425842285
2016-04-19,23.96697425842285
2016-04-20,23.96697425842285
2016-04-21,23.96697425842285
2016-04-22,23.96697425842285
2016-04-23,23.96697425842285
2016-04-24,23.96697425842285
2016-04-25,23.96697425842285
2016-04-26,23.96697425842285
2016-04-27,23.96697425842285
2016-04-28,23.96697425842285
2016-04-29,23.96697425842285
2016-04-30,23.96697425842285
2016-05-01,23.80763053894043
2016-05-02,23.80763053894043
2016-05-03,23.80763053894043
2016-05-04,23.80763053894043
2016-05-05,23.80763053894043
2016-05-06,23.80763053894043
2016-05-07,23.80763053894043
2016-05-08,23.80763053894043
2016-05-09,23.80763053894043
2016-05-10,23.80763053894043
2016-05-11,23.80763053894043
2016-05-12,23.80763053894043
2016-05-13,23.80763053894043
2016-05-14,23.80763053894043
2016-05-15,23.80763053894043
2016-05-16,23.80763053894043
2016-05-17,23.80763053894043
2016-05-18,23.80763053894043
2016-05-19,23.80763053894043
2016-05-20,23.80763053894043
2016-05-21,23.80763053894043
2016-05-22,23.80763053894043
2016-05-23,23.80763053894043
2016-05-24,23.80763053894043
2016-05-25,23.80763053894043
2016-05-26,23.80763053894043
2016-05-27,23.80763053894043
2016-05-28,23.80763053894043
2016-05-29,23.80763053894043
2016-05-30,23.80763053894043
2016-05-31,23.80763053894043
2016-06-01,23.974803924560547
2016-06-02,23.974803924560547
2016-06-03,23.974803924560547
2016-06-04,23.974803924560547
2016-06-05,23.974803924560547
2016-06-06,23.974803924560547
2016-06-07,23.974803924560547
2016-06-08,23.974803924560547
2016-06-09,23.974803924560547
2016-06-10,23.974803924560547
2016-06-11,23.974803924560547
2016-06-12,23.974803924560547
2016-06-13,23.974803924560547
2016-06-14,23.974803924560547
2016-06-15,23.974803924560547
2016-06-16,23.974803924560547
2016-06-17,23.974803924560547
2016-06-18,23.974803924560547
2016-06-19,23.974803924560547
2016-06-20,23.974803924560547
2016-06-21,23.974803924560547
2016-06-22,23.974803924560547
2016-06-23,23.974803924560547
2016-06-24,23.974803924560547
2016-06-25,23.974803924560547
2016-06-26,23.974803924560547
2016-06-27,23.974803924560547
2016-06-28,23.974803924560547
2016-06-29,23.974803924560547
2016-06-30,23.974803924560547
2016-07-01,24.518693923950195
2016-07-02,24.518693923950195
2016-07-03,24.518693923950195
2016-07-04,24.518693923950195
2016-07-05,24.518693923950195
2016-07-06,24.518693923950195
2016-07-07,24.518693923950195
2016-07-08,24.518693923950195
2016-07-09,24.518693923950195
2016-07-10,24.518693923950195
2016-07-11,24.518693923950195
2016-07-12,24.518693923950195
2016-07-13,24.518693923950195
2016-07-14,24.518693923950195
2016-07-15,24.518693923950195
2016-07-16,24.518693923950195
2016-07-17,24.518693923950195
2016-07-18,24.518693923950195
2016-07-19,24.518693923950195
2016-07-20,24.518693923950195
2016-07-21,24.518693923950195
2016-07-22,24.518693923950195
2016-07-23,24.518693923950195
2016-07-24,24.518693923950195
2016-07-25,24.518693923950195
2016-07-26,24.518693923950195
2016-07-27,24.518693923950195
2016-07-28,24.518693923950195
2016-07-29,24.518693923950195
2016-07-30,24.518693923950195
2016-07-31,24.518693923950195
2016-08-01,24.567522048950195
2016-08-02,24.567522048950195
2016-08-03,24.567522048950195
2016-08-04,24.567522048950195
2016-08-05,24.567522048950195
2016-08-06,24.567522048950195
2016-08-07,24.567522048950195
2016-08-08,24.567522048950195
2016-08-09,24.567522048950195
2016-08-10,24.567522048950195
2016-08-11,24.567522048950195
2016-08-12,24.567522048950195
2016-08-13,24.567522048950195
2016-08-14,24.567522048950195
2016-08-15,24.567522048950195
2016-08-16,24.567522048950195
2016-08-17,24.567522048950195
2016-08-18,24.567522048950195
2016-08-19,24.567522048950195
2016-08-20,24.567522048950195
2016-08-21,24.567522048950195
2016-08-22,24.567522048950195
2016-08-23,24.567522048950195
2016-08-24,24.567522048950195
2016-08-25,24.567522048950195
2016-08-26,24.567522048950195
2016-08-27,24.567522048950195
2016-08-28,24.567522048950195
2016-08-29,24.567522048950195
2016-08-30,24.567522048950195
2016-08-31,24.567522048950195
2016-09-01,24.21921730041504
2016-09-02,24.21921730041504
2016-09-03,24.21921730041504
2016-09-04,24.21921730041504
2016-09-05,24.21921730041504
2016-09-06,24.21921730041504
2016-09-07,24.21921730041504
2016-09-08,24.21921730041504
2016-09-09,24.21921730041504
2016-09-10,24.21921730041504
2016-09-11,24.21921730041504
2016-09-12,24.21921730041504
2016-09-13,24.21921730041504
2016-09-14,24.21921730041504
2016-09-15,24.21921730041504
2016-09-16,24.21921730041504
2016-09-17,24.21921730041504
2016-09-18,24.21921730041504
2016-09-19,24.21921730041504
2016-09-20,24.21921730041504
2016-09-21,24.21921730041504
2016-09-22,24.21921730041504
2016-09-23,24.21921730041504
2016-09-24,24.21921730041504
2016-09-25,24.21921730041504
2016-09-26,24.21921730041504
2016-09-27,24.21921730041504
2016-09-28,24.21921730041504
2016-09-29,24.21921730041504
2016-09-30,24.21921730041504
2016-10-01,23.57298469543457
2016-10-02,23.57298469543457
2016-10-03,23.57298469543457
2016-10-04,23.57298469543457
2016-10-05,23.57298469543457
2016-10-06,23.57298469543457
2016-10-07,23.57298469543457
2016-10-08,23.57298469543457
2016-10-09,23.57298469543457
2016-10-10,23.57298469543457
2016-10-11,23.57298469543457
2016-10-12,23.57298469543457
2016-10-13,23.57298469543457
2016-10-14,23.57298469543457
2016-10-15,23.57298469543457
2016-10-16,23.57298469543457
2016-10-17,23.57298469543457
2016-10-18,23.57298469543457
2016-10-19,23.57298469543457
2016-10-20,23.57298469543457
2016-10-21,23.57298469543457
2016-10-22,23.57298469543457
2016-10-23,23.57298469543457
2016-10-24,23.57298469543457
2016-10-25,23.57298469543457
2016-10-26,23.57298469543457
2016-10-27,23.57298469543457
2016-10-28,23.57298469543457
2016-10-29,23.57298469543457
2016-10-30,23.57298469543457
2016-10-31,23.57298469543457
2016-11-01,23.347244262695312
2016-11-02,23.347244262695312
2016-11-03,23.347244262695312
2016-11-04,23.347244262695312
2016-11-05,23.347244262695312
2016-11-06,23.347244262695312
2016-11-07,23.347244262695312
2016-11-08,23.347244262695312
2016-11-09,23.347244262695312
2016-11-10,23.347244262695312
2016-11-11,23.347244262695312
2016-11-12,23.347244262695312
2016-11-13,23.347244262695312
2016-11-14,23.347244262695312
2016-11-15,23.347244262695312
2016-11-16,23.347244262695312
2016-11-17,23.347244262695312
2016-11-18,23.347244262695312
2016-11-19,23.347244262695312
2016-11-20,23.347244262695312
2016-11-21,23.347244262695312
2016-11-22,23.347244262695312
2016-11-23,23.347244262695312
2016-11-24,23.347244262695312
2016-11-25,23.347244262695312
2016-11-26,23.347244262695312
2016-11-27,23.347244262695312
2016-11-28,23.347244262695312
2016-11-29,23.347244262695312
2016-11-30,23.347244262695312
2016-12-01,23.761289596557617
2016-12-02,23.761289596557617
2016-12-03,23.761289596557617
2016-12-04,23.761289596557617
2016-12-05,23.761289596557617
2016-12-06,23.761289596557617
2016-12-07,23.761289596557617
2016-12-08,23.761289596557617
2016-12-09,23.761289596557617
2016-12-10,23.761289596557617
2016-12-11,23.761289596557617
2016-12-12,23.761289596557617
2016-12-13,23.761289596557617
2016-12-14,23.761289596557617
2016-12-15,23.761289596557617
2016-12-16,23.761289596557617
2016-12-17,23.761289596557617
2016-12-18,23.761289596557617
2016-12-19,23.761289596557617
2016-12-20,23.761289596557617
2016-12-21,23.761289596557617
2016-12-22,23.761289596557617
2016-12-23,23.761289596557617
2016-12-24,23.761289596557617
2016-12-25,23.761289596557617
2016-12-26,23.761289596557617
2016-12-27,23.761289596557617
2016-12-28,23.761289596557617
2016-12-29,23.761289596557617
2016-12-30,23.761289596557617
2016-12-31,23.761289596557617
2017-01-01,23.58533477783203
2017-01-02,23.58533477783203
2017-01-03,23.58533477783203
2017-01-04,23.58533477783203
2017-01-05,23.58533477783203
2017-01-06,23.58533477783203
2017-01-07,23.58533477783203
2017-01-08,23.58533477783203
2017-01-09,23.58533477783203
2017-01-10,23.58533477783203
2017-01-11,23.58533477783203
2017-01-12,23.58533477783203
2017-01-13,23.58533477783203
2017-01-14,23.58533477783203
2017-01-15,23.58533477783203
2017-01-16,23.58533477783203
2017-01-17,23.58533477783203
2017-01-18,23.58533477783203
2017-01-19,23.58533477783203
2017-01-20,23.58533477783203
2017-01-21,23.58533477783203
2017-01-22,23.58533477783203
2017-01-23,23.58533477783203
2017-01-24,23.58533477783203
2017-01-25,23.58533477783203
2017-01-26,23.58533477783203
2017-01-27,23.58533477783203
2017-01-28,23.58533477783203
2017-01-29,23.58533477783203
2017-01-30,23.58533477783203
2017-01-31,23.58533477783203
2017-02-01,23.683563232421875
2017-02-02,23.683563232421875
2017-02-03,23.683563232421875
2017-02-04,23.683563232421875
2017-02-05,23.683563232421875
2017-02-06,23.683563232421875
2017-02-07,23.683563232421875
2017-02-08,23.683563232421875
2017-02-09,23.683563232421875
2017-02-10,23.683563232421875
2017-02-11,23.683563232421875
2017-02-12,23.683563232421875
2017-02-13,23.683563232421875
2017-02-14,23.683563232421875
2017-02-15,23.683563232421875
2017-02-16,23.683563232421875
2017-02-17,23.683563232421875
2017-02-18,23.683563232421875
2017-02-19,23.683563232421875
2017-02-20,23.683563232421875
2017-02-21,23.683563232421875
2017-02-22,23.683563232421875
2017-02-23,23.683563232421875
2017-02-24,23.683563232421875
2017-02-25,23.683563232421875
2017-02-26,23.683563232421875
2017-02-27,23.683563232421875
2017-02-28,23.683563232421875
2017-03-01,23.599760055541992
2017-03-02,23.599760055541992
2017-03-03,23.599760055541992
2017-03-04,23.599760055541992
2017-03-05,23.599760055541992
2017-03-06,23.599760055541992
2017-03-07,23.599760055541992
2017-03-08,23.599760055541992
2017-03-09,23.599760055541992
2017-03-10,23.599760055541992
2017-03-11,23.599760055541992
2017-03-12,23.599760055541992
2017-03-13,23.599760055541992
2017-03-14,23.599760055541992
2017-03-15,23.599760055541992
2017-03-16,23.599760055541992
2017-03-17,23.599760055541992
2017-03-18,23.599760055541992
2017-03-19,23.599760055541992
2017-03-20,23.599760055541992
2017-03-21,23.599760055541992
2017-03-22,23.599760055541992
2017-03-23,23.599760055541992
2017-03-24,23.599760055541992
2017-03-25,23.599760055541992
2017-03-26,23.599760055541992
2017-03-27,23.599760055541992
2017-03-28,23.599760055541992
2017-03-29,23.599760055541992
2017-03-30,23.599760055541992
2017-03-31,23.599760055541992
2017-04-01,23.23680305480957
2017-04-02,23.23680305480957
2017-04-03,23.23680305480957
2017-04-04,23.23680305480957
2017-04-05,23.23680305480957
2017-04-06,23.23680305480957
2017-04-07,23.23680305480957
2017-04-08,23.23680305480957
2017-04-09,23.23680305480957
2017-04-10,23.23680305480957
2017-04-11,23.23680305480957
2017-04-12,23.23680305480957
2017-04-13,23.23680305480957
2017-04-14,23.23680305480957
2017-04-15,23.23680305480957
2017-04-16,23.23680305480957
2017-04-17,23.23680305480957
2017-04-18,23.23680305480957
2017-04-19,23.23680305480957
2017-04-20,23.23680305480957
2017-04-21,23.23680305480957
2017-04-22,23.23680305480957
2017-04-23,23.23680305480957
2017-04-24,23.23680305480957
2017-04-25,23.23680305480957
2017-04-26,23.23680305480957
2017-04-27,23.23680305480957
2017-04-28,23.23680305480957
2017-04-29,23.23680305480957
2017-04-30,23.23680305480957
2017-05-01,23.306360244750977
2017-05-02,23.306360244750977
2017-05-03,23.306360244750977
2017-05-04,23.306360244750977
2017-05-05,23.306360244750977
2017-05-06,23.306360244750977
2017-05-07,23.306360244750977
2017-05-08,23.306360244750977
2017-05-09,23.306360244750977
2017-05-10,23.306360244750977
2017-05-11,23.306360244750977
2017-05-12,23.306360244750977
2017-05-13,23.306360244750977
2017-05-14,23.306360244750977
2017-05-15,23.306360244750977
2017-05-16,23.306360244750977
2017-05-17,23.306360244750977
2017-05-18,23.306360244750977
2017-05-19,23.306360244750977
2017-05-20,23.306360244750977
2017-05-21,23.306360244750977
2017-05-22,23.306360244750977
2017-05-23,23.306360244750977
2017-05-24,23.306360244750977
2017-05-25,23.306360244750977
2017-05-26,23.306360244750977
2017-05-27,23.306360244750977
2017-05-28,23.306360244750977
2017-05-29,23.306360244750977
2017-05-30,23.306360244750977
2017-05-31,23.306360244750977
2017-06-01,23.399250030517578
2017-06-02,23.399250030517578
2017-06-03,23.399250030517578
2017-06-04,23.399250030517578
2017-06-05,23.399250030517578
2017-06-06,23.399250030517578
2017-06-07,23.399250030517578
2017-06-08,23.399250030517578
2017-06-09,23.399250030517578
2017-06-10,23.399250030517578
2017-06-11,23.399250030517578
2017-06-12,23.399250030517578
2017-06-13,23.399250030517578
2017-06-14,23.399250030517578
2017-06-15,23.399250030517578
2017-06-16,23.399250030517578
2017-06-17,23.399250030517578
2017-06-18,23.399250030517578
2017-06-19,23.399250030517578
2017-06-20,23.399250030517578
2017-06-21,23.399250030517578
2017-06-22,23.399250030517578
2017-06-23,23.399250030517578
2017-06-24,23.399250030517578
2017-06-25,23.399250030517578
2017-06-26,23.399250030517578
2017-06-27,23.399250030517578
2017-06-28,23.399250030517578
2017-06-29,23.399250030517578
2017-06-30,23.399250030517578
2017-07-01,23.363481521606445
2017-07-02,23.363481521606445
2017-07-03,23.363481521606445
2017-07-04,23.363481521606445
2017-07-05,23.363481521606445
2017-07-06,23.363481521606445
2017-07-07,23.363481521606445
2017-07-08,23.363481521606445
2017-07-09,23.363481521606445
2017-07-10,23.363481521606445
2017-07-11,23.363481521606445
2017-07-12,23.363481521606445
2017-07-13,23.363481521606445
2017-07-14,23.363481521606445
2017-07-15,23.363481521606445
2017-07-16,23.363481521606445
2017-07-17,23.363481521606445
2017-07-18,23.363481521606445
2017-07-19,23.363481521606445
2017-07-20,23.363481521606445
2017-07-21,23.363481521606445
2017-07-22,23.363481521606445
2017-07-23,23.363481521606445
2017-07-24,23.363481521606445
2017-07-25,23.363481521606445
2017-07-26,23.363481521606445
2017-07-27,23.363481521606445
2017-07-28,23.363481521606445
2017-07-29,23.363481521606445
2017-07-30,23.363481521606445
2017-07-31,23.363481521606445
2017-08-01,23.158777236938477
2017-08-02,23.158777236938477
2017-08-03,23.158777236938477
2017-08-04,23.158777236938477
2017-08-05,23.158777236938477
2017-08-06,23.158777236938477
2017-08-07,23.158777236938477
2017-08-08,23.158777236938477
2017-08-09,23.158777236938477
2017-08-10,23.158777236938477
2017-08-11,23.158777236938477
2017-08-12,23.158777236938477
2017-08-13,23.158777236938477
2017-08-14,23.158777236938477
2017-08-15,23.158777236938477
2017-08-16,23.158777236938477
2017-08-17,23.158777236938477
2017-08-18,23.158777236938477
2017-08-19,23.158777236938477
2017-08-20,23.158777236938477
2017-08-21,23.158777236938477
2017-08-22,23.158777236938477
2017-08-23,23.158777236938477
2017-08-24,23.158777236938477
2017-08-25,23.158777236938477
2017-08-26,23.158777236938477
2017-08-27,23.158777236938477
2017-08-28,23.158777236938477
2017-08-29,23.158777236938477
2017-08-30,23.158777236938477
2017-08-31,23.158777236938477
2017-09-01,23.28016471862793
2017-09-02,23.28016471862793
2017-09-03,23.28016471862793
2017-09-04,23.28016471862793
2017-09-05,23.28016471862793
2017-09-06,23.28016471862793
2017-09-07,23.28016471862793
2017-09-08,23.28016471862793
2017-09-09,23.28016471862793
2017-09-10,23.28016471862793
2017-09-11,23.28016471862793
2017-09-12,23.28016471862793
2017-09-13,23.28016471862793
2017-09-14,23.28016471862793
2017-09-15,23.28016471862793
2017-09-16,23.28016471862793
2017-09-17,23.28016471862793
2017-09-18,23.28016471862793
2017-09-19,23.28016471862793
2017-09-20,23.28016471862793
2017-09-21,23.28016471862793
2017-09-22,23.28016471862793
2017-09-23,23.28016471862793
2017-09-24,23.28016471862793
2017-09-25,23.28016471862793
2017-09-26,23.28016471862793
2017-09-27,23.28016471862793
2017-09-28,23.28016471862793
2017-09-29,23.28016471862793
2017-09-30,23.28016471862793
2017-10-01,23.673004150390625
2017-10-02,23.673004150390625
2017-10-03,23.673004150390625
2017-10-04,23.673004150390625
2017-10-05,23.673004150390625
2017-10-06,23.673004150390625
2017-10-07,23.673004150390625
2017-10-08,23.673004150390625
2017-10-09,23.673004150390625
2017-10-10,23.673004150390625
2017-10-11,23.673004150390625
2017-10-12,23.673004150390625
2017-10-13,23.673004150390625
2017-10-14,23.673004150390625
2017-10-15,23.673004150390625
2017-10-16,23.673004150390625
2017-10-17,23.673004150390625
2017-10-18,23.673004150390625
2017-10-19,23.673004150390625
2017-10-20,23.673004150390625
2017-10-21,23.673004150390625
2017-10-22,23.673004150390625
2017-10-23,23.673004150390625
2017-10-24,23.673004150390625
2017-10-25,23.673004150390625
2017-10-26,23.673004150390625
2017-10-27,23.673004150390625
2017-10-28,23.673004150390625
2017-10-29,23.673004150390625
2017-10-30,23.673004150390625
2017-10-31,23.673004150390625
2017-11-01,23.806236267089844
2017-11-02,23.806236267089844
2017-11-03,23.806236267089844
2017-11-04,23.806236267089844
2017-11-05,23.806236267089844
2017-11-06,23.806236267089844
2017-11-07,23.806236267089844
2017-11-08,23.806236267089844
2017-11-09,23.806236267089844
2017-11-10,23.806236267089844
2017-11-11,23.806236267089844
2017-11-12,23.806236267089844
2017-11-13,23.806236267089844
2017-11-14,23.806236267089844
2017-11-15,23.806236267089844
2017-11-16,23.806236267089844
2017-11-17,23.806236267089844
2017-11-18,23.806236267089844
2017-11-19,23.806236267089844
2017-11-20,23.806236267089844
2017-11-21,23.806236267089844
2017-11-22,23.806236267089844
2017-11-23,23.806236267089844
2017-11-24,23.806236267089844
2017-11-25,23.806236267089844
2017-11-26,23.806236267089844
2017-11-27,23.806236267089844
2017-11-28,23.806236267089844
2017-11-29,23.806236267089844
2017-11-30,23.806236267089844
2017-12-01,24.247724533081055
2017-12-02,24.247724533081055
2017-12-03,24.247724533081055
2017-12-04,24.247724533081055
2017-12-05,24.247724533081055
2017-12-06,24.247724533081055
2017-12-07,24.247724533081055
2017-12-08,24.247724533081055
2017-12-09,24.247724533081055
2017-12-10,24.247724533081055
2017-12-11,24.247724533081055
2017-12-12,24.247724533081055
2017-12-13,24.247724533081055
2017-12-14,24.247724533081055
2017-12-15,24.247724533081055
2017-12-16,24.247724533081055
2017-12-17,24.247724533081055
2017-12-18,24.247724533081055
2017-12-19,24.247724533081055
2017-12-20,24.247724533081055
2017-12-21,24.247724533081055
2017-12-22,24.247724533081055
2017-12-23,24.247724533081055
2017-12-24,24.247724533081055
2017-12-25,24.247724533081055
2017-12-26,24.247724533081055
2017-12-27,24.247724533081055
2017-12-28,24.247724533081055
2017-12-29,24.247724533081055
2017-12-30,24.247724533081055
2017-12-31,24.247724533081055
2018-01-01,24.96837615966797
2018-01-02,24.96837615966797
2018-01-03,24.96837615966797
2018-01-04,24.96837615966797
2018-01-05,24.96837615966797
2018-01-06,24.96837615966797
2018-01-07,24.96837615966797
2018-01-08,24.96837615966797
2018-01-09,24.96837615966797
2018-01-10,24.96837615966797
2018-01-11,24.96837615966797
2018-01-12,24.96837615966797
2018-01-13,24.96837615966797
2018-01-14,24.96837615966797
2018-01-15,24.96837615966797
2018-01-16,24.96837615966797
2018-01-17,24.96837615966797
2018-01-18,24.96837615966797
2018-01-19,24.96837615966797
2018-01-20,24.96837615966797
2018-01-21,24.96837615966797
2018-01-22,24.96837615966797
2018-01-23,24.96837615966797
2018-01-24,24.96837615966797
2018-01-25,24.96837615966797
2018-01-26,24.96837615966797
2018-01-27,24.96837615966797
2018-01-28,24.96837615966797
2018-01-29,24.96837615966797
2018-01-30,24.96837615966797
2018-01-31,24.96837615966797
2018-02-01,23.81582260131836
2018-02-02,23.81582260131836
2018-02-03,23.81582260131836
2018-02-04,23.81582260131836
2018-02-05,23.81582260131836
2018-02-06,23.81582260131836
2018-02-07,23.81582260131836
2018-02-08,23.81582260131836
2018-02-09,23.81582260131836
2018-02-10,23.81582260131836
2018-02-11,23.81582260131836
2018-02-12,23.81582260131836
2018-02-13,23.81582260131836
2018-02-14,23.81582260131836
2018-02-15,23.81582260131836
2018-02-16,23.81582260131836
2018-02-17,23.81582260131836
2018-02-18,23.81582260131836
2018-02-19,23.81582260131836
2018-02-20,23.81582260131836
2018-02-21,23.81582260131836
2018-02-22,23.81582260131836
2018-02-23,23.81582260131836
2018-02-24,23.81582260131836
2018-02-25,23.81582260131836
2018-02-26,23.81582260131836
2018-02-27,23.81582260131836
2018-02-28,23.81582260131836
2018-03-01,23.412769317626953
2018-03-02,23.412769317626953
2018-03-03,23.412769317626953
2018-03-04,23.412769317626953
2018-03-05,23.412769317626953
2018-03-06,23.412769317626953
2018-03-07,23.412769317626953
2018-03-08,23.412769317626953
2018-03-09,23.412769317626953
2018-03-10,23.412769317626953
2018-03-11,23.412769317626953
2018-03-12,23.412769317626953
2018-03-13,23.412769317626953
2018-03-14,23.412769317626953
2018-03-15,23.412769317626953
2018-03-16,23.412769317626953
2018-03-17,23.412769317626953
2018-03-18,23.412769317626953
2018-03-19,23.412769317626953
2018-03-20,23.412769317626953
2018-03-21,23.412769317626953
2018-03-22,23.412769317626953
2018-03-23,23.412769317626953
2018-03-24,23.412769317626953
2018-03-25,23.412769317626953
2018-03-26,23.412769317626953
2018-03-27,23.412769317626953
2018-03-28,23.412769317626953
2018-03-29,23.412769317626953
2018-03-30,23.412769317626953
2018-03-31,23.412769317626953
2018-04-01,22.52911949157715
2018-04-02,22.52911949157715
2018-04-03,22.52911949157715
2018-04-04,22.52911949157715
2018-04-05,22.52911949157715
2018-04-06,22.52911949157715
2018-04-07,22.52911949157715
2018-04-08,22.52911949157715
2018-04-09,22.52911949157715
2018-04-10,22.52911949157715
2018-04-11,22.52911949157715
2018-04-12,22.52911949157715
2018-04-13,22.52911949157715
2018-04-14,22.52911949157715
2018-04-15,22.52911949157715
2018-04-16,22.52911949157715
2018-04-17,22.52911949157715
2018-04-18,22.52911949157715
2018-04-19,22.52911949157715
2018-04-20,22.52911949157715
2018-04-21,22.52911949157715
2018-04-22,22.52911949157715
2018-04-23,22.52911949157715
2018-04-24,22.52911949157715
2018-04-25,22.52911949157715
2018-04-26,22.52911949157715
2018-04-27,22.52911949157715
2018-04-28,22.52911949157715
2018-04-29,22.52911949157715
2018-04-30,22.52911949157715
2018-05-01,22.487430572509766
2018-05-02,22.487430572509766
2018-05-03,22.487430572509766
2018-05-04,22.487430572509766
2018-05-05,22.487430572509766
2018-05-06,22.487430572509766
2018-05-07,22.487430572509766
2018-05-08,22.487430572509766
2018-05-09,22.487430572509766
2018-05-10,22.487430572509766
2018-05-11,22.487430572509766
2018-05-12,22.487430572509766
2018-05-13,22.487430572509766
2018-05-14,22.487430572509766
2018-05-15,22.487430572509766
2018-05-16,22.487430572509766
2018-05-17,22.487430572509766
2018-05-18,22.487430572509766
2018-05-19,22.487430572509766
2018-05-20,22.487430572509766
2018-05-21,22.487430572509766
2018-05-22,22.487430572509766
2018-05-23,22.487430572509766
2018-05-24,22.487430572509766
2018-05-25,22.487430572509766
2018-05-26,22.487430572509766
2018-05-27,22.487430572509766
2018-05-28,22.487430572509766
2018-05-29,22.487430572509766
2018-05-30,22.487430572509766
2018-05-31,22.487430572509766
2018-06-01,22.488161087036133
2018-06-02,22.488161087036133
2018-06-03,22.488161087036133
2018-06-04,22.488161087036133
2018-06-05,22.488161087036133
2018-06-06,22.488161087036133
2018-06-07,22.488161087036133
2018-06-08,22.488161087036133
2018-06-09,22.488161087036133
2018-06-10,22.488161087036133
2018-06-11,22.488161087036133
2018-06-12,22.488161087036133
2018-06-13,22.488161087036133
2018-06-14,22.488161087036133
2018-06-15,22.488161087036133
2018-06-16,22.488161087036133
2018-06-17,22.488161087036133
2018-06-18,22.488161087036133
2018-06-19,22.488161087036133
2018-06-20,22.488161087036133
2018-06-21,22.488161087036133
2018-06-22,22.488161087036133
2018-06-23,22.488161087036133
2018-06-24,22.488161087036133
2018-06-25,22.488161087036133
2018-06-26,22.488161087036133
2018-06-27,22.488161087036133
2018-06-28,22.488161087036133
2018-06-29,22.488161087036133
2018-06-30,22.488161087036133
2018-07-01,22.328279495239258
2018-07-02,22.328279495239258
2018-07-03,22.328279495239258
2018-07-04,22.328279495239258
2018-07-05,22.328279495239258
2018-07-06,22.328279495239258
2018-07-07,22.328279495239258
2018-07-08,22.328279495239258
2018-07-09,22.328279495239258
2018-07-10,22.328279495239258
2018-07-11,22.328279495239258
2018-07-12,22.328279495239258
2018-07-13,22.328279495239258
2018-07-14,22.328279495239258
2018-07-15,22.328279495239258
2018-07-16,22.328279495239258
2018-07-17,22.328279495239258
2018-07-18,22.328279495239258
2018-07-19,22.328279495239258
2018-07-20,22.328279495239258
2018-07-21,22.328279495239258
2018-07-22,22.328279495239258
2018-07-23,22.328279495239258
2018-07-24,22.328279495239258
2018-07-25,22.328279495239258
2018-07-26,22.328279495239258
2018-07-27,22.328279495239258
2018-07-28,22.328279495239258
2018-07-29,22.328279495239258
2018-07-30,22.328279495239258
2018-07-31,22.328279495239258
2018-08-01,22.369827270507812
2018-08-02,22.369827270507812
2018-08-03,22.369827270507812
2018-08-04,22.369827270507812
2018-08-05,22.369827270507812
2018-08-06,22.369827270507812
2018-08-07,22.369827270507812
2018-08-08,22.369827270507812
2018-08-09,22.369827270507812
2018-08-10,22.369827270507812
2018-08-11,22.369827270507812
2018-08-12,22.369827270507812
2018-08-13,22.369827270507812
2018-08-14,22.369827270507812
2018-08-15,22.369827270507812
2018-08-16,22.369827270507812
2018-08-17,22.369827270507812
2018-08-18,22.369827270507812
2018-08-19,22.369827270507812
2018-08-20,22.369827270507812
2018-08-21,22.369827270507812
2018-08-22,22.369827270507812
2018-08-23,22.369827270507812
2018-08-24,22.369827270507812
2018-08-25,22.369827270507812
2018-08-26,22.369827270507812
2018-08-27,22.369827270507812
2018-08-28,22.369827270507812
2018-08-29,22.369827270507812
2018-08-30,22.369827270507812
2018-08-31,22.369827270507812
2018-09-01,22.252473831176758
2018-09-02,22.252473831176758
2018-09-03,22.252473831176758
2018-09-04,22.252473831176758
2018-09-05,22.252473831176758
2018-09-06,22.252473831176758
2018-09-07,22.252473831176758
2018-09-08,22.252473831176758
2018-09-09,22.252473831176758
2018-09-10,22.252473831176758
2018-09-11,22.252473831176758
2018-09-12,22.252473831176758
2018-09-13,22.252473831176758
2018-09-14,22.252473831176758
2018-09-15,22.252473831176758
2018-09-16,22.252473831176758
2018-09-17,22.252473831176758
2018-09-18,22.252473831176758
2018-09-19,22.252473831176758
2018-09-20,22.252473831176758
2018-09-21,22.252473831176758
2018-09-22,22.252473831176758
2018-09-23,22.252473831176758
2018-09-24,22.252473831176758
2018-09-25,22.252473831176758
2018-09-26,22.252473831176758
2018-09-27,22.252473831176758
2018-09-28,22.252473831176758
2018-09-29,22.252473831176758
2018-09-30,22.252473831176758
2018-10-01,21.253860473632812
2018-10-02,21.253860473632812
2018-10-03,21.253860473632812
2018-10-04,21.253860473632812
2018-10-05,21.253860473632812
2018-10-06,21.253860473632812
2018-10-07,21.253860473632812
2018-10-08,21.253860473632812
2018-10-09,21.253860473632812
2018-10-10,21.253860473632812
2018-10-11,21.253860473632812
2018-10-12,21.253860473632812
2018-10-13,21.253860473632812
2018-10-14,21.253860473632812
2018-10-15,21.253860473632812
2018-10-16,21.253860473632812
2018-10-17,21.253860473632812
2018-10-18,21.253860473632812
2018-10-19,21.253860473632812
2018-10-20,21.253860473632812
2018-10-21,21.253860473632812
2018-10-22,21.253860473632812
2018-10-23,21.253860473632812
2018-10-24,21.253860473632812
2018-10-25,21.253860473632812
2018-10-26,21.253860473632812
2018-10-27,21.253860473632812
2018-10-28,21.253860473632812
2018-10-29,21.253860473632812
2018-10-30,21.253860473632812
2018-10-31,21.253860473632812
2018-11-01,20.67386245727539
2018-11-02,20.67386245727539
2018-11-03,20.67386245727539
2018-11-04,20.67386245727539
2018-11-05,20.67386245727539
2018-11-06,20.67386245727539
2018-11-07,20.67386245727539
2018-11-08,20.67386245727539
2018-11-09,20.67386245727539
2018-11-10,20.67386245727539
2018-11-11,20.67386245727539
2018-11-12,20.67386245727539
2018-11-13,20.67386245727539
2018-11-14,20.67386245727539
2018-11-15,20.67386245727539
2018-11-16,20.67386245727539
2018-11-17,20.67386245727539
2018-11-18,20.67386245727539
2018-11-19,20.67386245727539
2018-11-20,20.67386245727539
2018-11-21,20.67386245727539
2018-11-22,20.67386245727539
2018-11-23,20.67386245727539
2018-11-24,20.67386245727539
2018-11-25,20.67386245727539
2018-11-26,20.67386245727539
2018-11-27,20.67386245727539
2018-11-28,20.67386245727539
2018-11-29,20.67386245727539
2018-11-30,20.67386245727539
2018-12-01,19.39202308654785
2018-12-02,19.39202308654785
2018-12-03,19.39202308654785
2018-12-04,19.39202308654785
2018-12-05,19.39202308654785
2018-12-06,19.39202308654785
2018-12-07,19.39202308654785
2018-12-08,19.39202308654785
2018-12-09,19.39202308654785
2018-12-10,19.39202308654785
2018-12-11,19.39202308654785
2018-12-12,19.39202308654785
2018-12-13,19.39202308654785
2018-12-14,19.39202308654785
2018-12-15,19.39202308654785
2018-12-16,19.39202308654785
2018-12-17,19.39202308654785
2018-12-18,19.39202308654785
2018-12-19,19.39202308654785
2018-12-20,19.39202308654785
2018-12-21,19.39202308654785
2018-12-22,19.39202308654785
2018-12-23,19.39202308654785
2018-12-24,19.39202308654785
2018-12-25,19.39202308654785
2018-12-26,19.39202308654785
2018-12-27,19.39202308654785
2018-12-28,19.39202308654785
2018-12-29,19.39202308654785
2018-12-30,19.39202308654785
2018-12-31,19.39202308654785
2019-01-01,19.596086502075195
2019-01-02,19.596086502075195
2019-01-03,19.596086502075195
2019-01-04,19.596086502075195
2019-01-05,19.596086502075195
2019-01-06,19.596086502075195
2019-01-07,19.596086502075195
2019-01-08,19.596086502075195
2019-01-09,19.596086502075195
2019-01-10,19.596086502075195
2019-01-11,19.596086502075195
2019-01-12,19.596086502075195
2019-01-13,19.596086502075195
2019-01-14,19.596086502075195
2019-01-15,19.596086502075195
2019-01-16,19.596086502075195
2019-01-17,19.596086502075195
2019-01-18,19.596086502075195
2019-01-19,19.596086502075195
2019-01-20,19.596086502075195
2019-01-21,19.596086502075195
2019-01-22,19.596086502075195
2019-01-23,19.596086502075195
2019-01-24,19.596086502075195
2019-01-25,19.596086502075195
2019-01-26,19.596086502075195
2019-01-27,19.596086502075195
2019-01-28,19.596086502075195
2019-01-29,19.596086502075195
2019-01-30,19.596086502075195
2019-01-31,19.596086502075195
2019-02-01,20.6011905670166
2019-02-02,20.6011905670166
2019-02-03,20.6011905670166
2019-02-04,20.6011905670166
2019-02-05,20.6011905670166
2019-02-06,20.6011905670166
2019-02-07,20.6011905670166
2019-02-08,20.6011905670166
2019-02-09,20.6011905670166
2019-02-10,20.6011905670166
2019-02-11,20.6011905670166
2019-02-12,20.6011905670166
2019-02-13,20.6011905670166
2019-02-14,20.6011905670166
2019-02-15,20.6011905670166
2019-02-16,20.6011905670166
2019-02-17,20.6011905670166
2019-02-18,20.6011905670166
2019-02-19,20.6011905670166
2019-02-20,20.6011905670166
2019-02-21,20.6011905670166
2019-02-22,20.6011905670166
2019-02-23,20.6011905670166
2019-02-24,20.6011905670166
2019-02-25,20.6011905670166
2019-02-26,20.6011905670166
2019-02-27,20.6011905670166
2019-02-28,20.6011905670166
2019-03-01,20.864498138427734
2019-03-02,20.864498138427734
2019-03-03,20.864498138427734
2019-03-04,20.864498138427734
2019-03-05,20.864498138427734
2019-03-06,20.864498138427734
2019-03-07,20.864498138427734
2019-03-08,20.864498138427734
2019-03-09,20.864498138427734
2019-03-10,20.864498138427734
2019-03-11,20.864498138427734
2019-03-12,20.864498138427734
2019-03-13,20.864498138427734
2019-03-14,20.864498138427734
2019-03-15,20.864498138427734
2019-03-16,20.864498138427734
2019-03-17,20.864498138427734
2019-03-18,20.864498138427734
2019-03-19,20.864498138427734
2019-03-20,20.864498138427734
2019-03-21,20.864498138427734
2019-03-22,20.864498138427734
2019-03-23,20.864498138427734
2019-03-24,20.864498138427734
2019-03-25,20.864498138427734
2019-03-26,20.864498138427734
2019-03-27,20.864498138427734
2019-03-28,20.864498138427734
2019-03-29,20.864498138427734
2019-03-30,20.864498138427734
2019-03-31,20.864498138427734
2019-04-01,21.560203552246094
2019-04-02,21.560203552246094
2019-04-03,21.560203552246094
2019-04-04,21.560203552246094
2019-04-05,21.560203552246094
2019-04-06,21.560203552246094
2019-04-07,21.560203552246094
2019-04-08,21.560203552246094
2019-04-09,21.560203552246094
2019-04-10,21.560203552246094
2019-04-11,21.560203552246094
2019-04-12,21.560203552246094
2019-04-13,21.560203552246094
2019-04-14,21.560203552246094
2019-04-15,21.560203552246094
2019-04-16,21.560203552246094
2019-04-17,21.560203552246094
2019-04-18,21.560203552246094
2019-04-19,21.560203552246094
2019-04-20,21.560203552246094
2019-04-21,21.560203552246094
2019-04-22,21.560203552246094
2019-04-23,21.560203552246094
2019-04-24,21.560203552246094
2019-04-25,21.560203552246094
2019-04-26,21.560203552246094
2019-04-27,21.560203552246094
2019-04-28,21.560203552246094
2019-04-29,21.560203552246094
2019-04-30,21.560203552246094
2019-05-01,21.149656295776367
2019-05-02,21.149656295776367
2019-05-03,21.149656295776367
2019-05-04,21.149656295776367
2019-05-05,21.149656295776367
2019-05-06,21.149656295776367
2019-05-07,21.149656295776367
2019-05-08,21.149656295776367
2019-05-09,21.149656295776367
2019-05-10,21.149656295776367
2019-05-11,21.149656295776367
2019-05-12,21.149656295776367
2019-05-13,21.149656295776367
2019-05-14,21.149656295776367
2019-05-15,21.149656295776367
2019-05-16,21.149656295776367
2019-05-17,21.149656295776367
2019-05-18,21.149656295776367
2019-05-19,21.149656295776367
2019-05-20,21.149656295776367
2019-05-21,21.149656295776367
2019-05-22,21.149656295776367
2019-05-23,21.149656295776367
2019-05-24,21.149656295776367
2019-05-25,21.149656295776367
2019-05-26,21.149656295776367
2019-05-27,21.149656295776367
2019-05-28,21.149656295776367
2019-05-29,21.149656295776367
2019-05-30,21.149656295776367
2019-05-31,21.149656295776367
2019-06-01,21.365934371948242
2019-06-02,21.365934371948242
2019-06-03,21.365934371948242
2019-06-04,21.365934371948242
2019-06-05,21.365934371948242
2019-06-06,21.365934371948242
2019-06-07,21.365934371948242
2019-06-08,21.365934371948242
2019-06-09,21.365934371948242
2019-06-10,21.365934371948242
2019-06-11,21.365934371948242
2019-06-12,21.365934371948242
2019-06-13,21.365934371948242
2019-06-14,21.365934371948242
2019-06-15,21.365934371948242
2019-06-16,21.365934371948242
2019-06-17,21.365934371948242
2019-06-18,21.365934371948242
2019-06-19,21.365934371948242
2019-06-20,21.365934371948242
2019-06-21,21.365934371948242
2019-06-22,21.365934371948242
2019-06-23,21.365934371948242
2019-06-24,21.365934371948242
2019-06-25,21.365934371948242
2019-06-26,21.365934371948242
2019-06-27,21.365934371948242
2019-06-28,21.365934371948242
2019-06-29,21.365934371948242
2019-06-30,21.365934371948242
2019-07-01,22.279251098632812
2019-07-02,22.279251098632812
2019-07-03,22.279251098632812
2019-07-04,22.279251098632812
2019-07-05,22.279251098632812
2019-07-06,22.279251098632812
2019-07-07,22.279251098632812
2019-07-08,22.279251098632812
2019-07-09,22.279251098632812
2019-07-10,22.279251098632812
2019-07-11,22.279251098632812
2019-07-12,22.279251098632812
2019-07-13,22.279251098632812
2019-07-14,22.279251098632812
2019-07-15,22.279251098632812
2019-07-16,22.279251098632812
2019-07-17,22.279251098632812
2019-07-18,22.279251098632812
2019-07-19,22.279251098632812
2019-07-20,22.279251098632812
2019-07-21,22.279251098632812
2019-07-22,22.279251098632812
2019-07-23,22.279251098632812
2019-07-24,22.279251098632812
2019-07-25,22.279251098632812
2019-07-26,22.279251098632812
2019-07-27,22.279251098632812
2019-07-28,22.279251098632812
2019-07-29,22.279251098632812
2019-07-30,22.279251098632812
2019-07-31,22.279251098632812
2019-08-01,21.673259735107422
2019-08-02,21.673259735107422
2019-08-03,21.673259735107422
2019-08-04,21.673259735107422
2019-08-05,21.673259735107422
2019-08-06,21.673259735107422
2019-08-07,21.673259735107422
2019-08-08,21.673259735107422
2019-08-09,21.673259735107422
2019-08-10,21.673259735107422
2019-08-11,21.673259735107422
2019-08-12,21.673259735107422
2019-08-13,21.673259735107422
2019-08-14,21.673259735107422
2019-08-15,21.673259735107422
2019-08-16,21.673259735107422
2019-08-17,21.673259735107422
2019-08-18,21.673259735107422
2019-08-19,21.673259735107422
2019-08-20,21.673259735107422
2019-08-21,21.673259735107422
2019-08-22,21.673259735107422
2019-08-23,21.673259735107422
2019-08-24,21.673259735107422
2019-08-25,21.673259735107422
2019-08-26,21.673259735107422
2019-08-27,21.673259735107422
2019-08-28,21.673259735107422
2019-08-29,21.673259735107422
2019-08-30,21.673259735107422
2019-08-31,21.673259735107422
2019-09-01,22.439096450805664
2019-09-02,22.439096450805664
2019-09-03,22.439096450805664
2019-09-04,22.439096450805664
2019-09-05,22.439096450805664
2019-09-06,22.439096450805664
2019-09-07,22.439096450805664
2019-09-08,22.439096450805664
2019-09-09,22.439096450805664
2019-09-10,22.439096450805664
2019-09-11,22.439096450805664
2019-09-12,22.439096450805664
2019-09-13,22.439096450805664
2019-09-14,22.439096450805664
2019-09-15,22.439096450805664
2019-09-16,22.439096450805664
2019-09-17,22.439096450805664
2019-09-18,22.439096450805664
2019-09-19,22.439096450805664
2019-09-20,22.439096450805664
2019-09-21,22.439096450805664
2019-09-22,22.439096450805664
2019-09-23,22.439096450805664
2019-09-24,22.439096450805664
2019-09-25,22.439096450805664
2019-09-26,22.439096450805664
2019-09-27,22.439096450805664
2019-09-28,22.439096450805664
2019-09-29,22.439096450805664
2019-09-30,22.439096450805664
2019-10-01,22.042194366455078
2019-10-02,22.042194366455078
2019-10-03,22.042194366455078
2019-10-04,22.042194366455078
2019-10-05,22.042194366455078
2019-10-06,22.042194366455078
2019-10-07,22.042194366455078
2019-10-08,22.042194366455078
2019-10-09,22.042194366455078
2019-10-10,22.042194366455078
2019-10-11,22.042194366455078
2019-10-12,22.042194366455078
2019-10-13,22.042194366455078
2019-10-14,22.042194366455078
2019-10-15,22.042194366455078
2019-10-16,22.042194366455078
2019-10-17,22.042194366455078
2019-10-18,22.042194366455078
2019-10-19,22.042194366455078
2019-10-20,22.042194366455078
2019-10-21,22.042194366455078
2019-10-22,22.042194366455078
2019-10-23,22.042194366455078
2019-10-24,22.042194366455078
2019-10-25,22.042194366455078
2019-10-26,22.042194366455078
2019-10-27,22.042194366455078
2019-10-28,22.042194366455078
2019-10-29,22.042194366455078
2019-10-30,22.042194366455078
2019-10-31,22.042194366455078
2019-11-01,22.617311477661133
2019-11-02,22.617311477661133
2019-11-03,22.617311477661133
2019-11-04,22.617311477661133
2019-11-05,22.617311477661133
2019-11-06,22.617311477661133
2019-11-07,22.617311477661133
2019-11-08,22.617311477661133
2019-11-09,22.617311477661133
2019-11-10,22.617311477661133
2019-11-11,22.617311477661133
2019-11-12,22.617311477661133
2019-11-13,22.617311477661133
2019-11-14,22.617311477661133
2019-11-15,22.617311477661133
2019-11-16,22.617311477661133
2019-11-17,22.617311477661133
2019-11-18,22.617311477661133
2019-11-19,22.617311477661133
2019-11-20,22.617311477661133
2019-11-21,22.617311477661133
2019-11-22,22.617311477661133
2019-11-23,22.617311477661133
2019-11-24,22.617311477661133
2019-11-25,22.617311477661133
2019-11-26,22.617311477661133
2019-11-27,22.617311477661133
2019-11-28,22.617311477661133
2019-11-29,22.617311477661133
2019-11-30,22.617311477661133
2019-12-01,22.77729606628418
2019-12-02,22.77729606628418
2019-12-03,22.77729606628418
2019-12-04,22.77729606628418
2019-12-05,22.77729606628418
2019-12-06,22.77729606628418
2019-12-07,22.77729606628418
2019-12-08,22.77729606628418
2019-12-09,22.77729606628418
2019-12-10,22.77729606628418
2019-12-11,22.77729606628418
2019-12-12,22.77729606628418
2019-12-13,22.77729606628418
2019-12-14,22.77729606628418
2019-12-15,22.77729606628418
2019-12-16,22.77729606628418
2019-12-17,22.77729606628418
2019-12-18,22.77729606628418
2019-12-19,22.77729606628418
2019-12-20,22.77729606628418
2019-12-21,22.77729606628418
2019-12-22,22.77729606628418
2019-12-23,22.77729606628418
2019-12-24,22.77729606628418
2019-12-25,22.77729606628418
2019-12-26,22.77729606628418
2019-12-27,22.77729606628418
2019-12-28,22.77729606628418
2019-12-29,22.77729606628418
2019-12-30,22.77729606628418
2019-12-31,22.77729606628418
2020-01-01,24.880735397338867
2020-01-02,24.880735397338867
2020-01-03,24.880735397338867
2020-01-04,24.880735397338867
2020-01-05,24.880735397338867
2020-01-06,24.880735397338867
2020-01-07,24.880735397338867
2020-01-08,24.880735397338867
2020-01-09,24.880735397338867
2020-01-10,24.880735397338867
2020-01-11,24.880735397338867
2020-01-12,24.880735397338867
2020-01-13,24.880735397338867
2020-01-14,24.880735397338867
2020-01-15,24.880735397338867
2020-01-16,24.880735397338867
2020-01-17,24.880735397338867
2020-01-18,24.880735397338867
2020-01-19,24.880735397338867
2020-01-20,24.880735397338867
2020-01-21,24.880735397338867
2020-01-22,24.880735397338867
2020-01-23,24.880735397338867
2020-01-24,24.880735397338867
2020-01-25,24.880735397338867
2020-01-26,24.880735397338867
2020-01-27,24.880735397338867
2020-01-28,24.880735397338867
2020-01-29,24.880735397338867
2020-01-30,24.880735397338867
2020-01-31,24.880735397338867
2020-02-01,26.42072105407715
2020-02-02,26.42072105407715
2020-02-03,26.42072105407715
2020-02-04,26.42072105407715
2020-02-05,26.42072105407715
2020-02-06,26.42072105407715
2020-02-07,26.42072105407715
2020-02-08,26.42072105407715
2020-02-09,26.42072105407715
2020-02-10,26.42072105407715
2020-02-11,26.42072105407715
2020-02-12,26.42072105407715
2020-02-13,26.42072105407715
2020-02-14,26.42072105407715
2020-02-15,26.42072105407715
2020-02-16,26.42072105407715
2020-02-17,26.42072105407715
2020-02-18,26.42072105407715
2020-02-19,26.42072105407715
2020-02-20,26.42072105407715
2020-02-21,26.42072105407715
2020-02-22,26.42072105407715
2020-02-23,26.42072105407715
2020-02-24,26.42072105407715
2020-02-25,26.42072105407715
2020-02-26,26.42072105407715
2020-02-27,26.42072105407715
2020-02-28,26.42072105407715
2020-02-29,26.42072105407715
2020-03-01,22.80059814453125
2020-03-02,22.80059814453125
2020-03-03,22.80059814453125
2020-03-04,22.80059814453125
2020-03-05,22.80059814453125
2020-03-06,22.80059814453125
2020-03-07,22.80059814453125
2020-03-08,22.80059814453125
2020-03-09,22.80059814453125
2020-03-10,22.80059814453125
2020-03-11,22.80059814453125
2020-03-12,22.80059814453125
2020-03-13,22.80059814453125
2020-03-14,22.80059814453125
2020-03-15,22.80059814453125
2020-03-16,22.80059814453125
2020-03-17,22.80059814453125
2020-03-18,22.80059814453125
2020-03-19,22.80059814453125
2020-03-20,22.80059814453125
2020-03-21,22.80059814453125
2020-03-22,22.80059814453125
2020-03-23,22.80059814453125
2020-03-24,22.80059814453125
2020-03-25,22.80059814453125
2020-03-26,22.80059814453125
2020-03-27,22.80059814453125
2020-03-28,22.80059814453125
2020-03-29,22.80059814453125
2020-03-30,22.80059814453125
2020-03-31,22.80059814453125
2020-04-01,24.965879440307617
2020-04-02,24.965879440307617
2020-04-03,24.965879440307617
2020-04-04,24.965879440307617
2020-04-05,24.965879440307617
2020-04-06,24.965879440307617
2020-04-07,24.965879440307617
2020-04-08,24.965879440307617
2020-04-09,24.965879440307617
2020-04-10,24.965879440307617
2020-04-11,24.965879440307617
2020-04-12,24.965879440307617
2020-04-13,24.965879440307617
2020-04-14,24.965879440307617
2020-04-15,24.965879440307617
2020-04-16,24.965879440307617
2020-04-17,24.965879440307617
2020-04-18,24.965879440307617
2020-04-19,24.965879440307617
2020-04-20,24.965879440307617
2020-04-21,24.965879440307617
2020-04-22,24.965879440307617
2020-04-23,24.965879440307617
2020-04-24,24.965879440307617
2020-04-25,24.965879440307617
2020-04-26,24.965879440307617
2020-04-27,24.965879440307617
2020-04-28,24.965879440307617
2020-04-29,24.965879440307617
2020-04-30,24.965879440307617
2020-05-01,27.82440757751465
2020-05-02,27.82440757751465
2020-05-03,27.82440757751465
2020-05-04,27.82440757751465
2020-05-05,27.82440757751465
2020-05-06,27.82440757751465
2020-05-07,27.82440757751465
2020-05-08,27.82440757751465
2020-05-09,27.82440757751465
2020-05-10,27.82440757751465
2020-05-11,27.82440757751465
2020-05-12,27.82440757751465
2020-05-13,27.82440757751465
2020-05-14,27.82440757751465
2020-05-15,27.82440757751465
2020-05-16,27.82440757751465
2020-05-17,27.82440757751465
2020-05-18,27.82440757751465
2020-05-19,27.82440757751465
2020-05-20,27.82440757751465
2020-05-21,27.82440757751465
2020-05-22,27.82440757751465
2020-05-23,27.82440757751465
2020-05-24,27.82440757751465
2020-05-25,27.82440757751465
2020-05-26,27.82440757751465
2020-05-27,27.82440757751465
2020-05-28,27.82440757751465
2020-05-29,27.82440757751465
2020-05-30,27.82440757751465
2020-05-31,27.82440757751465
2020-06-01,31.28752326965332
2020-06-02,31.28752326965332
2020-06-03,31.28752326965332
2020-06-04,31.28752326965332
2020-06-05,31.28752326965332
2020-06-06,31.28752326965332
2020-06-07,31.28752326965332
2020-06-08,31.28752326965332
2020-06-09,31.28752326965332
2020-06-10,31.28752326965332
2020-06-11,31.28752326965332
2020-06-12,31.28752326965332
2020-06-13,31.28752326965332
2020-06-14,31.28752326965332
2020-06-15,31.28752326965332
2020-06-16,31.28752326965332
2020-06-17,31.28752326965332
2020-06-18,31.28752326965332
2020-06-19,31.28752326965332
2020-06-20,31.28752326965332
2020-06-21,31.28752326965332
2020-06-22,31.28752326965332
2020-06-23,31.28752326965332
2020-06-24,31.28752326965332
2020-06-25,31.28752326965332
2020-06-26,31.28752326965332
2020-06-27,31.28752326965332
2020-06-28,31.28752326965332
2020-06-29,31.28752326965332
2020-06-30,31.28752326965332
2020-07-01,32.43513870239258
2020-07-02,32.43513870239258
2020-07-03,32.43513870239258
2020-07-04,32.43513870239258
2020-07-05,32.43513870239258
2020-07-06,32.43513870239258
2020-07-07,32.43513870239258
2020-07-08,32.43513870239258
2020-07-09,32.43513870239258
2020-07-10,32.43513870239258
2020-07-11,32.43513870239258
2020-07-12,32.43513870239258
2020-07-13,32.43513870239258
2020-07-14,32.43513870239258
2020-07-15,32.43513870239258
2020-07-16,32.43513870239258
2020-07-17,32.43513870239258
2020-07-18,32.43513870239258
2020-07-19,32.43513870239258
2020-07-20,32.43513870239258
2020-07-21,32.43513870239258
2020-07-22,32.43513870239258
2020-07-23,32.43513870239258
2020-07-24,32.43513870239258
2020-07-25,32.43513870239258
2020-07-26,32.43513870239258
2020-07-27,32.43513870239258
2020-07-28,32.43513870239258
2020-07-29,32.43513870239258
2020-07-30,32.43513870239258
2020-07-31,32.43513870239258
2020-08-01,34.4138069152832
2020-08-02,34.4138069152832
2020-08-03,34.4138069152832
2020-08-04,34.4138069152832
2020-08-05,34.4138069152832
2020-08-06,34.4138069152832
2020-08-07,34.4138069152832
2020-08-08,34.4138069152832
2020-08-09,34.4138069152832
2020-08-10,34.4138069152832
2020-08-11,34.4138069152832
2020-08-12,34.4138069152832
2020-08-13,34.4138069152832
2020-08-14,34.4138069152832
2020-08-15,34.4138069152832
2020-08-16,34.4138069152832
2020-08-17,34.4138069152832
2020-08-18,34.4138069152832
2020-08-19,34.4138069152832
2020-08-20,34.4138069152832
2020-08-21,34.4138069152832
2020-08-22,34.4138069152832
2020-08-23,34.4138069152832
2020-08-24,34.4138069152832
2020-08-25,34.4138069152832
2020-08-26,34.4138069152832
2020-08-27,34.4138069152832
2020-08-28,34.4138069152832
2020-08-29,34.4138069152832
2020-08-30,34.4138069152832
2020-08-31,34.4138069152832
2020-09-01,34.26508331298828
2020-09-02,34.26508331298828
2020-09-03,34.26508331298828
2020-09-04,34.26508331298828
2020-09-05,34.26508331298828
2020-09-06,34.26508331298828
2020-09-07,34.26508331298828
2020-09-08,34.26508331298828
2020-09-09,34.26508331298828
2020-09-10,34.26508331298828
2020-09-11,34.26508331298828
2020-09-12,34.26508331298828
2020-09-13,34.26508331298828
2020-09-14,34.26508331298828
2020-09-15,34.26508331298828
2020-09-16,34.26508331298828
2020-09-17,34.26508331298828
2020-09-18,34.26508331298828
2020-09-19,34.26508331298828
2020-09-20,34.26508331298828
2020-09-21,34.26508331298828
2020-09-22,34.26508331298828
2020-09-23,34.26508331298828
2020-09-24,34.26508331298828
2020-09-25,34.26508331298828
2020-09-26,34.26508331298828
2020-09-27,34.26508331298828
2020-09-28,34.26508331298828
2020-09-29,34.26508331298828
2020-09-30,34.26508331298828
2020-10-01,35.29650115966797
2020-10-02,35.29650115966797
2020-10-03,35.29650115966797
2020-10-04,35.29650115966797
2020-10-05,35.29650115966797
2020-10-06,35.29650115966797
2020-10-07,35.29650115966797
2020-10-08,35.29650115966797
2020-10-09,35.29650115966797
2020-10-10,35.29650115966797
2020-10-11,35.29650115966797
2020-10-12,35.29650115966797
2020-10-13,35.29650115966797
2020-10-14,35.29650115966797
2020-10-15,35.29650115966797
2020-10-16,35.29650115966797
2020-10-17,35.29650115966797
2020-10-18,35.29650115966797
2020-10-19,35.29650115966797
2020-10-20,35.29650115966797
2020-10-21,35.29650115966797
2020-10-22,35.29650115966797
2020-10-23,35.29650115966797
2020-10-24,35.29650115966797
2020-10-25,35.29650115966797
2020-10-26,35.29650115966797
2020-10-27,35.29650115966797
2020-10-28,35.29650115966797
2020-10-29,35.29650115966797
2020-10-30,35.29650115966797
2020-10-31,35.29650115966797
2020-11-01,37.164817810058594
2020-11-02,37.164817810058594
2020-11-03,37.164817810058594
2020-11-04,37.164817810058594
2020-11-05,37.164817810058594
2020-11-06,37.164817810058594
2020-11-07,37.164817810058594
2020-11-08,37.164817810058594
2020-11-09,37.164817810058594
2020-11-10,37.164817810058594
2020-11-11,37.164817810058594
2020-11-12,37.164817810058594
2020-11-13,37.164817810058594
2020-11-14,37.164817810058594
2020-11-15,37.164817810058594
2020-11-16,37.164817810058594
2020-11-17,37.164817810058594
2020-11-18,37.164817810058594
2020-11-19,37.164817810058594
2020-11-20,37.164817810058594
2020-11-21,37.164817810058594
2020-11-22,37.164817810058594
2020-11-23,37.164817810058594
2020-11-24,37.164817810058594
2020-11-25,37.164817810058594
2020-11-26,37.164817810058594
2020-11-27,37.164817810058594
2020-11-28,37.164817810058594
2020-11-29,37.164817810058594
2020-11-30,37.164817810058594
2020-12-01,39.25751495361328
2020-12-02,39.25751495361328
2020-12-03,39.25751495361328
2020-12-04,39.25751495361328
2020-12-05,39.25751495361328
2020-12-06,39.25751495361328
2020-12-07,39.25751495361328
2020-12-08,39.25751495361328
2020-12-09,39.25751495361328
2020-12-10,39.25751495361328
2020-12-11,39.25751495361328
2020-12-12,39.25751495361328
2020-12-13,39.25751495361328
2020-12-14,39.25751495361328
2020-12-15,39.25751495361328
2020-12-16,39.25751495361328
2020-12-17,39.25751495361328
2020-12-18,39.25751495361328
2020-12-19,39.25751495361328
2020-12-20,39.25751495361328
2020-12-21,39.25751495361328
2020-12-22,39.25751495361328
2020-12-23,39.25751495361328
2020-12-24,39.25751495361328
2020-12-25,39.25751495361328
2020-12-26,39.25751495361328
2020-12-27,39.25751495361328
2020-12-28,39.25751495361328
2020-12-29,39.25751495361328
2020-12-30,39.25751495361328
2020-12-31,39.25751495361328
2021-01-01,35.9642448425293
2021-01-02,35.9642448425293
2021-01-03,35.9642448425293
2021-01-04,35.9642448425293
2021-01-05,35.9642448425293
2021-01-06,35.9642448425293
2021-01-07,35.9642448425293
2021-01-08,35.9642448425293
2021-01-09,35.9642448425293
2021-01-10,35.9642448425293
2021-01-11,35.9642448425293
2021-01-12,35.9642448425293
2021-01-13,35.9642448425293
2021-01-14,35.9642448425293
2021-01-15,35.9642448425293
2021-01-16,35.9642448425293
2021-01-17,35.9642448425293
2021-01-18,35.9642448425293
2021-01-19,35.9642448425293
2021-01-20,35.9642448425293
2021-01-21,35.9642448425293
2021-01-22,35.9642448425293
2021-01-23,35.9642448425293
2021-01-24,35.9642448425293
2021-01-25,35.9642448425293
2021-01-26,35.9642448425293
2021-01-27,35.9642448425293
2021-01-28,35.9642448425293
2021-01-29,35.9642448425293
2021-01-30,35.9642448425293
2021-01-31,35.9642448425293
2021-02-01,33.23623275756836
2021-02-02,33.23623275756836
2021-02-03,33.23623275756836
2021-02-04,33.23623275756836
2021-02-05,33.23623275756836
2021-02-06,33.23623275756836
2021-02-07,33.23623275756836
2021-02-08,33.23623275756836
2021-02-09,33.23623275756836
2021-02-10,33.23623275756836
2021-02-11,33.23623275756836
2021-02-12,33.23623275756836
2021-02-13,33.23623275756836
2021-02-14,33.23623275756836
2021-02-15,33.23623275756836
2021-02-16,33.23623275756836
2021-02-17,33.23623275756836
2021-02-18,33.23623275756836
2021-02-19,33.23623275756836
2021-02-20,33.23623275756836
2021-02-21,33.23623275756836
2021-02-22,33.23623275756836
2021-02-23,33.23623275756836
2021-02-24,33.23623275756836
2021-02-25,33.23623275756836
2021-02-26,33.23623275756836
2021-02-27,33.23623275756836
2021-02-28,33.23623275756836
2021-03-01,30.503185272216797
2021-03-02,30.503185272216797
2021-03-03,30.503185272216797
2021-03-04,30.503185272216797
2021-03-05,30.503185272216797
2021-03-06,30.503185272216797
2021-03-07,30.503185272216797
2021-03-08,30.503185272216797
2021-03-09,30.503185272216797
2021-03-10,30.503185272216797
2021-03-11,30.503185272216797
2021-03-12,30.503185272216797
2021-03-13,30.503185272216797
2021-03-14,30.503185272216797
2021-03-15,30.503185272216797
2021-03-16,30.503185272216797
2021-03-17,30.503185272216797
2021-03-18,30.503185272216797
2021-03-19,30.503185272216797
2021-03-20,30.503185272216797
2021-03-21,30.503185272216797
2021-03-22,30.503185272216797
2021-03-23,30.503185272216797
2021-03-24,30.503185272216797
2021-03-25,30.503185272216797
2021-03-26,30.503185272216797
2021-03-27,30.503185272216797
2021-03-28,30.503185272216797
2021-03-29,30.503185272216797
2021-03-30,30.503185272216797
2021-03-31,30.503185272216797
2021-04-01,29.9246768951416
2021-04-02,29.9246768951416
2021-04-03,29.9246768951416
2021-04-04,29.9246768951416
2021-04-05,29.9246768951416
2021-04-06,29.9246768951416
2021-04-07,29.9246768951416
2021-04-08,29.9246768951416
2021-04-09,29.9246768951416
2021-04-10,29.9246768951416
2021-04-11,29.9246768951416
2021-04-12,29.9246768951416
2021-04-13,29.9246768951416
2021-04-14,29.9246768951416
2021-04-15,29.9246768951416
2021-04-16,29.9246768951416
2021-04-17,29.9246768951416
2021-04-18,29.9246768951416
2021-04-19,29.9246768951416
2021-04-20,29.9246768951416
2021-04-21,29.9246768951416
2021-04-22,29.9246768951416
2021-04-23,29.9246768951416
2021-04-24,29.9246768951416
2021-04-25,29.9246768951416
2021-04-26,29.9246768951416
2021-04-27,29.9246768951416
2021-04-28,29.9246768951416
2021-04-29,29.9246768951416
2021-04-30,29.9246768951416
2021-05-01,28.052473068237305
2021-05-02,28.052473068237305
2021-05-03,28.052473068237305
2021-05-04,28.052473068237305
2021-05-05,28.052473068237305
2021-05-06,28.052473068237305
2021-05-07,28.052473068237305
2021-05-08,28.052473068237305
2021-05-09,28.052473068237305
2021-05-10,28.052473068237305
2021-05-11,28.052473068237305
2021-05-12,28.052473068237305
2021-05-13,28.052473068237305
2021-05-14,28.052473068237305
2021-05-15,28.052473068237305
2021-05-16,28.052473068237305
2021-05-17,28.052473068237305
2021-05-18,28.052473068237305
2021-05-19,28.052473068237305
2021-05-20,28.052473068237305
2021-05-21,28.052473068237305
2021-05-22,28.052473068237305
2021-05-23,28.052473068237305
2021-05-24,28.052473068237305
2021-05-25,28.052473068237305
2021-05-26,28.052473068237305
2021-05-27,28.052473068237305
2021-05-28,28.052473068237305
2021-05-29,28.052473068237305
2021-05-30,28.052473068237305
2021-05-31,28.052473068237305
2021-06-01,26.697465896606445
2021-06-02,26.697465896606445
2021-06-03,26.697465896606445
2021-06-04,26.697465896606445
2021-06-05,26.697465896606445
2021-06-06,26.697465896606445
2021-06-07,26.697465896606445
2021-06-08,26.697465896606445
2021-06-09,26.697465896606445
2021-06-10,26.697465896606445
2021-06-11,26.697465896606445
2021-06-12,26.697465896606445
2021-06-13,26.697465896606445
2021-06-14,26.697465896606445
2021-06-15,26.697465896606445
2021-06-16,26.697465896606445
2021-06-17,26.697465896606445
2021-06-18,26.697465896606445
2021-06-19,26.697465896606445
2021-06-20,26.697465896606445
2021-06-21,26.697465896606445
2021-06-22,26.697465896606445
2021-06-23,26.697465896606445
2021-06-24,26.697465896606445
2021-06-25,26.697465896606445
2021-06-26,26.697465896606445
2021-06-27,26.697465896606445
2021-06-28,26.697465896606445
2021-06-29,26.697465896606445
2021-06-30,26.697465896606445
2021-07-01,26.559959411621094
2021-07-02,26.559959411621094
2021-07-03,26.559959411621094
2021-07-04,26.559959411621094
2021-07-05,26.559959411621094
2021-07-06,26.559959411621094
2021-07-07,26.559959411621094
2021-07-08,26.559959411621094
2021-07-09,26.559959411621094
2021-07-10,26.559959411621094
2021-07-11,26.559959411621094
2021-07-12,26.559959411621094
2021-07-13,26.559959411621094
2021-07-14,26.559959411621094
2021-07-15,26.559959411621094
2021-07-16,26.559959411621094
2021-07-17,26.559959411621094
2021-07-18,26.559959411621094
2021-07-19,26.559959411621094
2021-07-20,26.559959411621094
2021-07-21,26.559959411621094
2021-07-22,26.559959411621094
2021-07-23,26.559959411621094
2021-07-24,26.559959411621094
2021-07-25,26.559959411621094
2021-07-26,26.559959411621094
2021-07-27,26.559959411621094
2021-07-28,26.559959411621094
2021-07-29,26.559959411621094
2021-07-30,26.559959411621094
2021-07-31,26.559959411621094
2021-08-01,26.226926803588867
2021-08-02,26.226926803588867
2021-08-03,26.226926803588867
2021-08-04,26.226926803588867
2021-08-05,26.226926803588867
2021-08-06,26.226926803588867
2021-08-07,26.226926803588867
2021-08-08,26.226926803588867
2021-08-09,26.226926803588867
2021-08-10,26.226926803588867
2021-08-11,26.226926803588867
2021-08-12,26.226926803588867
2021-08-13,26.226926803588867
2021-08-14,26.226926803588867
2021-08-15,26.226926803588867
2021-08-16,26.226926803588867
2021-08-17,26.226926803588867
2021-08-18,26.226926803588867
2021-08-19,26.226926803588867
2021-08-20,26.226926803588867
2021-08-21,26.226926803588867
2021-08-22,26.226926803588867
2021-08-23,26.226926803588867
2021-08-24,26.226926803588867
2021-08-25,26.226926803588867
2021-08-26,26.226926803588867
2021-08-27,26.226926803588867
2021-08-28,26.226926803588867
2021-08-29,26.226926803588867
2021-08-30,26.226926803588867
2021-08-31,26.226926803588867
2021-09-01,25.34950828552246
2021-09-02,25.34950828552246
2021-09-03,25.34950828552246
2021-09-04,25.34950828552246
2021-09-05,25.34950828552246
2021-09-06,25.34950828552246
2021-09-07,25.34950828552246
2021-09-08,25.34950828552246
2021-09-09,25.34950828552246
2021-09-10,25.34950828552246
2021-09-11,25.34950828552246
2021-09-12,25.34950828552246
2021-09-13,25.34950828552246
2021-09-14,25.34950828552246
2021-09-15,25.34950828552246
2021-09-16,25.34950828552246
2021-09-17,25.34950828552246
2021-09-18,25.34950828552246
2021-09-19,25.34950828552246
2021-09-20,25.34950828552246
2021-09-21,25.34950828552246
2021-09-22,25.34950828552246
2021-09-23,25.34950828552246
2021-09-24,25.34950828552246
2021-09-25,25.34950828552246
2021-09-26,25.34950828552246
2021-09-27,25.34950828552246
2021-09-28,25.34950828552246
2021-09-29,25.34950828552246
2021-09-30,25.34950828552246
2021-10-01,24.392776489257812
2021-10-02,24.392776489257812
2021-10-03,24.392776489257812
2021-10-04,24.392776489257812
2021-10-05,24.392776489257812
2021-10-06,24.392776489257812
2021-10-07,24.392776489257812
2021-10-08,24.392776489257812
2021-10-09,24.392776489257812
2021-10-10,24.392776489257812
2021-10-11,24.392776489257812
2021-10-12,24.392776489257812
2021-10-13,24.392776489257812
2021-10-14,24.392776489257812
2021-10-15,24.392776489257812
2021-10-16,24.392776489257812
2021-10-17,24.392776489257812
2021-10-18,24.392776489257812
2021-10-19,24.392776489257812
2021-10-20,24.392776489257812
2021-10-21,24.392776489257812
2021-10-22,24.392776489257812
2021-10-23,24.392776489257812
2021-10-24,24.392776489257812
2021-10-25,24.392776489257812
2021-10-26,24.392776489257812
2021-10-27,24.392776489257812
2021-10-28,24.392776489257812
2021-10-29,24.392776489257812
2021-10-30,24.392776489257812
2021-10-31,24.392776489257812
2021-11-01,24.51744842529297
2021-11-02,24.51744842529297
2021-11-03,24.51744842529297
2021-11-04,24.51744842529297
2021-11-05,24.51744842529297
2021-11-06,24.51744842529297
2021-11-07,24.51744842529297
2021-11-08,24.51744842529297
2021-11-09,24.51744842529297
2021-11-10,24.51744842529297
2021-11-11,24.51744842529297
2021-11-12,24.51744842529297
2021-11-13,24.51744842529297
2021-11-14,24.51744842529297
2021-11-15,24.51744842529297
2021-11-16,24.51744842529297
2021-11-17,24.51744842529297
2021-11-18,24.51744842529297
2021-11-19,24.51744842529297
2021-11-20,24.51744842529297
2021-11-21,24.51744842529297
2021-11-22,24.51744842529297
2021-11-23,24.51744842529297
2021-11-24,24.51744842529297
2021-11-25,24.51744842529297
2021-11-26,24.51744842529297
2021-11-27,24.51744842529297
2021-11-28,24.51744842529297
2021-11-29,24.51744842529297
2021-11-30,24.51744842529297
2021-12-01,23.62547492980957
2021-12-02,23.62547492980957
2021-12-03,23.62547492980957
2021-12-04,23.62547492980957
2021-12-05,23.62547492980957
2021-12-06,23.62547492980957
2021-12-07,23.62547492980957
2021-12-08,23.62547492980957
2021-12-09,23.62547492980957
2021-12-10,23.62547492980957
2021-12-11,23.62547492980957
2021-12-12,23.62547492980957
2021-12-13,23.62547492980957
2021-12-14,23.62547492980957
2021-12-15,23.62547492980957
2021-12-16,23.62547492980957
2021-12-17,23.62547492980957
2021-12-18,23.62547492980957
2021-12-19,23.62547492980957
2021-12-20,23.62547492980957
2021-12-21,23.62547492980957
2021-12-22,23.62547492980957
2021-12-23,23.62547492980957
2021-12-24,23.62547492980957
2021-12-25,23.62547492980957
2021-12-26,23.62547492980957
2021-12-27,23.62547492980957
2021-12-28,23.62547492980957
2021-12-29,23.62547492980957
2021-12-30,23.62547492980957
2021-12-31,23.62547492980957
2022-01-01,23.113697052001953
2022-01-02,23.113697052001953
2022-01-03,23.113697052001953
2022-01-04,23.113697052001953
2022-01-05,23.113697052001953
2022-01-06,23.113697052001953
2022-01-07,23.113697052001953
2022-01-08,23.113697052001953
2022-01-09,23.113697052001953
2022-01-10,23.113697052001953
2022-01-11,23.113697052001953
2022-01-12,23.113697052001953
2022-01-13,23.113697052001953
2022-01-14,23.113697052001953
2022-01-15,23.113697052001953
2022-01-16,23.113697052001953
2022-01-17,23.113697052001953
2022-01-18,23.113697052001953
2022-01-19,23.113697052001953
2022-01-20,23.113697052001953
2022-01-21,23.113697052001953
2022-01-22,23.113697052001953
2022-01-23,23.113697052001953
2022-01-24,23.113697052001953
2022-01-25,23.113697052001953
2022-01-26,23.113697052001953
2022-01-27,23.113697052001953
2022-01-28,23.113697052001953
2022-01-29,23.113697052001953
2022-01-30,23.113697052001953
2022-01-31,23.113697052001953
2022-02-01,22.415639877319336
2022-02-02,22.415639877319336
2022-02-03,22.415639877319336
2022-02-04,22.415639877319336
2022-02-05,22.415639877319336
2022-02-06,22.415639877319336
2022-02-07,22.415639877319336
2022-02-08,22.415639877319336
2022-02-09,22.415639877319336
2022-02-10,22.415639877319336
2022-02-11,22.415639877319336
2022-02-12,22.415639877319336
2022-02-13,22.415639877319336
2022-02-14,22.415639877319336
2022-02-15,22.415639877319336
2022-02-16,22.415639877319336
2022-02-17,22.415639877319336
2022-02-18,22.415639877319336
2022-02-19,22.415639877319336
2022-02-20,22.415639877319336
2022-02-21,22.415639877319336
2022-02-22,22.415639877319336
2022-02-23,22.415639877319336
2022-02-24,22.415639877319336
2022-02-25,22.415639877319336
2022-02-26,22.415639877319336
2022-02-27,22.415639877319336
2022-02-28,22.415639877319336
2022-03-01,22.18819236755371
2022-03-02,22.18819236755371
2022-03-03,22.18819236755371
2022-03-04,22.18819236755371
2022-03-05,22.18819236755371
2022-03-06,22.18819236755371
2022-03-07,22.18819236755371
2022-03-08,22.18819236755371
2022-03-09,22.18819236755371
2022-03-10,22.18819236755371
2022-03-11,22.18819236755371
2022-03-12,22.18819236755371
2022-03-13,22.18819236755371
2022-03-14,22.18819236755371
2022-03-15,22.18819236755371
2022-03-16,22.18819236755371
2022-03-17,22.18819236755371
2022-03-18,22.18819236755371
2022-03-19,22.18819236755371
2022-03-20,22.18819236755371
2022-03-21,22.18819236755371
2022-03-22,22.18819236755371
2022-03-23,22.18819236755371
2022-03-24,22.18819236755371
2022-03-25,22.18819236755371
2022-03-26,22.18819236755371
2022-03-27,22.18819236755371
2022-03-28,22.18819236755371
2022-03-29,22.18819236755371
2022-03-30,22.18819236755371
2022-03-31,22.18819236755371
2022-04-01,22.40152359008789
2022-04-02,22.40152359008789
2022-04-03,22.40152359008789
2022-04-04,22.40152359008789
2022-04-05,22.40152359008789
2022-04-06,22.40152359008789
2022-04-07,22.40152359008789
2022-04-08,22.40152359008789
2022-04-09,22.40152359008789
2022-04-10,22.40152359008789
2022-04-11,22.40152359008789
2022-04-12,22.40152359008789
2022-04-13,22.40152359008789
2022-04-14,22.40152359008789
2022-04-15,22.40152359008789
2022-04-16,22.40152359008789
2022-04-17,22.40152359008789
2022-04-18,22.40152359008789
2022-04-19,22.40152359008789
2022-04-20,22.40152359008789
2022-04-21,22.40152359008789
2022-04-22,22.40152359008789
2022-04-23,22.40152359008789
2022-04-24,22.40152359008789
2022-04-25,22.40152359008789
2022-04-26,22.40152359008789
2022-04-27,22.40152359008789
2022-04-28,22.40152359008789
2022-04-29,22.40152359008789
2022-04-30,22.40152359008789
2022-05-01,20.811222076416016
2022-05-02,20.811222076416016
2022-05-03,20.811222076416016
2022-05-04,20.811222076416016
2022-05-05,20.811222076416016
2022-05-06,20.811222076416016
2022-05-07,20.811222076416016
2022-05-08,20.811222076416016
2022-05-09,20.811222076416016
2022-05-10,20.811222076416016
2022-05-11,20.811222076416016
2022-05-12,20.811222076416016
2022-05-13,20.811222076416016
2022-05-14,20.811222076416016
2022-05-15,20.811222076416016
2022-05-16,20.811222076416016
2022-05-17,20.811222076416016
2022-05-18,20.811222076416016
2022-05-19,20.811222076416016
2022-05-20,20.811222076416016
2022-05-21,20.811222076416016
2022-05-22,20.811222076416016
2022-05-23,20.811222076416016
2022-05-24,20.811222076416016
2022-05-25,20.811222076416016
2022-05-26,20.811222076416016
2022-05-27,20.811222076416016
2022-05-28,20.811222076416016
2022-05-29,20.811222076416016
2022-05-30,20.811222076416016
2022-05-31,20.811222076416016
2022-06-01,20.279552459716797
2022-06-02,20.279552459716797
2022-06-03,20.279552459716797
2022-06-04,20.279552459716797
2022-06-05,20.279552459716797
2022-06-06,20.279552459716797
2022-06-07,20.279552459716797
2022-06-08,20.279552459716797
2022-06-09,20.279552459716797
2022-06-10,20.279552459716797
2022-06-11,20.279552459716797
2022-06-12,20.279552459716797
2022-06-13,20.279552459716797
2022-06-14,20.279552459716797
2022-06-15,20.279552459716797
2022-06-16,20.279552459716797
2022-06-17,20.279552459716797
2022-06-18,20.279552459716797
2022-06-19,20.279552459716797
2022-06-20,20.279552459716797
2022-06-21,20.279552459716797
2022-06-22,20.279552459716797
2022-06-23,20.279552459716797
2022-06-24,20.279552459716797
2022-06-25,20.279552459716797
2022-06-26,20.279552459716797
2022-06-27,20.279552459716797
2022-06-28,20.279552459716797
2022-06-29,20.279552459716797
2022-06-30,20.279552459716797
2022-07-01,20.530420303344727
2022-07-02,20.530420303344727
2022-07-03,20.530420303344727
2022-07-04,20.530420303344727
2022-07-05,20.530420303344727
2022-07-06,20.530420303344727
2022-07-07,20.530420303344727
2022-07-08,20.530420303344727
2022-07-09,20.530420303344727
2022-07-10,20.530420303344727
2022-07-11,20.530420303344727
2022-07-12,20.530420303344727
2022-07-13,20.530420303344727
2022-07-14,20.530420303344727
2022-07-15,20.530420303344727
2022-07-16,20.530420303344727
2022-07-17,20.530420303344727
2022-07-18,20.530420303344727
2022-07-19,20.530420303344727
2022-07-20,20.530420303344727
2022-07-21,20.530420303344727
2022-07-22,20.530420303344727
2022-07-23,20.530420303344727
2022-07-24,20.530420303344727
2022-07-25,20.530420303344727
2022-07-26,20.530420303344727
2022-07-27,20.530420303344727
2022-07-28,20.530420303344727
2022-07-29,20.530420303344727
2022-07-30,20.530420303344727
2022-07-31,20.530420303344727
2022-08-01,22.025508880615234
2022-08-02,22.025508880615234
2022-08-03,22.025508880615234
2022-08-04,22.025508880615234
2022-08-05,22.025508880615234
2022-08-06,22.025508880615234
2022-08-07,22.025508880615234
2022-08-08,22.025508880615234
2022-08-09,22.025508880615234
2022-08-10,22.025508880615234
2022-08-11,22.025508880615234
2022-08-12,22.025508880615234
2022-08-13,22.025508880615234
2022-08-14,22.025508880615234
2022-08-15,22.025508880615234
2022-08-16,22.025508880615234
2022-08-17,22.025508880615234
2022-08-18,22.025508880615234
2022-08-19,22.025508880615234
2022-08-20,22.025508880615234
2022-08-21,22.025508880615234
2022-08-22,22.025508880615234
2022-08-23,22.025508880615234
2022-08-24,22.025508880615234
2022-08-25,22.025508880615234
2022-08-26,22.025508880615234
2022-08-27,22.025508880615234
2022-08-28,22.025508880615234
2022-08-29,22.025508880615234
2022-08-30,22.025508880615234
2022-08-31,22.025508880615234
2022-09-01,20.582212448120117
2022-09-02,20.582212448120117
2022-09-03,20.582212448120117
2022-09-04,20.582212448120117
2022-09-05,20.582212448120117
2022-09-06,20.582212448120117
2022-09-07,20.582212448120117
2022-09-08,20.582212448120117
2022-09-09,20.582212448120117
2022-09-10,20.582212448120117
2022-09-11,20.582212448120117
2022-09-12,20.582212448120117
2022-09-13,20.582212448120117
2022-09-14,20.582212448120117
2022-09-15,20.582212448120117
2022-09-16,20.582212448120117
2022-09-17,20.582212448120117
2022-09-18,20.582212448120117
2022-09-19,20.582212448120117
2022-09-20,20.582212448120117
2022-09-21,20.582212448120117
2022-09-22,20.582212448120117
2022-09-23,20.582212448120117
2022-09-24,20.582212448120117
2022-09-25,20.582212448120117
2022-09-26,20.582212448120117
2022-09-27,20.582212448120117
2022-09-28,20.582212448120117
2022-09-29,20.582212448120117
2022-09-30,20.582212448120117
2022-10-01,20.438743591308594
2022-10-02,20.438743591308594
2022-10-03,20.438743591308594
2022-10-04,20.438743591308594
2022-10-05,20.438743591308594
2022-10-06,20.438743591308594
2022-10-07,20.438743591308594
2022-10-08,20.438743591308594
2022-10-09,20.438743591308594
2022-10-10,20.438743591308594
2022-10-11,20.438743591308594
2022-10-12,20.438743591308594
2022-10-13,20.438743591308594
2022-10-14,20.438743591308594
2022-10-15,20.438743591308594
2022-10-16,20.438743591308594
2022-10-17,20.438743591308594
2022-10-18,20.438743591308594
2022-10-19,20.438743591308594
2022-10-20,20.438743591308594
2022-10-21,20.438743591308594
2022-10-22,20.438743591308594
2022-10-23,20.438743591308594
2022-10-24,20.438743591308594
2022-10-25,20.438743591308594
2022-10-26,20.438743591308594
2022-10-27,20.438743591308594
2022-10-28,20.438743591308594
2022-10-29,20.438743591308594
2022-10-30,20.438743591308594
2022-10-31,20.438743591308594
2022-11-01,22.06704330444336
2022-11-02,22.06704330444336
2022-11-03,22.06704330444336
2022-11-04,22.06704330444336
2022-11-05,22.06704330444336
2022-11-06,22.06704330444336
2022-11-07,22.06704330444336
2022-11-08,22.06704330444336
2022-11-09,22.06704330444336
2022-11-10,22.06704330444336
2022-11-11,22.06704330444336
2022-11-12,22.06704330444336
2022-11-13,22.06704330444336
2022-11-14,22.06704330444336
2022-11-15,22.06704330444336
2022-11-16,22.06704330444336
2022-11-17,22.06704330444336
2022-11-18,22.06704330444336
2022-11-19,22.06704330444336
2022-11-20,22.06704330444336
2022-11-21,22.06704330444336
2022-11-22,22.06704330444336
2022-11-23,22.06704330444336
2022-11-24,22.06704330444336
2022-11-25,22.06704330444336
2022-11-26,22.06704330444336
2022-11-27,22.06704330444336
2022-11-28,22.06704330444336
2022-11-29,22.06704330444336
2022-11-30,22.06704330444336
2022-12-01,22.647645950317383
2022-12-02,22.647645950317383
2022-12-03,22.647645950317383
2022-12-04,22.647645950317383
2022-12-05,22.647645950317383
2022-12-06,22.647645950317383
2022-12-07,22.647645950317383
2022-12-08,22.647645950317383
2022-12-09,22.647645950317383
2022-12-10,22.647645950317383
2022-12-11,22.647645950317383
2022-12-12,22.647645950317383
2022-12-13,22.647645950317383
2022-12-14,22.647645950317383
2022-12-15,22.647645950317383
2022-12-16,22.647645950317383
2022-12-17,22.647645950317383
2022-12-18,22.647645950317383
2022-12-19,22.647645950317383
2022-12-20,22.647645950317383
2022-12-21,22.647645950317383
2022-12-22,22.647645950317383
2022-12-23,22.647645950317383
2022-12-24,22.647645950317383
2022-12-25,22.647645950317383
2022-12-26,22.647645950317383
2022-12-27,22.647645950317383
2022-12-28,22.647645950317383
2022-12-29,22.647645950317383
2022-12-30,22.647645950317383
2022-12-31,22.647645950317383
2023-01-01,22.820537567138672
2023-01-02,22.820537567138672
2023-01-03,22.820537567138672
2023-01-04,22.820537567138672
2023-01-05,22.820537567138672
2023-01-06,22.820537567138672
2023-01-07,22.820537567138672
2023-01-08,22.820537567138672
2023-01-09,22.820537567138672
2023-01-10,22.820537567138672
2023-01-11,22.820537567138672
2023-01-12,22.820537567138672
2023-01-13,22.820537567138672
2023-01-14,22.820537567138672
2023-01-15,22.820537567138672
2023-01-16,22.820537567138672
2023-01-17,22.820537567138672
2023-01-18,22.820537567138672
2023-01-19,22.820537567138672
2023-01-20,22.820537567138672
2023-01-21,22.820537567138672
2023-01-22,22.820537567138672
2023-01-23,22.820537567138672
2023-01-24,22.820537567138672
2023-01-25,22.820537567138672
2023-01-26,22.820537567138672
2023-01-27,22.820537567138672
2023-01-28,22.820537567138672
2023-01-29,22.820537567138672
2023-01-30,22.820537567138672
2023-01-31,22.820537567138672
2023-02-01,23.397607803344727
2023-02-02,23.397607803344727
2023-02-03,23.397607803344727
2023-02-04,23.397607803344727
2023-02-05,23.397607803344727
2023-02-06,23.397607803344727
2023-02-07,23.397607803344727
2023-02-08,23.397607803344727
2023-02-09,23.397607803344727
2023-02-10,23.397607803344727
2023-02-11,23.397607803344727
2023-02-12,23.397607803344727
2023-02-13,23.397607803344727
2023-02-14,23.397607803344727
2023-02-15,23.397607803344727
2023-02-16,23.397607803344727
2023-02-17,23.397607803344727
2023-02-18,23.397607803344727
2023-02-19,23.397607803344727
2023-02-20,23.397607803344727
2023-02-21,23.397607803344727
2023-02-22,23.397607803344727
2023-02-23,23.397607803344727
2023-02-24,23.397607803344727
2023-02-25,23.397607803344727
2023-02-26,23.397607803344727
2023-02-27,23.397607803344727
2023-02-28,23.397607803344727
2023-03-01,22.655471801757812
2023-03-02,22.655471801757812
2023-03-03,22.655471801757812
2023-03-04,22.655471801757812
2023-03-05,22.655471801757812
2023-03-06,22.655471801757812
2023-03-07,22.655471801757812
2023-03-08,22.655471801757812
2023-03-09,22.655471801757812
2023-03-10,22.655471801757812
2023-03-11,22.655471801757812
2023-03-12,22.655471801757812
2023-03-13,22.655471801757812
2023-03-14,22.655471801757812
2023-03-15,22.655471801757812
2023-03-16,22.655471801757812
2023-03-17,22.655471801757812
2023-03-18,22.655471801757812
2023-03-19,22.655471801757812
2023-03-20,22.655471801757812
2023-03-21,22.655471801757812
2023-03-22,22.655471801757812
2023-03-23,22.655471801757812
2023-03-24,22.655471801757812
2023-03-25,22.655471801757812
2023-03-26,22.655471801757812
2023-03-27,22.655471801757812
2023-03-28,22.655471801757812
2023-03-29,22.655471801757812
2023-03-30,22.655471801757812
2023-03-31,22.655471801757812
2023-04-01,23.26978874206543
2023-04-02,23.26978874206543
2023-04-03,23.26978874206543
2023-04-04,23.26978874206543
2023-04-05,23.26978874206543
2023-04-06,23.26978874206543
2023-04-07,23.26978874206543
2023-04-08,23.26978874206543
2023-04-09,23.26978874206543
2023-04-10,23.26978874206543
2023-04-11,23.26978874206543
2023-04-12,23.26978874206543
2023-04-13,23.26978874206543
2023-04-14,23.26978874206543
2023-04-15,23.26978874206543
2023-04-16,23.26978874206543
2023-04-17,23.26978874206543
2023-04-18,23.26978874206543
2023-04-19,23.26978874206543
2023-04-20,23.26978874206543
2023-04-21,23.26978874206543
2023-04-22,23.26978874206543
2023-04-23,23.26978874206543
2023-04-24,23.26978874206543
2023-04-25,23.26978874206543
2023-04-26,23.26978874206543
2023-04-27,23.26978874206543
2023-04-28,23.26978874206543
2023-04-29,23.26978874206543
2023-04-30,23.26978874206543
2023-05-01,23.15478515625
2023-05-02,23.15478515625
2023-05-03,23.15478515625
2023-05-04,23.15478515625
2023-05-05,23.15478515625
2023-05-06,23.15478515625
2023-05-07,23.15478515625
2023-05-08,23.15478515625
2023-05-09,23.15478515625
2023-05-10,23.15478515625
2023-05-11,23.15478515625
2023-05-12,23.15478515625
2023-05-13,23.15478515625
2023-05-14,23.15478515625
2023-05-15,23.15478515625
2023-05-16,23.15478515625
2023-05-17,23.15478515625
2023-05-18,23.15478515625
2023-05-19,23.15478515625
2023-05-20,23.15478515625
2023-05-21,23.15478515625
2023-05-22,23.15478515625
2023-05-23,23.15478515625
2023-05-24,23.15478515625
2023-05-25,23.15478515625
2023-05-26,23.15478515625
2023-05-27,23.15478515625
2023-05-28,23.15478515625
2023-05-29,23.15478515625
2023-05-30,23.15478515625
2023-05-31,23.15478515625
2023-06-01,24.006258010864258
2023-06-02,24.006258010864258
2023-06-03,24.006258010864258
2023-06-04,24.006258010864258
2023-06-05,24.006258010864258
2023-06-06,24.006258010864258
2023-06-07,24.006258010864258
2023-06-08,24.006258010864258
2023-06-09,24.006258010864258
2023-06-10,24.006258010864258
2023-06-11,24.006258010864258
2023-06-12,24.006258010864258
2023-06-13,24.006258010864258
2023-06-14,24.006258010864258
2023-06-15,24.006258010864258
2023-06-16,24.006258010864258
2023-06-17,24.006258010864258
2023-06-18,24.006258010864258
2023-06-19,24.006258010864258
2023-06-20,24.006258010864258
2023-06-21,24.006258010864258
2023-06-22,24.006258010864258
2023-06-23,24.006258010864258
2023-06-24,24.006258010864258
2023-06-25,24.006258010864258
2023-06-26,24.006258010864258
2023-06-27,24.006258010864258
2023-06-28,24.006258010864258
2023-06-29,24.006258010864258
2023-06-30,24.006258010864258
2023-07-01,24.757402420043945
2023-07-02,24.757402420043945
2023-07-03,24.757402420043945
2023-07-04,24.757402420043945
2023-07-05,24.757402420043945
2023-07-06,24.757402420043945
2023-07-07,24.757402420043945
2023-07-08,24.757402420043945
2023-07-09,24.757402420043945
2023-07-10,24.757402420043945
2023-07-11,24.757402420043945
2023-07-12,24.757402420043945
2023-07-13,24.757402420043945
2023-07-14,24.757402420043945
2023-07-15,24.757402420043945
2023-07-16,24.757402420043945
2023-07-17,24.757402420043945
2023-07-18,24.757402420043945
2023-07-19,24.757402420043945
2023-07-20,24.757402420043945
2023-07-21,24.757402420043945
2023-07-22,24.757402420043945
2023-07-23,24.757402420043945
2023-07-24,24.757402420043945
2023-07-25,24.757402420043945
2023-07-26,24.757402420043945
2023-07-27,24.757402420043945
2023-07-28,24.757402420043945
2023-07-29,24.757402420043945
2023-07-30,24.757402420043945
2023-07-31,24.757402420043945
2023-08-01,24.16463851928711
2023-08-02,24.16463851928711
2023-08-03,24.16463851928711
2023-08-04,24.16463851928711
2023-08-05,24.16463851928711
2023-08-06,24.16463851928711
2023-08-07,24.16463851928711
2023-08-08,24.16463851928711
2023-08-09,24.16463851928711
2023-08-10,24.16463851928711
2023-08-11,24.16463851928711
2023-08-12,24.16463851928711
2023-08-13,24.16463851928711
2023-08-14,24.16463851928711
2023-08-15,24.16463851928711
2023-08-16,24.16463851928711
2023-08-17,24.16463851928711
2023-08-18,24.16463851928711
2023-08-19,24.16463851928711
2023-08-20,24.16463851928711
2023-08-21,24.16463851928711
2023-08-22,24.16463851928711
2023-08-23,24.16463851928711
2023-08-24,24.16463851928711
2023-08-25,24.16463851928711
2023-08-26,24.16463851928711
2023-08-27,24.16463851928711
2023-08-28,24.16463851928711
2023-08-29,24.16463851928711
2023-08-30,24.16463851928711
2023-08-31,24.16463851928711
2023-09-01,23.92995834350586
2023-09-02,23.92995834350586
2023-09-03,23.92995834350586
2023-09-04,23.92995834350586
2023-09-05,23.92995834350586
2023-09-06,23.92995834350586
2023-09-07,23.92995834350586
2023-09-08,23.92995834350586
2023-09-09,23.92995834350586
2023-09-10,23.92995834350586
2023-09-11,23.92995834350586
2023-09-12,23.92995834350586
2023-09-13,23.92995834350586
2023-09-14,23.92995834350586
2023-09-15,23.92995834350586
2023-09-16,23.92995834350586
2023-09-17,23.92995834350586
2023-09-18,23.92995834350586
2023-09-19,23.92995834350586
2023-09-20,23.92995834350586
2023-09-21,23.92995834350586
2023-09-22,23.92995834350586
2023-09-23,23.92995834350586
2023-09-24,23.92995834350586
2023-09-25,23.92995834350586
2023-09-26,23.92995834350586
2023-09-27,23.92995834350586
2023-09-28,23.92995834350586
2023-09-29,23.92995834350586
2023-09-30,23.92995834350586
2023-10-01,22.778114318847656
2023-10-02,22.778114318847656
2023-10-03,22.778114318847656
2023-10-04,22.778114318847656
2023-10-05,22.778114318847656
2023-10-06,22.778114318847656
2023-10-07,22.778114318847656
2023-10-08,22.778114318847656
2023-10-09,22.778114318847656
2023-10-10,22.778114318847656
2023-10-11,22.778114318847656
2023-10-12,22.778114318847656
2023-10-13,22.778114318847656
2023-10-14,22.778114318847656
2023-10-15,22.778114318847656
2023-10-16,22.778114318847656
2023-10-17,22.778114318847656
2023-10-18,22.778114318847656
2023-10-19,22.778114318847656
2023-10-20,22.778114318847656
2023-10-21,22.778114318847656
2023-10-22,22.778114318847656
2023-10-23,22.778114318847656
2023-10-24,22.778114318847656
2023-10-25,22.778114318847656
2023-10-26,22.778114318847656
2023-10-27,22.778114318847656
2023-10-28,22.778114318847656
2023-10-29,22.778114318847656
2023-10-30,22.778114318847656
2023-10-31,22.778114318847656
2023-11-01,23.510726928710938
2023-11-02,23.510726928710938
2023-11-03,23.510726928710938
2023-11-04,23.510726928710938
2023-11-05,23.510726928710938
2023-11-06,23.510726928710938
2023-11-07,23.510726928710938
2023-11-08,23.510726928710938
2023-11-09,23.510726928710938
2023-11-10,23.510726928710938
2023-11-11,23.510726928710938
2023-11-12,23.510726928710938
2023-11-13,23.510726928710938
2023-11-14,23.510726928710938
2023-11-15,23.510726928710938
2023-11-16,23.510726928710938
2023-11-17,23.510726928710938
2023-11-18,23.510726928710938
2023-11-19,23.510726928710938
2023-11-20,23.510726928710938
2023-11-21,23.510726928710938
2023-11-22,23.510726928710938
2023-11-23,23.510726928710938
2023-11-24,23.510726928710938
2023-11-25,23.510726928710938
2023-11-26,23.510726928710938
2023-11-27,23.510726928710938
2023-11-28,23.510726928710938
2023-11-29,23.510726928710938
2023-11-30,23.510726928710938
2023-12-01,24.346782684326172
2023-12-02,24.346782684326172
2023-12-03,24.346782684326172
2023-12-04,24.346782684326172
2023-12-05,24.346782684326172
2023-12-06,24.346782684326172
2023-12-07,24.346782684326172
2023-12-08,24.346782684326172
2023-12-09,24.346782684326172
2023-12-10,24.346782684326172
2023-12-11,24.346782684326172
2023-12-12,24.346782684326172
2023-12-13,24.346782684326172
2023-12-14,24.346782684326172
2023-12-15,24.346782684326172
2023-12-16,24.346782684326172
2023-12-17,24.346782684326172
2023-12-18,24.346782684326172
2023-12-19,24.346782684326172
2023-12-20,24.346782684326172
2023-12-21,24.346782684326172
2023-12-22,24.346782684326172
2023-12-23,24.346782684326172
2023-12-24,24.346782684326172
2023-12-25,24.346782684326172
2023-12-26,24.346782684326172
2023-12-27,24.346782684326172
2023-12-28,24.346782684326172
2023-12-29,24.346782684326172
2023-12-30,24.346782684326172
2023-12-31,24.346782684326172
2024-01-01,25.012537002563477
2024-01-02,25.012537002563477
2024-01-03,25.012537002563477
2024-01-04,25.012537002563477
2024-01-05,25.012537002563477
2024-01-06,25.012537002563477
2024-01-07,25.012537002563477
2024-01-08,25.012537002563477
2024-01-09,25.012537002563477
2024-01-10,25.012537002563477
2024-01-11,25.012537002563477
2024-01-12,25.012537002563477
2024-01-13,25.012537002563477
2024-01-14,25.012537002563477
2024-01-15,25.012537002563477
2024-01-16,25.012537002563477
2024-01-17,25.012537002563477
2024-01-18,25.012537002563477
2024-01-19,25.012537002563477
2024-01-20,25.012537002563477
2024-01-21,25.012537002563477
2024-01-22,25.012537002563477
2024-01-23,25.012537002563477
2024-01-24,25.012537002563477
2024-01-25,25.012537002563477
2024-01-26,25.012537002563477
2024-01-27,25.012537002563477
2024-01-28,25.012537002563477
2024-01-29,25.012537002563477
2024-01-30,25.012537002563477
2024-01-31,25.012537002563477
2024-02-01,26.13981819152832
2024-02-02,26.13981819152832
2024-02-03,26.13981819152832
2024-02-04,26.13981819152832
2024-02-05,26.13981819152832
2024-02-06,26.13981819152832
2024-02-07,26.13981819152832
2024-02-08,26.13981819152832
2024-02-09,26.13981819152832
2024-02-10,26.13981819152832
2024-02-11,26.13981819152832
2024-02-12,26.13981819152832
2024-02-13,26.13981819152832
2024-02-14,26.13981819152832
2024-02-15,26.13981819152832
2024-02-16,26.13981819152832
2024-02-17,26.13981819152832
2024-02-18,26.13981819152832
2024-02-19,26.13981819152832
2024-02-20,26.13981819152832
2024-02-21,26.13981819152832
2024-02-22,26.13981819152832
2024-02-23,26.13981819152832
2024-02-24,26.13981819152832
2024-02-25,26.13981819152832
2024-02-26,26.13981819152832
2024-02-27,26.13981819152832
2024-02-28,26.13981819152832
2024-02-29,26.13981819152832
2024-03-01,27.015897750854492
2024-03-02,27.015897750854492
2024-03-03,27.015897750854492
2024-03-04,27.015897750854492
2024-03-05,27.015897750854492
2024-03-06,27.015897750854492
2024-03-07,27.015897750854492
2024-03-08,27.015897750854492
2024-03-09,27.015897750854492
2024-03-10,27.015897750854492
2024-03-11,27.015897750854492
2024-03-12,27.015897750854492
2024-03-13,27.015897750854492
2024-03-14,27.015897750854492
2024-03-15,27.015897750854492
2024-03-16,27.015897750854492
2024-03-17,27.015897750854492
2024-03-18,27.015897750854492
2024-03-19,27.015897750854492
2024-03-20,27.015897750854492
2024-03-21,27.015897750854492
2024-03-22,27.015897750854492
2024-03-23,27.015897750854492
2024-03-24,27.015897750854492
2024-03-25,27.015897750854492
2024-03-26,27.015897750854492
2024-03-27,27.015897750854492
2024-03-28,27.015897750854492
2024-03-29,27.015897750854492
2024-03-30,27.015897750854492
2024-03-31,27.015897750854492
2024-04-01,26.41458511352539
2024-04-02,26.41458511352539
2024-04-03,26.41458511352539
2024-04-04,26.41458511352539
2024-04-05,26.41458511352539
2024-04-06,26.41458511352539
2024-04-07,26.41458511352539
2024-04-08,26.41458511352539
2024-04-09,26.41458511352539
2024-04-10,26.41458511352539
2024-04-11,26.41458511352539
2024-04-12,26.41458511352539
2024-04-13,26.41458511352539
2024-04-14,26.41458511352539
2024-04-15,26.41458511352539
2024-04-16,26.41458511352539
2024-04-17,26.41458511352539
2024-04-18,26.41458511352539
2024-04-19,26.41458511352539
2024-04-20,26.41458511352539
2024-04-21,26.41458511352539
2024-04-22,26.41458511352539
2024-04-23,26.41458511352539
2024-04-24,26.41458511352539
2024-04-25,26.41458511352539
2024-04-26,26.41458511352539
2024-04-27,26.41458511352539
2024-04-28,26.41458511352539
2024-04-29,26.41458511352539
2024-04-30,26.41458511352539
2024-05-01,26.92786407470703
2024-05-02,26.92786407470703
2024-05-03,26.92786407470703
2024-05-04,26.92786407470703
2024-05-05,26.92786407470703
2024-05-06,26.92786407470703
2024-05-07,26.92786407470703
2024-05-08,26.92786407470703
2024-05-09,26.92786407470703
2024-05-10,26.92786407470703
2024-05-11,26.92786407470703
2024-05-12,26.92786407470703
2024-05-13,26.92786407470703
2024-05-14,26.92786407470703
2024-05-15,26.92786407470703
2024-05-16,26.92786407470703
2024-05-17,26.92786407470703
2024-05-18,26.92786407470703
2024-05-19,26.92786407470703
2024-05-20,26.92786407470703
2024-05-21,26.92786407470703
2024-05-22,26.92786407470703
2024-05-23,26.92786407470703
2024-05-24,26.92786407470703
2024-05-25,26.92786407470703
2024-05-26,26.92786407470703
2024-05-27,26.92786407470703
2024-05-28,26.92786407470703
2024-05-29,26.92786407470703
2024-05-30,26.92786407470703
2024-05-31,26.92786407470703
2024-06-01,27.638137817382812
2024-06-02,27.638137817382812
2024-06-03,27.638137817382812
2024-06-04,27.638137817382812
2024-06-05,27.638137817382812
2024-06-06,27.638137817382812
2024-06-07,27.638137817382812
2024-06-08,27.638137817382812
2024-06-09,27.638137817382812
2024-06-10,27.638137817382812
2024-06-11,27.638137817382812
2024-06-12,27.638137817382812
2024-06-13,27.638137817382812
2024-06-14,27.638137817382812
2024-06-15,27.638137817382812
2024-06-16,27.638137817382812
2024-06-17,27.638137817382812
2024-06-18,27.638137817382812
2024-06-19,27.638137817382812
2024-06-20,27.638137817382812
2024-06-21,27.638137817382812
2024-06-22,27.638137817382812
2024-06-23,27.638137817382812
2024-06-24,27.638137817382812
2024-06-25,27.638137817382812
2024-06-26,27.638137817382812
2024-06-27,27.638137817382812
2024-06-28,27.638137817382812
2024-06-29,27.638137817382812
2024-06-30,27.638137817382812
2024-07-01,28.082820892333984
2024-07-02,28.082820892333984
2024-07-03,28.082820892333984
2024-07-04,28.082820892333984
2024-07-05,28.082820892333984
2024-07-06,28.082820892333984
2024-07-07,28.082820892333984
2024-07-08,28.082820892333984
2024-07-09,28.082820892333984
2024-07-10,28.082820892333984
2024-07-11,28.082820892333984
2024-07-12,28.082820892333984
2024-07-13,28.082820892333984
2024-07-14,28.082820892333984
2024-07-15,28.082820892333984
2024-07-16,28.082820892333984
2024-07-17,28.082820892333984
2024-07-18,28.082820892333984
2024-07-19,28.082820892333984
2024-07-20,28.082820892333984
2024-07-21,28.082820892333984
2024-07-22,28.082820892333984
2024-07-23,28.082820892333984
2024-07-24,28.082820892333984
2024-07-25,28.082820892333984
2024-07-26,28.082820892333984
2024-07-27,28.082820892333984
2024-07-28,28.082820892333984
2024-07-29,28.082820892333984
2024-07-30,28.082820892333984
2024-07-31,28.082820892333984
2024-08-01,27.673643112182617
2024-08-02,27.673643112182617
2024-08-03,27.673643112182617
2024-08-04,27.673643112182617
2024-08-05,27.673643112182617
2024-08-06,27.673643112182617
2024-08-07,27.673643112182617
2024-08-08,27.673643112182617
2024-08-09,27.673643112182617
2024-08-10,27.673643112182617
2024-08-11,27.673643112182617
2024-08-12,27.673643112182617
2024-08-13,27.673643112182617
2024-08-14,27.673643112182617
2024-08-15,27.673643112182617
2024-08-16,27.673643112182617
2024-08-17,27.673643112182617
2024-08-18,27.673643112182617
2024-08-19,27.673643112182617
2024-08-20,27.673643112182617
2024-08-21,27.673643112182617
2024-08-22,27.673643112182617
2024-08-23,27.673643112182617
2024-08-24,27.673643112182617
2024-08-25,27.673643112182617
2024-08-26,27.673643112182617
2024-08-27,27.673643112182617
2024-08-28,27.673643112182617
2024-08-29,27.673643112182617
2024-08-30,27.673643112182617
2024-08-31,27.673643112182617
2024-09-01,28.092674255371094
2024-09-02,28.092674255371094
2024-09-03,28.092674255371094
2024-09-04,28.092674255371094
2024-09-05,28.092674255371094
2024-09-06,28.092674255371094
2024-09-07,28.092674255371094
2024-09-08,28.092674255371094
2024-09-09,28.092674255371094
2024-09-10,28.092674255371094
2024-09-11,28.092674255371094
2024-09-12,28.092674255371094
2024-09-13,28.092674255371094
2024-09-14,28.092674255371094
2024-09-15,28.092674255371094
2024-09-16,28.092674255371094
2024-09-17,28.092674255371094
2024-09-18,28.092674255371094
2024-09-19,28.092674255371094
2024-09-20,28.092674255371094
2024-09-21,28.092674255371094
2024-09-22,28.092674255371094
2024-09-23,28.092674255371094
2024-09-24,28.092674255371094
2024-09-25,28.092674255371094
2024-09-26,28.092674255371094
2024-09-27,28.092674255371094
2024-09-28,28.092674255371094
2024-09-29,28.092674255371094
2024-09-30,28.092674255371094
2024-10-01,28.453699111938477
2024-10-02,28.453699111938477
2024-10-03,28.453699111938477
2024-10-04,28.453699111938477
2024-10-05,28.453699111938477
2024-10-06,28.453699111938477
2024-10-07,28.453699111938477
2024-10-08,28.453699111938477
2024-10-09,28.453699111938477
2024-10-10,28.453699111938477
2024-10-11,28.453699111938477
2024-10-12,28.453699111938477
2024-10-13,28.453699111938477
2024-10-14,28.453699111938477
2024-10-15,28.453699111938477
2024-10-16,28.453699111938477
2024-10-17,28.453699111938477
2024-10-18,28.453699111938477
2024-10-19,28.453699111938477
2024-10-20,28.453699111938477
2024-10-21,28.453699111938477
2024-10-22,28.453699111938477
2024-10-23,28.453699111938477
2024-10-24,28.453699111938477
2024-10-25,28.453699111938477
2024-10-26,28.453699111938477
2024-10-27,28.453699111938477
2024-10-28,28.453699111938477
2024-10-29,28.453699111938477
2024-10-30,28.453699111938477
2024-10-31,28.453699111938477
2024-11-01,28.664939880371094
2024-11-02,28.664939880371094
2024-11-03,28.664939880371094
2024-11-04,28.664939880371094
2024-11-05,28.664939880371094
2024-11-06,28.664939880371094
2024-11-07,28.664939880371094
2024-11-08,28.664939880371094
2024-11-09,28.664939880371094
2024-11-10,28.664939880371094
2024-11-11,28.664939880371094
2024-11-12,28.664939880371094
2024-11-13,28.664939880371094
2024-11-14,28.664939880371094
2024-11-15,28.664939880371094
2024-11-16,28.664939880371094
2024-11-17,28.664939880371094
2024-11-18,28.664939880371094
2024-11-19,28.664939880371094
2024-11-20,28.664939880371094
2024-11-21,28.664939880371094
2024-11-22,28.664939880371094
2024-11-23,28.664939880371094
2024-11-24,28.664939880371094
2024-11-25,28.664939880371094
2024-11-26,28.664939880371094
2024-11-27,28.664939880371094
2024-11-28,28.664939880371094
2024-11-29,28.664939880371094
2024-11-30,28.664939880371094
2024-12-01,28.600221633911133
2024-12-02,28.600221633911133
2024-12-03,28.600221633911133
2024-12-04,28.600221633911133
2024-12-05,28.600221633911133
2024-12-06,28.600221633911133
2024-12-07,28.600221633911133
2024-12-08,28.600221633911133
2024-12-09,28.600221633911133
2024-12-10,28.600221633911133
2024-12-11,28.600221633911133
2024-12-12,28.600221633911133
2024-12-13,28.600221633911133
2024-12-14,28.600221633911133
2024-12-15,28.600221633911133
2024-12-16,28.600221633911133
2024-12-17,28.600221633911133
2024-12-18,28.600221633911133
2024-12-19,28.600221633911133
2024-12-20,28.600221633911133
2024-12-21,28.600221633911133
2024-12-22,28.600221633911133
2024-12-23,28.600221633911133
2024-12-24,28.600221633911133
2024-12-25,28.600221633911133
2024-12-26,28.600221633911133
2024-12-27,28.600221633911133
2024-12-28,28.600221633911133
2024-12-29,28.600221633911133
2024-12-30,28.600221633911133
2024-12-31,28.600221633911133
2025-01-01,28.159656524658203
2025-01-02,28.159656524658203
2025-01-03,28.159656524658203
2025-01-04,28.159656524658203
2025-01-05,28.159656524658203
2025-01-06,28.159656524658203
2025-01-07,28.159656524658203
2025-01-08,28.159656524658203
2025-01-09,28.159656524658203
2025-01-10,28.159656524658203
2025-01-11,28.159656524658203
2025-01-12,28.159656524658203
2025-01-13,28.159656524658203
2025-01-14,28.159656524658203
2025-01-15,28.159656524658203
2025-01-16,28.159656524658203
2025-01-17,28.159656524658203
2025-01-18,28.159656524658203
2025-01-19,28.159656524658203
2025-01-20,28.159656524658203
2025-01-21,28.159656524658203
2025-01-22,28.159656524658203
2025-01-23,28.159656524658203
2025-01-24,28.159656524658203
2025-01-25,28.159656524658203
2025-01-26,28.159656524658203
2025-01-27,28.159656524658203
2025-01-28,28.159656524658203
2025-01-29,28.159656524658203
2025-01-30,28.159656524658203
2025-01-31,28.159656524658203
2025-02-01,28.15021324157715
2025-02-02,28.15021324157715
2025-02-03,28.15021324157715
2025-02-04,28.15021324157715
2025-02-05,28.15021324157715
2025-02-06,28.15021324157715
2025-02-07,28.15021324157715
2025-02-08,28.15021324157715
2025-02-09,28.15021324157715
2025-02-10,28.15021324157715
2025-02-11,28.15021324157715
2025-02-12,28.15021324157715
2025-02-13,28.15021324157715
2025-02-14,28.15021324157715
2025-02-15,28.15021324157715
2025-02-16,28.15021324157715
2025-02-17,28.15021324157715
2025-02-18,28.15021324157715
2025-02-19,28.15021324157715
2025-02-20,28.15021324157715
2025-02-21,28.15021324157715
2025-02-22,28.15021324157715
2025-02-23,28.15021324157715
2025-02-24,28.15021324157715
2025-02-25,28.15021324157715
2025-02-26,28.15021324157715
2025-02-27,28.15021324157715
2025-02-28,28.15021324157715
2025-03-01,26.23094367980957
2025-03-02,26.23094367980957
2025-03-03,26.23094367980957
2025-03-04,26.23094367980957
2025-03-05,26.23094367980957
2025-03-06,26.23094367980957
2025-03-07,26.23094367980957
2025-03-08,26.23094367980957
2025-03-09,26.23094367980957
2025-03-10,26.23094367980957
2025-03-11,26.23094367980957
2025-03-12,26.23094367980957
2025-03-13,26.23094367980957
2025-03-14,26.23094367980957
2025-03-15,26.23094367980957
2025-03-16,26.23094367980957
2025-03-17,26.23094367980957
2025-03-18,26.23094367980957
2025-03-19,26.23094367980957
2025-03-20,26.23094367980957
2025-03-21,26.23094367980957
2025-03-22,26.23094367980957
2025-03-23,26.23094367980957
2025-03-24,26.23094367980957
2025-03-25,26.23094367980957
2025-03-26,26.23094367980957
2025-03-27,26.23094367980957
2025-03-28,26.23094367980957
2025-03-29,26.23094367980957
2025-03-30,26.23094367980957
2025-03-31,26.23094367980957
2025-04-01,24.558990478515625
2025-04-02,24.558990478515625
2025-04-03,24.558990478515625
2025-04-04,24.558990478515625
2025-04-05,24.558990478515625
2025-04-06,24.558990478515625
2025-04-07,24.558990478515625
2025-04-08,24.558990478515625
2025-04-09,24.558990478515625
2025-04-10,24.558990478515625
2025-04-11,24.558990478515625
2025-04-12,24.558990478515625
2025-04-13,24.558990478515625
2025-04-14,24.558990478515625
2025-04-15,24.558990478515625
2025-04-16,24.558990478515625
2025-04-17,24.558990478515625
2025-04-18,24.558990478515625
2025-04-19,24.558990478515625
2025-04-20,24.558990478515625
2025-04-21,24.558990478515625
2025-04-22,24.558990478515625
2025-04-23,24.558990478515625
2025-04-24,24.558990478515625
2025-04-25,24.558990478515625
2025-04-26,24.558990478515625
2025-04-27,24.558990478515625
2025-04-28,24.558990478515625
2025-04-29,24.558990478515625
2025-04-30,24.558990478515625
2025-05-01,26.343420028686523
2025-05-02,26.343420028686523
2025-05-03,26.343420028686523
2025-05-04,26.343420028686523
2025-05-05,26.343420028686523
2025-05-06,26.343420028686523
2025-05-07,26.343420028686523
2025-05-08,26.343420028686523
2025-05-09,26.343420028686523
2025-05-10,26.343420028686523
2025-05-11,26.343420028686523
2025-05-12,26.343420028686523
2025-05-13,26.343420028686523
2025-05-14,26.343420028686523
2025-05-15,26.343420028686523
2025-05-16,26.343420028686523
2025-05-17,26.343420028686523
2025-05-18,26.343420028686523
2025-05-19,26.343420028686523
2025-05-20,26.343420028686523
2025-05-21,26.343420028686523
2025-05-22,26.343420028686523
2025-05-23,26.343420028686523
2025-05-24,26.343420028686523
2025-05-25,26.343420028686523
2025-05-26,26.343420028686523
2025-05-27,26.343420028686523
2025-05-28,26.343420028686523
2025-05-29,26.343420028686523
2025-05-30,26.343420028686523
2025-05-31,26.343420028686523
2025-06-01,27.097251892089844
2025-06-02,27.097251892089844
2025-06-03,27.097251892089844
2025-06-04,27.097251892089844
2025-06-05,27.097251892089844
2025-06-06,27.097251892089844
2025-06-07,27.097251892089844
2025-06-08,27.097251892089844
2025-06-09,27.097251892089844
2025-06-10,27.097251892089844
2025-06-11,27.097251892089844
2025-06-12,27.097251892089844
2025-06-13,27.097251892089844
2025-06-14,27.097251892089844
2025-06-15,27.097251892089844
2025-06-16,27.097251892089844
2025-06-17,27.097251892089844
2025-06-18,27.097251892089844
2025-06-19,27.097251892089844
2025-06-20,27.097251892089844
2025-06-21,27.097251892089844
2025-06-22,27.097251892089844
2025-06-23,27.097251892089844
2025-06-24,27.097251892089844
2025-06-25,27.097251892089844
2025-06-26,27.097251892089844
2025-06-27,27.097251892089844
2025-06-28,27.097251892089844
2025-06-29,27.097251892089844
2025-06-30,27.097251892089844
2025-07-01,27.814664840698242
2025-07-02,27.814664840698242
2025-07-03,27.814664840698242
2025-07-04,27.814664840698242
2025-07-05,27.814664840698242
2025-07-06,27.814664840698242
2025-07-07,27.814664840698242
2025-07-08,27.814664840698242
2025-07-09,27.814664840698242
2025-07-10,27.814664840698242
2025-07-11,27.814664840698242
2025-07-12,27.814664840698242
2025-07-13,27.814664840698242
2025-07-14,27.814664840698242
2025-07-15,27.814664840698242
2025-07-16,27.814664840698242
2025-07-17,27.814664840698242
2025-07-18,27.814664840698242
2025-07-19,27.814664840698242
2025-07-20,27.814664840698242
2025-07-21,27.814664840698242
2025-07-22,27.814664840698242
2025-07-23,27.814664840698242
2025-07-24,27.814664840698242
2025-07-25,27.814664840698242
2025-07-26,27.814664840698242
2025-07-27,27.814664840698242
2025-07-28,27.814664840698242
2025-07-29,27.814664840698242
2025-07-30,27.814664840698242
2025-07-31,27.814664840698242
2025-08-01,27.838773727416992
2025-08-02,27.838773727416992
2025-08-03,27.838773727416992
2025-08-04,27.838773727416992
2025-08-05,27.838773727416992
2025-08-06,27.838773727416992
2025-08-07,27.838773727416992
2025-08-08,27.838773727416992
2025-08-09,27.838773727416992
2025-08-10,27.838773727416992
2025-08-11,27.838773727416992
2025-08-12,27.838773727416992
2025-08-13,27.838773727416992
2025-08-14,27.838773727416992
2025-08-15,27.838773727416992
2025-08-16,27.838773727416992
2025-08-17,27.838773727416992
2025-08-18,27.838773727416992
2025-08-19,27.838773727416992
2025-08-20,27.838773727416992
2025-08-21,27.838773727416992
2025-08-22,27.838773727416992
2025-08-23,27.838773727416992
2025-08-24,27.838773727416992
2025-08-25,27.838773727416992
2025-08-26,27.838773727416992
2025-08-27,27.838773727416992
2025-08-28,27.838773727416992
2025-08-29,27.838773727416992
2025-08-30,27.838773727416992
2025-08-31,27.838773727416992
2025-09-01,28.12961769104004
2025-09-02,28.12961769104004
2025-09-03,28.12961769104004
2025-09-04,28.12961769104004
2025-09-05,28.12961769104004
2025-09-06,28.12961769104004
2025-09-07,28.12961769104004
2025-09-08,28.12961769104004
2025-09-09,28.12961769104004
2025-09-10,28.12961769104004
2025-09-11,28.12961769104004
2025-09-12,28.12961769104004
2025-09-13,28.12961769104004
2025-09-14,28.12961769104004
2025-09-15,28.12961769104004
2025-09-16,28.12961769104004
2025-09-17,28.12961769104004
2025-09-18,28.12961769104004
2025-09-19,28.12961769104004
2025-09-20,28.12961769104004
2025-09-21,28.12961769104004
2025-09-22,28.12961769104004
2025-09-23,28.12961769104004
2025-09-24,28.12961769104004
2025-09-25,28.12961769104004
2025-09-26,28.12961769104004
2025-09-27,28.12961769104004
2025-09-28,28.12961769104004
2025-09-29,28.12961769104004
2025-09-30,28.12961769104004
2025-10-01,28.77762794494629
2025-10-02,28.77762794494629
2025-10-03,28.77762794494629
2025-10-04,28.77762794494629
2025-10-05,28.77762794494629
2025-10-06,28.77762794494629
2025-10-07,28.77762794494629
2025-10-08,28.77762794494629
2025-10-09,28.77762794494629
2025-10-10,28.77762794494629
2025-10-11,28.77762794494629
2025-10-12,28.77762794494629
2025-10-13,28.77762794494629
2025-10-14,28.77762794494629
2025-10-15,28.77762794494629
2025-10-16,28.77762794494629
2025-10-17,28.77762794494629
2025-10-18,28.77762794494629
2025-10-19,28.77762794494629
2025-10-20,28.77762794494629
2025-10-21,28.77762794494629
2025-10-22,28.77762794494629
2025-10-23,28.77762794494629
2025-10-24,28.77762794494629
2025-10-25,28.77762794494629
2025-10-26,28.77762794494629
2025-10-27,28.77762794494629
2025-10-28,28.77762794494629
2025-10-29,28.77762794494629
2025-10-30,28.77762794494629
2025-10-31,28.77762794494629
2025-11-01,28.799819946289062
2025-11-02,28.799819946289062
2025-11-03,28.799819946289062
2025-11-04,28.799819946289062
2025-11-05,28.799819946289062
2025-11-06,28.799819946289062
2025-11-07,28.799819946289062
2025-11-08,28.799819946289062
2025-11-09,28.799819946289062
2025-11-10,28.799819946289062
2025-11-11,28.799819946289062
2025-11-12,28.799819946289062
2025-11-13,28.799819946289062
2025-11-14,28.799819946289062
2025-11-15,28.799819946289062
2025-11-16,28.799819946289062
2025-11-17,28.799819946289062
2025-11-18,28.799819946289062
2025-11-19,28.799819946289062
2025-11-20,28.799819946289062
2025-11-21,28.799819946289062
2025-11-22,28.799819946289062
2025-11-23,28.799819946289062
2025-11-24,28.799819946289062
2025-11-25,28.799819946289062
2025-11-26,28.799819946289062
2025-11-27,28.799819946289062
2025-11-28,28.799819946289062
2025-11-29,28.799819946289062
2025-11-30,28.799819946289062
2025-12-01,29.278926849365234
2025-12-02,29.278926849365234
2025-12-03,29.278926849365234
2025-12-04,29.278926849365234
2025-12-05,29.278926849365234
2025-12-06,29.278926849365234
2025-12-07,29.278926849365234
2025-12-08,29.278926849365234
2025-12-09,29.278926849365234
2025-12-10,29.278926849365234
2025-12-11,29.278926849365234
2025-12-12,29.278926849365234
2025-12-13,29.278926849365234
2025-12-14,29.278926849365234
2025-12-15,29.278926849365234
2025-12-16,29.278926849365234
2025-12-17,29.278926849365234
2025-12-18,29.278926849365234
2025-12-19,29.278926849365234
2025-12-20,29.278926849365234
2025-12-21,29.278926849365234
2025-12-22,29.278926849365234
2025-12-23,29.278926849365234
2025-12-24,29.278926849365234
2025-12-25,29.278926849365234
2025-12-26,29.278926849365234
2025-12-27,29.278926849365234
2025-12-28,29.278926849365234
2025-12-29,29.278926849365234
2025-12-30,29.278926849365234
2025-12-31,29.278926849365234
2026-01-01,29.604042053222656
2026-01-02,29.604042053222656
2026-01-03,29.604042053222656
2026-01-04,29.604042053222656
2026-01-05,29.604042053222656
2026-01-06,29.604042053222656
2026-01-07,29.604042053222656
2026-01-08,29.604042053222656
2026-01-09,29.604042053222656
2026-01-10,29.604042053222656
2026-01-11,29.604042053222656
2026-01-12,29.604042053222656
2026-01-13,29.604042053222656
2026-01-14,29.604042053222656
2026-01-15,29.604042053222656
2026-01-16,29.604042053222656
2026-01-17,29.604042053222656
2026-01-18,29.604042053222656
2026-01-19,29.604042053222656
2026-01-20,29.604042053222656
2026-01-21,29.604042053222656
2026-01-22,29.604042053222656
2026-01-23,29.604042053222656
2026-01-24,29.604042053222656
2026-01-25,29.604042053222656
2026-01-26,29.604042053222656
2026-01-27,29.604042053222656
2026-01-28,29.604042053222656
2026-01-29,29.604042053222656
2026-01-30,29.604042053222656
2026-01-31,29.604042053222656
2026-02-01,29.45315933227539
2026-02-02,29.45315933227539
2026-02-03,29.45315933227539
2026-02-04,29.45315933227539
2026-02-05,29.45315933227539
2026-02-06,29.45315933227539
2026-02-07,29.45315933227539
2026-02-08,29.45315933227539
2026-02-09,29.45315933227539
2026-02-10,29.45315933227539
2026-02-11,29.45315933227539
2026-02-12,29.45315933227539
2026-02-13,29.45315933227539
2026-02-14,29.45315933227539
2026-02-15,29.45315933227539
2026-02-16,29.45315933227539
2026-02-17,29.45315933227539
2026-02-18,29.45315933227539
2026-02-19,29.45315933227539
2026-02-20,29.45315933227539
2026-02-21,29.45315933227539
2026-02-22,29.45315933227539
2026-02-23,29.45315933227539
2026-02-24,29.45315933227539
2026-02-25,29.45315933227539
2026-02-26,29.45315933227539
2026-02-27,29.45315933227539
2026-02-28,29.45315933227539
2026-03-01,28.43039894104004
2026-03-02,28.43039894104004
2026-03-03,28.43039894104004
2026-03-04,28.43039894104004
2026-03-05,28.43039894104004
2026-03-06,28.43039894104004
2026-03-07,28.43039894104004
2026-03-08,28.43039894104004
2026-03-09,28.43039894104004
2026-03-10,28.43039894104004
2026-03-11,28.43039894104004
2026-03-12,28.43039894104004
2026-03-13,28.43039894104004
2026-03-14,28.43039894104004
2026-03-15,28.43039894104004
2026-03-16,28.43039894104004
2026-03-17,28.43039894104004
2026-03-18,28.43039894104004
2026-03-19,28.43039894104004
2026-03-20,28.43039894104004
2026-03-21,28.43039894104004
2026-03-22,28.43039894104004
2026-03-23,28.43039894104004
2026-03-24,28.43039894104004
2026-03-25,28.43039894104004
2026-03-26,28.43039894104004
2026-03-27,28.43039894104004
2026-03-28,28.43039894104004
2026-03-29,28.43039894104004
2026-03-30,28.43039894104004
2026-03-31,28.43039894104004
2026-04-01,29.024765014648438
2026-04-02,29.024765014648438
2026-04-03,29.024765014648438
2026-04-04,29.024765014648438
2026-04-05,29.024765014648438
2026-04-06,29.024765014648438
2026-04-07,29.024765014648438
2026-04-08,29.024765014648438
2026-04-09,29.024765014648438
2026-04-10,29.024765014648438
2026-04-11,29.024765014648438
2026-04-12,29.024765014648438
2026-04-13,29.024765014648438
2026-04-14,29.024765014648438
2026-04-15,29.024765014648438
2026-04-16,29.024765014648438
2026-04-17,29.024765014648438
2026-04-18,29.024765014648438
2026-04-19,29.024765014648438
2026-04-20,29.024765014648438
2026-04-21,29.024765014648438
2026-04-22,29.024765014648438
2026-04-23,29.024765014648438
2026-04-24,29.024765014648438
2026-04-25,29.024765014648438
2026-04-26,29.024765014648438
2026-04-27,29.024765014648438
2026-04-28,29.024765014648438
2026-04-29,29.024765014648438
2026-04-30,29.024765014648438
2026-05-01,29.024765014648438
2026-05-02,29.024765014648438
2026-05-03,29.024765014648438
2026-05-04,29.024765014648438
2026-05-05,29.024765014648438
2026-05-06,29.024765014648438
2026-05-07,29.024765014648438
2026-05-08,31.83144732967397
2026-05-09,31.83144732967397
