date,strategy_nav,benchmark_nav,strategy_drawdown,benchmark_drawdown,strategy_daily_return,benchmark_daily_return,excess_nav,position
2021-01-04,1.0,1.0,0.0,0.0,-0.0,-0.01472889121725851,1.0,0.0
2021-01-05,1.0071920928158296,1.0094901160197869,0.0,0.0,0.00719209281582951,0.009490116019786887,0.9977235802832642,0.8
2021-01-06,1.0022786129423642,1.0033342528496612,-0.004878394010946474,-0.006097992513683037,-0.00487839401094643,-0.006097992513683037,0.9989478681662679,0.8
2021-01-07,1.0228383948538367,1.0290610482193903,0.0,0.0,0.02051304063160213,0.025641300789502663,0.993953076567886,0.8
2021-01-08,1.0312606313782737,1.0396528919429378,0.0,0.0,0.00823418104640119,0.010292726308001487,0.9919278245367257,0.8
2021-01-11,1.0209151530706115,1.0266158064164603,-0.010031875544241009,-0.012539844430301428,-0.010031875544240966,-0.012539844430301206,0.9944471404879809,0.8
2021-01-12,1.0231705525253123,1.029450798045068,-0.007844844074139656,-0.009812980829403295,0.0022091938276332713,0.002761492284541589,0.9938994213888785,0.8
2021-01-13,1.026709611175615,1.033901774892098,-0.00441306500431049,-0.00553176651112075,0.003458913708538525,0.004323642135673156,0.9930436682757088,0.8
2021-01-14,1.0256891978148532,1.0326173231185247,-0.0054025465473013234,-0.006767228638459022,-0.0009938675450729129,-0.001242334431341141,0.9932907136568768,0.8
2021-01-15,1.0185466661761573,1.023628852345955,-0.012328566431479393,-0.015412874548000888,-0.006963641280333732,-0.008704551600417165,0.9950351280562771,0.8
2021-01-19,1.0310013053015978,1.0392748315358675,-0.0002514651183079808,-0.0003636409901806026,0.012227853213832419,0.015284816517290523,0.9920391353824639,0.8
2021-01-20,1.04725525276655,1.0597553081688351,0.0,0.0,0.01576520551561984,0.0197065068945248,0.9882047720771655,0.8
2021-01-21,1.051841092253959,1.065556028344687,0.0,0.0,0.00437891285366625,0.005473641067082813,0.9871288456675208,0.8
2021-01-22,1.0525966513588632,1.0665127918769002,0.0,0.0,0.0007183205813772631,0.0008979007267215788,0.9869517359528837,0.8
2021-01-25,1.0583748733503056,1.0738310600618481,0.0,0.0,0.00548949303988664,0.006861866299858299,0.9856065006066668,0.8
2021-01-26,1.057758248366639,1.0730490225761897,-0.0005826149119684265,-0.0007282686399603389,-0.0005826149119682712,-0.0007282686399603389,0.9857501624922592,0.8
2021-01-27,1.0356834465529199,1.0450566333105518,-0.02143987670980463,-0.02679604625111054,-0.020869420633501525,-0.026086775791876904,0.9910309293689288,0.8
2021-01-28,1.0381254015661576,1.0502982608990563,-0.01913260820341267,-0.021914805818185612,0.002357819873790007,0.005015639747580014,0.9884100928411719,0.5
2021-01-29,1.0277547908569773,1.0293138318967785,-0.028931225848550013,-0.04145645420472899,-0.009989747571473362,-0.019979495142946724,0.9984853588949366,0.5
2021-02-01,1.0408349421245817,1.0555138180079033,-0.016572512884967527,-0.01705784339381078,0.012726918311611879,0.025453836623223758,0.9860931466430014,0.5
2021-02-02,1.0489650153661185,1.0720032810352336,-0.008890855424789068,-0.0017021104106537122,0.007811107133799178,0.015622214267598356,0.9785091463088929,0.5
2021-02-03,1.0488787020841,1.0718268630991434,-0.008972408080839323,-0.0018663987634975898,-8.228423327200085e-05,-0.0001645684665440017,0.9785896754363015,0.5
2021-02-04,1.0553212357140755,1.08499383959949,-0.0028852136545567397,0.0,0.006142305699576633,0.012284611399153267,0.9726518227086269,0.5
2021-02-05,1.0583299142567477,1.0911803874934602,-4.24793659504763e-05,0.0,0.0028509599170877253,0.005701919834175451,0.9698945530791907,0.5
2021-02-08,1.063345715283491,1.101523369647179,0.0,0.0,0.0047393548638998695,0.009478709727799739,0.9653410400399256,0.5
2021-02-09,1.0641082205060273,1.1031031330487322,0.0,0.0,0.0007170812009459349,0.0014341624018918697,0.9646498034731062,0.5
2021-02-10,1.0627723622830527,1.1003335098794431,-0.0012553781628895644,-0.002510756325779351,-0.00125537816288962,-0.00251075632577924,0.9658638519511182,0.5
2021-02-11,1.0647970926176562,1.1045260890519906,0.0,0.0,0.0019051401847276495,0.003810280369455299,0.9640307306200132,0.5
2021-02-12,1.0674428143072319,1.1100149632248584,0.0,0.0,0.0024847191149549586,0.004969438229909917,0.9616472296968464,0.5
2021-02-16,1.0656264527060668,1.1062373584128786,-0.0017016008509493918,-0.0034032017018985616,-0.0017016008509493918,-0.0034032017018987837,0.963289157251861,0.5
2021-02-17,1.0625158716193885,1.0997791084403525,-0.0046156502454334225,-0.009221366489302274,-0.0029190163952660386,-0.005838032790532077,0.966117526205959,0.5
2021-02-18,1.0587068542513551,1.0918939034529391,-0.008184007554115524,-0.016325059005757203,-0.0035849039715784015,-0.007169807943156803,0.9696059762797142,0.5
2021-02-19,1.059054260253509,1.0926104955752092,-0.007858551241611167,-0.015679489219753484,0.0003281418277013559,0.0006562836554027118,0.9692880166741996,0.5
2021-02-22,1.0460241357842195,1.0657245251615892,-0.020065410751687995,-0.039900757675009,-0.012303547569102291,-0.024607095138204582,0.9815145575500548,0.5
2021-02-23,1.0434019504662728,1.0603813842009666,-0.02252192203529102,-0.044714333291232755,-0.0025068114857413337,-0.0050136229714826674,0.9839874275542018,0.5
2021-02-24,1.0485460250384788,1.0708369539128524,-0.01770285865947485,-0.03529502809420204,0.004930098673773142,0.009860197347546285,0.97918363874825,0.5
2021-02-25,1.030095798060823,1.0331520371157499,-0.03498736957693327,-0.06924494592920027,-0.017596010606190426,-0.03519202121238085,0.9970418302968661,0.5
2021-02-26,1.0345216355452758,1.0388944640067037,-0.030841163873796762,-0.06407165810768234,0.0042965299856426555,0.005558162482053319,0.9957908828924131,0.8
2021-03-01,1.0593946951677422,1.070117208723721,-0.007539625572085429,-0.03594343844268988,0.024043054072384253,0.030053817590480314,0.9899800568866965,0.8
2021-03-02,1.0450474293231982,1.0520016091407562,-0.020980407272279233,-0.05226357842560925,-0.013542890020109333,-0.016928612525136666,0.9933895730223854,0.8
2021-03-03,1.030768735880669,1.0235697900203586,-0.03435694908899101,-0.07787748460016786,-0.013663201345585258,-0.027026402691170515,1.007033175393118,0.5
2021-03-04,1.01989302544124,1.0019702822679286,-0.04454551403472762,-0.09733623828190041,-0.010551067432344075,-0.02110213486468815,1.017887499749737,0.5
2021-03-05,1.0277758294965569,1.017458838826988,-0.037160758664546156,-0.08338277182225784,0.00772904986962375,0.0154580997392475,1.0101399587637994,0.5
2021-03-08,1.0154064593098129,0.9929684301872159,-0.048748611447808954,-0.10544590560977152,-0.012035085698408665,-0.02407017139681733,1.0225969209498096,0.5
2021-03-09,1.0341158308378717,1.0295603094404435,-0.03122132916411946,-0.0724806930085653,0.018425499814897717,0.03685099962979543,1.0044247251527247,0.5
2021-03-10,1.033918471525772,1.0291673296438348,-0.03140621898627605,-0.07283472408889147,-0.00019084836167698738,-0.00038169672335397475,1.0046164911624056,0.5
2021-03-11,1.0469658332658685,1.055142140638625,-0.01918321128486211,-0.04943430890950762,0.012619333244759834,0.025238666489519668,0.9922509896459942,0.5
2021-03-12,1.043886761688889,1.0489359053027891,-0.0220677419929336,-0.05502543654422465,-0.0029409475258374007,-0.005881895051674801,0.9951864135946012,0.5
2021-03-15,1.0493668174852997,1.0599490295206266,-0.01693392524606896,-0.0451038367616039,0.005249664999625758,0.010499329999251517,0.99001630102901,0.5
2021-03-16,1.0491044757809285,1.0608830294481832,-0.01717969176475742,-0.04426240672822568,-0.00025,0.0008811743787140447,0.9888974058964999,0.0
2021-03-17,1.0491044757809285,1.0651063702486454,-0.01717969176475742,-0.04045764648590211,0.0,0.003980967442432259,0.9849762475235395,0.0
2021-03-18,1.0491044757809285,1.0328953313308027,-0.01717969176475742,-0.06947620928460707,-0.0,-0.030242086440928184,1.0156929206265668,0.0
2021-03-19,1.0491044757809285,1.0406970954024979,-0.01717969176475742,-0.0624476877509611,0.0,0.0075532959004116496,1.0080786046348855,0.0
2021-03-22,1.055284362214319,1.0534781672806561,-0.011390260845779876,-0.0509333637989432,0.005890630128892099,0.012281260257784199,1.0017145062800166,0.5
2021-03-23,1.0493743203275339,1.0416783144289032,-0.01692689644589951,-0.061563718562334335,-0.005600425912105911,-0.011200851824211822,1.007388083050236,0.5
2021-03-24,1.0388307353564408,1.0207457956737307,-0.026804320163380635,-0.08042158935567811,-0.010047496652864696,-0.02009499330572939,1.0177173785670832,0.5
2021-03-25,1.039463481751276,1.0219892575781078,-0.02621155173929801,-0.0793013685067947,0.0006090947960046833,0.0012181895920093666,1.0170982464283218,0.5
2021-03-26,1.045913263601653,1.034671969151009,-0.020169277845156985,-0.06787565624787628,0.006204914327062716,0.012409828654125432,1.0108645974625834,0.5
2021-03-29,1.0427656648745798,1.0284444313878423,-0.023118006043881145,-0.07348597499986331,-0.0030094261509165388,-0.0060188523018330775,1.013925140775386,0.5
2021-03-30,1.041698315237839,1.0273214012567509,-0.024117918753428502,-0.07449770021825919,-0.0010235757396836519,-0.0010919696746045648,1.013994562912347,0.8
2021-03-31,1.0545691835219666,1.0431879413188108,-0.012060253357572326,-0.060203712670592435,0.01235565815539328,0.015444572694241598,1.0109100592063665,0.8
2021-04-01,1.0694235883045833,1.0615555555384655,0.0,-0.04365653553498661,0.014085756548477059,0.017607195685596322,1.0074117955721373,0.8
2021-04-05,1.0837340401531501,1.0793120131155272,0.0,-0.02765994254719939,0.01338146269174203,0.016726828364677537,1.0040970794208604,0.8
2021-04-06,1.083277952954556,1.078744230368294,-0.0004208479033561696,-0.02817145164035939,-0.0004208479033560586,-0.0005260598791950732,1.0042027780623348,0.8
2021-04-07,1.082674406311806,1.0779929545105502,-0.0009777618881422478,-0.028848267613687417,-0.0005571484595471077,-0.0006964355744338846,1.004342748050131,0.8
2021-04-08,1.0915624043918055,1.0890549128127023,0.0,-0.01888267375357011,0.008209299146801642,0.010261623933502051,1.0023024473326392,0.8
2021-04-09,1.09603816688111,1.094636764005942,0.0,-0.013854046772702078,0.0041003267163624455,0.005125408395453057,1.001280244663115,0.8
2021-04-12,1.0928721310298501,1.0906842793392675,-0.0028886182497359636,-0.017414795769446823,-0.0028886182497359415,-0.0036107728121699267,1.002005944095855,0.8
2021-04-13,1.1020948424487838,1.1021895896037384,0.0,-0.007049791111270687,0.008438966606498255,0.010548708258122819,0.9999140373345491,0.8
2021-04-14,1.0933852516990052,1.0913016652115133,-0.007902759739285559,-0.01685859977867188,-0.007902759739285604,-0.009878449674107004,1.0019092672117276,0.8
2021-04-15,1.104804934798078,1.1055490669882895,0.0,-0.004023275707558449,0.01044433613982605,0.013055420174782562,0.9993269116564508,0.8
2021-04-16,1.1056599013380244,1.1066184949827398,0.0,-0.0030598400513909274,0.0007738619850595541,0.0009673274813244426,0.9991337632173495,0.8
2021-04-19,1.0970005048339786,1.095784864863784,-0.007831880756068443,-0.012819735618457395,-0.007831880756068443,-0.009789850945085554,1.001109378317929,0.8
2021-04-20,1.0888960477933018,1.0856655197450045,-0.015161853590272778,-0.021936139859874415,-0.007387833464947491,-0.009234791831184364,1.0029756200132949,0.8
2021-04-21,1.0992556142768122,1.0985765595011017,-0.005792275774369693,-0.01030472930790538,0.009513825038215984,0.01189228129776998,1.0006181223965118,0.8
2021-04-22,1.0909465029927488,1.088196586489816,-0.01330734552955215,-0.019655930287331258,-0.007558852714643472,-0.00944856589330434,1.002527040184718,0.8
2021-04-23,1.1034772149643801,1.1038204942116998,-0.0019741028602040522,-0.005580527486910736,0.011486092065244691,0.014357615081555863,0.9996890080868042,0.8
2021-04-26,1.1111589568681404,1.113425658719887,0.0,0.0,0.006961396030282608,0.008701745037853259,0.9979642090749439,0.8
2021-04-27,1.1081058795549896,1.1096015269456863,-0.002747651264726314,-0.0034345640809080313,-0.002747651264726425,-0.0034345640809080313,0.9986520860377567,0.8
2021-04-28,1.1056402792014344,1.1065153666251564,-0.004966596032543014,-0.006206334514219258,-0.0022250584524878825,-0.002781323065609853,0.9992091502295255,0.8
2021-04-29,1.1076244333967278,1.1089975223815838,-0.0031809341494891674,-0.0039770381647161734,0.001794574811191474,0.0022432185139893424,0.9987618646956873,0.8
2021-04-30,1.1000819884575699,1.099557778527507,-0.009968842299387548,-0.01245514694562,-0.006809568940283839,-0.008511961175354799,1.0004767461431312,0.8
2021-05-03,1.0958237189498765,1.0942374780756112,-0.013801119833913744,-0.0172334636749224,-0.003870865583086136,-0.00483858197885767,1.001449631278445,0.8
2021-05-04,1.0793178073866427,1.0736349546838926,-0.028655800580723034,-0.035737189748026865,-0.015062560955562533,-0.018828201194453165,1.0052930958310904,0.8
2021-05-05,1.0760827385973804,1.0696124104096427,-0.031567237121162384,-0.03934995387174445,-0.0029973273554112726,-0.0037466591942640903,1.0060492269206747,0.8
2021-05-06,1.0792783993366708,1.0735829675327169,-0.02869126629850205,-0.03578388092203433,0.002969716569801939,0.0037121457122524237,1.005305069078213,0.8
2021-05-07,1.0868405075372158,1.0829857205292264,-0.02188566197537334,-0.027338994707251096,0.007006633511050353,0.008758291888812941,1.003559407049343,0.8
2021-05-10,1.0646880702221722,1.0553933862346179,-0.04182199707677181,-0.0521204734512668,-0.020382417807780495,-0.02547802225972562,1.0088068431248327,0.8
2021-05-11,1.0638980437998633,1.054414474330306,-0.042532990240644275,-0.05299966273224421,-0.0007420261806295515,-0.0009275327257869392,1.008994157136908,0.8
2021-05-12,1.0411571483889273,1.0262417450210193,-0.06299891482359721,-0.0783024111363696,-0.021375070236724716,-0.026718837795905892,1.014534005696292,0.8
2021-05-13,1.0471211343203601,1.033589928889114,-0.057631558610006794,-0.0717027932718568,0.005728228385754619,0.007160285482193274,1.0130914640836228,0.8
2021-05-14,1.0665870060336333,1.0576078389241184,-0.04011302843666531,-0.05013160901998859,0.01858989478414799,0.023237368480184983,1.0084900723869912,0.8
2021-05-17,1.0633511422362658,1.053597060972546,-0.04302518045358994,-0.05373380546674866,-0.0030338488834594558,-0.0037923111043243196,1.0092578857943244,0.8
2021-05-18,1.0585563338183133,1.047658528703637,-0.04734032221464546,-0.05906737418990582,-0.0045091486974556,-0.005636435871819501,1.0104020583196713,0.8
2021-05-19,1.0583081160635863,1.0473514507529798,-0.04756370857461911,-0.059343169837556276,-0.00023448705259889737,-0.0002931088157486217,1.0104613072361999,0.8
2021-05-20,1.0733316104169852,1.065936395873851,-0.03404314586796253,-0.04265148954860143,0.014195765982858788,0.017744707478573485,1.0069377634273118,0.8
2021-05-21,1.0692240716745969,1.0608373484307305,-0.037739771555043045,-0.047231092509236405,-0.0038269055923850106,-0.004783631990481263,1.0079057578961306,0.8
2021-05-24,1.0766111918583203,1.0758139545972218,-0.031091649665674015,-0.03378016648718829,0.006908860714437398,0.014117721428874797,1.0007410549544293,0.5
2021-05-25,1.076453575607587,1.0754989555273766,-0.031233498183169228,-0.03406307632259431,-0.00014640034575641447,-0.00029280069151282895,1.0008876067013401,0.5
2021-05-26,1.0796390754992935,1.0818643053836008,-0.028366671729567194,-0.028346170298044426,0.0029592543179657316,0.005918508635931463,0.9979431525069882,0.5
2021-05-27,1.0795715007432864,1.0817288773167069,-0.02842748639122239,-0.028467802187729485,-6.259013548187697e-05,-0.00012518027096375395,0.9980056217240203,0.5
2021-05-28,1.080061131795534,1.082710096343112,-0.027986837419064936,-0.027586540813231197,0.0004535420321029049,0.0009070840642058098,0.9975533944344613,0.5
2021-06-01,1.0795795859916728,1.0817446426510129,-0.028420209981005473,-0.028453642882002472,-0.00044585050761042355,-0.0008917010152208471,0.997998551068361,0.5
2021-06-02,1.0803595977683398,1.0833077947734921,-0.02771822961010928,-0.02704973045171377,0.0007225143813277546,0.0014450287626555092,0.9972785232236155,0.5
2021-06-03,1.0747906366101774,1.0721394781428257,-0.032730078836307075,-0.03708032076836476,-0.0051547291935630235,-0.010309458387126047,1.0024727738520962,0.5
2021-06-04,1.0826843154505315,1.0878878935536938,-0.02562607378683801,-0.022936210393744827,0.007344387429025434,0.014688774858050868,0.9952168066820155,0.5
2021-06-07,1.0824136443716688,1.093182200430002,-0.02586966726839135,-0.01818123925144588,-0.00025,0.004866592327830599,0.9901493492538596,0.0
2021-06-08,1.0824136443716688,1.0965834367244471,-0.02586966726839135,-0.015126489912944407,0.0,0.0031113169361038917,0.9870782360208683,0.0
2021-06-09,1.0824136443716688,1.0955470774800051,-0.02586966726839135,-0.016057274322595516,-0.0,-0.0009450801550839882,0.9880119865423346,0.0
2021-06-10,1.0824136443716688,1.1040977333832807,-0.02586966726839135,-0.008377681314916563,0.0,0.007804918728772536,0.9803603536571301,0.0
2021-06-11,1.0824136443716688,1.1079635471633058,-0.02586966726839135,-0.004905681411061624,0.0,0.003501332955533787,0.976939762271916,0.0
2021-06-14,1.0824136443716688,1.1162102012787156,-0.02586966726839135,0.0,0.0,0.007443073498693664,0.9697220497820841,0.0
2021-06-15,1.0824136443716688,1.1082344802011634,-0.02586966726839135,-0.0071453576292487275,-0.0,-0.0071453576292487275,0.9767009272037739,0.0
2021-06-16,1.0808669960552282,1.1056215106220293,-0.02726159081531565,-0.009486287300148333,-0.0014288884147783119,-0.0023577768295566237,0.9776103175191716,0.5
2021-06-17,1.085550471956904,1.1152029886767225,-0.023046644004396266,-0.0009023502928384719,0.004333073281697741,0.008666146563395483,0.9734106552610627,0.5
2021-06-18,1.0805306732652642,1.104889153165453,-0.027564268292633476,-0.01014239800020944,-0.004624196498750233,-0.009248392997500465,0.9779539152589172,0.5
2021-06-21,1.0848088037195318,1.1136382984728472,-0.023714116675869534,-0.0023041384166907486,0.003959286450739619,0.007918572901479237,0.9741123354029312,0.5
2021-06-22,1.0890965358076796,1.122441661149441,-0.019855323960709326,0.0,0.003952523314197265,0.00790504662839453,0.9702923309995335,0.5
2021-06-23,1.0898018386518773,1.123895455684684,-0.019220578733810667,0.0,0.0006476036062997848,0.0012952072125995695,0.9696647789966935,0.5
2021-06-24,1.0935427385718246,1.1316113179104277,-0.015853913778428264,0.0,0.003432642327503288,0.006865284655006576,0.9663589620074687,0.5
2021-06-25,1.0932693528871817,1.1308773454683858,-0.016099950299983568,-0.0006486082548177174,-0.00025,-0.0006486082548177174,0.9667444106720278,0.0
2021-06-28,1.0932693528871817,1.141911772113554,-0.016099950299983568,0.0,0.0,0.009757403567579814,0.9574026466717822,0.0
2021-06-29,1.0932693528871817,1.1441026152536302,-0.016099950299983568,0.0,0.0,0.0019185747914842732,0.9555693154716026,0.0
2021-06-30,1.092078731957888,1.1421827051514115,-0.017171462995745457,-0.0016780925737094332,-0.001089046286854661,-0.0016780925737093222,0.9561331361720439,0.5
2021-07-01,1.092772566033583,1.1436340387564212,-0.01654703921604561,-0.0004095581034093687,0.0006353333833825081,0.0012706667667650162,0.9555264437755415,0.5
2021-07-02,1.097172670081991,1.1528438394418363,-0.012587116091446027,0.0,0.0040265506155403585,0.008053101231080717,0.95170970477077,0.5
2021-07-06,1.0984656360785998,1.1547582124510303,-0.011423496801319377,0.0,0.001178452609936015,0.0016605657624200187,0.9512516336619535,0.8
2021-07-07,1.0985507301165331,1.1548700309684998,-0.011346915464862217,0.0,7.746627216942414e-05,9.683284021178018e-05,0.9512332129661932,0.8
2021-07-08,1.0922416034256432,1.1465793108211022,-0.01702488498658794,-0.007178920506271003,-0.005743136405016714,-0.007178920506270892,0.9526088541083599,0.8
2021-07-09,1.1007719979565536,1.157772775082589,-0.009347860490512505,0.0,0.007809988654667599,0.009762485818334499,0.9507668703628228,0.8
2021-07-12,1.1026480262930132,1.16023924240878,-0.0076595076901649906,0.0,0.0017042842113919932,0.0021303552642399914,0.9503626372814271,0.8
2021-07-13,1.0993197139588473,1.1558615551402565,-0.010654859807513573,-0.0037730901597803346,-0.003018472127824268,-0.0037730901597803346,0.9510825142250292,0.8
2021-07-14,1.0973603829541902,1.1532864223634574,-0.012418181780977644,-0.005992574454633859,-0.0017823122607355303,-0.0022278903259194127,0.9515072419784008,0.8
2021-07-15,1.0912567867997545,1.1452680964312436,-0.017911181784900698,-0.012903499063223078,-0.005562070810324205,-0.006952588512905256,0.9528395929304299,0.8
2021-07-16,1.0843000798792328,1.1361418135656163,-0.02417194841736303,-0.020769362009454895,-0.006374949512042072,-0.00796868689005259,0.9543703672663136,0.8
2021-07-19,1.075145437780117,1.1241513924289326,-0.032410771533111116,-0.031103800544554194,-0.008442904569494569,-0.010553630711868212,0.9564062678933936,0.8
2021-07-20,1.0886361425318565,1.14178341922108,-0.02026966006714792,-0.015906911706747295,0.012547795189080625,0.01568474398635078,0.9534524010468811,0.8
2021-07-21,1.09662932009351,1.1522626753864602,-0.01307611002442255,-0.006874932971375425,0.007342377539536571,0.009177971924420714,0.9517181659344375,0.8
2021-07-22,1.0997860772106947,1.1564088045008567,-0.010235150954009953,-0.0033014207483370583,0.002878599960208561,0.0035982499502607013,0.9510357175855279,0.8
2021-07-23,1.108916572675641,1.1684095307828917,-0.002018058873250461,0.0,0.00830206496894661,0.010377581211183262,0.9490821013182017,0.8
2021-07-26,1.1091389825507338,1.1687024583847085,-0.0018178986048044132,0.0,0.00020056502046532644,0.00025070627558165803,0.9490345250780949,0.8
2021-07-27,1.0983691972520249,1.1545172720003896,-0.011510288007904879,-0.0121375515919806,-0.00971004127358448,-0.0121375515919806,0.9513666221285031,0.8
2021-07-28,1.1044826611134924,1.1625497482814442,-0.006008407450060482,-0.0052645650388792875,0.005565946201661909,0.006957432752077386,0.950051954977591,0.8
2021-07-29,1.1054211389613362,1.1637845200259354,-0.005163813756203228,-0.004208032868836753,0.0008496990318505482,0.0010621237898131852,0.9498503545456177,0.8
2021-07-30,1.0991031853151816,1.1554701134250438,-0.01084972719559274,-0.011322253037743701,-0.00571542683912405,-0.0071442835489050616,0.9512173205910281,0.8
2021-08-02,1.0996060062237383,1.156130873192649,-0.010397207863908742,-0.010756874088752255,0.00045748289630545005,0.0005718536203818125,0.9511085913545259,0.8
2021-08-03,1.1044127453111818,1.1624481580052564,-0.006071328962665379,-0.005351490736227649,0.00437132851242854,0.005464160640535676,0.9500748379233854,0.8
2021-08-04,1.1055643606515915,1.1639633219881889,-0.005034919785300129,-0.004055041009385585,0.0010427399948966353,0.0013034249936207942,0.9498274900648545,0.8
2021-08-05,1.112421297175462,1.1729872455369301,0.0,0.0,0.006202204745302354,0.0077527559316279415,0.9483660640029002,0.8
2021-08-06,1.1088747010410809,1.168312631654961,-0.0031881771262256553,-0.003985221407782125,-0.003188177126225611,-0.003985221407782014,0.9491249781921095,0.8
2021-08-09,1.1103348828718127,1.1702356948240409,-0.0018755612724664639,-0.0023457635395086607,0.001316814090321472,0.00164601761290184,0.9488130363676567,0.8
2021-08-10,1.1060257092332875,1.1645586363924056,-0.005749249819662183,-0.007185593173833937,-0.003880967539612712,-0.00485120942451589,0.9497381022045891,0.8
2021-08-11,1.1046525227668405,1.1627513138483545,-0.006983662060720208,-0.008726379359641045,-0.0012415502234563115,-0.0015519377793203892,0.950033347294853,0.8
2021-08-12,1.1077121601429778,1.1667770111894653,-0.004233231640243695,-0.005294374999467388,0.0027697735831660355,0.003462216978957544,0.9493777727191641,0.8
2021-08-13,1.1081093400617863,1.167299958864013,-0.0038761907243451965,-0.004848549457427298,0.00035855877826360686,0.00044819847282950853,0.9492927089110588,0.8
2021-08-16,1.1063665772886837,1.1650051414215854,-0.005442829890214829,-0.006804936836027564,-0.0015727353881932694,-0.0019659192352415866,0.9496666906882929,0.8
2021-08-17,1.0981353228922481,1.1541707422619316,-0.012842233710813611,-0.016041524190985812,-0.007439897919374517,-0.009299872399218145,0.9514496275829468,0.8
2021-08-18,1.0903268174392617,1.143912046968699,-0.019861611596523776,-0.024787310074221747,-0.007110695093953012,-0.008888368867441265,0.9531561629485108,0.8
2021-08-19,1.0912803831381828,1.1451625840474964,-0.019004413247892482,-0.023721196965528102,0.0008745686923123941,0.0010932108653904926,0.9529479903902633,0.8
2021-08-20,1.1016587350308045,1.158776065577023,-0.009674897605776334,-0.012115374667524215,0.009510252408988507,0.011887815511235633,0.9507089141353844,0.8
2021-08-23,1.1153140926419964,1.1767302435175055,0.0,0.0,0.012395270129465353,0.01549408766183169,0.9478077909411738,0.8
2021-08-24,1.119920816428934,1.1828057419347044,0.0,0.0,0.004130427309516804,0.005163034136896005,0.9468341053173194,0.8
2021-08-25,1.1212367362674611,1.1845430048711805,0.0,0.0,0.0011750115001195383,0.0014687643751494228,0.9465563779927062,0.8
2021-08-26,1.1155089519659134,1.1769790281832648,-0.005108452226257998,-0.006385565282822525,-0.005108452226257932,-0.006385565282822414,0.9477730063616902,0.8
2021-08-27,1.1264770199179572,1.1914446068060252,0.0,0.0,0.009832344180398068,0.012290430225497584,0.945471584228972,0.8
2021-08-30,1.134601005758575,1.2021852599046094,0.0,0.0,0.007211852258832075,0.009014815323540093,0.9437821636979669,0.8
2021-08-31,1.134205644227383,1.2016616200934336,-0.00034845864685950634,-0.00043557330857424414,-0.0003484586468593953,-0.00043557330857424414,0.9438644167891409,0.8
2021-09-01,1.1358989309357486,1.205610105748479,0.0,0.0,0.001492927421921958,0.003285854843843916,0.9421776787699937,0.5
2021-09-02,1.136707663066922,1.2073268352983217,0.0,0.0,0.0007119754312182591,0.0014239508624365182,0.9415078252493656,0.5
2021-09-03,1.1364234861511553,1.2098735904733695,-0.00024999999999997247,0.0,-0.00025,0.0021094165230068906,0.939291092143373,0.0
2021-09-07,1.1364234861511553,1.2107249185259052,-0.00024999999999997247,0.0,0.0,0.0007036504137616362,0.9386306243162037,0.0
2021-09-08,1.1364234861511553,1.2038193175794316,-0.00024999999999997247,-0.005703691103410513,-0.0,-0.005703691103410624,0.9440149942403384,0.0
2021-09-09,1.1364234861511553,1.2007961416920567,-0.00024999999999997247,-0.008200687606179868,-0.0,-0.002511320298010933,0.946391686893503,0.0
2021-09-10,1.1364234861511553,1.1903413410208687,-0.00024999999999997247,-0.016835845362672575,-0.0,-0.008706557514796764,0.954703871056455,0.0
2021-09-13,1.1364234861511553,1.1895609185206761,-0.00024999999999997247,-0.01748043645702524,-0.0,-0.0006556291656001356,0.9553302134071436,0.0
2021-09-14,1.1364234861511553,1.1842200846821471,-0.00024999999999997247,-0.021891705901311287,-0.0,-0.004489752273612702,0.9596387536833403,0.0
2021-09-15,1.1364234861511553,1.1939669833909508,-0.00024999999999997247,-0.013841240795933851,0.0,0.008230648031459342,0.9518047835155643,0.0
2021-09-16,1.1364234861511553,1.1955726634640218,-0.00024999999999997247,-0.012515027014007307,0.0,0.001344827868280607,0.9505264890036134,0.0
2021-09-17,1.1364234861511553,1.1847091176619189,-0.00024999999999997247,-0.021487788403381836,-0.0,-0.009086478918501784,0.9592426269107663,0.0
2021-09-20,1.1364234861511553,1.1587162342107287,-0.00024999999999997247,-0.042956648136472486,-0.0,-0.021940308438318068,0.9807608218462924,0.0
2021-09-21,1.1364234861511553,1.1612756016532217,-0.00024999999999997247,-0.04084273489050638,0.0,0.0022087957059100383,0.9785992959236496,0.0
2021-09-22,1.1364234861511553,1.1731234426445214,-0.00024999999999997247,-0.03105699346401891,0.0,0.010202436849988672,0.9687160317838036,0.0
2021-09-23,1.1364234861511553,1.1853604182289403,-0.00024999999999997247,-0.020949845756744634,0.0,0.010431106514105393,0.9587155675816287,0.0
2021-09-24,1.1364234861511553,1.185002891208503,-0.00024999999999997247,-0.021245145717096126,-0.0,-0.0003016188282812804,0.9590048214922032,0.0
2021-09-27,1.1364234861511553,1.1788816348697815,-0.00024999999999997247,-0.026301006255734727,-0.0,-0.0051656045602379574,0.96398438362023,0.0
2021-09-28,1.1364234861511553,1.145547642724917,-0.00024999999999997247,-0.05383326534680033,-0.0,-0.028275944894625926,0.9920351138324915,0.0
2021-09-29,1.1364234861511553,1.1428513091341344,-0.00024999999999997247,-0.05606030598131995,-0.0,-0.0023537507216799813,0.9943756261802342,0.0
2021-09-30,1.1364234861511553,1.1378223212985894,-0.00024999999999997247,-0.060214005767781686,-0.0,-0.004400386817909885,0.9987706031765684,0.0
2021-10-01,1.1364234861511553,1.1471242530596089,-0.00024999999999997247,-0.05253106175739086,0.0,0.00817520590596521,0.9906716583840743,0.0
2021-10-04,1.1364234861511553,1.1226157719634369,-0.00024999999999997247,-0.07277387721543216,-0.0,-0.02136514944288126,1.012299590414242,0.0
2021-10-05,1.143248249225983,1.1366607622285352,0.0,-0.061173397164027477,0.00600547521060299,0.01251095042120598,1.0057954732109626,0.5
2021-10-06,1.1473906512170184,1.1420220525496274,0.0,-0.056745231658340445,0.0036233617622770057,0.004716702202846257,1.0047009588434876,0.8
2021-10-07,1.1570185621863742,1.154000630459564,0.0,-0.046851507884552945,0.00839113597373622,0.010488919967170274,1.0026151907088718,0.8
2021-10-08,1.1523140970515007,1.1481353877691611,-0.00406602390715638,-0.05169591357956749,-0.004066023907156424,-0.00508252988394553,1.0036395614374876,0.8
2021-10-11,1.1464123022085064,1.1407848967789727,-0.009166888349505409,-0.05776706225893713,-0.005121689353706227,-0.006402111692132784,1.0049329242045744,0.8
2021-10-12,1.1451283461870552,1.1391878299617175,-0.010276599173007717,-0.05908616190974769,-0.00111997753249673,-0.0013999719156209123,1.005214694248917,0.8
2021-10-13,1.1518234008419503,1.1475132338445886,-0.0044901279151535745,-0.0522097825146598,0.005846553949334777,0.00730819243666847,1.00375609349874,0.8
2021-10-14,1.1677457083427234,1.167341640869837,0.0,-0.03583248101384484,0.013823566606768268,0.017279458258460334,1.000346143287226,0.8
2021-10-15,1.172403646192918,1.1731620484875542,0.0,-0.031025106912051514,0.003988828917902865,0.004986036147378581,0.9993535400368483,0.8
2021-10-18,1.180240146550328,1.182964010510325,0.0,-0.022929162182752538,0.0066841316835350995,0.008355164604418874,0.9976974244898441,0.8
2021-10-19,1.1869832215467822,1.1914123070967149,0.0,-0.015951279381202554,0.005713307597748596,0.007141634497185745,0.9962824913562244,0.8
2021-10-20,1.1865181185575804,1.1908287590151754,-0.0003918361951196214,-0.016433261764327134,-0.00039183619511975467,-0.0004897952438996933,0.9963801340663287,0.8
2021-10-21,1.1924199515994605,1.1982328521420047,0.0,-0.010317840322564775,0.004974077470519056,0.00621759683814882,0.9951487721838431,0.8
2021-10-22,1.1845518310658116,1.1883497563256091,-0.006598447571339983,-0.018480797626217682,-0.006598447571340139,-0.008248059464175173,0.9968040341325598,0.8
2021-10-25,1.1931244353115626,1.1990998686247771,0.0,-0.009601726802882626,0.007237002232344381,0.009046252790430476,0.9950167342441063,0.8
2021-10-26,1.193688608133944,1.199808616531929,0.0,-0.009016335442461276,0.0004728532965080135,0.0005910666206350168,0.9948991794910799,0.8
2021-10-27,1.193696748989031,1.1998188447732108,0.0,-0.009007887411760729,6.8199152035930416e-06,8.524894004491301e-06,0.9948974832235304,0.8
2021-10-28,1.2070021276160345,1.216535866943039,0.0,0.0,0.011146364131653997,0.013932955164567495,0.9921632073611103,0.8
2021-10-29,1.2101442798371582,1.220494580839366,0.0,0.0,0.0026032698279744083,0.0032540872849680103,0.9915195846301181,0.8
2021-11-01,1.2137704345147429,1.2281750671930078,0.0,0.0,0.0029964647505276,0.0062929295010552,0.9882715151422291,0.5
2021-11-02,1.2158592762742504,1.2324023301010292,0.0,0.0,0.0017209529084818431,0.0034419058169636862,0.986576580210277,0.5
2021-11-03,1.2221516243349304,1.2451582543483675,0.0,0.0,0.005175227251595804,0.010350454503191608,0.9815231277365003,0.5
2021-11-04,1.2218460864288467,1.2552956719235466,-0.00024999999999997247,0.0,-0.00025,0.008141469198615692,0.9733532216808781,0.0
2021-11-05,1.2218460864288467,1.2577589861828762,-0.00024999999999997247,0.0,0.0,0.0019623378893316445,0.9714469145928982,0.0
2021-11-08,1.2218460864288467,1.258607161168551,-0.00024999999999997247,0.0,0.0,0.0006743541449454327,0.970792256810637,0.0
2021-11-09,1.2218460864288467,1.2510613338411052,-0.00024999999999997247,-0.005995379305199444,-0.0,-0.005995379305199555,0.9766476297988049,0.0
2021-11-10,1.2218460864288467,1.2302847765394598,-0.00024999999999997247,-0.022502958431283138,-0.0,-0.01660714526110052,0.9931408643986075,0.0
2021-11-11,1.2218460864288467,1.2367084196805818,-0.00024999999999997247,-0.01739918710428867,0.0,0.005221265241686979,0.987982346513357,0.0
2021-11-12,1.2218460864288467,1.2490469086371188,-0.00024999999999997247,-0.007595898725505479,0.0,0.009976877944862572,0.9782227376568652,0.0
2021-11-15,1.2218460864288467,1.2484869701050036,-0.00024999999999997247,-0.008040786176801373,-0.0,-0.0004482926367641582,0.978661464385234,0.0
2021-11-16,1.2218460864288467,1.2579377881451295,-0.00024999999999997247,-0.0005318363378769009,0.0,0.007569817119782218,0.9713088341439355,0.0
2021-11-17,1.2218460864288467,1.2538199597284143,-0.00024999999999997247,-0.0038035707946330044,-0.0,-0.003273475409930282,0.9744988321078464,0.0
2021-11-18,1.2218460864288467,1.259500940267609,-0.00024999999999997247,0.0,0.0,0.004530938030708143,0.9701033539278171,0.0
2021-11-19,1.2218460864288467,1.2645196998618722,-0.00024999999999997247,0.0,0.0,0.0039847207999677,0.9662531050819637,0.0
2021-11-22,1.2218460864288467,1.2485586446980446,-0.00024999999999997247,-0.012622227368676908,-0.0,-0.012622227368676908,0.9786052834741631,0.0
2021-11-23,1.2218460864288467,1.242288578984286,-0.00024999999999997247,-0.017580683701499233,-0.0,-0.005021843179240482,0.983544489661047,0.0
2021-11-24,1.2218460864288467,1.2478082147850684,-0.00024999999999997247,-0.013215677919947932,0.0,0.004443118848677985,0.9791938151643812,0.0
2021-11-26,1.2218460864288467,1.2199646348944675,-0.00024999999999997247,-0.03523477330742386,-0.0,-0.0223139898909841,1.0015422180943319,0.0
2021-11-29,1.2330230879209025,1.242894198533854,0.0,-0.017101751226477835,0.009147634563960144,0.01879526912792029,0.9920579638841378,0.5
2021-11-30,1.2175170370478305,1.2235895082238515,-0.012575637086583602,-0.03236817239185097,-0.012575637086583753,-0.01553204635822969,0.995037166357502,0.8
2021-12-01,1.1997364128347716,1.2012528749625182,-0.026995986865305355,-0.050032296773442786,-0.014604004438551766,-0.018255005548189707,0.9987375995851049,0.8
2021-12-02,1.2077443092010578,1.2112753978574367,-0.020501464220324728,-0.04210634441697636,0.006674713112495035,0.008343391390618793,0.9970848176536692,0.8
2021-12-03,1.1891601120434478,1.1879772330115637,-0.03557352356752341,-0.0605308615268465,-0.015387526164295284,-0.019234407705369105,1.0009957085026668,0.8
2021-12-06,1.1979687299857527,1.1989770528253283,-0.028429603856208185,-0.05183204899354543,0.007407428026801277,0.009259285033501596,0.9991590140635306,0.8
2021-12-07,1.2270356590973788,1.235341296031988,-0.004855893520712251,-0.0230746929708342,0.024263512380637665,0.03032939047579708,0.9932766459266863,0.8
2021-12-08,1.2332976833808478,1.2432218098711445,0.0,-0.016842671563799372,0.005103375958996459,0.006379219948745574,0.9920174128128227,0.8
2021-12-09,1.2164472585191828,1.2219892883397352,-0.013662901575775988,-0.033633648828707674,-0.013662901575775876,-0.017078626969719846,0.9954647476263215,0.8
2021-12-10,1.2235483435259749,1.230906084519264,-0.00790509865237643,-0.026582120742191573,0.005837560944020126,0.007296951180025157,0.9940225001031149,0.8
2021-12-13,1.2148590366993295,1.2137922373493375,-0.014950686221166243,-0.040115992276020584,-0.007101727424684195,-0.01390345484936839,1.00087889781889,0.5
2021-12-14,1.2079371292043852,1.1999605789738268,-0.02056320588143934,-0.05105426265411084,-0.00569770424867605,-0.0113954084973521,1.0066473435630525,0.5
2021-12-15,1.2209355800906874,1.2257858115528826,-0.010023616728340956,-0.03063130476592868,0.010760867078292158,0.021521734156584316,0.9960431656032543,0.5
2021-12-16,1.205830334631164,1.1954553078535277,-0.02227146707548111,-0.05461709455051478,-0.012371861141438234,-0.024743722282876468,1.0086787240890376,0.5
2021-12-17,1.2054033811007263,1.1946087478533185,-0.02261765562038076,-0.05528656612956706,-0.00035407429899209086,-0.0007081485979841817,1.0090361243937025,0.5
2021-12-20,1.1979046420304118,1.179745575189762,-0.02869789007744894,-0.06704057254416063,-0.006220937478594979,-0.012441874957189958,1.015392358507239,0.5
2021-12-21,1.1976051658699043,1.2081072577985144,-0.0289407156049295,-0.04461175422535524,-0.00025,0.02404050772065003,0.9913069871397449,0.0
2021-12-22,1.1976051658699043,1.2223452003747068,-0.0289407156049295,-0.033352188575450636,0.0,0.011785329890441787,0.9797601900860587,0.0
2021-12-23,1.1976051658699043,1.2326992567144746,-0.0289407156049295,-0.02516405489837248,0.0,0.008470648337796538,0.9715306952174962,0.0
2021-12-27,1.1976051658699043,1.2498580158611563,-0.0289407156049295,-0.011594666340364213,0.0,0.013919663740542099,0.9581929712590197,0.0
2021-12-28,1.1976051658699043,1.242806758606507,-0.0289407156049295,-0.017170899953347418,-0.0,-0.005641646623189445,0.9636294279673174,0.0
2021-12-29,1.1976051658699043,1.2415861372108565,-0.0289407156049295,-0.018136184555701873,-0.0,-0.000982148984303155,0.9645767860780464,0.0
2021-12-30,1.1976051658699043,1.2396441556406093,-0.0289407156049295,-0.019671930950526217,-0.0,-0.001564113444927684,0.9660878570842932,0.0
2021-12-31,1.1976051658699043,1.2320377279061716,-0.0289407156049295,-0.02568720120315149,-0.0,-0.00613597676383737,0.9720523477030327,0.0
2022-01-03,1.1976051658699043,1.2468293028807567,-0.0289407156049295,-0.013989815250049387,0.0,0.012005780861697346,0.9605205484847672,0.0
2022-01-04,1.1976051658699043,1.2302855455801573,-0.0289407156049295,-0.027072851680724597,-0.0,-0.013268662568625578,0.9734367522827051,0.0
2022-01-05,1.1976051658699043,1.189134869974059,-0.0289407156049295,-0.05961538590189441,-0.0,-0.033448068827544475,1.0071230741858828,0.0
2022-01-06,1.1976051658699043,1.1876142458021717,-0.0289407156049295,-0.060817916927748294,-0.0,-0.0012787651008169254,1.008412597022179,0.0
2022-01-07,1.1976051658699043,1.1761986825871416,-0.0289407156049295,-0.0698455052019974,-0.0,-0.009612181106264384,1.0181997171053427,0.0
2022-01-10,1.1976051658699043,1.1767443938663462,-0.0289407156049295,-0.06941394903148912,0.0,0.0004639618180870553,1.0177275303900257,0.0
2022-01-11,1.1976051658699043,1.1933306791175375,-0.0289407156049295,-0.05629728089812347,0.0,0.014095062052256635,1.0035819801059063,0.0
2022-01-12,1.1976051658699043,1.196082152926357,-0.0289407156049295,-0.054121376632559226,0.0,0.0023057094374328013,1.0012733347285727,0.0
2022-01-13,1.1976051658699043,1.1660328105061413,-0.0289407156049295,-0.07788482011509112,-0.0,-0.025123142542254673,1.0270767298135104,0.0
2022-01-14,1.1976051658699043,1.172879349127019,-0.0289407156049295,-0.07247048088287067,0.0,0.005871651774452147,1.0210812960099338,0.0
2022-01-18,1.1976051658699043,1.1424150323462359,-0.0289407156049295,-0.09656209193812815,-0.0,-0.025973956147712918,1.0483100554185825,0.0
2022-01-19,1.1976051658699043,1.129292121877877,-0.0289407156049295,-0.10693987448259323,-0.0,-0.011486990364095284,1.0604919158370032,0.0
2022-01-20,1.1976051658699043,1.1146257467289042,-0.0289407156049295,-0.11853825064911316,-0.0,-0.012987228782384785,1.0744459917461264,0.0
2022-01-21,1.1976051658699043,1.0842992420411781,-0.0289407156049295,-0.14252087795894375,-0.0,-0.02720779129382689,1.104496913246411,0.0
2022-01-24,1.1976051658699043,1.0910882564178557,-0.0289407156049295,-0.1371520297097475,0.0,0.0062611999653316985,1.0976244669718593,0.0
2022-01-25,1.1976051658699043,1.0662159421675237,-0.0289407156049295,-0.15682140635374042,-0.0,-0.02279587751406098,1.1232294683526096,0.0
2022-01-26,1.197430930527779,1.066438810161765,-0.029081991587584066,-0.15664515920293232,-0.00014548646506443142,0.00020902706987113717,1.122831351520435,0.5
2022-01-27,1.1838577625405349,1.05152834149529,-0.040087581049193965,-0.16843656796319417,-0.011335240840372848,-0.013981551050466057,1.1258448449017269,0.8
2022-01-28,1.2134907810267395,1.084429209919117,-0.016060114780894974,-0.14241809752938372,0.02503089427112659,0.03128861783890824,1.1190133665960995,0.8
2022-01-31,1.2465759953118667,1.121387229448598,0.0,-0.11319117482227359,0.027264495785566292,0.03408061973195786,1.1116374099648216,0.8
2022-02-01,1.254007900175912,1.1297441640000816,0.0,-0.10658239320155516,0.005961854625787133,0.007452318282233916,1.1099928108819346,0.8
2022-02-02,1.2590113308372344,1.135378694481125,0.0,-0.10212652708759984,0.00398995146730794,0.004987439334134924,1.108891101230863,0.8
2022-02-03,1.2353002252141394,1.092953872246805,-0.018833115351970076,-0.13567667441939246,-0.018833115351970037,-0.03736623070394007,1.1302400371890446,0.5
2022-02-04,1.2450548288012329,1.1102149907103724,-0.011085287077377215,-0.12202633867100288,0.007896544813956075,0.01579308962791215,1.1214538077931941,0.5
2022-02-07,1.2447435650940326,1.1037307471622588,-0.011332515755607897,-0.1271541698537214,-0.00025,-0.0058405296292791675,1.1277601609761476,0.0
2022-02-08,1.2447435650940326,1.117809652122133,-0.011332515755607897,-0.11602037339217797,0.0,0.012755742282319904,1.113555928534808,0.0
2022-02-09,1.2447435650940326,1.141113277156961,-0.011332515755607897,-0.09759153828792966,0.0,0.020847579004696026,1.090815075077614,0.0
2022-02-10,1.2447435650940326,1.1171158236045196,-0.011332515755607897,-0.11656906276229151,-0.0,-0.021029860954935087,1.1142475460402177,0.0
2022-02-11,1.2447435650940326,1.0860498862857968,-0.011332515755607897,-0.14113644381781498,-0.0,-0.027809056735481952,1.1461200639235416,0.0
2022-02-14,1.2447435650940326,1.0860317369253274,-0.011332515755607897,-0.1411507965878599,-0.0,-1.6711350646736456e-05,1.1461392174578944,0.0
2022-02-15,1.2447435650940326,1.1135027935018829,-0.011332515755607897,-0.11942629788724157,0.0,0.025294892996708285,1.1178629926732446,0.0
2022-02-16,1.2447435650940326,1.1122687907980895,-0.011332515755607897,-0.1204021646166632,-0.0,-0.0011082169806798658,1.119103201844662,0.0
2022-02-17,1.2447435650940326,1.0801884887988835,-0.011332515755607897,-0.1457717195573337,-0.0,-0.02884222075150311,1.1523392241275652,0.0
2022-02-18,1.2447435650940326,1.066907386658974,-0.011332515755607897,-0.15627460230511558,-0.0,-0.012295170961021396,1.1666838009172975,0.0
2022-02-22,1.2447435650940326,1.0537915513650356,-0.011332515755607897,-0.16664678970193603,-0.0,-0.012293321292873194,1.1812047301780377,0.0
2022-02-23,1.2447435650940326,1.0266993242362483,-0.011332515755607897,-0.188071704736274,-0.0,-0.025709284814148692,1.2123739986095592,0.0
2022-02-24,1.2447435650940326,1.0610420670645018,-0.011332515755607897,-0.16091297970256768,0.0,0.03344965952305512,1.173133095974001,0.0
2022-02-25,1.2546422050080148,1.0784481496996166,-0.0034702831675980095,-0.1471480042442841,0.007952352750853126,0.01640470550170625,1.1633774005337894,0.5
2022-02-28,1.257243187249836,1.08291958302921,-0.0014043905277822955,-0.1436119317496588,0.0020730868381751977,0.004146173676350395,1.1609755765363454,0.5
2022-03-01,1.2472347024475965,1.065678075103438,-0.009353870057552616,-0.15724675920838105,-0.007960659404432802,-0.015921318808865603,1.170367235270873,0.5
2022-03-02,1.257352682332211,1.0829683402094545,-0.0013174214277487106,-0.1435733738843682,0.008112330313419625,0.01622466062683925,1.161024413778365,0.5
2022-03-03,1.241505408674241,1.0661096607430796,-0.013904499295770534,-0.15690545520205468,-0.01260368222905894,-0.015567102786323672,1.164519424586126,0.8
2022-03-04,1.2250350768275347,1.0484303379480133,-0.02698645610052275,-0.17088651282970369,-0.013266419728524782,-0.016583024660655976,1.1684468032708515,0.8
2022-03-07,1.1793486769750667,1.0104351132293228,-0.06327397689835923,-0.20093367201816148,-0.03729395240729069,-0.03624010422385804,1.1671691348946702,1.025962043483079
2022-03-08,1.175795163320609,1.0076465716588663,-0.06609644049929808,-0.2031388899920381,-0.0030131153948230703,-0.0027597433362587243,1.1668725884562117,1.0817098319806935
2022-03-09,1.2222192780083874,1.043871464691073,-0.029222971968314693,-0.17449173405119855,0.03948316521108172,0.03594999879032046,1.1708522738190714,1.0985137270505207
2022-03-10,1.2094217690674187,1.033981293700257,-0.039387700932634884,-0.1823130206566158,-0.010470714356446982,-0.009474510344760545,1.1696747092390054,1.104813252889237
2022-03-11,1.1801903577530646,1.0114470169795726,-0.06260545171722509,-0.20013344427132573,-0.024169741327621782,-0.021793698646173865,1.166833593792585,1.108929852620454
2022-03-14,1.1533703989868016,0.9907681278465561,-0.08390784837510734,-0.21648660123303642,-0.022725112597365055,-0.02044485651336314,1.1641173818274344,1.1114698975771236
2022-03-15,1.190752645309172,1.0197008231734728,-0.05421610104388086,-0.19360621800921074,0.03241131067279814,0.02920228710808659,1.1677470668341312,1.109916064766988
2022-03-16,1.240200310920734,1.0581251726015717,-0.014941104544302308,-0.16321970095273775,0.041526395768554665,0.03768198333754036,1.1720733454166876,1.1021259275330508
2022-03-17,1.2581308860911316,1.0721607805701558,-0.0006993143941900204,-0.15212014436210708,0.014457805737111674,0.013264600759922862,1.1734535611553336,1.0903962245369412
2022-03-18,1.285662817498725,1.094136656840121,0.0,-0.1347413116935725,0.021883201272589265,0.02049681043012841,1.1750477506271784,1.0681812582674526
2022-03-21,1.2803076134993026,1.0897755039466015,-0.004165325407668785,-0.13819017286512703,-0.004165325407668764,-0.003985930702764762,1.1748361096966233,1.0416830075408652
2022-03-22,1.305717388157888,1.111066318762909,0.0,-0.12135309644897219,0.019846616852598684,0.019536881439528697,1.1751930250317628,1.0164984215651574
2022-03-23,1.2917888338930799,1.096401481695332,-0.010667357569970504,-0.13295025627904755,-0.010667357569970542,-0.013198885448984954,1.1782078512842087,0.8
2022-03-24,1.3117736952355656,1.1176040875435944,0.0,-0.11618293675798474,0.015470687482455682,0.0193383593530696,1.1737373814717702,0.8
2022-03-25,1.3101069667122844,1.1158290647088533,-0.0012705915123431,-0.11758664983175893,-0.001270591512342989,-0.0015882393904287362,1.1741108097539321,0.8
2022-03-28,1.327146849306963,1.130445067692116,0.0,-0.10602810868379631,0.013006481934402778,0.013098783178834283,1.1740038390511336,1.0006110713597665
2022-03-29,1.346594380328211,1.1512932226827328,0.0,-0.08954109389636833,0.014653639144306771,0.018442430849983316,1.169636330517424,0.8
2022-03-30,1.3335245313422481,1.1373253671996304,-0.009705854396018898,-0.10058707086661889,-0.009705854396018943,-0.012132317995023678,1.1725092658626857,0.8
2022-03-31,1.3171443321396066,1.119862606265083,-0.02187002160325846,-0.11439686832288232,-0.012283387982487426,-0.015354234978109282,1.176166008911119,0.8
2022-04-01,1.3201809127384445,1.123089808649601,-0.019615013975721962,-0.11184475119503479,0.0023054273740108046,0.0028817842175135056,1.1754900655058254,0.8
2022-04-04,1.3325283674425015,1.1444349177391777,-0.010445619773254311,-0.09496473810238915,0.00935285049565258,0.019005700991305163,1.164354867880911,0.5
2022-04-05,1.3321952353506408,1.118575078328718,-0.010693008368311108,-0.11541506356057252,-0.00025,-0.02259616428127298,1.1909752516041179,0.0
2022-04-06,1.3321952353506408,1.0937413699214191,-0.010693008368311108,-0.13505391015980828,-0.0,-0.022201199444210284,1.2180166829077277,0.0
2022-04-07,1.3321952353506408,1.0944091279593748,-0.010693008368311108,-0.1345258376924291,0.0,0.000610526451974458,1.217273505233495,0.0
2022-04-08,1.3321952353506408,1.079738061662145,-0.010693008368311108,-0.14612792368510474,-0.0,-0.013405467774730062,1.23381335034153,0.0
2022-04-11,1.3321952353506408,1.0561887281243492,-0.010693008368311108,-0.1647510685363619,-0.0,-0.02181022821548395,1.261323094894643,0.0
2022-04-12,1.3321952353506408,1.0530080527020518,-0.010693008368311108,-0.16726639148676337,-0.0,-0.0030114650323394,1.2651329986814306,0.0
2022-04-13,1.3321952353506408,1.0744295275329263,-0.010693008368311108,-0.1503259872896484,0.0,0.020343125369180592,1.2399093669824848,0.0
2022-04-14,1.3321952353506408,1.0513944515097926,-0.010693008368311108,-0.16854245005068724,-0.0,-0.0214393549626527,1.2670746297335134,0.0
2022-04-18,1.3321952353506408,1.0499202773960563,-0.010693008368311108,-0.1697082477159172,-0.0,-0.0014021132712079831,1.2688537063544143,0.0
2022-04-19,1.3321952353506408,1.0725450702068793,-0.010693008368311108,-0.15181624270144856,0.0,0.021549057864598486,1.2420878826972543,0.0
2022-04-20,1.3321952353506408,1.0594261587501492,-0.010693008368311108,-0.16219086277115813,-0.0,-0.012231571260869711,1.2574687007184049,0.0
2022-04-21,1.3321952353506408,1.0375006546458945,-0.010693008368311108,-0.17952986042113517,-0.0,-0.020695641619913663,1.284042790127518,0.0
2022-04-22,1.3321952353506408,1.0110911049446014,-0.010693008368311108,-0.20041490452458244,-0.0,-0.025454971602217213,1.3175817973629913,0.0
2022-04-25,1.3321952353506408,1.0241288826077068,-0.010693008368311108,-0.19010444620232014,0.0,0.012894760520932191,1.3008081873040378,0.0
2022-04-26,1.3321952353506408,0.9836428888767728,-0.010693008368311108,-0.22212134062899969,-0.0,-0.039532127663313155,1.3543484636704708,0.0
2022-04-27,1.3317656349413776,0.9835003087313887,-0.011012035697950284,-0.22223409501740476,-0.00032247556353856544,-0.00014495112707713087,1.3541079988670408,0.5
2022-04-28,1.3642049720854754,1.0136300159045313,0.0,-0.19840709795564782,0.024358142523722575,0.03063517815465322,1.3458608670621324,0.8
2022-04-29,1.318682561336689,0.9713500040336189,-0.03336918694790836,-0.23184272721119104,-0.03336918694790852,-0.04171148368488564,1.357577140948927,0.8
2022-05-02,1.3359060001877792,0.987208622976491,-0.020743929597643485,-0.2193015078497178,0.013061095487326035,0.016326369359157544,1.3532154897107214,0.8
2022-05-03,1.3382709196396545,0.9893931599828449,-0.01901037818838558,-0.21757394519759576,0.0017702738452728185,0.002212842306591023,1.352617921537742,0.8
2022-05-04,1.3724505766865356,1.0209797378540217,0.0,-0.19259483425560953,0.02554016271689168,0.0319252033961146,1.3442485935825366,0.8
2022-05-05,1.3176434313162746,0.9700152569984056,-0.03993378435716077,-0.23289826397772706,-0.03993378435716073,-0.04991723044645091,1.358373924337605,0.8
2022-05-06,1.302835966912767,0.956389163201434,-0.05072285367232465,-0.2436739709900102,-0.011237838744215979,-0.014047298430269972,1.3622445935623433,0.8
2022-05-09,1.258087944566402,0.9153282346447765,-0.08332732271950782,-0.2761455319796433,-0.03434662803514792,-0.0429332850439349,1.374466444875531,0.8
2022-05-10,1.2679956949342708,0.9243387768853749,-0.0761083011123409,-0.2690198681868352,0.00787524466048648,0.0098440558256081,1.3717867589704202,0.8
2022-05-11,1.2357230384862856,0.8949312758315968,-0.09962292305661524,-0.2922757344710777,-0.025451708217083535,-0.03181463527135442,1.3808021597390425,0.8
2022-05-12,1.2363307103668135,0.8954604527357973,-0.09918015893027787,-0.29185725391734785,0.000491754108001641,0.0005913045152083907,1.3806647815541093,1.0049241025180857
2022-05-13,1.2844039739319872,0.929641004880871,-0.06415284036465374,-0.26482679156171407,0.03888382223467594,0.03817092317214654,1.3816128668900287,1.0188590284348444
2022-05-16,1.2686052839902868,0.9184420035263595,-0.07566414008652989,-0.2736831196645777,-0.012300405684151925,-0.012046587118805574,1.3812579118980566,1.020981648401357
2022-05-17,1.303941567289184,0.9437781262215735,-0.04991728704923615,-0.2536469567657462,0.02785443490172923,0.027585979950759842,1.3816187629920276,1.0099318512531559
2022-05-18,1.2545069508435525,0.8991766881000877,-0.08593651957051218,-0.28891840261697166,-0.03791168077293776,-0.04725839355913897,1.3951729036639713,0.8
2022-05-19,1.2519008109794407,0.8968417267332317,-0.08783541480825807,-0.2907649229733654,-0.002077421621585529,-0.0025967770269819113,1.3958993807519646,0.8
2022-05-20,1.2489213666087962,0.8941736938401305,-0.09000630855208802,-0.2928748409868157,-0.0023799364490495025,-0.002974920561311878,1.3967323968625844,0.8
2022-05-23,1.264817409682681,0.9083997931895759,-0.07842407503205684,-0.2816246411275336,0.012727817378164908,0.015909771722706134,1.3923576592214433,0.8
2022-05-24,1.2410616051012975,0.887072833460469,-0.09573311696399767,-0.298490301450134,-0.01878200315675871,-0.023477503945948386,1.3990526575590407,0.8
2022-05-25,1.256070978877897,0.9004831344376198,-0.08479693169688496,-0.2878852464410142,0.012093979633971942,0.015117474542464926,1.3948856239960041,0.8
2022-05-26,1.2829536092855045,0.9245734881063631,-0.06520961040149131,-0.2688342552454047,0.021402158683439157,0.026752698354298943,1.3876166965517762,0.8
2022-05-27,1.3170891678575543,0.9553236573145427,-0.04033763384226097,-0.24451658806193688,0.02660700926751396,0.03325876158439245,1.3786837139152928,0.8
2022-05-31,1.312768889398096,0.95140662542404,-0.04348549106411337,-0.24761423208514233,-0.00328017158206988,-0.0041002144775873495,1.3798189484049448,0.8
2022-06-01,1.305212236222533,0.9445609327479297,-0.04899144756551754,-0.2530279023323184,-0.005756270762196181,-0.007195338452745226,1.3818189922648942,0.8
2022-06-02,1.3225601035239332,0.9699530416059482,-0.03635138052333475,-0.2329474647869072,0.013291223312162242,0.026882446624324485,1.363530033716039,0.5
2022-06-03,1.3222294634980523,0.9459997309895642,-0.03659229267820385,-0.2518900804053119,-0.00025,-0.024695330174669516,1.397705961411778,0.0
2022-06-06,1.3222294634980523,0.9498300919934176,-0.03659229267820385,-0.24886097694075404,0.0,0.004049008555051747,1.3920694602579673,0.0
2022-06-07,1.3222294634980523,0.9587965682020285,-0.03659229267820385,-0.2417701611870806,0.0,0.009440084373188107,1.3790511015048237,0.0
2022-06-08,1.3222294634980523,0.9517909150607625,-0.03659229267820385,-0.24731033042448458,-0.0,-0.0073067148690396655,1.3892016015026167,0.0
2022-06-09,1.3222294634980523,0.9256429161008132,-0.03659229267820385,-0.2679885365155448,-0.0,-0.027472419148148797,1.4284444254895008,0.0
2022-06-10,1.3222294634980523,0.8930239010927531,-0.03659229267820385,-0.29378411329590104,-0.0,-0.03523930712446288,1.480620464782745,0.0
2022-06-13,1.3222294634980523,0.8512243858498666,-0.03659229267820385,-0.3268397590461827,-0.0,-0.04680671501819644,1.5533265793107325,0.0
2022-06-14,1.3222294634980523,0.8527300137281456,-0.03659229267820385,-0.32564908730066267,0.0,0.001768779070838944,1.550583938892041,0.0
2022-06-15,1.3222294634980523,0.8740555122799265,-0.03659229267820385,-0.3087845824976846,0.0,0.0250085000040583,1.512752273650318,0.0
2022-06-16,1.2949131878408235,0.8383778686083201,-0.05649557817441275,-0.3369989659315715,-0.020659255001746507,-0.040818510003493014,1.544546005240259,0.5
2022-06-17,1.3095338062619075,0.8503675207043059,-0.04584264926794379,-0.3275173800794132,0.01129080973023609,0.014301012162795113,1.5399621626862032,0.8
2022-06-21,1.3358206707114109,0.8717047855787643,-0.026689417161788964,-0.31064357030263456,0.020073452341440402,0.0250918154268005,1.532423238705176,0.8
2022-06-22,1.3342547797229818,0.8704274858836812,-0.02783036242789061,-0.31165367690296875,-0.0011722314400143931,-0.0014652893000179912,1.5328729863906017,0.8
2022-06-23,1.3515515940756138,0.8845323844191432,-0.015227493773493528,-0.3004993243555133,0.01296365178187564,0.01620456472734455,1.5279842975598388,0.8
2022-06-24,1.3739362896649432,0.9140973850078438,0.0,-0.27711890521935423,0.016562220552623113,0.03342444110524623,1.5030524232964013,0.5
2022-06-27,1.3690199796985032,0.9075556172155297,-0.003578266331140334,-0.2822922273850972,-0.0035782663311403895,-0.007156532662280779,1.5084695127542616,0.5
2022-06-28,1.348646636256431,0.8805436779355995,-0.018406714779096056,-0.30365364965703234,-0.014881699130905923,-0.029763398261811846,1.5316067448445951,0.5
2022-06-29,1.3484264927422,0.8802562105227377,-0.018566943106920974,-0.3038809829385093,-0.0001632329094314322,-0.0003264658188628644,1.5318568351155861,0.5
2022-06-30,1.3394302945498622,0.8685107288483239,-0.02511469809382194,-0.3131694753801033,-0.006671626700275601,-0.013343253400551203,1.5422150240170254,0.5
2022-07-01,1.345448665484701,0.8763155690828106,-0.020734312350967343,-0.3069972977261378,0.004493231905630113,0.008986463811260226,1.5353472116133977,0.5
2022-07-05,1.364049590218246,0.8916237855982212,-0.007195893667753972,-0.29489134436132836,0.013825072045274927,0.01746884005659366,1.5298488131999057,0.8
2022-07-06,1.367867149331575,0.8947430146687594,-0.004417337527963694,-0.29242461405188447,0.002798695253241057,0.003498369066551321,1.528782149629824,0.8
2022-07-07,1.399729736823472,0.9151785793249716,0.0,-0.2762638815156935,0.023293627241115597,0.0228395911688426,1.529460772405645,1.0248006361479758
2022-07-08,1.4014852920500274,0.9162779230025689,0.0,-0.2753945050419878,0.0012542101381223109,0.001201234056863676,1.5295417000307865,1.0578633664287862
2022-07-11,1.3678389635490005,0.8955895746689685,-0.024007621551140668,-0.2917551424728323,-0.02400762155114067,-0.02257868253095774,1.5273055897893706,1.0631695809083443
2022-07-12,1.3541386930091655,0.8870949049284975,-0.033783157989196955,-0.2984728470221556,-0.010015996696196005,-0.009485002930735176,1.5264868341435385,1.055582505521319
2022-07-13,1.3519648771797306,0.885744315654908,-0.035334238005352625,-0.2995409120540702,-0.0016053125434323944,-0.0015224856620029703,1.5263602072118354,1.0538253304803844
2022-07-14,1.352421445347698,0.8860286300009084,-0.035008463506999155,-0.2993160722623046,0.0003377071221847493,0.00032098918500000906,1.5263857166176575,1.0531439429679357
2022-07-15,1.3780683564402318,0.9018754057170333,-0.016708655982784038,-0.286784218691454,0.018963697433783552,0.01788517343520679,1.5280030342379753,1.060508572492149
2022-07-18,1.3661690624604617,0.8946012804681429,-0.025199143929585444,-0.2925366994552451,-0.00863476323519092,-0.008065554513161488,1.5271262095059246,1.069985312375795
2022-07-19,1.4117160691237178,0.9224078695011766,0.0,-0.2705468569592594,0.03333921687644295,0.031082661784792576,1.5304683706646511,1.072641238721973
2022-07-20,1.43526447966822,0.93693720159779,0.0,-0.25905685636994435,0.016680698803066718,0.01575152660446255,1.5318683869320333,1.059409361438084
2022-07-21,1.4556162900028535,0.9496915108596624,0.0,-0.24897056885440338,0.014179832792446938,0.013612768540006925,1.532725388568786,1.0422857451014895
2022-07-22,1.4279173494830952,0.9319334382971349,-0.019029012460216377,-0.26301390290801063,-0.01902901246021647,-0.018698779929550824,1.5322095879425053,1.016984086807545
2022-07-25,1.421673506634658,0.9278825164211341,-0.02331849650303719,-0.2662174290187097,-0.004372692054408831,-0.004346793139435978,1.5321697321317014,1.0045250344736842
2022-07-26,1.4002826980074703,0.9105497233645257,-0.038013858717722115,-0.279924446045413,-0.015046217382093156,-0.01867994358107039,1.537843197440506,0.8
2022-07-27,1.4572987350487898,0.9475502708445985,0.0,-0.25066389163561253,0.04071751877135269,0.040635394784761525,1.5379645596532068,1.004537740006492
2022-07-28,1.4732071448557604,0.9578011219227128,0.0,-0.24255737413396028,0.010916368363167558,0.010818266210801841,1.538113822521328,1.0092877311366657
2022-07-29,1.5011759003901792,0.9757639900230817,0.0,-0.22835208488276793,0.018984944264003677,0.018754277573103773,1.5384620827774849,1.012381910181129
2022-08-01,1.4989122983425642,0.9740543356476592,-0.001507885949292631,-0.22970410365765082,-0.0015078859492925608,-0.0017521187427524954,1.5388384851712829,0.8
2022-08-02,1.4969519711727204,0.972461959978661,-0.0028137470208261517,-0.23096337677864065,-0.0013078331347413652,-0.0016347914184267065,1.5393424450305164,0.8
2022-08-03,1.5279268741371708,0.9976146664674344,0.0,-0.21107226200081564,0.020691981814342775,0.02586497726792847,1.5315802037550013,0.8
2022-08-04,1.5308589100347336,1.0017427231254312,0.0,-0.2078077366174248,0.0019189634970054716,0.004137926994010943,1.5281956880689516,0.5
2022-08-05,1.530476195307225,0.9967791037492046,-0.00024999999999997247,-0.21173303677428967,-0.00025,-0.004954984210656432,1.535421629075705,0.0
2022-08-08,1.530476195307225,0.9957482815977872,-0.00024999999999997247,-0.2125482254593929,-0.0,-0.0010341530511025487,1.5370111338293333,0.0
2022-08-09,1.530476195307225,0.9838940575686952,-0.00024999999999997247,-0.22192271288761312,-0.0,-0.011904840056636057,1.5555294632932242,0.0
2022-08-10,1.530476195307225,1.01231249538095,-0.00024999999999997247,-0.19944901175400565,0.0,0.028883635990728074,1.511861408696019,0.0
2022-08-11,1.530476195307225,1.0064149529812367,-0.00024999999999997247,-0.20411287139997036,-0.0,-0.005825812114957363,1.5207208426043315,0.0
2022-08-12,1.530476195307225,1.0274632123614376,-0.00024999999999997247,-0.18746761124111322,0.0,0.0209140964349257,1.4895678763911202,0.0
2022-08-15,1.530476195307225,1.0338308693397553,-0.00024999999999997247,-0.18243197836088743,0.0,0.006197454956740289,1.4803932061775702,0.0
2022-08-16,1.530476195307225,1.0318227502694914,-0.00024999999999997247,-0.1840200272228254,-0.0,-0.0019424057936537897,1.4832743268235704,0.0
2022-08-17,1.530476195307225,1.0188739506151292,-0.00024999999999997247,-0.1942601204817732,-0.0,-0.012549441898795477,1.5021251592340976,0.0
2022-08-18,1.530476195307225,1.0210174977522868,-0.00024999999999997247,-0.19256497319589716,0.0,0.002103839376660366,1.4989715638336103,0.0
2022-08-19,1.530476195307225,1.0005330990117602,-0.00024999999999997247,-0.208764324414201,-0.0,-0.020062730350480673,1.529660734681238,0.0
2022-08-22,1.530476195307225,0.9750457829153462,-0.00024999999999997247,-0.22892005318552666,-0.0,-0.02547373607288772,1.5696454690888104,0.0
2022-08-23,1.530476195307225,0.9750244804880153,-0.00024999999999997247,-0.22893689944528306,-0.0,-2.184761752122011e-05,1.5696797628519001,0.0
2022-08-24,1.5331981185081505,0.978980118221551,0.0,-0.22580872537732044,0.0017784812395457985,0.004056962479091597,1.5661177280018832,0.5
2022-08-25,1.546008505975048,0.9953395364668722,0.0,-0.2128714668695184,0.008355337325460899,0.016710674650921797,1.5532473586479538,0.5
2022-08-26,1.515578292977749,0.9561568360066091,-0.01968308251842832,-0.24385769860995177,-0.019683082518428263,-0.039366165036856526,1.5850729042607328,0.5
2022-08-29,1.5078366984548996,0.9463887117745443,-0.024690554659059782,-0.251582468918498,-0.005108013593701555,-0.01021602718740311,1.5932530467608828,0.5
2022-08-30,1.499397055634747,0.9357944840248335,-0.03014954326587216,-0.2599605335313847,-0.00559718623959804,-0.01119437247919608,1.6022717393950325,0.5
2022-08-31,1.4951738948417732,0.930523017657252,-0.03288119757220476,-0.2641292834276159,-0.0028165726864028406,-0.005633145372805681,1.606810220134183,0.5
2022-09-01,1.4918044100179046,0.9280762377729265,-0.03506067123670675,-0.26606423144352487,-0.0022535738722385843,-0.0026294673402982305,1.6074158019579705,0.8
2022-09-02,1.476182013364591,0.9159275480606223,-0.04516565875322798,-0.27567158648404433,-0.0104721480566786,-0.013090185070848248,1.6116798937757109,0.8
2022-09-06,1.4674550144303504,0.909158990166508,-0.05081051704508888,-0.28102425745852866,-0.005911871879775621,-0.007389839849719526,1.6140796387676848,0.8
2022-09-07,1.48293216246452,0.9286094136887558,-0.040799480253018716,-0.2656425884150393,0.010546931852747559,0.02139386370549512,1.5969385412256416,0.5
2022-09-08,1.4873481416226035,0.9341399698674481,-0.03794310582751159,-0.2612689466447321,0.0029778699726523694,0.005955739945304739,1.5922112205879106,0.5
2022-09-09,1.486976304587198,0.9538415620816185,-0.03818362005105469,-0.24568864985985595,-0.00025,0.02109062115923166,1.5589342755646876,0.0
2022-09-12,1.486976304587198,0.9659769473898495,-0.03818362005105469,-0.2360918161295814,0.0,0.012722642617655877,1.5393496797259316,0.0
2022-09-13,1.486976304587198,0.9161409568542797,-0.03818362005105469,-0.2755028198023701,-0.0,-0.051591283487904094,1.623086811545873,0.0
2022-09-14,1.486976304587198,0.9229220501117692,-0.03818362005105469,-0.2701402356858631,0.0,0.007401801225843663,1.6111613157439675,0.0
2022-09-15,1.486976304587198,0.9097456913149087,-0.03818362005105469,-0.2805602859217746,-0.0,-0.014276784041799329,1.6344966717434892,0.0
2022-09-16,1.486976304587198,0.9015588685657928,-0.03818362005105469,-0.2870345407317314,-0.0,-0.008999023383428173,1.6493391129884751,0.0
2022-09-19,1.486976304587198,0.9083801057477108,-0.03818362005105469,-0.2816402102340231,0.0,0.007566047453750002,1.6369538425362475,0.0
2022-09-20,1.486976304587198,0.8997200153531291,-0.03818362005105469,-0.2884887317679522,-0.0,-0.00953355356396024,1.6527100422497303,0.0
2022-09-21,1.486976304587198,0.8835873872096079,-0.03818362005105469,-0.30124664146701297,-0.0,-0.017930720522194132,1.6828853898459415,0.0
2022-09-22,1.486976304587198,0.8715086802008094,-0.03818362005105469,-0.3107986531993078,-0.0,-0.01367007630896977,1.7062094025782681,0.0
2022-09-23,1.486976304587198,0.8558469356765906,-0.03818362005105469,-0.3231841814958851,-0.0,-0.017970841690997275,1.7374325274783713,0.0
2022-09-26,1.486976304587198,0.8507274317509071,-0.03818362005105469,-0.3272327573513999,-0.0,-0.005981798511244696,1.7478880415632165,0.0
2022-09-27,1.486976304587198,0.8528206067223545,-0.03818362005105469,-0.3255774450840814,0.0,0.002460453129081941,1.7435980004072535,0.0
2022-09-28,1.486976304587198,0.8703140523807468,-0.03818362005105469,-0.3117433817157501,0.0,0.0205124565711714,1.708551413733433,0.0
2022-09-29,1.4654717826082275,0.845576397156611,-0.05209332487858909,-0.33130626810402697,-0.01446191301948177,-0.02842382603896354,1.733103936600071,0.5
2022-09-30,1.4544243089919038,0.8328276249877633,-0.059239128781754746,-0.34138817680836775,-0.007538509951151462,-0.015077019902302924,1.7463689548161585,0.5
2022-10-03,1.4805902147222194,0.8517125728848716,-0.04231431521883511,-0.32645369385869827,0.017990558579464282,0.022675698224330354,1.7383683907673804,0.8
2022-10-04,1.5201236712878738,0.8801397008570121,-0.016743009231277695,-0.30397312042417945,0.02670114672686239,0.03337643340857799,1.7271390778165043,0.8
2022-10-05,1.5171019778675865,0.877952779824495,-0.01869752203544983,-0.3057025683977902,-0.001987794465253767,-0.002484743081567209,1.7279995151571352,0.8
2022-10-06,1.5065866285476366,0.8720205536893084,-0.025499133591473044,-0.31039385643057815,-0.006931207969770229,-0.006756885189625583,1.7276962362568546,1.0102416916077022
2022-10-07,1.4468774840096985,0.8388740536665832,-0.06412061873024999,-0.3366065757945754,-0.039632068549219975,-0.038011145359464704,1.7247851184401644,1.042222686974941
2022-10-10,1.4310541241435908,0.8301878927923438,-0.07435559467310748,-0.3434757142312389,-0.010936212665537386,-0.010354547069698405,1.7237713734058786,1.0555322055776206
2022-10-11,1.4142874965865506,0.821060071845321,-0.08520070159990645,-0.3506941236779402,-0.011716277724348174,-0.01099488564729767,1.7225140340924863,1.065173173777108
2022-10-12,1.412938659278785,0.820344171859679,-0.08607316595088044,-0.35126026747603223,-0.000953722147032487,-0.0008719215684585002,1.7223730084846267,1.083377335915104
2022-10-13,1.4474345123435113,0.838618116922334,-0.06376031777999003,-0.33680897417893996,0.024414260900989394,0.022275949155863284,1.7259757249884942,1.0962815931540708
2022-10-14,1.39850783527318,0.812807034692119,-0.09540741214023352,-0.3572207417718326,-0.03380234245701051,-0.030778111883558834,1.7205902207808978,1.0982275203013032
2022-10-17,1.4515327310538748,0.8407167520827363,-0.06110947938257849,-0.33514934391724327,0.037915336935053445,0.0343374456659189,1.7265419387182939,1.1042861669826953
2022-10-18,1.465910530266228,0.8483240257619417,-0.05180953105966457,-0.32913340467957364,0.00990525318841018,0.009048557270162183,1.7280077962540161,1.0951807666881082
2022-10-19,1.4523908538263588,0.8410876604113164,-0.060554422428384824,-0.33485602438365225,-0.00922271595757893,-0.008530190270310656,1.7268008106504584,1.08031382597604
2022-10-20,1.4428866918501193,0.8359161693344572,-0.06670197073714734,-0.33894571241099114,-0.00654380461788259,-0.00614857561259452,1.7261141066321544,1.0628604654788283
2022-10-21,1.4779992013053842,0.8552004031618967,-0.043990252580642264,-0.3236954685203297,0.02433490422608479,0.02306957866695325,1.7282489529247642,1.0550181999514963
2022-10-24,1.4910205126187182,0.8625155182799832,-0.03556771721747387,-0.31791057239029274,0.008810093606162667,0.00855368530117695,1.7286883319990476,1.0313593189421502
2022-10-25,1.5254532049898046,0.8819281049998962,-0.01329572308677518,-0.302558825223338,0.02309337267977048,0.022506941972041616,1.7296797736023892,1.0261708126152373
2022-10-26,1.4938257159887616,0.8639629297774338,-0.03375323601688418,-0.316765938979197,-0.02073317549013539,-0.020370339850394603,1.729039134090611,1.0176016231260494
2022-10-27,1.4692821196099433,0.8499202466344291,-0.04962869613496357,-0.32787109071747256,-0.01643002668659564,-0.01625380286469269,1.7287294018798878,1.0106274663824284
2022-10-28,1.5118067771038677,0.874315371131736,-0.022122600709502338,-0.3085790824553857,0.028942472603705038,0.028702839582782413,1.7291321038390834,1.0083877717925163
2022-10-31,1.4961221348102651,0.8653142880917211,-0.03226785038502755,-0.31569726577906043,-0.0103747664920839,-0.010295007199019768,1.7289927548863957,1.007714686230699
2022-11-01,1.4853681450497496,0.8576518741944789,-0.03922382101452493,-0.32175681067826534,-0.007187909001746901,-0.00885506457328944,1.7319010075560466,0.8
2022-11-02,1.4454286553764037,0.8288255371960771,-0.06505776016750286,-0.34455308423695374,-0.02688861330872836,-0.03361076663591045,1.7439480210350413,0.8
2022-11-03,1.4254480566570424,0.8145041537041663,-0.07798175032806143,-0.3558786361389725,-0.013823303312164015,-0.01727912914020502,1.750080770213942,0.8
2022-11-04,1.4400358169684324,0.8249235015991827,-0.06854599350330215,-0.3476388689798253,0.010233807007742613,0.012792258759678266,1.7456598268527972,0.8
2022-11-07,1.4498533447497441,0.8319534564265012,-0.062195751739839156,-0.3420794816265984,0.006817558053507079,0.008521947566883847,1.74270968351681,0.8
2022-11-08,1.4568076294009835,0.8360232967036696,-0.057697532859178224,-0.33886099457763186,0.004796543510019396,0.004891908610668683,1.742544298878973,1.0010553269117337
2022-11-09,1.420502184200017,0.8153097238351793,-0.08118087403139851,-0.3552415799261661,-0.02492123494431082,-0.024776310600627016,1.742285345890443,1.005754479339879
2022-11-10,1.526402287055969,0.8752367587918475,-0.012681831208110617,-0.30785043610830853,0.07455117213747331,0.07350217126661285,1.74398786582384,1.014330034477604
2022-11-11,1.5492214729801428,0.8917096105401039,0.0,-0.2948234727877246,0.014949653913442381,0.018821023663351477,1.737360968938966,0.8
2022-11-14,1.535308810558751,0.8816996999126304,-0.008980421885470657,-0.30273945118534606,-0.008980421885470503,-0.011225527356838128,1.7413058104827392,0.8
2022-11-15,1.5531014156893383,0.8944721585349724,0.0,-0.29263881089976007,0.011588942242904389,0.014486177803630484,1.7363328761770673,0.8
2022-11-16,1.533985749418571,0.8807106366711068,-0.012308060553974154,-0.3035216163359813,-0.012308060553974176,-0.01538507569246772,1.7417590812990529,0.8
2022-11-17,1.5297391577103339,0.8776630052895399,-0.015042326111482707,-0.3059317261839337,-0.0027683384345953857,-0.0034604230432442318,1.7429687117843995,0.8
2022-11-18,1.5297304621223906,0.8777495992721194,-0.015047924965398751,-0.3058632464421085,-5.6843599115447626e-06,9.866427325477822e-05,1.7427868533246058,1.0108354000815971
2022-11-21,1.512498728249471,0.86817758041801,-0.026142972396845043,-0.3134329338539811,-0.01126455561917204,-0.010905181685126442,1.742153635804824,1.031984728008509
2022-11-22,1.5337852766667353,0.8799822013220897,-0.012437139537362252,-0.30409767327609594,0.014073762853275662,0.013597011913617951,1.7429730673670087,1.0351804349490108
2022-11-23,1.5494379069354254,0.8887163503358758,-0.0023588342119222894,-0.29719058514236407,0.01020522918482229,0.009925370082103813,1.7434560603614873,1.028531296045172
2022-11-25,1.5411666628093421,0.8840732671225192,-0.00768446461990957,-0.30086240078419535,-0.00533822238959067,-0.005224482717800627,1.7432567187847787,1.0210550084970498
2022-11-28,1.5166462751827323,0.8701455555638452,-0.02347247909140926,-0.3118766313732446,-0.015910276427802066,-0.01575402410255644,1.74297997097734,1.009553205109508
2022-11-29,1.5075596052382494,0.8649701423794268,-0.029323140131757186,-0.315969421058517,-0.005991291504927968,-0.005947755695959067,1.7429036349059839,1.0071147108235592
2022-11-30,1.5747410951857117,0.9031023332464071,0.0,-0.28581394710967645,0.0445630738008831,0.04408497935210032,1.7437017237292989,1.010887629188429
2022-12-01,1.5761624441101485,0.9042402827670372,0.0,-0.28491404059121384,0.0009025921332606429,0.0012600449348185716,1.743079217049459,0.8
2022-12-02,1.573861826350931,0.9025904597579085,-0.001459632392469823,-0.28621874387840573,-0.0014596323924698674,-0.0018245404905873341,1.7437164434167296,0.8
2022-12-05,1.5495226630667145,0.8851426951169694,-0.016901672250206445,-0.3000166820543353,-0.015464612507088927,-0.019330765633861158,1.7505908048667214,0.8
2022-12-06,1.533777639735404,0.8674199984265436,-0.026891139636735617,-0.3140320403697191,-0.010161208807458817,-0.02002241761491763,1.7682064542177949,0.5
2022-12-07,1.5298550951013687,0.862983248832424,-0.029379807380782608,-0.3175406844775208,-0.002557440226284624,-0.005114880452569248,1.772751785357585,0.5
2022-12-08,1.5384721527256038,0.872704923006338,-0.02391269473865909,-0.3098526475295984,0.005632597264817574,0.011265194529635147,1.7628778206335738,0.5
2022-12-09,1.5331009744686015,0.8666112752286694,-0.027320451519740496,-0.31467159007223666,-0.0034912417800261886,-0.006982483560052377,1.7690757301352535,0.5
2022-12-12,1.5427916855043793,0.8775669521063766,-0.021172156924858854,-0.30600768639489273,0.006320986808541318,0.012641973617082636,1.7580330273391673,0.5
2022-12-13,1.550618610203852,0.8864711360184605,-0.016206345990382842,-0.29896613226722146,0.005073221986488741,0.010146443972977481,1.7492037215880212,0.5
2022-12-14,1.550230955551301,0.8797049621505095,-0.016452294403885293,-0.30431691792021687,-0.00025,-0.007632706348839391,1.762216904815038,0.0
2022-12-15,1.550230955551301,0.8513267451667533,-0.016452294403885293,-0.3267588118558006,-0.0,-0.03225878925859804,1.8209588320259456,0.0
2022-12-16,1.550230955551301,0.843048560382731,-0.016452294403885293,-0.33330531705056066,-0.0,-0.009723863171244296,1.838839455283003,0.0
2022-12-19,1.550230955551301,0.8304974316732343,-0.016452294403885293,-0.34323092652178344,-0.0,-0.014887788556092962,1.8666294396937417,0.0
2022-12-20,1.550230955551301,0.8305824875744182,-0.016452294403885293,-0.34316366311640256,0.0,0.00010241561013923928,1.866438287277763,0.0
2022-12-21,1.550230955551301,0.8433604063857151,-0.016452294403885293,-0.3330587048364385,0.0,0.01538428633212896,1.838159514975256,0.0
2022-12-22,1.550230955551301,0.8249920231253625,-0.016452294403885293,-0.3475846811912229,-0.0,-0.02177999242230466,1.8790859936784312,0.0
2022-12-23,1.550230955551301,0.8267040615269482,-0.016452294403885293,-0.34623077709485117,0.0,0.0020752181276857407,1.875194555943001,0.0
2022-12-27,1.5391645683212054,0.815314491887506,-0.023473390022200946,-0.35523780928318816,-0.007138540996402792,-0.013777081992805584,1.8878170124977656,0.5
2022-12-28,1.528762435783889,0.8042942155911784,-0.03007304767562846,-0.36395279909120104,-0.0067582978138994165,-0.013516595627798833,1.9007502555022187,0.5
2022-12-29,1.5485805351848103,0.8251471386341218,-0.017499407518817067,-0.3474620136607951,0.012963491865732202,0.025926983731464404,1.8767326003798528,0.5
2022-12-30,1.5477226473245824,0.8242329030525005,-0.01804369650592852,-0.34818500404340536,-0.0005539833678236961,-0.0011079667356473921,1.877773432233387,0.5
2023-01-03,1.5418446470345288,0.8179722965393257,-0.021773007727635796,-0.3531359799070939,-0.0037978382626979723,-0.007595676525395945,1.8849594950315063,0.5
2023-01-04,1.550137312400335,0.823624899476769,-0.016511706523058556,-0.3486658218399157,0.005378405263951619,0.006910506579939524,1.8820913663308427,0.8
2023-01-05,1.5319342857389906,0.8115352720900608,-0.028060659950648548,-0.3582264695609664,-0.011742847885622167,-0.014678559857027706,1.887698955824292,0.8
2023-01-06,1.5721195115605173,0.8323291328074081,-0.0025650481425559812,-0.3417823914500294,0.026231690350961515,0.02562286746180975,1.88881951813681,1.0282142510296355
2023-01-09,1.582572315475715,0.8375549950616064,0.0,-0.3376497059293775,0.006648860877518131,0.00627860067395658,1.8895145092643246,1.0616331008390785
2023-01-10,1.599668321170861,0.8459796051945019,0.0,-0.3309874055051012,0.010802669507084818,0.010058575475722531,1.8909064844454213,1.0746217344576474
2023-01-11,1.6296144398617847,0.8608664643115524,0.0,-0.3192146675092623,0.018720204866596844,0.01759718440686031,1.8929932892263508,1.0641166769857027
2023-01-12,1.6404928277371322,0.8663340360570895,0.0,-0.3148908347163575,0.0066754365997581215,0.006351242581983385,1.8936031131865023,1.051998210836151
2023-01-13,1.6525812886995666,0.8724812859713992,0.0,-0.3100295028486284,0.007368798423281681,0.007095704033847516,1.894116602007828,1.039376665220161
2023-01-17,1.655022174769463,0.8737373601432212,0.0,-0.30903618169122826,0.0014770142241033676,0.0014396574368051862,1.8941872583978498,1.0294098941523515
2023-01-18,1.6339840503759875,0.8628619711143712,-0.01271168732008432,-0.3176365926061693,-0.012711687320084278,-0.012446977232457357,1.893679528216692,1.0209262255787628
2023-01-19,1.6180248640006765,0.8546137020134958,-0.022354571034034598,-0.32415944005708397,-0.00976703926310589,-0.009559198779177658,1.8932821462943559,1.0217018871492525
2023-01-20,1.662457311866962,0.8773062473098008,0.0,-0.3062138554222351,0.02746091784796399,0.02655298556861485,1.8949566550617565,1.0344329571523347
2023-01-23,1.697228787537706,0.8949446571397406,0.0,-0.29226515234400974,0.020915710389998,0.020105191184978777,1.8964622828880615,1.0404639117751056
2023-01-24,1.6925185841540678,0.8925710899298518,-0.0027752318474821847,-0.29414220274516056,-0.002775231847482139,-0.0026521944021373756,1.8962283265158013,1.0454506870309683
2023-01-25,1.6892345699197493,0.8909244968916543,-0.0047101590997371545,-0.29544435172581884,-0.0019403120681003678,-0.00184477523053872,1.8960468320416806,1.0504364680831095
2023-01-26,1.7203813260502563,0.906599622724016,0.0,-0.2830482413021743,0.01843838427482979,0.017594224748618492,1.8976197242186246,1.0480472511163668
2023-01-27,1.737177382434114,0.9152069569267242,0.0,-0.27624144010829144,0.009762984595060038,0.009494085356936521,1.8981251937458783,1.029309621963394
2023-01-30,1.7024874618537549,0.8972598541606617,-0.019969129768286464,-0.2904342619109276,-0.01996912976828652,-0.019609884551499812,1.8974296620529627,1.0180320506320362
2023-01-31,1.7315753874467015,0.9122806032632105,-0.0032247685492905465,-0.27855564182759507,0.017085544677829356,0.016740690038561823,1.8980732257738344,1.0206788389627597
2023-02-01,1.7667198806785929,0.9305324768578366,0.0,-0.26412180295848153,0.02029625362353617,0.02000686360023396,1.898611735341405,1.014616054830548
2023-02-02,1.8125211830186392,0.9608117624467138,0.0,-0.240176517177497,0.025924484600498125,0.032539740784891746,1.8864477453971227,0.8
2023-02-03,1.7894805227904649,0.9455445358004996,-0.012711939834988084,-0.25225005517606036,-0.012711939834988063,-0.015889924793735077,1.8925396478289493,0.8
2023-02-06,1.7752325801242617,0.9361339385888718,-0.020572781848693045,-0.25969208807808297,-0.007962055180117477,-0.009952568975146847,1.8963446435883384,0.8
2023-02-07,1.8022732563469006,0.9539581486514157,-0.005653962429653547,-0.2455964515573622,0.01523218789773786,0.019040234872172324,1.8892582016252228,0.8
2023-02-08,1.7780794079243554,0.9379506434294371,-0.019002136591266372,-0.25825541228666293,-0.013424073368088952,-0.01678009171011119,1.8957067947873547,0.8
2023-02-09,1.7636357087629215,0.9284266896189443,-0.02697098092630401,-0.265787089184645,-0.008123202539246943,-0.010154003174058679,1.899596089258026,0.8
2023-02-10,1.7550837950885732,0.9227992343123212,-0.0316892229829876,-0.27023736015095556,-0.0048490250179539455,-0.006061281272442431,1.901912929518714,0.8
2023-02-13,1.7758929530442107,0.9364757002750029,-0.020208442426822515,-0.2594218181201152,0.01185650395375415,0.014820629942192687,1.8963577512184318,0.8
2023-02-14,1.7840599769293406,0.9418590620641238,-0.015702550875514865,-0.2551645797475466,0.004598826675408674,0.005748533344260842,1.894189957698658,0.8
2023-02-15,1.7972391161046286,0.9505561433162729,-0.008431386654780604,-0.2482868053221271,0.007387161500013839,0.009233951875017299,1.8907237923206435,0.8
2023-02-16,1.7716579535372292,0.9336438617132568,-0.022544966571565683,-0.2616612759649044,-0.014233588807506338,-0.01779198600938292,1.8975736104409218,0.8
2023-02-17,1.7634617606181644,0.9282447345898297,-0.027066951194892774,-0.26593098178602903,-0.004626284042413875,-0.005782855053017344,1.8997810543976834,0.8
2023-02-21,1.728158057282703,0.9050159372149039,-0.04654462884424593,-0.2843006421222525,-0.020019545716197396,-0.025024432145246744,1.9095332868954074,0.8
2023-02-22,1.729934952944678,0.9061791112704238,-0.04556428407441793,-0.2833807876861002,0.0010282020527501601,0.0012852525659377,1.9090430704360246,0.8
2023-02-23,1.7399570079675593,0.9127413355453011,-0.04003493902908706,-0.2781912882456453,0.005793313214362073,0.007241641517952591,1.9062980279380606,0.8
2023-02-24,1.7164829661848195,0.8973489090734745,-0.05298598313420766,-0.29036383603079097,-0.013491161951271292,-0.016863952439089114,1.9128378591969455,0.8
2023-02-27,1.7251643981376823,0.9030220453975507,-0.04819628355210159,-0.2858774398720788,0.005057686049840982,0.006322107562301227,1.9104344206549106,0.8
2023-02-28,1.723787462191899,0.9021211142200024,-0.04895596347125708,-0.28658990894444414,-0.0007981476706045321,-0.000997684588255665,1.9108160035499566,0.8
2023-03-01,1.714631331045759,0.8961314407446852,-0.054007562995678104,-0.29132662714343427,-0.005311635771208856,-0.00663954471401107,1.9133703529260178,0.8
2023-03-02,1.7246965860658272,0.9027070463277053,-0.048454383747695395,-0.2861265455759123,0.005870215268917001,0.007337769086146251,1.91058283313734,0.8
2023-03-03,1.7519029104757078,0.9205068008960569,-0.03344417329345384,-0.2720502488046592,0.01577455688709879,0.019718196108873487,1.9031938805561652,0.8
2023-03-06,1.7503118822614352,0.9194618283957986,-0.034321971704406984,-0.27287662778505184,-0.0009081714544561415,-0.0011352143180701768,1.9036264782358996,0.8
2023-03-07,1.7328731164665918,0.908010812404597,-0.04394324728354271,-0.2819322526143466,-0.009963233393760706,-0.012454041742200883,1.9084278433619,0.8
2023-03-08,1.7383640385347092,0.91160730813223,-0.0409138084446693,-0.27908809310617466,0.003168680970314597,0.003960851212893246,1.9069220080040834,0.8
2023-03-09,1.7098137349544587,0.8928923951334197,-0.05666551598206859,-0.29388811006190463,-0.016423662102626135,-0.02052957762828267,1.9149157773921586,0.8
2023-03-10,1.6857510173608905,0.8771849695917476,-0.06994134294564269,-0.3063097635508838,-0.014073297635668515,-0.017591622044585642,1.921773714551287,0.8
2023-03-13,1.691798556763688,0.8811185358572544,-0.06660480847671824,-0.3031990439108999,0.0035874452042538255,0.0044843065053172815,1.9200578445642502,0.8
2023-03-14,1.728475924343981,0.8999641857747017,-0.04636925596350061,-0.2882956383573875,0.021679512276245726,0.0213883253506999,1.9206052325916556,1.0187275388992694
2023-03-15,1.7293853976744322,0.9004287632602817,-0.04586748343859326,-0.2879282439343266,0.0005261706672578095,0.0005162177483539754,1.9206243383570467,1.0363274507249964
2023-03-16,1.7749065234049475,0.9227330968123046,-0.020752673108651254,-0.2702896626180692,0.026322140681729563,0.024770791940567527,1.9235318745329295,1.063169962461624
2023-03-17,1.7609627970123984,0.9158999394995697,-0.028445673622624068,-0.2756934197232225,-0.007856034224157139,-0.00740534542040483,1.92265849255821,1.0606926658995324
2023-03-20,1.768113543478442,0.9194460630614923,-0.024500480301277938,-0.27288909523360805,0.004060702746347299,0.0038717368666496554,1.9230204081695992,1.05016592245532
2023-03-21,1.7970197986707601,0.9339809322511303,-0.008552387962750596,-0.2613947158330928,0.016348641917786764,0.015808289114035645,1.9240433467303104,1.0346716789863715
2023-03-22,1.7675223618697635,0.9190066332067326,-0.024826645652732737,-0.2732366025558014,-0.016414642077296777,-0.016032767401691905,1.9232966313880298,1.0234690204703625
2023-03-23,1.7855114969924655,0.9282550397351805,-0.014901721579436034,-0.2659228323318513,0.010177599735526064,0.0100634818011891,1.9235139272735318,1.0119139169206481
2023-03-24,1.7911254665567007,0.9311340973957757,-0.011804395260255784,-0.263646032958216,0.003144180014349702,0.0031015804249405754,1.9235956148165716,1.0140847580945491
2023-03-27,1.7826909250424425,0.9267934009848194,-0.016457881019915188,-0.2670787168550587,-0.004709073524856419,-0.0046617307035543565,1.923504119848219,1.0096835776087985
2023-03-28,1.7746428743532912,0.922638581710537,-0.020898132954376925,-0.27036440649258375,-0.004514551892364467,-0.004483004809774704,1.9234431656469106,1.0067048108302121
2023-03-29,1.8067661312073025,0.9391886451448591,-0.0031751638906377666,-0.2572763830824859,0.018101251422609627,0.017937753484835728,1.9237521029959104,1.0091838396785493
2023-03-30,1.8171490257509282,0.9460579473703938,0.0,-0.25184404207088673,0.005746673221446725,0.007314081426607499,1.9207586922151725,0.8
2023-03-31,1.842371868600152,0.9624725827378218,0.0,-0.23886311708472718,0.013880448159060955,0.017350560198826193,1.9142071178374704,0.8
2023-04-03,1.8384573695981101,0.9599163683621902,-0.002124706238060492,-0.24088460743866213,-0.0021247062380605366,-0.0026558827975756705,1.9152266074334028,0.8
2023-04-04,1.8308413644294517,0.9549456738115434,-0.006258510763878178,-0.24481550274317165,-0.004142606347365696,-0.00517825793420712,1.9172204394851937,0.8
2023-04-05,1.8152034242246344,0.944749962951466,-0.014746449855511767,-0.25287841458328864,-0.00854139550735491,-0.010676744384193637,1.9213585556053479,0.8
2023-04-06,1.8262305975374582,0.9519240360055644,-0.00876113630358355,-0.24720505650521196,0.006074896711664124,0.007593620889580155,1.918462533208672,0.8
2023-04-10,1.8257955387317673,0.9516405676043316,-0.008997276907500518,-0.24742922731193306,-0.00023822774970350125,-0.00029778468712937656,1.9185768249960604,0.8
2023-04-11,1.819452225362969,0.9475077428940081,-0.012440291576204743,-0.25069752333830186,-0.0034742736709743485,-0.004342842088717935,1.9202505087776365,0.8
2023-04-12,1.8070474005756085,0.9394327386623615,-0.01917336484918397,-0.25708335048874364,-0.0068178898101519895,-0.008522362262689986,1.923551656448151,0.8
2023-04-13,1.8357593448423573,0.9580908964576696,-0.00358913630331259,-0.24232821634781554,0.015888871679626604,0.019861089599533255,1.9160596887306556,0.8
2023-04-14,1.8305929203300157,0.9547204217911391,-0.0063933609011768144,-0.24499363521546835,-0.0028143255960302762,-0.003517906995037845,1.917412551933961,0.8
2023-04-17,1.8347302050470427,0.9574176013266894,-0.004147731347480699,-0.2428606676263949,0.002260079054758357,0.0028250988184479464,1.9163322279689292,0.8
2023-04-18,1.8342099167692438,0.9570782236667218,-0.004430132683859167,-0.24312905226287362,-0.00028357753982986015,-0.00035447192478732514,1.9164681333382432,0.8
2023-04-19,1.8346711703586527,0.9573790723877265,-0.004179774112242796,-0.2428911368543295,0.000251472628727889,0.00031434078590986125,1.9163476863797937,0.8
2023-04-20,1.8228794069627428,0.9496875118480352,-0.010580090789282237,-0.2489737313291578,-0.00642718084113394,-0.008033976051417424,1.919451803062597,0.8
2023-04-21,1.8244393880731624,0.9507034146099141,-0.009733366446055713,-0.2481703411075662,0.0008557785580665112,0.001069723197583139,1.9190415854578091,0.8
2023-04-24,1.8201765083996824,0.9479267162662047,-0.01204716625277924,-0.2503661932908202,-0.0023365422284498116,-0.0029206777855622645,1.9201658494964553,0.8
2023-04-25,1.7913807831393294,0.9291811185435496,-0.02767686932799618,-0.265190476158618,-0.015820292772413768,-0.01977536596551721,1.9279134577629384,0.8
2023-04-26,1.7980839941781406,0.9335272751434607,-0.02403850991041334,-0.26175347426739726,0.0037419241636968085,0.00467740520462101,1.9261183278247744,0.8
2023-04-27,1.8330181098028093,0.9561985949165044,-0.005077019985357145,-0.24382467507548267,0.019428522659552527,0.02428565332444066,1.9169847347065692,0.8
2023-04-28,1.8432038058844284,0.9628403379995409,0.0,-0.2385722910408471,0.005556789661349804,0.0069459870766872545,1.9143400345211827,0.8
2023-05-01,1.8415177184883855,0.9617393793364782,-0.0009147590682376805,-0.23944294466781946,-0.000914759068237725,-0.0011434488352971561,1.9147783256612436,0.8
2023-05-02,1.8255836310391411,0.9513373348571638,-0.009559536926429413,-0.247669028041966,-0.008652692987566813,-0.010815866234458515,1.9189656120383827,0.8
2023-05-03,1.8170333334087487,0.9469919472979506,-0.014198360697894818,-0.2511054217649644,-0.004683596787908076,-0.004567662174075893,1.9187421166497611,1.0031443717605524
2023-05-04,1.8080179386638122,0.9423512481107573,-0.019089515282187053,-0.25477535208530666,-0.004961601187592818,-0.004900463198694083,1.9186242309208579,1.0116119992807608
2023-05-05,1.8496445750057438,0.96353570459855,0.0,-0.2380223853342891,0.023023353613789387,0.02248042492676028,1.9196430045904573,1.0244364105415815
2023-05-08,1.852995810269264,0.9652295936396662,0.0,-0.23668283400796242,0.0018118266118830148,0.0017579930178321934,1.919746164518256,1.0330807788200156
2023-05-09,1.840944990447554,0.9591367149026957,-0.0065034252937457016,-0.24150116838237834,-0.006503425293745712,-0.006312362133444105,1.9193770417122629,1.0300261351383118
2023-05-10,1.860669818703117,0.9691293221144671,0.0,-0.2335988737697574,0.01071451257800346,0.010418334588292,1.9199396574272127,1.028501696368081
2023-05-11,1.8641013746418842,0.9708672771875712,0.0,-0.23222447440429572,0.0018442583978487451,0.0017933159522116604,1.9200372887650023,1.0284275238037974
2023-05-12,1.8573257737650632,0.9674204367797427,-0.003634781331633641,-0.23495028437641796,-0.0036347813316336417,-0.0035502694228333187,1.9198744446081304,1.0230465369295563
2023-05-15,1.8698099979827907,0.9737574090342156,0.0,-0.2299389174082599,0.006721612543189121,0.0065503807998585906,1.9202010486752454,1.026396433571501
2023-05-16,1.8663731087219593,0.9720123018826216,-0.0018380954559763518,-0.23131897273818847,-0.0018380954559763427,-0.0017921374825017322,1.9201126416889105,1.0253531509862504
2023-05-17,1.890702787776837,0.9844170052432449,0.0,-0.221509158496482,0.013035806689016213,0.01276187897683756,1.9206319859434497,1.0216111373186518
2023-05-18,1.9198212305234137,0.999243187049234,0.0,-0.2097844049733787,0.015400856726305071,0.015060875347562286,1.9212752765346817,1.0226068695889612
2023-05-19,1.915029885850138,0.9968067123102599,-0.002495724391989085,-0.21171120353510942,-0.002495724391989084,-0.0024383200911972658,1.9211647174924698,1.023383339273395
2023-05-22,1.924710809936944,1.0017584884597392,0.0,-0.20779526916886726,0.00505523394613151,0.004967639250745837,1.9213321694895709,1.018158909260304
2023-05-23,1.9001841056907165,0.989116766756034,-0.012743059435007309,-0.217792520856671,-0.012743059435007274,-0.012619530405120427,1.9210917957873397,1.0094434001509118
2023-05-24,1.8885654111803647,0.9831247092545534,-0.018779651763769944,-0.22253112437715006,-0.006114509891728754,-0.0060579879978504,1.9209825502324671,1.0093199542393636
2023-05-25,1.9211486069377641,0.999971622398251,-0.00185077310356907,-0.20920834803326405,0.01725288177179675,0.017136089638588814,1.921203126074955,1.0068865668533387
2023-05-26,1.9632822618859291,1.021832603987955,0.0,-0.1919203756971336,0.021931491814849387,0.021861601969538347,1.9213345260502879,1.0032794219679613
2023-05-30,1.968134989384478,1.0251195608346977,0.0,-0.18932100389841688,0.0024717421395573647,0.0032167273131766816,1.919907749864743,0.8
2023-05-31,1.9581998842224615,1.01865108262089,-0.00504797954185221,-0.19443636763257954,-0.0050479795418522325,-0.00630997442731529,1.9223460492322884,0.8
2023-06-01,1.9782662285719752,1.0316991654293466,0.0,-0.18411775985613932,0.010247342220368695,0.012809177775460867,1.9174835987666135,0.8
2023-06-02,1.9951529024893737,1.0427075215948574,0.0,-0.1754121966555714,0.008536097757473372,0.010670122196841714,1.913434842627507,0.8
2023-06-05,1.993785929240987,1.0418145115364972,-0.0006851471116229302,-0.1761184015952475,-0.0006851471116228858,-0.0008564338895286072,1.9137628696498916,0.8
2023-06-06,1.9970277724234187,1.0455149815664815,0.0,-0.1731920177434273,0.001625973548557408,0.003551947097114816,1.9100900586152272,0.5
2023-06-07,1.9841278615500466,1.0320078583654695,-0.006459555070542633,-0.18387364113172833,-0.0064595550705425775,-0.012919110141085155,1.9225898770699077,0.5
2023-06-08,1.9942430647125253,1.0425303346180694,-0.001394426131347215,-0.17555231861397758,0.005098060139418825,0.01019612027883765,1.91288732662452,0.5
2023-06-09,1.9957961660845351,1.04415416405161,-0.0006167196850692669,-0.1742681714126979,0.0007787924147720782,0.0015575848295441563,1.9113999012753902,0.5
2023-06-12,2.0110576424327324,1.060123063430556,0.0,-0.161639740728154,0.007646811136097997,0.015293622272195995,1.8970039534136292,0.5
2023-06-13,2.01937861775559,1.0688958182873751,0.0,-0.1547021225496651,0.004137611546922826,0.008275223093845652,1.8892193076319765,0.5
2023-06-14,2.0233330843259005,1.0730821682302698,0.0,-0.15139149801502794,0.0019582591077970113,0.003916518215594023,1.8855341596653192,0.5
2023-06-15,2.0349401746153983,1.0853938945705213,0.0,-0.14165521131139158,0.005736618641495106,0.011473237282990212,1.8748402628712062,0.5
2023-06-16,2.0280563087961947,1.0780504787547531,-0.0033828344956159384,-0.14746248803200745,-0.003382834495615883,-0.006765668991231766,1.8812257392054454,0.5
2023-06-20,2.0264059411047644,1.0762959124025753,-0.004193849832586305,-0.14885002383106982,-0.0008137681800412522,-0.0016275363600825044,1.8827591164787516,0.5
2023-06-21,2.0141672661650025,1.0632951255970373,-0.01020811752086126,-0.15913122926184176,-0.00603959685051525,-0.0120791937010305,1.8942692557102179,0.5
2023-06-22,2.0237449471955236,1.0734073955413965,-0.005501501989851221,-0.15113430367383873,0.004755156729737253,0.009510313459474506,1.8853465660862188,0.5
2023-06-23,2.0134937334694456,1.062532775553244,-0.010539101548774577,-0.15973410642055774,-0.005065467237007126,-0.010130934474014253,1.8949944696257026,0.5
2023-06-26,2.001798604451356,1.05018959544845,-0.01628626265158184,-0.16949526720448427,-0.005808376169086749,-0.011616752338173497,1.9061306769055848,0.5
2023-06-27,2.0183021303924753,1.0675058541300544,-0.008176183472355714,-0.1558013257945592,0.00824434880932623,0.01648869761865246,1.8906707842246504,0.5
2023-06-28,2.0209881097267357,1.0703471518923844,-0.006856253104000731,-0.15355438748063632,0.0013308113259226095,0.002661622651845219,1.8881613373321064,0.5
2023-06-29,2.020956890159116,1.0703140831423763,-0.00687159486589084,-0.15358053871419297,-1.5447675060231703e-05,-3.0895350120463405e-05,1.888190505936081,0.5
2023-06-30,2.0355728106385,1.0857954876229456,0.0,-0.14133762586573317,0.007232178257020161,0.014464356514040322,1.8747294806822543,0.5
2023-07-03,2.037702409619856,1.088067387652577,0.0,-0.13954097530356357,0.0010461915045368864,0.0020923830090737727,1.8727722499026873,0.5
2023-07-05,2.035850119427732,1.08608926116953,-0.0009090091778758413,-0.1411053056048337,-0.0009090091778757303,-0.0018180183557514606,1.8744777176375669,0.5
2023-07-06,2.0275386486760825,1.0772212221702457,-0.004987853425402644,-0.1481182758260593,-0.004082555327789061,-0.008165110655578123,1.8821933758334803,0.5
2023-07-07,2.0261809093338665,1.0757785018210522,-0.005654162370126947,-0.1492591994109992,-0.0006696490560625379,-0.0013392981121250758,1.8834554751782042,0.5
2023-07-10,2.0288150261146516,1.0777284045104873,-0.004361472736768568,-0.14771718888348573,0.0013000402721449035,0.0018125503401811294,1.8824919317554363,0.8
2023-07-11,2.0377358330594255,1.0836519404857883,0.0,-0.143032773151609,0.004397052875666852,0.005496316094583564,1.8804338892670027,0.8
2023-07-12,2.056484390372258,1.0961148602272401,0.0,-0.13317692057547814,0.009200680975749265,0.01150085121968658,1.8761577504258262,0.8
2023-07-13,2.0824418045020434,1.1134091243448856,0.0,-0.11950037277670955,0.012622227647974783,0.015777784559968477,1.870329386538235,0.8
2023-07-14,2.080297903268164,1.111450608399634,-0.0010295131557791493,-0.12104919478831244,-0.0010295131557789992,-0.0017590263115579985,1.8716962207286594,0.5
2023-07-17,2.0899707422836418,1.1217865153789324,0.0,-0.1128754138812792,0.004649737424760936,0.009299474849521872,1.8630735114315962,0.5
2023-07-18,2.0979440161074,1.1303457845380238,0.0,-0.10610662320128716,0.0038150169581064874,0.007630033916212975,1.8560196753994502,0.5
2023-07-19,2.097419530103373,1.130690699291016,-0.00024999999999997247,-0.10583385975360826,-0.00025,0.0003051409203362887,1.8549896372354802,0.0
2023-07-20,2.097419530103373,1.1074823583986533,-0.00024999999999997247,-0.1241873428151199,-0.0,-0.02052580861142228,1.8938627005635593,0.0
2023-07-21,2.094620771199933,1.1050804904910831,-0.0015840484216699258,-0.1260867738068494,-0.0013343820171741458,-0.0021687640343482917,1.8954463400843422,0.5
2023-07-24,2.096565747454321,1.1071327524974044,-0.0006569615978772037,-0.1244638160889543,0.0009285577041583393,0.0018571154083166785,1.8936895713048074,0.5
2023-07-25,2.102955079272685,1.1138807770048857,0.0,-0.11912738320600402,0.0030475227529217497,0.006095045505843499,1.8879534710414174,0.5
2023-07-26,2.10167057179301,1.1125200363940846,-0.0006108107074350722,-0.12020347605845205,-0.0006108107074350722,-0.0012216214148701443,1.8891080637117998,0.5
2023-07-27,2.0959304098264777,1.10644292299142,-0.0033403801704774416,-0.125009342984312,-0.002731237732293612,-0.005462475464587224,1.8942960059429388,0.5
2023-07-28,2.1158117426914433,1.1274336581274207,0.0,-0.10840957380847915,0.009485683671440204,0.018971367342880407,1.8766618571647413,0.5
2023-07-31,2.1179812050417794,1.1297457020814803,0.0,-0.10658117686510837,0.0010253569854832278,0.0020507139709664557,1.8747415468273452,0.5
2023-08-01,2.113396431940769,1.1248546032430624,-0.0021646901729327483,-0.11044912675861507,-0.0021646901729328594,-0.004329380345865719,1.8788174274680898,0.5
2023-08-02,2.0904291573454903,1.100405953513184,-0.013008636540637109,-0.12978346352897063,-0.010867471075546364,-0.02173494215109273,1.8996890653595002,0.5
2023-08-03,2.0894021177876922,1.0993246822919867,-0.013493550927673792,-0.1306385480494534,-0.0004913056030573792,-0.0009826112061147585,1.9006233112418516,0.5
2023-08-04,2.0856243930214595,1.0953494340206555,-0.015277195068254423,-0.13378223040708315,-0.0018080410343571662,-0.0036160820687143325,1.9040721875993865,0.5
2023-08-07,2.09200907314042,1.102055776522313,-0.012262682898003918,-0.12847876024177862,0.003061279941068862,0.006122559882137724,1.8982787602112476,0.5
2023-08-08,2.083781192138681,1.0933869959678453,-0.01614745816520302,-0.1353341540766192,-0.003933004453650746,-0.007866008907301492,1.9058038917813886,0.5
2023-08-09,2.0716020105933772,1.0806058471856175,-0.02189783098074627,-0.14544166666311664,-0.005844750682677702,-0.011689501365355404,1.91707458921193,0.5
2023-08-10,2.072807552555659,1.081863536342905,-0.021328637090162084,-0.1444470683524498,0.0005819370497407439,0.0011638740994814878,1.915960269409308,0.5
2023-08-11,2.0657809574112442,1.074528733782953,-0.024646227977035084,-0.15024753358897658,-0.0033898926775673965,-0.006779785355134793,1.92249950370198,0.5
2023-08-14,2.076642169831663,1.0858277873322566,-0.019518131280726325,-0.1413120828003982,0.005257678642768604,0.010515357285537208,1.9124968011121855,0.5
2023-08-15,2.0647982827745515,1.0734420023728009,-0.025110195567660365,-0.15110693610383719,-0.005703383678311524,-0.011406767356623049,1.9235303614078796,0.5
2023-08-16,2.052951228046303,1.0611239698988268,-0.03070375546330395,-0.16084820978689607,-0.005737632981914931,-0.011475265963829862,1.9346949897305987,0.5
2023-08-17,2.0409378810213545,1.048705116189363,-0.036375829887926314,-0.17066921432389182,-0.005851744971253459,-0.011703489942506917,1.946150399682827,0.5
2023-08-18,2.0374256361708047,1.0466458559126914,-0.03803412829123087,-0.17229770637260922,-0.0017208974771892593,-0.001963621846486574,1.9466237072081445,0.8
2023-08-21,2.0627881272626043,1.062932061483576,-0.026059285912353736,-0.15941834547956535,0.01244830272159856,0.015560378401998198,1.9406584879785167,0.8
2023-08-22,2.0631114312530014,1.0635841310912952,-0.025906638669957238,-0.15890267964392002,0.0001567315547943261,0.0006134631095886522,1.9397726714257544,0.5
2023-08-23,2.0795450032501384,1.0805279433629238,-0.018147565096491403,-0.14550327410403052,0.007965431119324462,0.015930862238648924,1.924563835691261,0.5
2023-08-24,2.060065089383119,1.0602844850730382,-0.027344962042530563,-0.16151208621830349,-0.009367392307727873,-0.018734784615455746,1.9429361821145674,0.5
2023-08-25,2.069756525818102,1.0702605579098057,-0.022769172412333227,-0.15362286722246088,0.00470443214873606,0.00940886429747212,1.9338809699390296,0.5
2023-08-28,2.0784737199632355,1.079275791298661,-0.018653369059412728,-0.14649349360349706,0.004211700282808706,0.008423400565617412,1.925804077808758,0.5
2023-08-29,2.096568621086562,1.0980678390794671,-0.010109902724464881,-0.13163247737507544,0.008705859953642703,0.017411719907285406,1.9093252224235606,0.5
2023-08-30,2.102248414503095,1.1040173686303556,-0.007428201204634499,-0.12692750555728693,0.0027090901577976334,0.005418180315595267,1.9041805629481583,0.5
2023-08-31,2.1034225642885143,1.105250602293451,-0.00687382905882683,-0.12595224699608776,0.000558520951814967,0.001117041903629934,1.9031182248838463,0.5
2023-09-01,2.102728160512659,1.105001740723622,-0.007201690219351797,-0.12614905023280776,-0.0003301304206033194,-0.00022516302575414926,1.9029184145317868,0.8
2023-09-05,2.1014263005634546,1.1041465674675968,-0.007816360427994606,-0.12682533329594903,-0.0006191289837897962,-0.0007739112297372452,1.9032131806406443,0.8
2023-09-06,2.0899841388079587,1.0924537650809867,-0.013218751029128395,-0.13607216621431906,-0.005444950295153311,-0.010589900590306622,1.913109923377876,0.5
2023-09-07,2.08067055192489,1.082717171517534,-0.017616139854344737,-0.1437720016257532,-0.004456295485754769,-0.008912590971509537,1.9217119730433632,0.5
2023-09-08,2.0816315399595173,1.0837173089451069,-0.017162411543470313,-0.1429810788527177,0.0004618645819438605,0.000923729163887721,1.920825221464611,0.5
2023-09-11,2.093457354389349,1.0960305733667541,-0.011578880206326914,-0.1332435758126368,0.005681031538396719,0.011362063076793438,1.9100355457774585,0.5
2023-09-12,2.0826064796246175,1.0846686122883653,-0.016702096002057853,-0.14222877476179507,-0.005183231816010159,-0.010366463632020317,1.920039407456316,0.5
2023-09-13,2.0856289823438248,1.0878169880013526,-0.015275028230156806,-0.1397389948767278,0.0014513076516269319,0.0029026153032538637,1.9172609044980564,0.5
2023-09-14,2.094118801302458,1.0966731837738897,-0.011266579553453004,-0.13273539044612503,0.004070627628645851,0.008141255257291702,1.909519474248602,0.5
2023-09-15,2.077749084864438,1.0795278059353508,-0.018995503870180896,-0.14629419687706624,-0.007816995114049319,-0.015633990228098638,1.9246832489545593,0.5
2023-09-18,2.077893844487885,1.0796782302958532,-0.018927155943814777,-0.14617523917279407,6.96713691279438e-05,0.0001393427382558876,1.9245491723200725,0.5
2023-09-19,2.0754651455468474,1.077154315629532,-0.02007386061487426,-0.1481711864613946,-0.0011688272466277572,-0.0023376544932555143,1.9268039086246083,0.5
2023-09-20,2.0596042069022777,1.0606908461777895,-0.027562566655708443,-0.16119073012966711,-0.00764211274691895,-0.0152842254938379,1.9417573125327543,0.5
2023-09-21,2.0408609484692644,1.0413853868270888,-0.0364121534170998,-0.1764577594632627,-0.00910041762888214,-0.01820083525776428,1.9597557007088366,0.5
2023-09-22,2.0399217792309408,1.0404269314053403,-0.03685558003301492,-0.17721571951865234,-0.00046018286499521777,-0.0009203657299904355,1.9606583774946584,0.5
2023-09-25,2.044516049926427,1.0451133885140564,-0.03468640559249114,-0.17350960318908615,0.00225217983466941,0.00450435966933882,1.9562624231934516,0.5
2023-09-26,2.0186103310450423,1.0287562773908288,-0.04691773173444047,-0.18644503719222139,-0.01267083175126817,-0.01565103968908521,1.9621851894451807,0.8
2023-09-27,2.0222248092056128,1.0310588621443044,-0.045211164106755075,-0.1846241207179845,0.0017905774606330029,0.0022382218257912534,1.961308789878368,0.8
2023-09-28,2.0356227285577955,1.0395977517249029,-0.03888536701266876,-0.1778714464958816,0.006625336258952253,0.008281670323690316,1.9580868900305775,0.8
2023-09-29,2.037848131717432,1.041018400606068,-0.037834647981574876,-0.17674797733892,0.0010932296679618148,0.0013665370849522684,1.9575524606779495,0.8
2023-10-02,2.0487561706132666,1.0479837560147658,-0.032684442271595726,-0.17123967611636204,0.005352724143698318,0.006690905179622897,1.954950311829452,0.8
2023-10-03,2.0181751927373868,1.0284302041349342,-0.047123181294908556,-0.18670290051845517,-0.014926606842983237,-0.018658258553729046,1.9623842090820136,0.8
2023-10-04,2.0315134769596965,1.0423326911587183,-0.04082554079150913,-0.17570861784709568,0.0066090814466005345,0.013518162893201069,1.9490067750838236,0.5
2023-10-05,2.030271816754269,1.0410585445304965,-0.04141178782829669,-0.1767162309577186,-0.0006111995906054601,-0.0012223991812109203,1.9501994651702268,0.5
2023-10-06,2.046513414171898,1.0577148893892634,-0.03374335461511879,-0.16354415869930594,0.007999715744266167,0.015999431488532334,1.934844100902823,0.5
2023-10-09,2.0505435913652543,1.061880782849595,-0.0318405156363013,-0.1602497114393805,0.001969289409709085,0.00393857881941817,1.9310487810717765,0.5
2023-10-10,2.0565198986130606,1.0680704838104267,-0.029018815786661545,-0.15535480868578344,0.0029144990006417792,0.0058289980012835585,1.9254533570446228,0.5
2023-10-11,2.0638617631467713,1.0756965989867295,-0.025552371175994737,-0.1493239693266688,0.0035700430317557874,0.007140086063511575,1.918628138353194,0.5
2023-10-12,2.057405625459285,1.068966646935648,-0.028600621874404042,-0.15464611025639619,-0.0031281831965541684,-0.006256366393108337,1.9246677446458638,0.5
2023-10-13,2.0447505835734368,1.0558162817143755,-0.034575671065456004,-0.1650456044063956,-0.0061509707805056935,-0.012301941561011387,1.9366537711023788,0.5
2023-10-16,2.0570086579414264,1.0684753068337827,-0.02878804918344413,-0.1550346689335912,0.0059948995571710295,0.011989799114342059,1.9251812791415543,0.5
2023-10-17,2.0544138587100185,1.065779665379628,-0.0300131777281315,-0.15716642018622018,-0.0012614430286378986,-0.002522886057275797,1.9276159279866174,0.5
2023-10-18,2.0377576650258353,1.0484980135294277,-0.03787736162387789,-0.17083299402614383,-0.008107516221021516,-0.01621503244204303,1.9435016935953808,0.5
2023-10-19,2.0279532534280538,1.038408584093795,-0.0425064922197691,-0.178811857017946,-0.004811372699538907,-0.009622745399077814,1.9529434603025944,0.5
2023-10-20,2.012391614375916,1.0224719844241597,-0.049853884640010615,-0.19141474463715535,-0.00767356891774118,-0.01534713783548236,1.9681630842034892,0.5
2023-10-23,2.0150668222981234,1.0251904663870406,-0.04859079131517885,-0.18926493078832562,0.0013293674566604574,0.002658734913320915,1.9655536101497206,0.5
2023-10-24,2.0244732246103214,1.0347617162004523,-0.0441495798965853,-0.18169585154467516,0.004668034929715237,0.009336069859430474,1.9564632058905278,0.5
2023-10-25,1.9999258288568385,1.009668072037275,-0.055739576868724994,-0.2015402590030313,-0.01212532497593688,-0.02425064995187376,1.9807755481674822,0.5
2023-10-26,1.982329920436364,0.9919013862189314,-0.064047444936009,-0.21559040454072786,-0.00879828049949849,-0.01759656099899698,1.9985151225495175,0.5
2023-10-27,1.981834337956255,0.995634079054156,-0.06428143307477496,-0.2126385384403956,-0.00025,0.0037631692898962843,1.9905248119258643,0.0
2023-10-30,1.981834337956255,1.0071686128651458,-0.06428143307477496,-0.2035168665421644,0.0,0.011585113500682365,1.9677284544426241,0.0
2023-10-31,1.981834337956255,1.0120321800465801,-0.06428143307477496,-0.19967068907101415,0.0,0.004828950306144497,1.958272055998297,0.0
2023-11-01,1.981834337956255,1.028587703669857,-0.06428143307477496,-0.18657834766653847,0.0,0.016358692885156012,1.9267528970892298,0.0
2023-11-02,1.9989943917398916,1.0469144049243855,-0.05617935278115027,-0.17208533402939985,0.008658672147810659,0.017817344295621318,1.9094153087751917,0.5
2023-11-03,2.0128348195259544,1.0614114373116885,-0.04964462633829225,-0.16062087650541934,0.006923695155551024,0.013847390311102048,1.8963756642984768,0.5
2023-11-06,2.0173714825227087,1.0646008028938718,-0.0475026512414618,-0.1580986812541063,0.0022538675070329422,0.0030048343837911773,1.89495581539949,0.8
2023-11-07,2.0318262479243443,1.074135830890414,-0.040677866693220044,-0.15055824673372376,0.007165148078508566,0.008956435098135707,1.8915915375805354,0.8
2023-11-08,2.0330834672519353,1.0749666255563168,-0.040084273452355546,-0.1499012426032278,0.0006187632081608996,0.0007734540102011245,1.89129915191532,0.8
2023-11-09,2.0177176951458455,1.064811058620668,-0.0473391877403162,-0.15793240806214326,-0.00755786584938356,-0.00944733231172945,1.8949067807011237,0.8
2023-11-10,2.050745045599776,1.0865979815911677,-0.03174539947849875,-0.14070300232581545,0.016368667694884386,0.020460834618605483,1.8873079835807836,0.8
2023-11-13,2.047134037090948,1.084206341924879,-0.0334503289180198,-0.14259434468018917,-0.0017608276155907988,-0.0022010345194884984,1.8881406222513932,0.8
2023-11-14,2.085988642468251,1.1099291382829792,-0.015105215521918347,-0.12225239479921068,0.018980000661078834,0.02372500082634854,1.8793890263077524,0.8
2023-11-15,2.0871087128076566,1.1106741080070006,-0.014576376863322471,-0.1216632622423175,0.000536949394930808,0.0006711867436635099,1.8791369113238583,0.8
2023-11-16,2.088272449317972,1.111448224373471,-0.01402692132162775,-0.12105108010980126,0.0005575830828428608,0.0006969788535535759,1.8788751500279215,0.8
2023-11-17,2.08967044940084,1.1123783021934681,-0.013366858767937417,-0.12031556146181277,0.0006694529170868436,0.0008368161463585544,1.8785609583360952,0.8
2023-11-20,2.108493833289196,1.124903437327377,-0.004479440955377223,-0.1104105080765021,0.009007824125451513,0.011259780156814392,1.8743776250686022,0.8
2023-11-21,2.098509732258116,1.1182451598693366,-0.009193411507766203,-0.11567596772791566,-0.004735181518413523,-0.005918976898016903,1.8766097163374444,0.8
2023-11-22,2.106298451435374,1.1234331853212,-0.005515985495336273,-0.11157320408379834,0.00371154779867382,0.004639434748342275,1.8748764759278174,0.8
2023-11-24,2.104525429563842,1.1222510928645124,-0.0063531137320324005,-0.1125080194582182,-0.0008417714357259244,-0.0010522142946574053,1.8752714458865918,0.8
2023-11-27,2.1033640869095738,1.1214769764980421,-0.006901439020048916,-0.11312020159073455,-0.0005518311339716142,-0.0006897889174645178,1.8755303327560071,0.8
2023-11-28,2.1081778740510697,1.1246852604813928,-0.004628620389724558,-0.11058304540115427,0.0022886133558401413,0.0028607666948001764,1.874460302919519,0.8
2023-11-29,2.105429959971805,1.1228527903065215,-0.005926041760945022,-0.11203218864113029,-0.0013034545676091193,-0.001629318209511399,1.8750721182222427,0.8
2023-11-30,2.1016178708737243,1.1203114953204285,-0.007725910942506409,-0.11404188053155362,-0.0018105988660538587,-0.002263248582567323,1.875922794376599,0.8
2023-12-01,2.11093192095361,1.1265178075603342,-0.0033283034199683703,-0.10913384134435589,0.004431847582269377,0.005539809477836721,1.8738557941886353,0.8
2023-12-04,2.0968199125500973,1.1171040572818451,-0.00999125603254103,-0.11657836773608965,-0.006685202996569384,-0.00835650374571173,1.8770139620225816,0.8
2023-12-05,2.102072636293163,1.1206021158001511,-0.007511194485931405,-0.11381205376036585,0.002505090547655975,0.0031313631845699685,1.8758421090363604,0.8
2023-12-06,2.0922402282467165,1.1140501197665555,-0.012153543541268186,-0.1189934645634646,-0.00467748253637188,-0.00584685317046485,1.878048564534185,0.8
2023-12-07,2.1151085143445627,1.1292708963546187,-0.0013563343670748296,-0.10695665992552517,0.01093004798832773,0.013662559985409661,1.872985942675323,0.8
2023-12-08,2.1226579514896358,1.1343092664866776,0.0,-0.10297224581745767,0.0035692906977931927,0.004461613372241491,1.8713220584578256,0.8
2023-12-11,2.1260203180504087,1.1365552498447908,0.0,-0.10119609052437806,0.0015840359764103696,0.001980044970512962,1.8705824625250205,0.8
2023-12-12,2.13313384831813,1.1445019011839634,0.0,-0.09491176665022993,0.0033459371047988963,0.006991874209597793,1.8638097901903414,0.5
2023-12-13,2.147852372426008,1.1602959207082149,0.0,-0.08242163341942566,0.006899953380554824,0.013799906761109648,1.851124643371162,0.5
2023-12-14,2.149864047720067,1.1624693835285196,0.0,-0.08070282838970388,0.000936598492468188,0.001873196984936376,1.8493941244236847,0.5
2023-12-15,2.153676911693349,1.1665927490382593,0.0,-0.07744201283246899,0.0017735372510301328,0.0035470745020602656,1.8461257482260571,0.5
2023-12-18,2.163924833316115,1.1737502877173533,0.0,-0.07178173037117086,0.004758337505094096,0.00613542188136762,1.8435989800900496,0.8
2023-12-19,2.175354817977391,1.181500064637873,0.0,-0.06565309756191828,0.0052820617820446,0.00660257722755575,1.8411804477083396,0.8
2023-12-20,2.1492237654284527,1.1637593723951172,-0.012012317408170992,-0.07968268701370285,-0.012012317408170948,-0.015015396760213684,1.8467939476226642,0.8
2023-12-21,2.170856252308474,1.1784012920498979,-0.0020679686972169264,-0.06810365059665047,0.01006525575791244,0.012581569697390549,1.84220457577074,0.8
2023-12-22,2.1742335106490893,1.1806928795213942,-0.0005154595098855186,-0.06629143092799161,0.001555726380788336,0.00194465797598542,1.8414894748331478,0.8
2023-12-26,2.1798241063192663,1.1871189066886798,0.0,-0.06120963807969704,0.0025712949610954107,0.005442589922190821,1.8362306370805044,0.5
2023-12-27,2.1816033977933977,1.1890568892472984,0.0,-0.05967705415962832,0.00081625460924728,0.00163250921849456,1.8347342482279425,0.5
2023-12-28,2.1813115354827164,1.1887387371105917,-0.00013378339572467368,-0.05992865335317299,-0.00013378339572461817,-0.00026756679144923634,1.834979770899636,0.5
2023-12-29,2.175257527933853,1.182140291018845,-0.002908810036674647,-0.06514679751689578,-0.002775397943111213,-0.005550795886222426,1.8401009968614428,0.5
2024-01-02,2.1574767094388285,1.1628143751855815,-0.011059154188599263,-0.08043000412520285,-0.008174121117472177,-0.016348242234944355,1.8553921893978151,0.5
2024-01-03,2.156937340261469,1.149133141170573,-0.01130638940005202,-0.09124931679902126,-0.00025,-0.011765621673558213,1.877012561019943,0.0
2024-01-04,2.156937340261469,1.142682735413165,-0.01130638940005202,-0.09635038857996114,-0.0,-0.005613279720430908,1.8876082340401994,0.0
2024-01-05,2.15742159003407,1.1437671597012238,-0.011084419736321793,-0.095492810569767,0.0002245080390431422,0.0009490160780862844,1.8862419433319226,0.5
2024-01-08,2.181165829149143,1.1689433988353517,-0.00020057204013212981,-0.07558308584434126,0.011005841058028154,0.022011682116056308,1.8659293780368618,0.5
2024-01-09,2.1806205376918557,1.1700412044315531,-0.00045052189712213586,-0.07471492570708016,-0.00025,0.0009391435011270044,1.8637126021141086,0.0
2024-01-10,2.1806205376918557,1.1788564872389642,-0.00045052189712213586,-0.0677436758259008,0.0,0.007534164415768263,1.849776084957681,0.0
2024-01-11,2.1806205376918557,1.1788990151895562,-0.00045052189712213586,-0.06771004412321024,0.0,3.6075596183460235e-05,1.8497093555899118,0.0
2024-01-12,2.1806205376918557,1.179101349797164,-0.00045052189712213586,-0.06755003506393664,0.0,0.0001716301438894341,1.8493919441844238,0.0
2024-01-16,2.1806205376918557,1.1768640565989368,-0.00045052189712213586,-0.06931931805610492,-0.0,-0.0018974562268223583,1.8529077555429063,0.0
2024-01-17,2.1806205376918557,1.1698766297222103,-0.00045052189712213586,-0.0748450737066414,-0.0,-0.005937327117390034,1.8639747835715368,0.0
2024-01-18,2.1806205376918557,1.1856289672406377,-0.00045052189712213586,-0.06238790319348286,0.0,0.013464956148553586,1.8392099028812547,0.0
2024-01-19,2.1806205376918557,1.205735305574094,-0.00045052189712213586,-0.04648752747323692,0.0,0.016958373056834786,1.808540006758435,0.0
2024-01-22,2.1806205376918557,1.2096192687145886,-0.00045052189712213586,-0.043416034683588234,0.0,0.0032212402859392864,1.8027329706884623,0.0
2024-01-23,2.1806205376918557,1.214789221710052,-0.00045052189712213586,-0.03932756299269391,0.0,0.004274033267473776,1.7950608210222745,0.0
2024-01-24,2.1806205376918557,1.2191975937024202,-0.00045052189712213586,-0.035841360292293345,0.0,0.0036289192508331958,1.7885702440322386,0.0
2024-01-25,2.1806205376918557,1.2214482682087904,-0.00045052189712213586,-0.0340614951730579,0.0,0.0018460293212483325,1.7852745748206404,0.0
2024-01-26,2.1806205376918557,1.2171060337164383,-0.00045052189712213586,-0.03749539540634517,-0.0,-0.0035549884554011424,1.7916438480165298,0.0
2024-01-29,2.1806205376918557,1.2307045189523567,-0.00045052189712213586,-0.02674152163324084,0.0,0.011172802417547256,1.7718473476867702,0.0
2024-01-30,2.1806205376918557,1.2214010491099416,-0.00045052189712213586,-0.034098836701903945,-0.0,-0.007559466711257956,1.7853435931473252,0.0
2024-01-31,2.1806205376918557,1.1941622428241412,-0.00045052189712213586,-0.05563966859940295,-0.0,-0.022301279588428202,1.8260672289678026,0.0
2024-02-01,2.1806205376918557,1.2097255501390334,-0.00045052189712213586,-0.04333198583527342,0.0,0.013032824817912125,1.8025745901136316,0.0
2024-02-02,2.1806205376918557,1.2307761935453976,-0.00045052189712213586,-0.02668484035492724,0.0,0.01740117285606213,1.7717441636649782,0.0
2024-02-05,2.1806205376918557,1.2283136483267656,-0.00045052189712213586,-0.02863225581939255,-0.0,-0.002000806671063504,1.7752961881212852,0.0
2024-02-06,2.1806205376918557,1.2292051203037302,-0.00045052189712213586,-0.02792726721616079,0.0,0.0007257690071089673,1.7740086676119895,0.0
2024-02-07,2.1806205376918557,1.2408317082862543,-0.00045052189712213586,-0.018732797581726413,0.0,0.009458623130085275,1.757386213722382,0.0
2024-02-08,2.1806205376918557,1.2437509867753476,-0.00045052189712213586,-0.016424191010067535,0.0,0.0023526788279171207,1.7532613528577083,0.0
2024-02-09,2.1806205376918557,1.2592607688576682,-0.00045052189712213586,-0.004158836754206696,0.0,0.012470166654928727,1.731667174599582,0.0
2024-02-12,2.1806205376918557,1.255472089859639,-0.00045052189712213586,-0.00715497750111882,-0.0,-0.0030086532446064185,1.7368928830075767,0.0
2024-02-13,2.1806205376918557,1.2328748287057993,-0.00045052189712213586,-0.02502521009323111,-0.0,-0.01799901514048463,1.7687282495506418,0.0
2024-02-14,2.1806205376918557,1.2489044053958067,-0.00045052189712213586,-0.012348794935951757,0.0,0.013001787624161487,1.7460267801687885,0.0
2024-02-15,2.1806205376918557,1.2526071825478842,-0.00045052189712213586,-0.009420586579465096,0.0,0.0029648203145733465,1.7408654269859225,0.0
2024-02-16,2.1806205376918557,1.2423287998127863,-0.00045052189712213586,-0.01754887650347392,-0.0,-0.008205591408306456,1.755268442638105,0.0
2024-02-20,2.1700629030394847,1.230920311772177,-0.005289914182195488,-0.026570869630078042,-0.00484157351996059,-0.00918314703992118,1.7629596995724346,0.5
2024-02-21,2.166598323003545,1.2269898985735312,-0.006878003034387459,-0.029679095780350773,-0.0015965343820620315,-0.003193068764124063,1.7657833414296071,0.5
2024-02-22,2.198633124969537,1.263273853931334,0.0,-0.000985232520042456,0.014785759605676296,0.029571519211352593,1.740424784481485,0.5
2024-02-23,2.195563038099927,1.2597458797298808,-0.00139636160064327,-0.0037752042396119734,-0.0013963616006434365,-0.002792723201286873,1.742861852876794,0.5
2024-02-26,2.194151400758103,1.2581259724038991,-0.002038413849284715,-0.0050562497829582664,-0.0006429500393876908,-0.0012859000787753816,1.7439838687740796,0.5
2024-02-27,2.198206301365867,1.262776130791676,-0.0001941313440714243,-0.0013788389934823453,0.001848049595102097,0.003696099190204194,1.7407727686361467,0.5
2024-02-28,2.192204729784724,1.2558808349905537,-0.0029238143971391795,-0.006831736090993412,-0.0027302130730010865,-0.005460426146002173,1.7455515433526088,0.5
2024-02-29,2.191656678602278,1.2672349518538244,-0.003173083443539837,0.0,-0.00025,0.009040759717745095,1.7294793482425077,0.0
2024-03-01,2.191656678602278,1.2816477742847114,-0.003173083443539837,0.0,0.0,0.011373441373127013,1.710030417542326,0.0
2024-03-04,2.191656678602278,1.2763376251700271,-0.003173083443539837,-0.004143220330287578,-0.0,-0.004143220330287578,1.7171449273152288,0.0
2024-03-05,2.191656678602278,1.255238993624116,-0.003173083443539837,-0.02060533415690924,-0.0,-0.016530603760192664,1.7460074852156595,0.0
2024-03-06,2.191656678602278,1.2624800501229985,-0.003173083443539837,-0.014955531891287732,0.0,0.005768667588931464,1.7359931179813521,0.0
2024-03-07,2.191656678602278,1.2815248815811926,-0.003173083443539837,-9.588648767988595e-05,0.0,0.015085253391797115,1.710194402076791,0.0
2024-03-08,2.17843093786824,1.2666986997752039,-0.009188521209775202,-0.011663949182801558,-0.006034586011196247,-0.011569172022392493,1.7197704065338013,0.5
2024-03-11,2.1739724766948783,1.261513750486132,-0.011216354376995197,-0.01570948290361307,-0.0020466387507905304,-0.004093277501581061,1.7233046218141694,0.5
2024-03-12,2.2003942598225197,1.2809153399240656,0.0,-0.0005714786662464055,0.012153687965641074,0.015379609957051343,1.7178295795512621,0.8
2024-03-13,2.190884697055936,1.2739955886287513,-0.004321754033002501,-0.005970583969711063,-0.004321754033002456,-0.00540219254125307,1.7196956697582184,0.8
2024-03-14,2.18555009088653,1.2701180085260488,-0.006746140547188584,-0.008996048672652912,-0.0024349095945463087,-0.0030436369931828855,1.720745691514779,0.8
2024-03-15,2.1687079943174807,1.2578834169677933,-0.014400267299186087,-0.018542034554057674,-0.007706113275224702,-0.009632641594030877,1.7240930002442414,0.8
2024-03-18,2.1772268897354095,1.2681429582057935,-0.010528735922524568,-0.010537072938354708,0.0039280970237812575,0.008156194047562515,1.7168623424095775,0.5
2024-03-19,2.1815087426716295,1.2731309561721422,-0.008582787864759078,-0.0066452096148822415,0.001966654443047111,0.003933308886094222,1.713499096142207,0.5
2024-03-20,2.1951792844433005,1.289087243283643,-0.00237001862549846,0.0,0.006266553740659875,0.01253310748131975,1.7028942733554662,0.5
2024-03-21,2.1973537359819155,1.2916410736331114,-0.001381808658621697,0.0,0.0009905576068548472,0.0019811152137096943,1.7012107936465872,0.5
2024-03-22,2.1991610220660114,1.2937657792731712,-0.0005604621767226758,0.0,0.0008224829960243873,0.0016449659920487747,1.6998138745805174,0.5
2024-03-25,2.198611231810495,1.2902732578478895,-0.0008103220611784812,-0.0026995005442512765,-0.00025,-0.0026995005442512765,1.7039888399126144,0.0
2024-03-26,2.198611231810495,1.2848575963494584,-0.0008103220611784812,-0.0068854680394447865,-0.0,-0.004197298103708835,1.7111711352738204,0.0
2024-03-27,2.198611231810495,1.2914583495632987,-0.0008103220611784812,-0.0017834987961798943,0.0,0.005137342249128984,1.7024251943966648,0.0
2024-03-28,2.198611231810495,1.2898786630658154,-0.0008103220611784812,-0.0030044976220807706,-0.0,-0.0012231803666122865,1.7045101177073365,0.0
2024-04-01,2.198611231810495,1.2912465557551067,-0.0008103220611784812,-0.001947202158554373,0.0,0.001060481678206937,1.702704430855013,0.0
2024-04-02,2.198611231810495,1.278931676347994,-0.0008103220611784812,-0.011465833432007133,-0.0,-0.009537202134034861,1.7190998334552614,0.0
2024-04-03,2.198611231810495,1.2818461867847606,-0.0008103220611784812,-0.009213099217314946,0.0,0.0022788632814920717,1.7151911473288735,0.0
2024-04-04,2.198611231810495,1.2638613241204328,-0.0008103220611784812,-0.02311427279328604,-0.0,-0.014030437387686057,1.7395984748094009,0.0
2024-04-05,2.198611231810495,1.279567134676639,-0.0008103220611784812,-0.010974663902850179,0.0,0.01242684640827707,1.71824609450141,0.0
2024-04-08,2.198611231810495,1.2799955672494192,-0.0008103220611784812,-0.010643512329942761,0.0,0.0003348261776734418,1.7176709732949214,0.0
2024-04-09,2.2016244693044786,1.284144080389979,0.0,-0.007436971233384715,0.0013705185575269843,0.0032410371150539685,1.7144684174659528,0.5
2024-04-10,2.192424663546572,1.2734121174512807,-0.004178644399248088,-0.01573210711549733,-0.004178644399248088,-0.008357288798496176,1.7216929488111703,0.5
2024-04-11,2.2108530171507894,1.2948193650292448,0.0,0.0,0.008405467202876271,0.016810934405752542,1.707460574704067,0.5
2024-04-12,2.19289497030525,1.2737845638612564,-0.008122677856116756,-0.01624535571223351,-0.0081226778561167,-0.0162453557122334,1.7215587568888966,0.5
2024-04-15,2.173232213082238,1.250941594204449,-0.01701642025802086,-0.03388717531561225,-0.00896657500211917,-0.01793315000423834,1.737277122409804,0.5
2024-04-16,2.1718798766225467,1.2493847482156923,-0.01762810111115798,-0.03508954070402415,-0.0006222696551020368,-0.0012445393102040736,1.7383595243373307,0.5
2024-04-17,2.1594306162124384,1.235061749738316,-0.0232590771704132,-0.04615131415614793,-0.005732020699721063,-0.011464041399442126,1.748439393147733,0.5
2024-04-18,2.153794300921574,1.2286144970477695,-0.025808462067165916,-0.05113058220285416,-0.002610093257245094,-0.005220186514490188,1.753026930820785,0.5
2024-04-19,2.131741413506999,1.203454715384576,-0.03578329406345804,-0.07056169540884583,-0.010239087086978793,-0.020478174173957586,1.7713515816220635,0.5
2024-04-22,2.1435495267881066,1.2167870356349633,-0.030442317892945825,-0.06026503117098425,0.005539186510282179,0.011078373020564358,1.761647243118041,0.5
2024-04-23,2.1430136394064094,1.2361067222385744,-0.030684707313472726,-0.04534427301320465,-0.00025,0.015877623641452843,1.7336801109902853,0.0
2024-04-24,2.1430136394064094,1.2373754086778415,-0.030684707313472726,-0.04436445569386882,0.0,0.0010263567185926359,1.7319025611606902,0.0
2024-04-25,2.1430136394064094,1.229422451204946,-0.030684707313472726,-0.050506592340640255,-0.0,-0.006427279398895758,1.7431059903827693,0.0
2024-04-26,2.1430136394064094,1.2543184519087722,-0.030684707313472726,-0.031279199411384906,0.0,0.02025015947888842,1.708508422358976,0.0
2024-04-29,2.1430136394064094,1.2586638394679854,-0.030684707313472726,-0.027923219668901655,0.0,0.003464341573386376,1.7026099997535662,0.0
2024-04-30,2.1430136394064094,1.2330497085604937,-0.030684707313472726,-0.047705230657680175,-0.0,-0.020350255647543336,1.7379783025197257,0.0
2024-05-01,2.138896129506764,1.2289279580362193,-0.032547115111595804,-0.050888493617437636,-0.001921364299289324,-0.003342728598578648,1.7404568880706721,0.5
2024-05-02,2.1643952588072195,1.2474719132878944,-0.021013499306906325,-0.03656683937553018,0.011921630484382644,0.015089538105478306,1.7350252424542687,0.8
2024-05-03,2.198867189199989,1.2723072366806591,-0.005421359021979266,-0.017386308049290866,0.01592681847388935,0.019908523092361685,1.7282517349635182,0.8
2024-05-06,2.2198722211250703,1.2874996356669712,0.0,-0.0056530891952703,0.009552660582799355,0.011940825728499194,1.7241730868336103,0.8
2024-05-07,2.2180592635290006,1.286185268210251,-0.0008166945731457043,-0.006668186352618122,-0.0008166945731455932,-0.0010208682164319915,1.7245254772786103,0.8
2024-05-08,2.214821670177932,1.2838385405207178,-0.002275153902587479,-0.008480584091572485,-0.0014596514188341737,-0.001824564273542717,1.7251559290933989,0.8
2024-05-09,2.2195494460410536,1.287264155405285,-0.00014540255107708955,-0.005834952602665977,0.002134607913034259,0.0026682598912928235,1.724237746169702,0.8
2024-05-10,2.218963986547551,1.2868397218441336,-0.0004091382237574326,-0.006162746249111617,-0.0002637740260966304,-0.00032971753262078796,1.7243514859547668,0.8
2024-05-13,2.2241099834656484,1.2905701075572646,0.0,-0.0032817376591245395,0.0023190988899752796,0.0028988736124690995,1.7233546402801376,0.8
2024-05-14,2.2321186557418673,1.3002515609026803,0.0,0.0,0.003600843634423018,0.007501687268846036,1.716682158175801,0.5
2024-05-15,2.247747164933007,1.318459368465319,0.0,0.0,0.0070016480310926,0.0140032960621852,1.7048285435973467,0.5
2024-05-16,2.242676680254664,1.3149888416039963,-0.0022558073957105185,-0.0026322592446381687,-0.002255807395710535,-0.0026322592446381687,1.7054720232599794,0.8
2024-05-17,2.2413497836357346,1.3140163127374769,-0.0028461302930675725,-0.003369884453105154,-0.0005916575628630128,-0.0007395719535787659,1.7057244738205368,0.8
2024-05-20,2.253052045070638,1.3225920393675028,0.0,0.0,0.00522107772751177,0.0065263471593897115,1.7035124800449464,0.8
2024-05-21,2.2571034116631026,1.3255648430891676,0.0,0.0,0.0017981682231122066,0.002247710278890258,1.7027483969799828,0.8
2024-05-22,2.253769363656212,1.3231172941641445,-0.001477135690665543,-0.0018464196133318733,-0.0014771356906656764,-0.0018464196133320954,1.703378357759272,0.8
2024-05-23,2.2467393456448046,1.3179584153547301,-0.004591755063035108,-0.005738253978365138,-0.0031192268937416225,-0.003899033617177028,1.704711863037114,0.8
2024-05-24,2.266581903401288,1.3325082039339065,0.0,0.0,0.00883171329818353,0.011039641622729413,1.7009890796242424,0.8
2024-05-28,2.2772007780999934,1.340311659895137,0.0,0.0,0.0046849728583691075,0.005856216072961384,1.6990084069537652,0.8
2024-05-29,2.2665718991696746,1.3324917464629724,-0.0046675194530659825,-0.00583439931633245,-0.004667519453066049,-0.005834399316332561,1.7010025804558773,0.8
2024-05-30,2.2469075169048924,1.31804116413382,-0.013302850361915142,-0.01661590839481264,-0.008675825493109635,-0.010844781866387043,1.7047324302511426,0.8
2024-05-31,2.2466862186502023,1.3178788965465709,-0.013400030310568911,-0.016736975451158265,-9.84901483595202e-05,-0.00012311268544940024,1.704774410256906,0.8
2024-06-03,2.2567443146850708,1.325253843030951,-0.008983161964309039,-0.0112345638068716,0.004476858384305871,0.005596072980382338,1.702877019789457,0.8
2024-06-04,2.259789039827949,1.327488829107085,-0.007646114668278026,-0.009567051583402097,0.0013491670824494761,0.0016864588530618452,1.7023036203987958,0.8
2024-06-05,2.295270943788449,1.3535431589100344,0.0,0.0,0.015701423157270255,0.01962677894658782,1.6957500975711468,0.8
2024-06-06,2.293691834165199,1.3523791389097468,-0.0006879839731006587,-0.0008599799663757679,-0.0006879839731006144,-0.0008599799663757679,1.696042010833082,0.8
2024-06-07,2.28941907307087,1.3492300710601315,-0.0025495337417204,-0.003186516677736506,-0.0018628313667447217,-0.002328539208430902,1.696833714410177,0.8
2024-06-10,2.2957687784149434,1.3539076842008222,0.0,0.0,0.002773500674805085,0.0034668758435063562,1.6956612368812118,0.8
2024-06-11,2.3055075836052987,1.3658005909770166,0.0,0.0,0.004242067094003749,0.008784134188007497,1.688026494377242,0.5
2024-06-12,2.3231136335290308,1.3866605122903104,0.0,0.0,0.007636517896939754,0.015273035793879508,1.6753297674078895,0.5
2024-06-13,2.3270136105623562,1.3913162846751816,0.0,0.0,0.0016787715318947738,0.0033575430637895476,1.6725266829645593,0.5
2024-06-14,2.328417671333432,1.3929952543267592,0.0,0.0,0.0006033745418172476,0.0012067490836344952,1.671518739278668,0.5
2024-06-17,2.339483861951726,1.4062361356381703,0.0,0.0,0.00475266562117993,0.00950533124235986,1.6636493705874187,0.5
2024-06-18,2.3388989909862383,1.406646495754551,-0.00024999999999986144,0.0,-0.00025,0.0002918145153441021,1.6627482441717596,0.0
2024-06-20,2.3388989909862383,1.3955710792401863,-0.00024999999999986144,-0.007873631753103405,-0.0,-0.007873631753103294,1.6759440101464724,0.0
2024-06-21,2.3388989909862383,1.3930329373209547,-0.00024999999999986144,-0.009678023920497325,-0.0,-0.001818712036232295,1.678997623332833,0.0
2024-06-24,2.3388989909862383,1.3778705309218593,-0.00024999999999986144,-0.02045714038284774,-0.0,-0.01088445649264791,1.6974737019895523,0.0
2024-06-25,2.3388989909862383,1.3952608482226678,-0.00024999999999986144,-0.00809417829301573,0.0,0.012621154825899206,1.676316650012512,0.0
2024-06-26,2.3388989909862383,1.402152221916231,-0.00024999999999986144,-0.003195027216777113,0.0,0.004939129269155407,1.6680777981365076,0.0
2024-06-27,2.3388989909862383,1.4063668725568073,-0.00024999999999986144,-0.00019878711430887375,0.0,0.0030058438553957068,1.6630788428157912,0.0
2024-06-28,2.3388989909862383,1.3964380957229587,-0.00024999999999986144,-0.007257260486129735,-0.0,-0.007059876784354269,1.6749034548325983,0.0
2024-07-01,2.3388989909862383,1.4079907788944177,-0.00024999999999986144,0.0,0.0,0.008272964771473212,1.6611607306283556,0.0
2024-07-02,2.3388989909862383,1.4197606391589541,-0.00024999999999986144,0.0,0.0,0.008359330501992446,1.6473896560280532,0.0
2024-07-03,2.3388989909862383,1.4323244570399656,-0.00024999999999986144,0.0,0.0,0.008849250735993186,1.632939366140403,0.0
2024-07-05,2.3388989909862383,1.4452755638164214,-0.00024999999999986144,0.0,0.0,0.00904202027187373,1.6183066050117794,0.0
2024-07-08,2.3388989909862383,1.4492902638755527,-0.00024999999999986144,0.0,0.0,0.0027778094085602056,1.61382371032548,0.0
2024-07-09,2.3388989909862383,1.4513022281493058,-0.00024999999999986144,0.0,0.0,0.0013882410748919938,1.6115864398339634,0.0
2024-07-10,2.3388989909862383,1.4684822897233183,-0.00024999999999986144,0.0,0.0,0.011837687037744349,1.5927321748135745,0.0
2024-07-11,2.3388989909862383,1.4398142982046067,-0.00024999999999986144,-0.019522190849242782,-0.0,-0.019522190849242782,1.624444898139125,0.0
2024-07-12,2.3388989909862383,1.4488735976254499,-0.00024999999999986144,-0.013353032743461224,0.0,0.006291991565953836,1.6142878128357405,0.0
2024-07-15,2.3388989909862383,1.454710616522241,-0.00024999999999986144,-0.009378167716051933,0.0,0.004028659854356853,1.607810491256203,0.0
2024-07-16,2.3388989909862383,1.45760620855784,-0.00024999999999986144,-0.007406341391783089,0.0,0.0019904935062078355,1.6046165125081018,0.0
2024-07-17,2.3388989909862383,1.4172532588676365,-0.00024999999999986144,-0.03488569880221981,-0.0,-0.02768439750961882,1.6503041897077608,0.0
2024-07-18,2.3388989909862383,1.4073544746210045,-0.00024999999999986144,-0.04162652524316868,-0.0,-0.006984485083873393,1.661911787800366,0.0
2024-07-19,2.3388989909862383,1.3959923597344759,-0.00024999999999986144,-0.04936384353841983,-0.0,-0.008073385271033628,1.67543824626025,0.0
2024-07-22,2.3568275362693227,1.4180919746527274,0.0,-0.03431455416468465,0.007665378176731158,0.015830756353462316,1.6619708583052095,0.5
2024-07-23,2.3561586943837436,1.4172870966583424,-0.00028378906614345834,-0.03486265610640882,-0.00028378906614362487,-0.0005675781322872497,1.66244277531282,0.5
2024-07-24,2.31328734609445,1.3657107670235051,-0.018474067153761098,-0.06998485675927124,-0.018195441755041397,-0.036390883510082794,1.693834010795813,0.5
2024-07-25,2.302570240593663,1.353056509956425,-0.02302132627045972,-0.07860209181592592,-0.00463284663657576,-0.00926569327315152,1.7017546744354506,0.5
2024-07-26,2.3143740971563473,1.366929081297062,-0.018012959565202658,-0.06915521497054644,0.005126382837138066,0.010252765674276132,1.6931193642908426,0.5
2024-07-29,2.315195317560149,1.3678991492333485,-0.01766451641814848,-0.06849462277745344,0.000354834771444712,0.000709669542889424,1.6925190127194107,0.5
2024-07-30,2.3003486949486596,1.3503553314092458,-0.02396392627441246,-0.08044152737880772,-0.006412686868741413,-0.012825373737482826,1.7035136170773586,0.5
2024-07-31,2.348510657048607,1.3859486882203664,-0.0035288450651254077,-0.056203334613250444,0.0209368093653394,0.026358511706674248,1.6945148669711738,0.8
2024-08-01,2.3052485493565325,1.3540353449566669,-0.021884922048405753,-0.07793552946982751,-0.018421082128042165,-0.023026352660052707,1.702502492230221,0.8
2024-08-02,2.260416028549291,1.3211187111985336,-0.040907324034682446,-0.10035094025720248,-0.0194480203966533,-0.024310025495816623,1.7109863098514564,0.8
2024-08-05,2.1983193089093542,1.2757525390070912,-0.06725491149465901,-0.1312441777915755,-0.02747136759589788,-0.03433920949487235,1.7231549549729213,0.8
2024-08-06,2.220782931540295,1.288885600812662,-0.05772361474712573,-0.12230088858919419,0.010218544021289402,0.010294364623245844,1.7230256355878735,1.0024687051149976
2024-08-07,2.197503967894193,1.2754162375099152,-0.06760086002191179,-0.13147319076607955,-0.0104823228400608,-0.010450394739652702,1.72297004167403,1.0030284253448427
2024-08-08,2.261744370001363,1.3119726639869713,-0.040343709840758635,-0.10657917145588147,0.029233349766703682,0.028662349907374374,1.7239264445709699,1.0202215244299542
2024-08-09,2.2735071154429014,1.318688542593282,-0.035352786550648996,-0.1020058247745429,0.0052007404539405055,0.0051189165678968696,1.7240667845433086,1.0163616325581113
2024-08-12,2.2784174293983104,1.3214690861404805,-0.03326934434715978,-0.10011234361603161,0.0021597970475021513,0.0021085673056129295,1.7241549221955088,1.026762278121625
2024-08-13,2.3357245837831635,1.3535202414972374,-0.008953965515679396,-0.07828630214378773,0.025152175209608798,0.024254184750069685,1.7256665339555108,1.0372401465167398
2024-08-14,2.3364263966238554,1.3539132212938463,-0.00865618690019243,-0.07801869265380001,0.00030046900459266223,0.00029033906147879485,1.7256840097854171,1.0363768131597133
2024-08-15,2.3924433602035604,1.3855627835981783,0.0,-0.05646612608502288,0.023975488233076808,0.02337635958240125,1.726694299619254,1.025854739501847
2024-08-16,2.397591145456891,1.3884939053140188,0.0,-0.05447010493015225,0.002151685318431958,0.0021154737631077225,1.7267566939119237,1.0187877721307255
2024-08-19,2.4310686473841088,1.407791443545531,0.0,-0.041328960248626645,0.013962973624862323,0.013898180004721095,1.7268670430766706,1.0051525613780536
2024-08-20,2.4243102254483935,1.4030798388059949,-0.002780021017912193,-0.04453744616126498,-0.002780021017912338,-0.003346805921529139,1.7278490919743057,0.8
2024-08-21,2.4354188786781035,1.4111163140986784,0.0,-0.039064805906136146,0.004582191302540473,0.005727739128175591,1.7258810307452772,0.8
2024-08-22,2.4028388984270292,1.387519684557964,-0.013377567422306447,-0.055133525090458324,-0.013377567422306315,-0.016721959277882892,1.7317512141764861,0.8
2024-08-23,2.431034643882993,1.4078717313943885,-0.0018001974253768482,-0.041274286215838285,0.01173434701528322,0.014667933769104025,1.7267444112080015,0.8
2024-08-26,2.414497263529142,1.3959002286588724,-0.008590561291993204,-0.0494265825147413,-0.00680260990745758,-0.008503262384321975,1.729706188134161,0.8
2024-08-27,2.4176629610954046,1.3981879709268796,-0.007290703762769746,-0.04786868679886025,0.0013111207927547497,0.001638900990943437,1.7291401523735752,0.8
2024-08-28,2.4037656864898485,1.3825332246730113,-0.01299702177123463,-0.05852918053679823,-0.005748226625955882,-0.011196453251911764,1.7386675731126628,0.5
2024-08-29,2.401054703823883,1.3794147646431711,-0.014110170186769966,-0.06065277443484096,-0.0011278065417117955,-0.002255613083423591,1.7406328867626635,0.5
2024-08-30,2.4145695202681297,1.3949433882225897,-0.008560892170340062,-0.05007816710856239,0.005628699930377845,0.01125739986075569,1.7309444531256055,0.5
2024-09-03,2.375221962240276,1.3494797016706581,-0.024717274291024993,-0.0810378095026818,-0.01629588947328553,-0.03259177894657106,1.7601020299154908,0.5
2024-09-04,2.3690996017224757,1.3453847137626695,-0.027231158276815437,-0.0838263946539266,-0.002577595111164127,-0.0030344938889551587,1.7609086661143625,0.8
2024-09-05,2.3739097571679326,1.3487992544611875,-0.025256074857872846,-0.08150117716753713,0.00203037282263665,0.0025379660282958127,1.760017103595043,0.8
2024-09-06,2.325473710435328,1.314398987388734,-0.04514425391267862,-0.10492690542670113,-0.020403491154772715,-0.02550436394346589,1.7692296880532883,0.8
2024-09-09,2.34707148352132,1.3296582929157603,-0.0362760574496066,-0.09453569701117348,0.009287472478865055,0.01160934059858132,1.765168912965233,0.8
2024-09-10,2.3627827091684894,1.3407841584999047,-0.0298249184752315,-0.0869592586284943,0.006693969807684575,0.008367462259605718,1.762239428464024,0.8
2024-09-11,2.414003539903279,1.3698938869954695,-0.008793287660826654,-0.06713625585939076,0.02167818078913198,0.02171097287436141,1.7621828689211916,1.0031685446569878
2024-09-12,2.4383174352704717,1.3836081897604862,0.0,-0.05779715598669122,0.01007202142220825,0.010011215390628214,1.7622889581858896,1.006226518569845
2024-09-13,2.4542725682457576,1.3926093497045708,0.0,-0.0516675894218942,0.006543501163750787,0.0065055700094134306,1.7623553717820497,1.005858825701139
2024-09-16,2.443822067418348,1.3853762143248767,-0.004258084844618204,-0.056593175130562834,-0.004258084844618201,-0.00519394428970954,1.7640132998885611,0.8
2024-09-17,2.447815023764107,1.3882056688604598,-0.0026311439752864096,-0.05466638680265168,0.0016338981462659776,0.0020423726828324718,1.7632942140147372,0.8
2024-09-18,2.4417319143199006,1.3838933500512547,-0.005109723381221953,-0.0576029689047195,-0.0024851181094772026,-0.003106397636846503,1.7643931262690633,0.8
2024-09-19,2.490716299000067,1.4185967729668063,0.0,-0.03397079903899358,0.020061327942224063,0.025076659927780076,1.7557605843068889,0.8
2024-09-20,2.4834534590452675,1.4134260509306447,-0.0029159643584116823,-0.03749193243797777,-0.002915964358411749,-0.003644955448014686,1.7570452004971062,0.8
2024-09-23,2.486325869429846,1.4154695458730102,-0.0017627176455157212,-0.036100363090042054,0.0011566193737662545,0.001445774217207818,1.7565378758441392,0.8
2024-09-24,2.4974196907604753,1.4233642100610073,0.0,-0.03072429267826704,0.004461933758173764,0.005577417197717205,1.7545893546483318,0.8
2024-09-25,2.4982698896002367,1.4239699065146454,0.0,-0.030311828423248866,0.0003404309027059682,0.00042553862838246026,1.7544400890571363,0.8
2024-09-26,2.5102156998264404,1.4324810337260507,0.0,-0.024515961989606705,0.004781633191806734,0.005977041489758417,1.7523552778196831,0.8
2024-09-27,2.502410643479642,1.4269134866897915,-0.0031093169990683567,-0.02830732336673869,-0.0031093169990684013,-0.0038866462488355014,1.753722749712619,0.8
2024-09-30,2.5100981432332503,1.4323929016620753,-4.6831271590774826e-05,-0.02457597773824205,0.0030720376664154616,0.0038400470830193267,1.7523810264073922,0.8
2024-10-01,2.4793175484494006,1.410436635929906,-0.012308962683635571,-0.039527649873359216,-0.01226270569014547,-0.015328382112681838,1.7578368891522569,0.8
2024-10-02,2.480952095033704,1.4115989640406583,-0.011657804863048238,-0.03873613327224912,0.0006592727846925329,0.000824090980865666,1.7575474042089514,0.8
2024-10-03,2.48021702703143,1.41107617017425,-0.011950635476100535,-0.03909214292253016,-0.00029628464158788504,-0.0003703558019848563,1.7576776360167394,0.8
2024-10-04,2.5045085099496274,1.428351438986658,-0.002273585444154347,-0.027328113534294984,0.009794095699468743,0.012242619624335926,1.7534259717807597,0.8
2024-10-07,2.489361577691955,1.4115029877615648,-0.008307701260862776,-0.03880149073673145,-0.006047866157171527,-0.011795732314343055,1.763624731421727,0.5
2024-10-08,2.507348546345909,1.4319007156154422,-0.001142194067517699,-0.024911144222766635,0.00722553477772836,0.01445106955545672,1.7510631281919786,0.5
2024-10-09,2.5148431299796923,1.4404607538152316,0.0,-0.01908197061972483,0.002989047392196631,0.005978094784393262,1.7458602209875078,0.5
2024-10-10,2.5141853718377147,1.439707247739464,-0.00026155036635733264,-0.019595089559626855,-0.00026155036635738815,-0.0005231007327147763,1.7463170903566176,0.5
2024-10-11,2.5205070727342753,1.4445022164906487,0.0,-0.016329834823672118,0.002514413204122518,0.003330516505153147,1.7448966460278135,0.8
2024-10-14,2.5380680969484484,1.4570824918425946,0.0,-0.007762979479222443,0.006967258455308745,0.00870907306913593,1.7418836003848093,0.8
2024-10-15,2.5175360958808524,1.4423484411122098,-0.008089617883886513,-0.017796502412046444,-0.008089617883886558,-0.010112022354858197,1.7454423800254217,0.8
2024-10-16,2.52319809310749,1.4464032850957698,-0.005858788366961742,-0.015035254277195653,0.00224902325567502,0.002811279069593775,1.7444637461124288,0.8
2024-10-17,2.5239156686547957,1.4469174657063621,-0.005576063270590903,-0.014685110040393634,0.000284391284721508,0.000355489105901885,1.7443397626157344,0.8
2024-10-18,2.5366568269501673,1.456047824487688,-0.0005560410297807961,-0.008467562273408946,0.005048171162613535,0.006310213953266919,1.7421521355884673,0.8
2024-10-21,2.5421949659221803,1.4600214577735535,0.0,-0.005761616608504605,0.0021832432803579496,0.0027290541004474367,1.7412038380578854,0.8
2024-10-22,2.546556434003196,1.4631525300708388,0.0,-0.003629434069295945,0.001715630838500104,0.00214453854812513,1.7404586204555883,0.8
2024-10-23,2.5133198539033272,1.4392819682335452,-0.013051578066785918,-0.01988469435016127,-0.013051578066785918,-0.016314472583482398,1.7462317387245299,0.8
2024-10-24,2.5285939409313833,1.4502155736432234,-0.0070536402932077635,-0.012439180375499514,0.006077255548805205,0.007596569436006506,1.7435986669065096,0.8
2024-10-25,2.5399212064392747,1.4583361819882532,-0.0026055686319468307,-0.006909247599422352,0.00447966963953057,0.005599587049413213,1.7416568537553665,0.8
2024-10-28,2.545251609738638,1.4621618518438497,-0.0005123877276524968,-0.004304061358928246,0.0020986490785029235,0.002623311348128654,1.740745462979331,0.8
2024-10-29,2.5612147458797696,1.4736247110617984,0.0,0.0,0.006271732067687808,0.00783966508460976,1.738037321615165,0.8
2024-10-30,2.5497373380143205,1.4653701358272004,-0.004481236055630555,-0.00560154506953825,-0.004481236055630511,-0.005601545069538139,1.7399954289193942,0.8
2024-10-31,2.4935267851431453,1.4249888854393156,-0.02642806927670316,-0.033004214205555105,-0.02204562487010957,-0.027557031087636963,1.749857006340373,0.8
2024-11-01,2.5094862746661066,1.4363894523607372,-0.02019685045811903,-0.025267802868365163,0.006400368192574036,0.008000460240717544,1.7470792970121798,0.8
2024-11-04,2.502888998556455,1.4316692343653847,-0.022772689176939753,-0.028470937262027318,-0.002628934924351967,-0.0032861686554399583,1.7482313222061443,0.8
2024-11-05,2.531435670842865,1.4520803435274048,-0.011626934088525887,-0.014619982531963727,0.011405488738363624,0.014256860922954528,1.743316533500813,0.8
2024-11-06,2.606587562793647,1.4949439034798566,0.0,0.0,0.029687458708267243,0.029518724734147517,1.7436022560620243,1.0092607093034482
2024-11-07,2.646232269927538,1.517465567933096,0.0,0.0,0.015209428487950552,0.0150652237858655,1.7438499599907948,1.0095827121838508
2024-11-08,2.6486016510067425,1.5188293847066887,0.0,0.0,0.0008953791041439816,0.0008987464377530063,1.7438440931390273,1.0010180704983158
2024-11-11,2.649651639112221,1.5197728438348288,0.0,0.0,0.0003964311149164345,0.0006211751877069904,1.7434524178142172,0.8
2024-11-12,2.6477449343506168,1.518405797090305,-0.0007196058279732576,-0.0008995072849664609,-0.0007196058279732576,-0.000899507284966572,1.743766349828514,0.8
2024-11-13,2.6421774181688424,1.5144147834846677,-0.002820831551230918,-0.003525566581806472,-0.0021027388664006884,-0.0026284235830008607,1.7446854368980693,0.8
2024-11-14,2.63332655660773,1.504723024993901,-0.00616121842717432,-0.009902676509834674,-0.0033498361995866364,-0.006399672399173273,1.7500407137176648,0.5
2024-11-15,2.632668224968578,1.471055038473954,-0.0064096781225675414,-0.032055978338147995,-0.00025,-0.022374872957156677,1.7896463124178281,0.0
2024-11-18,2.639880629133612,1.4798507107435692,-0.003687658345110867,-0.026268486934221347,0.0027395796008896356,0.005979159201779272,1.7838830700747994,0.5
2024-11-19,2.653623835385325,1.4952589025497018,0.0,-0.01613000349662197,0.005205995339351066,0.010411990678702132,1.7746918816937922,0.5
2024-11-20,2.6508409769135786,1.4935791638574263,-0.0010487011891578968,-0.017235259916415058,-0.0010487011891579577,-0.0011233764864474471,1.7748245563812792,0.8
2024-11-21,2.651543087808634,1.4940736570261532,-0.0007841154985664955,-0.016909886837975785,0.0002648634532098626,0.00033107931651232825,1.7747070737371415,0.8
2024-11-22,2.655034848327707,1.4965330491779238,0.0,-0.015291623844432056,0.0013168786640228804,0.0016460983300286003,1.7741237654498654,0.8
2024-11-25,2.6607562662287965,1.5005642067079896,0.0,-0.012639150123494924,0.0021549313767739164,0.0026936642209673956,1.7731705543384193,0.8
2024-11-26,2.6741011776792885,1.5099717277568256,0.0,-0.006449066462637987,0.005015458055993349,0.006269322569991687,1.7709610905442998,0.8
2024-11-27,2.6657632142396297,1.501008404615076,-0.0031180433669659724,-0.012346870978694802,-0.003118043366965989,-0.005936086733931978,1.7759815375072783,0.5
2024-11-29,2.6767902905009913,1.5134264123797725,0.0,-0.004175907919924726,0.004136555040769707,0.008273110081539414,1.7686953713804285,0.5
2024-12-02,2.676121092928366,1.5280564888078059,-0.00024999999999997247,0.0,-0.00025,0.009666856814682268,1.751323404945771,0.0
2024-12-03,2.676121092928366,1.534117144739536,-0.00024999999999997247,0.0,0.0,0.003966251232281781,1.744404657822086,0.0
2024-12-04,2.676121092928366,1.5541360431456455,-0.00024999999999997247,0.0,0.0,0.01304913283496889,1.7219349005713613,0.0
2024-12-05,2.676121092928366,1.5513908754705485,-0.00024999999999997247,-0.0017663625312623887,-0.0,-0.0017663625312623887,1.7249818438674769,0.0
2024-12-06,2.676121092928366,1.5639522324213269,-0.00024999999999997247,0.0,0.0,0.008096835652052103,1.7111271287264114,0.0
2024-12-09,2.676121092928366,1.554259704889862,-0.00024999999999997247,-0.006197457524939054,-0.0,-0.006197457524939054,1.7217978980662059,0.0
2024-12-10,2.676121092928366,1.5503655904121556,-0.00024999999999997247,-0.008687376588309426,-0.0,-0.0025054464613958327,1.7261226058409456,0.0
2024-12-11,2.676121092928366,1.5777429778317111,-0.00024999999999997247,0.0,0.0,0.017658665535963847,1.6961704983191581,0.0
2024-12-12,2.676121092928366,1.567344009515188,-0.00024999999999997247,-0.006591040785879021,-0.0,-0.006591040785879021,1.707424200865862,0.0
2024-12-13,2.676121092928366,1.5692246216377457,-0.00024999999999997247,-0.005399077234792826,0.0,0.0011998719560866178,1.7053779656703263,0.0
2024-12-16,2.676121092928366,1.5886891955088347,-0.00024999999999997247,0.0,0.0,0.01240394370741793,1.684483724377091,0.0
2024-12-17,2.676121092928366,1.5835838419319916,-0.00024999999999997247,-0.003213563478165371,-0.0,-0.00321356347816526,1.6899143714825138,0.0
2024-12-18,2.676121092928366,1.5271697848831682,-0.00024999999999997247,-0.038723376982470525,-0.0,-0.03562429443583959,1.752340256740409,0.0
2024-12-19,2.676121092928366,1.5256010956676644,-0.00024999999999997247,-0.039710788000269615,-0.0,-0.0010271871739683247,1.754142088995543,0.0
2024-12-20,2.676121092928366,1.5413376678517854,-0.00024999999999997247,-0.029805406740922247,0.0,0.010314997956417882,1.736232850688822,0.0
2024-12-23,2.6885971716127903,1.556479771576457,0.0,-0.02027421349841907,0.004662000803099725,0.00982400160619945,1.7273576057398328,0.5
