date,signal_raw,signal_smoothed,position,p_down,p_flat,p_up,pred_label,true_label
2021-01-04,0.17192975983334136,0.17192975983334136,0.0,0.29262754799462803,0.24281514417740288,0.4645573078279694,2,2
2021-01-05,0.17982910023277926,0.17982910023277926,0.8,0.2719277954857332,0.2763153087957544,0.45175689571851246,2,2
2021-01-06,0.15792523389827523,0.15792523389827523,0.8,0.2811517606848387,0.2797712447320475,0.43907699458311394,2,2
2021-01-07,0.12264441110069185,0.12264441110069185,0.8,0.28068269524980727,0.3159901983996938,0.4033271063504991,2,1
2021-01-08,0.12803463734912662,0.15207262848284286,0.8,0.26243942902523854,0.3470865046003964,0.39047406637436516,2,0
2021-01-11,0.17145000885166334,0.15197667828650724,0.8,0.2569258287832305,0.3146983335818757,0.42837583763489384,2,2
2021-01-12,0.1846772891238991,0.15294631606473125,0.8,0.24834991546231297,0.318622879951475,0.4330272045862121,2,2
2021-01-13,0.15150809314801783,0.15166288791467974,0.8,0.2520219206750403,0.34444806550190116,0.40353001382305814,2,2
2021-01-14,0.14774396804061068,0.15668279930266352,0.8,0.2769891558497028,0.2982777202599839,0.4247331238903135,2,2
2021-01-15,0.17622951584972174,0.16632177500278253,0.8,0.2693676416164465,0.2850352009173853,0.44559715746616824,2,2
2021-01-19,0.1767712741151024,0.16738602805547034,0.8,0.2502217958804783,0.322785134123941,0.42699306999558073,2,2
2021-01-20,0.12614834048498608,0.15568023832768776,0.8,0.2598834980908922,0.35408466333322935,0.38603183857587825,2,0
2021-01-21,0.15730987392266432,0.15684059448261706,0.8,0.233843068060187,0.3750039899569613,0.39115294198285133,2,0
2021-01-22,0.14009891073685293,0.15531158302186548,0.8,0.25391692264024024,0.35206724398266687,0.39401583337709317,2,0
2021-01-25,0.09170570229328995,0.13840682031057913,0.8,0.2988776465115542,0.31053900468360185,0.39058334880484413,2,0
2021-01-26,0.08000487654486238,0.11905354079653115,0.8,0.3152650985635195,0.28946492632809884,0.39526997510838185,2,1
2021-01-27,-0.07246778734398163,0.0793303152307376,0.8,0.4388112079043445,0.19484537153529258,0.3663434205603629,0,2
2021-01-28,-0.02021211898544606,0.04382591664911552,0.5,0.4206402657329867,0.17893158751947333,0.4004281467475406,0,2
2021-01-29,0.029611814274024206,0.02172849735654977,0.5,0.38843641469664203,0.19351535633269193,0.41804822897066624,2,2
2021-02-01,0.030365373663344852,0.009460431630560751,0.5,0.400408330800386,0.1688179647358837,0.43077370446373087,2,2
2021-02-02,0.16414189518579503,0.02628783535874728,0.5,0.29242285152120545,0.25101240177179424,0.4565647467070005,2,2
2021-02-03,0.10871334681244255,0.06252406219003212,0.5,0.3012089612485918,0.2888687306903739,0.40992230806103436,2,2
2021-02-04,0.08409919223978352,0.08338632443507803,0.5,0.3020493110265621,0.31180218570709245,0.3861485032663456,2,2
2021-02-05,0.01269433190142838,0.08000282796055887,0.5,0.3442547861118396,0.29879609587489286,0.35694911801326795,2,2
2021-02-08,-0.01729633181892609,0.07047048686410468,0.5,0.36223384229383726,0.2928286472312517,0.34493751047491117,0,1
2021-02-09,0.06658687486867315,0.0509594828006803,0.5,0.31079892047617735,0.3118152841789723,0.3773857953448505,2,1
2021-02-10,0.055048567743541554,0.0402265269869001,0.5,0.3213922113699896,0.30216700951647985,0.37644077911353113,2,1
2021-02-11,0.027645464409205622,0.028935781420784523,0.5,0.33736395254443546,0.29762663050192384,0.3650094169536411,2,0
2021-02-12,0.046581316834590714,0.03571317840741699,0.5,0.31857291158322365,0.31627285999896226,0.36515422841781436,2,0
2021-02-16,0.0724328388455,0.05365901254030221,0.5,0.3228380142368338,0.2818911326808326,0.3952708530823338,2,0
2021-02-17,0.034581591727897154,0.04725795591214701,0.5,0.34796653967803265,0.2694853289160377,0.3825481314059298,2,0
2021-02-18,0.049957934423775,0.0462398292481937,0.5,0.3410597148588523,0.26792263585852055,0.3910176492826273,2,0
2021-02-19,0.004683150051729812,0.04164736637669854,0.5,0.35788556314859515,0.27954572365108016,0.36256871320032497,2,0
2021-02-22,0.10117380271711923,0.05256586355320424,0.5,0.3138914232741664,0.27104335073454844,0.41506522599128565,2,1
2021-02-23,0.11598525278930477,0.061276346341965195,0.5,0.3082549136332383,0.26750491994421927,0.4242401664225431,2,1
2021-02-24,0.09763629806606322,0.07388728760959841,0.5,0.30091265766339176,0.30053838660715393,0.398548955729455,2,0
2021-02-25,0.20704403054541426,0.10530450683392627,0.5,0.28076824675982176,0.23141947593494258,0.487812277305236,2,0
2021-02-26,0.20000365838605877,0.14436860850079206,0.8,0.2825425350707339,0.23491127147247368,0.48254619345679267,2,0
2021-03-01,-0.039490873880092314,0.11623567318134972,0.8,0.38504136402378497,0.2694081458325223,0.34555049014369266,0,0
2021-03-02,-0.028762339741183418,0.08728615467525211,0.8,0.38566154851866086,0.25743924270386126,0.35689920877747744,0,0
2021-03-03,0.04393537809330744,0.07654597068070094,0.5,0.36613588932513286,0.22379284325642662,0.4100712674184403,2,1
2021-03-04,0.08475430494243369,0.052088025560104834,0.5,0.35713571893123497,0.20097425719509612,0.44189002387366866,2,2
2021-03-05,0.08943795886290301,0.029974885655473682,0.5,0.338989609015236,0.23258282310662487,0.428427567878139,2,2
2021-03-08,0.16701159636110663,0.07127537970371348,0.5,0.3103663384990215,0.21225572664085016,0.47737793486012814,2,2
2021-03-09,0.08207006706675385,0.09344186106530092,0.5,0.34003963211453553,0.23785066870417512,0.4221096991812894,2,2
2021-03-10,0.040009843086001695,0.09265675406383977,0.5,0.3526384739235845,0.2547132090668293,0.3926483170095862,2,2
2021-03-11,-0.06918160760726227,0.06186957155390058,0.5,0.3922388867603475,0.2847038340865672,0.32305727915308524,0,0
2021-03-12,-0.051428195504519325,0.03369634068041612,0.5,0.3840339723830915,0.2833602507383362,0.3326057768785722,0,1
2021-03-15,-0.024262993251582043,-0.00455857724212162,0.5,0.34513887514563013,0.33398524296032156,0.3208758818940481,0,1
2021-03-16,-0.002427168167257965,-0.02145802428892398,0.0,0.3375660786112381,0.3272950109447814,0.33513891044398014,0,0
2021-03-17,-0.01508135222861684,-0.03247626335184769,0.0,0.3462000334961009,0.32268128523641504,0.33111868126748406,0,0
2021-03-18,0.06957155516867375,-0.004725630796660485,0.0,0.3288770442190576,0.2726743563932113,0.39844859938773136,2,0
2021-03-19,0.07883716879258701,0.02132744206276078,0.0,0.3158079075734077,0.2895470160605974,0.3946450763659947,2,1
2021-03-22,0.027570105180384552,0.0316940617491541,0.5,0.3439657128917767,0.2844984690360621,0.37153581807216124,2,0
2021-03-23,0.052924098429686595,0.042764315068543016,0.5,0.33366012923611826,0.2797556430980769,0.38658422766580486,2,0
2021-03-24,0.10994093361974439,0.06776877223821526,0.5,0.30512348404154793,0.2798120982971598,0.4150644176612923,2,2
2021-03-25,0.09595953324442219,0.07304636785336495,0.5,0.3116098303060472,0.2808208061434833,0.4075693635504694,2,2
2021-03-26,0.05751621629767795,0.06878217735438313,0.5,0.3242027420727711,0.29407829955677967,0.38171895837044906,2,2
2021-03-29,0.2539099552678904,0.1140501473718843,0.5,0.23494527834680545,0.276199488038499,0.48885523361469585,2,2
2021-03-30,0.23820256916187588,0.15110584151832215,0.8,0.24260788317995957,0.2765816644782049,0.48081045234183545,2,2
2021-03-31,0.1671706714639733,0.16255178908716794,0.8,0.2489860540949101,0.3348572203462066,0.4161567255588834,2,2
2021-04-01,0.2617660612741112,0.19571309469310574,0.8,0.19209118977876752,0.354051559168354,0.45385725105287866,2,2
2021-04-05,0.23413070714102077,0.23103599286177431,0.8,0.20235378030629855,0.3611617322463824,0.4364844874473193,2,2
2021-04-06,0.28069511530125524,0.2363930248684473,0.8,0.1861608266930327,0.3469832313126793,0.4668559419942879,2,2
2021-04-07,0.28951357038323455,0.24665522511271903,0.8,0.1794999976059853,0.35148643440479493,0.46901356798921984,2,2
2021-04-08,0.2113697059350545,0.25549503200693524,0.8,0.20209585999105473,0.3844385740828362,0.4134655659261092,2,2
2021-04-09,0.2444063738564442,0.2520230945234019,0.8,0.2021969432742315,0.35119973959509326,0.4466033171306757,2,2
2021-04-12,0.2796320023079154,0.2611233535567808,0.8,0.20238668136753235,0.31559463495702017,0.48201868367544776,2,1
2021-04-13,0.24168866624271754,0.25332206374507327,0.8,0.20215011821309373,0.3540110973310953,0.44383878445581126,2,0
2021-04-14,0.24496846476120118,0.2444130426206666,0.8,0.21781639231218128,0.31939875061443646,0.46278485707338246,2,1
2021-04-15,0.23298189403356714,0.2487354802403691,0.8,0.20875087723184618,0.34951635150274085,0.4417327712654133,2,0
2021-04-16,0.24357069164082915,0.24856834379724607,0.8,0.20633201752561983,0.3437652733079314,0.449902709166449,2,1
2021-04-19,0.2786103661383498,0.24836401656333296,0.8,0.20489148918246528,0.3116066554967194,0.4835018553208151,2,2
2021-04-20,0.2961465265779013,0.2592555886303697,0.8,0.20646545203127573,0.29092256935954736,0.5026119786091771,2,2
2021-04-21,0.3069152308543097,0.2716449418489914,0.8,0.17791881160390366,0.33724714593788335,0.4848340424582134,2,1
2021-04-22,0.34533743027747177,0.29411604909777234,0.8,0.17334404727260813,0.3079744751773122,0.5186814775500799,2,2
2021-04-23,0.2643851937273598,0.2982789495150785,0.8,0.19246641978499948,0.3506819667026419,0.4568516135123593,2,1
2021-04-26,0.2180252793085347,0.28616193214911545,0.8,0.20859326466292735,0.36478819136561147,0.42661854397146204,2,0
2021-04-27,0.24130635934685774,0.2751938987029067,0.8,0.20287037476198022,0.35295289112918266,0.44417673410883796,2,0
2021-04-28,0.2871668583133101,0.2712442241947068,0.8,0.18423654477150234,0.3443600521436854,0.4714034030848125,2,0
2021-04-29,0.2700647466087335,0.25618968746095916,0.8,0.19102410056799457,0.3478870522552774,0.46108884717672804,2,0
2021-04-30,0.17190217429619167,0.23769308357472557,0.8,0.24387052953810937,0.3403567666275898,0.41577270383430104,2,0
2021-05-03,0.1374929483653301,0.22158661738608462,0.8,0.27287501638504325,0.3167570188645833,0.41036796475037335,2,0
2021-05-04,0.1535078184640436,0.2040269092095218,0.8,0.2706642564011585,0.30516366873363937,0.4241720748652021,2,0
2021-05-05,0.15157027429104608,0.17690759240506898,0.8,0.2679354912657256,0.31255874317750293,0.41950576555677166,2,0
2021-05-06,0.15570212818067042,0.15403506871945638,0.8,0.2602538156642559,0.3237902404908179,0.41595594384492635,2,0
2021-05-07,0.120655578147157,0.14378574948964945,0.8,0.2661046584380465,0.34713510497675,0.3867602365852035,2,0
2021-05-10,0.17222092584002457,0.15073134498458834,0.8,0.2490198401331406,0.32973939389369405,0.4212407659731652,2,1
2021-05-11,0.17798021530296443,0.1556258243523725,0.8,0.2601684209311819,0.3016829428346719,0.43814863623414635,2,1
2021-05-12,0.2037164922013257,0.16605506793442842,0.8,0.28838106972542704,0.2195213683478209,0.49209756192675275,2,2
2021-05-13,0.22895633043645364,0.18070590838558506,0.8,0.24446008402570302,0.282123501512141,0.47341641446215665,2,2
2021-05-14,0.1354817422721999,0.18367114121059364,0.8,0.2752741520281982,0.31396995367140373,0.4107558943003981,2,1
2021-05-17,0.09964191436718217,0.16915533891602516,0.8,0.2956433946020419,0.309071296428734,0.3952853089692241,2,2
2021-05-18,0.10589132465961937,0.15473756078735618,0.8,0.2932588344296326,0.30759100648111576,0.39915015908925194,2,2
2021-05-19,0.1317367860371767,0.14034161955452634,0.8,0.28185748188167625,0.3045482501994711,0.41359426791885295,2,2
2021-05-20,0.03528873839226265,0.10160810114568815,0.8,0.31959176497086617,0.32552773166600535,0.3548805033631288,2,2
2021-05-21,0.041399777151880035,0.08279170812162417,0.8,0.3176492490132879,0.32330172482154423,0.35904902616516793,2,2
2021-05-24,0.02535376916120352,0.06793407908042845,0.5,0.308282689139614,0.3580808525595686,0.3336364583008175,1,1
2021-05-25,0.06959858044947814,0.06067553023840021,0.5,0.2988995911278765,0.33260223729476857,0.36849817157735465,2,1
2021-05-26,0.027669721216249388,0.03986211727421475,0.5,0.30303377385529867,0.36626273107315305,0.33070349507154806,1,0
2021-05-27,0.06745112896391664,0.046294595388545544,0.5,0.27805653170465444,0.3764358076267741,0.3455076606685711,1,1
2021-05-28,0.031037161725998186,0.04422207230336918,0.5,0.29254925089486455,0.38386433648427265,0.32358641262086274,1,2
2021-06-01,-0.037569702345653044,0.03163737800199786,0.5,0.3446518042586339,0.3482660938283853,0.30708210191298085,1,2
2021-06-02,-0.04690806960443589,0.008336047991215057,0.5,0.32838322764746325,0.39014161430950955,0.28147515804302736,1,2
2021-06-03,0.01609760387211695,0.006021624522388569,0.5,0.3159915951845428,0.35191920575879715,0.33208919905665973,1,2
2021-06-04,0.0006061623163591823,-0.007347368807122922,0.5,0.30924581295943965,0.38090221176476147,0.30985197527579883,1,2
2021-06-07,0.002199341150297296,-0.0131149329222631,0.0,0.29822164633890413,0.40135736617189405,0.30042098748920143,1,2
2021-06-08,-0.017830625910037978,-0.009167117635140087,0.0,0.3050409949122372,0.40774863608556317,0.2872103690021992,1,2
2021-06-09,-0.013846256129575074,-0.0025547549401679246,0.0,0.30448687536813124,0.4048725053933124,0.29064061923855616,1,2
2021-06-10,0.0016165343772049368,-0.005450968839150328,0.0,0.28307859224974163,0.4322262811233117,0.28469512662694657,1,2
2021-06-11,0.011752356071479453,-0.0032217300881262735,0.0,0.2769858417704747,0.4342759603875709,0.28873819784195415,1,1
2021-06-14,0.01464626450238199,-0.0007323454177093347,0.0,0.273048045302353,0.43925764489291147,0.287694309804735,1,1
2021-06-15,0.01440124451753455,0.005714028667805171,0.0,0.2872608382264221,0.4110770790296207,0.30166208274395667,1,2
2021-06-16,0.0028151502927338257,0.009046309952266952,0.5,0.29147728259974015,0.41423028450778543,0.294292432892474,1,2
2021-06-17,0.06927566565222465,0.022578136207270894,0.5,0.2653137773918061,0.4000967795641631,0.33458944304403077,1,2
2021-06-18,0.012725332536060785,0.02277273150018716,0.5,0.33647192207188603,0.3143308233201668,0.3491972546079468,2,2
2021-06-21,0.010889545344506868,0.022021387668612134,0.5,0.3221554533622708,0.3447995479309514,0.3330449987067777,1,2
2021-06-22,0.003334699007588704,0.019808078566622967,0.5,0.31919431152217664,0.35827667794805795,0.32252901052976535,1,2
2021-06-23,-0.004089856922134094,0.018427077123649382,0.5,0.3207716582223262,0.3625465404774816,0.3166818013001921,1,2
2021-06-24,-0.024998591589311503,-0.00042777432465784804,0.5,0.3278114811130542,0.3693756293632028,0.3028128895237427,1,2
2021-06-25,-0.0073752102783172235,-0.00444788288753345,0.0,0.3000703155467866,0.4072345791847437,0.29269510526846937,1,2
2021-06-28,0.0022914550224222285,-0.006167500951950377,0.0,0.29413423599504923,0.4094400729874792,0.29642569101747146,1,2
2021-06-29,0.1248850497612767,0.018142569198787224,0.0,0.23292302678837626,0.4092688966619706,0.35780807654965296,1,2
2021-06-30,0.14474347554669156,0.04790923569255236,0.5,0.2337551768264686,0.38774617080037116,0.37849865237316016,1,1
2021-07-01,0.2140532709473013,0.09571960819987492,0.5,0.19607740754713732,0.39379191395842406,0.4101306784944386,2,2
2021-07-02,0.1927620126780134,0.13574705279114102,0.5,0.20471971291714708,0.39779856148769244,0.3974817255951605,1,1
2021-07-06,0.18829982746266868,0.17294872727919033,0.8,0.22105907882951534,0.36958201487830056,0.409358906292184,2,1
2021-07-07,0.15380651948102925,0.17873302122314086,0.8,0.23211519529197322,0.3819630899350241,0.38592171477300247,2,1
2021-07-08,0.20904489967264595,0.19159330604833175,0.8,0.22248633396662532,0.3459824323941036,0.43153123363927126,2,1
2021-07-09,0.16633767451749004,0.18205018676236948,0.8,0.2279160626096292,0.37783020026325137,0.39425373712711925,2,0
2021-07-12,0.15718263929396603,0.17493431208556,0.8,0.23876084161598277,0.36529567747406877,0.3959434809099488,2,0
2021-07-13,0.14796038429393862,0.16686642345181396,0.8,0.24962925994195453,0.3527810958221525,0.39758964423589316,2,0
2021-07-14,0.18063178645626993,0.1722314768468621,0.8,0.23468587091454302,0.34999647171464415,0.41531765737081294,2,1
2021-07-15,0.16444911098193865,0.16331231910872063,0.8,0.24051734695349825,0.3545161951110647,0.4049664579354369,2,2
2021-07-16,0.2063208153315032,0.1713089472715233,0.8,0.2318317778808543,0.3300156289067887,0.4381525932123575,2,2
2021-07-19,0.29806921951269827,0.19948626331526972,0.8,0.21711302523656126,0.2677047300141796,0.5151822447492596,2,2
2021-07-20,0.16780405852641206,0.20345499816176443,0.8,0.2527066715596363,0.32678259835431583,0.42051073008604833,2,2
2021-07-21,0.16990598870486648,0.20130983861148372,0.8,0.2453020229518433,0.339489965391447,0.4152080116567098,2,2
2021-07-22,0.12118029555476428,0.19265607552604885,0.8,0.2654016289624002,0.34801644652043495,0.3865819245171645,2,1
2021-07-23,0.1064422714973901,0.17268036675922624,0.8,0.27008035032388966,0.35339702785483024,0.37652262182127977,2,0
2021-07-26,0.1502959321463078,0.14312570928594814,0.8,0.24601966825792485,0.35766473133784255,0.39631560040423264,2,0
2021-07-27,0.1991892135428767,0.14940274028924108,0.8,0.24202572390829433,0.31675933864053485,0.441214937451171,2,1
2021-07-28,0.14724577544805845,0.14487069763787946,0.8,0.2554903502525603,0.341773524046821,0.40273612570061873,2,1
2021-07-29,0.1820908243208073,0.15705280339108807,0.8,0.254310314435615,0.309288546807963,0.43640113875642234,2,1
2021-07-30,0.166041226820566,0.16897259445572324,0.8,0.2634470033726337,0.30706476643416675,0.4294882301931997,2,2
2021-08-02,0.23507161670808427,0.18592773136807855,0.8,0.22129891510432212,0.32233055308327196,0.4563705318124064,2,2
2021-08-03,0.20913404803686203,0.18791669826687563,0.8,0.23302091319002366,0.32482412558309104,0.4421549612268857,2,1
2021-08-04,0.19087285089038752,0.1966421133553414,0.8,0.2410900854539757,0.3269469782016613,0.4319629363443632,2,1
2021-08-05,0.22657942784153837,0.20553983405948767,0.8,0.22223107419777724,0.32895842376290735,0.4488105020393156,2,1
2021-08-06,0.10667463605670391,0.19366651590671521,0.8,0.27069001256808356,0.35194533880712886,0.37736464862478747,2,1
2021-08-09,0.09247252068630663,0.16514669670235968,0.8,0.2714605635920898,0.3646063521295135,0.36393308427839643,1,1
2021-08-10,0.1202581304548403,0.14737151318595537,0.8,0.2590694090211866,0.3616030515027865,0.3793275394760269,2,0
2021-08-11,0.10438800173205937,0.13007454335428972,0.8,0.25965557952840557,0.3763008392111298,0.36404358126046493,1,0
2021-08-12,0.09561471683652123,0.10388160115328629,0.8,0.26099532724925434,0.3823946286649705,0.35661004408577557,1,0
2021-08-13,0.15687692090059357,0.11392205812206421,0.8,0.23294568724294318,0.37723170461352035,0.38982260814353675,2,1
2021-08-16,0.14283727676354055,0.12399500933751102,0.8,0.24806896113135793,0.36102480097374384,0.3909062378948985,2,2
2021-08-17,0.15718269690776218,0.13137992262809536,0.8,0.23974619260260852,0.36332491788702126,0.3969288895103707,2,2
2021-08-18,0.3389669324748762,0.17829570877665873,0.8,0.1945616045965386,0.2719098583320471,0.5335285370714148,2,2
2021-08-19,0.29008305376140064,0.21718937616163464,0.8,0.21966267472492873,0.27059159678874206,0.5097457284863294,2,2
2021-08-20,0.17364584831340807,0.22054316164419752,0.8,0.24726009127063303,0.33183396914532653,0.4209059395840411,2,2
2021-08-23,0.1452072462715073,0.22101715554579085,0.8,0.24417278929693978,0.3664471751346139,0.3893800355684471,2,2
2021-08-24,0.1655346178864398,0.22268753974152639,0.8,0.22676258463783988,0.3809402128378808,0.3922972025242797,2,2
2021-08-25,0.1292930566827481,0.1807527645831008,0.8,0.23480988203126307,0.40108717925472614,0.36410293871401117,1,2
2021-08-26,0.1589386247035335,0.15452387877152735,0.8,0.2272597142440446,0.3865419468083774,0.3861983389475781,1,2
2021-08-27,0.11340682438146463,0.14247607398513867,0.8,0.24934193224095322,0.3879093111366289,0.36274875662241785,1,2
2021-08-30,-0.0054339304005258104,0.11234783865073203,0.8,0.31366557531996786,0.3781027797605897,0.30823164491944205,1,1
2021-08-31,-0.0017897152395845994,0.07888297202552716,0.8,0.31509915144669476,0.37159141234619486,0.31330943620711016,1,1
2021-09-01,-0.14432169221115648,0.024160022246746245,0.5,0.4033983429863679,0.33752500623842074,0.2590766507752114,0,1
2021-09-02,-0.10215029463292857,-0.028057761620546167,0.5,0.3789839288932107,0.3441824368465073,0.2768336342602821,0,0
2021-09-03,-0.09144560801366758,-0.06902824809957261,0.0,0.37843677189388997,0.3345720642258879,0.2869911638802224,0,0
2021-09-07,-0.15083518048015648,-0.09810849811549874,0.0,0.42216589993246845,0.30650338061521964,0.27133071945231196,0,0
2021-09-08,-0.1879258316107093,-0.13533572138972366,0.0,0.4501914509036067,0.28754292980349605,0.2622656192928974,0,0
2021-09-09,-0.1425756164348172,-0.13498650623445582,0.0,0.43118166647154454,0.2802122834917283,0.28860605003672735,0,1
2021-09-10,-0.15372277047272703,-0.14530100140241553,0.0,0.4682780330690011,0.21716670433472446,0.3145552625962741,0,1
2021-09-13,-0.12543811833191826,-0.15209950346606566,0.0,0.4368493992308143,0.25173931987028936,0.311411280898896,0,0
2021-09-14,-0.12350530632360823,-0.14663352863475604,0.0,0.43316122733002366,0.2571828516635606,0.3096559210064154,0,0
2021-09-15,-0.13830186864688404,-0.13670873604199096,0.0,0.4325249940416784,0.27325188056352695,0.29422312539479434,0,0
2021-09-16,-0.164641127183077,-0.1411218381916429,0.0,0.4443822950931249,0.2758765369968272,0.2797411679100479,0,0
2021-09-17,-0.0793577648748991,-0.12624883707207732,0.0,0.42524618087303456,0.22886540312882972,0.34588841599813547,0,1
2021-09-20,-0.01145853615503345,-0.10345292063670035,0.0,0.39775828223680637,0.21594197168142049,0.3862997460817729,0,2
2021-09-21,-0.05542475576365441,-0.0898368105247096,0.0,0.4253270316874719,0.2047706923887108,0.36990227592381747,0,0
2021-09-22,-0.05598132038133419,-0.07337270087159962,0.0,0.42263929418046847,0.21070273202039738,0.3666579737991343,0,0
2021-09-23,-0.10834697040743263,-0.06211386951647076,0.0,0.4132795347974161,0.2817879008126007,0.30493256438998345,0,0
2021-09-24,-0.15199158548393338,-0.07664063363827761,0.0,0.42477176809310385,0.30244804929772584,0.2727801826091705,0,0
2021-09-27,-0.13877133429223099,-0.10210319326571712,0.0,0.429925606010488,0.27892012227125523,0.29115427171825703,0,0
2021-09-28,-0.15559817023293504,-0.12213787615957324,0.0,0.482186834474271,0.19122450128439314,0.326588664241336,0,1
2021-09-29,-0.17292612019135484,-0.14552683612157738,0.0,0.5000378050240585,0.17285051014323782,0.32711168483270364,0,1
2021-09-30,0.11948251078262118,-0.09996093988356662,0.0,0.3403505017326634,0.19981648575205205,0.4598330125152846,2,2
2021-10-01,0.26364537569793944,-0.016833547647192047,0.0,0.2646048202343432,0.20714498383337404,0.5282501959322826,2,1
2021-10-04,0.3124454407680097,0.07340980736485608,0.0,0.2500006107932257,0.18755333764553847,0.5624460515612354,2,2
2021-10-05,0.2887533821184271,0.16228011783512852,0.5,0.2602169263727821,0.19081276513600887,0.5489703084912092,2,1
2021-10-06,0.3032974520631507,0.2575248322860296,0.8,0.2624707387224538,0.17176107049194148,0.5657681907856045,2,1
2021-10-07,0.20938097640834036,0.27550452541117343,0.8,0.2767843280680989,0.23705036745546196,0.48616530447643924,2,2
2021-10-08,0.23111685394465498,0.2689988210605166,0.8,0.26706169130081203,0.234759763453721,0.498178545245467,2,2
2021-10-11,0.2643864599446378,0.2593870248958422,0.8,0.262699428885726,0.21021468228391002,0.5270858888303638,2,2
2021-10-12,0.2055194680748912,0.24274024208713502,0.8,0.2891412266555159,0.21619807861407694,0.4946606947304071,2,2
2021-10-13,0.20711014165019603,0.22350278000454407,0.8,0.27028593666591116,0.2523179850179814,0.4773960783161072,2,2
2021-10-14,0.21781756336766622,0.22519009739640924,0.8,0.22796423907525798,0.32625395848181793,0.4457818024429242,2,2
2021-10-15,0.20485177703060434,0.21993708201359913,0.8,0.23095582681033086,0.33323656934873397,0.4358076038409352,2,2
2021-10-18,0.18153944578932127,0.2033676791825358,0.8,0.21936980019381994,0.3797209538230387,0.4009092459831412,2,2
2021-10-19,0.14735226968309284,0.19173423950417615,0.8,0.2330626100342788,0.3865225102483496,0.38041487971737165,1,1
2021-10-20,0.13047709466647062,0.17640763010743105,0.8,0.23529716439707532,0.39892857653937874,0.36577425906354594,1,1
2021-10-21,0.09953408339249081,0.152750934112396,0.8,0.26127383099489065,0.37791825461772793,0.36080791438738147,1,2
2021-10-22,0.12091934994252396,0.13596444869477992,0.8,0.26854961260135185,0.3419814248547722,0.3894689625438758,2,2
2021-10-25,0.10821728571652095,0.12130001668021984,0.8,0.26833257211467065,0.35511757005413785,0.3765498578311916,2,2
2021-10-26,0.11970183180081678,0.11576992910376463,0.8,0.26846412412860043,0.34336991994198246,0.3881659559294172,2,2
2021-10-27,0.13026308483994992,0.11572712713846048,0.8,0.2605471890526675,0.3486425370547154,0.3908102738926174,2,2
2021-10-28,0.13795626884645104,0.12341156422925252,0.8,0.23521870540723824,0.39160632033907267,0.3731749742536893,1,2
2021-10-29,-0.1492491321956927,0.06937786780160919,0.8,0.4086895472862764,0.3318700376231396,0.2594404150905837,0,2
2021-11-01,-0.003073181021580551,0.0471197744539889,0.5,0.30588257007586356,0.3913080408698535,0.302809389054283,1,2
2021-11-02,-0.09388471618854394,0.004402464856116756,0.5,0.36615235896554044,0.36157999825746306,0.2722676427769965,0,2
2021-11-03,-0.07412045358191732,-0.03647424282825669,0.5,0.3468529196446357,0.38041461429264606,0.2727324660627184,1,0
2021-11-04,-0.08766417198599646,-0.0815983309947462,0.0,0.36017594108751494,0.3673122898109667,0.2725117691015185,1,0
2021-11-05,-0.08463463885326089,-0.06867543232625983,0.0,0.35963531497557616,0.36536400890210863,0.27500067612231527,1,1
2021-11-08,-0.04276591355429671,-0.07661397883280306,0.0,0.33520559186864424,0.37235472981700846,0.29243967831434753,1,0
2021-11-09,-0.05908401396585178,-0.06965383838826464,0.0,0.35390993294873424,0.3512641480683834,0.29482591898288246,0,1
2021-11-10,-0.012808979502416828,-0.057391543572364534,0.0,0.355016124417732,0.302776730666953,0.3422071449153152,0,2
2021-11-11,-0.05716255602190695,-0.05129122037954663,0.0,0.3748747458972752,0.3074130642273566,0.31771218987536826,0,2
2021-11-12,-0.1123902102140808,-0.05684233465171061,0.0,0.40646100783002453,0.2994681945540318,0.29407079761594374,0,2
2021-11-15,-0.11320061978717139,-0.07092927589828554,0.0,0.40432513604464954,0.30455034769787254,0.29112451625747815,0,1
2021-11-16,-0.13496986721318627,-0.08610644654775244,0.0,0.4084974231143388,0.31797502098450875,0.2735275559011525,0,0
2021-11-17,-0.09610356145799548,-0.10276536293886818,0.0,0.3834261795182218,0.32925120242155176,0.2873226180602263,0,1
2021-11-18,-0.10751543271333591,-0.11283593827715396,0.0,0.38821026890826854,0.3310948948967985,0.28069483619493263,0,0
2021-11-19,-0.09660540623582564,-0.10967897748150293,0.0,0.3731870622650322,0.35023128170576084,0.27658165602920654,0,0
2021-11-22,0.028295869224704617,-0.08137967967912774,0.0,0.34617446691194353,0.27935519695140837,0.37447033613664815,2,0
2021-11-23,0.08859585600518027,-0.03666653503545443,0.0,0.3201669532555486,0.27107023748372266,0.4087628092607289,2,0
2021-11-24,0.00536402778234879,-0.016373017187385576,0.0,0.3388797925820698,0.31687638705351134,0.3442438203644186,2,0
2021-11-26,0.32515421212691664,0.07016091178066494,0.0,0.2016092827410726,0.27162722239093806,0.5267634948679892,2,0
2021-11-29,0.3061213838925109,0.15070626980633225,0.5,0.22791283721553784,0.23805294167641378,0.5340342211080488,2,0
2021-11-30,0.2971886191328894,0.20448481978796923,0.8,0.2177028561368204,0.2674056685934698,0.5148914752697098,2,2
2021-12-01,0.16342208397912117,0.2194500653827574,0.8,0.27617905399879306,0.2842198080232928,0.4396011379779142,2,2
2021-12-02,0.18541487708575644,0.2554602352434389,0.8,0.2610197478442881,0.2925456272256674,0.44643462493004454,2,2
2021-12-03,0.20400116835570853,0.23122962648919732,0.8,0.26318652802926745,0.269625775585757,0.467187696384976,2,2
2021-12-06,0.1958390415097906,0.20917315801265318,0.8,0.26407131424661384,0.2760183299969817,0.45991035575640443,2,2
2021-12-07,0.06846211693794069,0.16342785757366346,0.8,0.35374670013541737,0.22404448279122488,0.42220881707335806,2,0
2021-12-08,0.04892329092884917,0.1405280989636091,0.8,0.3589243500872373,0.23322800889667716,0.40784764101608645,2,0
2021-12-09,0.047690685698872914,0.11298326068623236,0.8,0.3676717970661727,0.21696572016878224,0.4153624827650456,2,0
2021-12-10,-0.021027735102989997,0.06797747999449268,0.8,0.3694352638193342,0.2821572074643214,0.34840752871634423,0,0
2021-12-13,0.05381602500716304,0.03957287669396716,0.5,0.36458312539842885,0.21701772419597962,0.4183991504055919,2,0
2021-12-14,0.05013389062636453,0.035907231431651934,0.5,0.36418894127695134,0.2214882268197331,0.41432283190331587,2,1
2021-12-15,-0.08208522884632408,0.009705527476617282,0.5,0.41767182682912835,0.24674157518806722,0.33558659798280427,0,1
2021-12-16,0.012418475330181478,0.002651085402878994,0.5,0.38183505924548194,0.22391140617885488,0.3942535345756634,2,2
2021-12-17,-0.0127804038995194,0.004300551643573114,0.5,0.39267729091156606,0.22742582207638745,0.37989688701204666,0,2
2021-12-20,-0.008347884693101493,-0.008132230296479793,0.5,0.3922883978953444,0.2237710889024129,0.38394051320224293,0,2
2021-12-21,-0.07271772705412366,-0.03270255383257743,0.0,0.41769764383408553,0.23732243938595307,0.34497991677996187,0,2
2021-12-22,-0.0955521931861868,-0.03539594670054998,0.0,0.4033095721506315,0.28893304888492394,0.3077573789644447,0,2
2021-12-23,-0.12253982147140524,-0.062387606060867316,0.0,0.40958508919792,0.3033696430755652,0.2870452677265148,0,1
2021-12-27,-0.12337744676704127,-0.08450701463437169,0.0,0.39642791898264285,0.3305216088017557,0.2730504722156016,0,1
2021-12-28,-0.10288372787176114,-0.10341418327010361,0.0,0.39705619440155265,0.3087713390686559,0.2941724665297915,0,0
2021-12-29,-0.10904839314159626,-0.11068031648759816,0.0,0.37855369170210834,0.35194100973737985,0.2695052985605121,0,0
2021-12-30,-0.09351687357553878,-0.11027325256546854,0.0,0.3811003037058887,0.3313162661637616,0.2875834301303499,0,0
2021-12-31,-0.08914194785521667,-0.10359367784223084,0.0,0.38920808356207726,0.31072578073106216,0.3000661357068606,0,0
2022-01-03,-0.23232566911009547,-0.12538332231084165,0.0,0.46946158708855656,0.29340249493298215,0.2371359179784611,0,0
2022-01-04,-0.186888934107086,-0.14218436355790665,0.0,0.45899553567923085,0.2688978627486241,0.27210660157214484,0,0
2022-01-05,-0.20565875495695007,-0.1615064359209774,0.0,0.5064745384102382,0.19270967813647402,0.3008157834532881,0,1
2022-01-06,-0.2675352850515726,-0.19631011821618416,0.0,0.5508249882570804,0.1658853085374123,0.2832897032055078,0,0
2022-01-07,-0.30031713028684426,-0.2385451547025097,0.0,0.5684504077202149,0.1634163148464144,0.2681332774333707,0,1
2022-01-10,-0.3445679170935535,-0.26099360429920127,0.0,0.5994481698815771,0.14567157733039962,0.2548802527880236,0,0
2022-01-11,-0.2545009785295104,-0.2745160131836862,0.0,0.5353003478096776,0.18390028291015484,0.2807993692801672,0,0
2022-01-12,-0.1421872033943839,-0.26182170287117296,0.0,0.4564375777015451,0.2293120479912938,0.3142503743071612,0,0
2022-01-13,-0.07765140505807044,-0.22384492687247254,0.0,0.45136175736735346,0.17492789032336373,0.373710352309283,0,0
2022-01-14,-0.14597764882630837,-0.19297703058036533,0.0,0.4825389804579999,0.18089968791030847,0.33656133163169155,0,0
2022-01-18,-0.2224133664058473,-0.16854612044282408,0.0,0.5150947165732963,0.19222393325925471,0.292681350167449,0,0
2022-01-19,-0.20997065736845716,-0.15964005621061345,0.0,0.5120169094534476,0.1859368384615618,0.3020462520849904,0,0
2022-01-20,-0.06689288501736618,-0.1445811925352099,0.0,0.44014141743660035,0.1866100501441653,0.37324853241923417,0,0
2022-01-21,0.14289685398216745,-0.10047154072716231,0.0,0.33034049965544215,0.19642214670694805,0.4732373536376096,2,1
2022-01-24,0.19763873684218297,-0.03174826359346404,0.0,0.29122209659998255,0.21991706995785157,0.4888608334421655,2,2
2022-01-25,0.20114970412835598,0.05296435051337661,0.0,0.2897525768997784,0.2193451420720867,0.4909022810281344,2,2
2022-01-26,0.24341456890780222,0.1436413957686285,0.5,0.2650505442609893,0.22648434257021888,0.5084651131687915,2,2
2022-01-27,0.30422771003928284,0.21786551477995833,0.8,0.23397722627062725,0.22781783741946246,0.5382049363099101,2,2
2022-01-28,0.2030648147630782,0.2298991069361404,0.8,0.29195044762333355,0.21303428999025434,0.49501526238641175,2,2
2022-01-31,-0.005757951540210304,0.18921976925966177,0.8,0.4153430009005171,0.17507194973917609,0.4095850493603068,0,0
2022-02-01,-0.021873175587312943,0.144615193316528,0.8,0.42995193107836516,0.1619693134305826,0.4080787554910522,0,0
2022-02-02,-0.13486117497350014,0.06896004454026752,0.8,0.491328625559343,0.15220392385481404,0.35646745058584284,0,1
2022-02-03,0.0020308037047621075,0.008520663273363382,0.5,0.4235394837573199,0.15089022878059802,0.42557028746208203,2,2
2022-02-04,-0.11404023579779188,-0.054900346838810635,0.5,0.4752061270514492,0.16362798169489348,0.36116589125365733,0,0
2022-02-07,-0.15259627482306454,-0.08426801149538148,0.0,0.5027000555626991,0.14719616369766642,0.3501037807396346,0,0
2022-02-08,-0.19611137895497338,-0.11911565216891358,0.0,0.5226943970240752,0.15072258490682316,0.3265830180691018,0,1
2022-02-09,-0.22351960132228715,-0.13684733743867097,0.0,0.5327328364721274,0.1580539283780322,0.3092132351498403,0,0
2022-02-10,-0.19132935737703866,-0.17551936965503115,0.0,0.5139805108526031,0.16336833567183254,0.32265115347556445,0,0
2022-02-11,-0.048655631489147366,-0.16244244879330222,0.0,0.4610239619497062,0.1266077075897351,0.4123683304605588,0,0
2022-02-14,-0.0013319265094444699,-0.13218957913057822,0.0,0.43379089521652014,0.13375013607640424,0.4324589687070757,0,0
2022-02-15,-0.2196900325467348,-0.13690530984893048,0.0,0.5403714371615618,0.13894715822361164,0.32068140461482697,0,0
2022-02-16,-0.24805549196425947,-0.14181248797732496,0.0,0.5507895003189277,0.14647649132640456,0.30273400835466824,0,0
2022-02-17,-0.055075153961603396,-0.1145616472942379,0.0,0.4624875599056809,0.13010003415024185,0.4074124059440775,0,1
2022-02-18,-0.05059201228632987,-0.1149489234536744,0.0,0.46283370685714426,0.12492459857204155,0.4122416945708144,0,2
2022-02-22,-0.006136461843753771,-0.11590983052053624,0.0,0.44406194646018265,0.11801256892338886,0.4379254846164289,0,2
2022-02-23,0.060416548759638034,-0.05988851425926169,0.0,0.4028668007646356,0.13384984971109082,0.46328334952427364,2,2
2022-02-24,0.07656673259096608,0.0050359306517834155,0.0,0.3833975774477074,0.1566381125136188,0.4599643100386735,2,1
2022-02-25,-0.04211783312116402,0.0076273948198712915,0.5,0.4441566155711782,0.15380460197880774,0.4020387824500142,0,0
2022-02-28,-0.0043865112800575146,0.01686849502112576,0.5,0.4263156508876253,0.15175520950480717,0.4219291396075678,0,0
2022-03-01,0.377187669774272,0.09353332134473091,0.5,0.23043017957012593,0.16195197108547552,0.6076178493443979,2,0
2022-03-02,0.4129660633816218,0.16404322426912765,0.5,0.19790996586747725,0.19121400488342358,0.610876029249099,2,0
2022-03-03,0.4731378904833328,0.24335745584760105,0.8,0.18844673060962885,0.14996864829740988,0.6615846210929617,2,0
2022-03-04,0.5007153224716205,0.3519240869661579,0.8,0.18136371295781675,0.1365572516127464,0.6820790354294373,2,0
2022-03-07,0.5530913736960874,0.4634196639613869,1.025962043483079,0.1546959251333651,0.13751677603718257,0.7077872988294525,2,0
2022-03-08,0.5452266204725444,0.49702745410104143,1.0817098319806935,0.15980527613517304,0.13516282725710949,0.7050318966077175,2,2
2022-03-09,0.47596132176878325,0.5096265057784737,1.0985137270505207,0.19254803324556527,0.1389426117400865,0.6685093550143485,2,2
2022-03-10,0.514303887795506,0.5178597052409083,1.104813252889237,0.1753629746639349,0.13497016287662497,0.6896668624594409,2,2
2022-03-11,0.5261157720383136,0.5229397951542469,1.108929852620454,0.16674052488340366,0.14040317819487963,0.6928562969217172,2,2
2022-03-14,0.5375530455947326,0.519832129533976,1.1114698975771236,0.1597945275161332,0.1428578993730014,0.6973475731108658,2,2
2022-03-15,0.4673252481331733,0.5042518550661017,1.109916064766988,0.19147813508421502,0.14971848169839747,0.6588033832173883,2,2
2022-03-16,0.35866429180768533,0.4807924490738822,1.1021259275330508,0.24151521680850632,0.1583052745753017,0.6001795086161916,2,2
2022-03-17,0.29215422510062095,0.43636251653490515,1.0903962245369412,0.2682075024985465,0.17143076990228592,0.5603617275991675,2,2
2022-03-18,0.2611332647724402,0.3833660150817305,1.0681812582674526,0.2601132399005412,0.21864025542647705,0.5212465046729814,2,2
2022-03-21,0.2857071858376543,0.33299684313031486,1.0416830075408652,0.2472652825339913,0.21976224909436248,0.5329724683716456,2,2
2022-03-22,0.2555635525273465,0.2906445040091495,1.0164984215651574,0.2465668320521434,0.2513027833683666,0.5021303845794899,2,2
2022-03-23,0.35062408355985714,0.2890364623595838,0.8,0.21069027209808638,0.22799537224396968,0.5613143556579435,2,2
2022-03-24,0.2827455474041382,0.2871547268202873,0.8,0.21068089726643452,0.29589265806299275,0.49342644467057273,2,1
2022-03-25,0.3314703442686687,0.301222142719533,0.8,0.20311209868624272,0.2623054583588454,0.5345824429549114,2,1
2022-03-28,0.14644623986501137,0.27336995352500437,1.0006110713597665,0.25964959543800376,0.3342545692589811,0.40609583530301513,2,2
2022-03-29,-0.004904790858313912,0.2212762848478723,0.8,0.34766614806018276,0.3095724947379482,0.34276135720186884,0,0
2022-03-30,0.08714096402366084,0.16857966094063306,0.8,0.31321190240235347,0.28643523117163183,0.4003528664260143,2,0
2022-03-31,0.20622086037088472,0.15327472353398236,0.8,0.28233530621989383,0.22910852718932787,0.48855616659077855,2,0
2022-04-01,-0.16816175136446054,0.053348304407356495,0.8,0.47629876856525966,0.21556421423394137,0.3081370172007991,0,0
2022-04-04,-0.1619691190982121,-0.0083347673852882,0.5,0.4504876765348502,0.2609937660285116,0.2885185574366381,0,0
2022-04-05,-0.07195149270871315,-0.021744107755368048,0.0,0.44184770829913267,0.18825607611044823,0.3698962155904195,0,0
2022-04-06,-0.06923914987235785,-0.05302013053457179,0.0,0.4396705010325849,0.18989814780718814,0.3704313511602271,0,0
2022-04-07,-0.05726445774770955,-0.10571719415829064,0.0,0.4371748877072271,0.18291468233325553,0.37991042995951757,0,0
2022-04-08,-0.06180237733112687,-0.0844453193516239,0.0,0.44544312731683805,0.1709161226974512,0.3836407499857112,0,0
2022-04-11,-0.047426470639370166,-0.06153678965985552,0.0,0.43587053726155917,0.17568539611625214,0.388444066622189,0,2
2022-04-12,-0.10167469194664408,-0.06748142950744171,0.0,0.46985030558673757,0.16197408077316913,0.3681756136400935,0,1
2022-04-13,-0.13103653110121816,-0.07984090575321376,0.0,0.4779233742093592,0.1751897826824996,0.34688684310814105,0,0
2022-04-14,-0.10863633088787844,-0.09011528038124754,0.0,0.4660369416541919,0.17656244757949455,0.35740061076631346,0,0
2022-04-18,-0.10715053114141931,-0.09918491114330603,0.0,0.46484387394583504,0.1774627832497489,0.3576933428044157,0,0
2022-04-19,-0.11554688801433649,-0.1128089946182993,0.0,0.464609881223223,0.18632712556789033,0.3490629932088865,0,0
2022-04-20,-0.11831687742356622,-0.11613743171368371,0.0,0.46990479409237534,0.17850728923881512,0.3515879166688091,0,0
2022-04-21,-0.09649374860564142,-0.1092288752145684,0.0,0.4649397384930408,0.16661427161955963,0.3684459898873994,0,0
2022-04-22,0.12592044990561735,-0.06231751905586922,0.0,0.33157091739669814,0.210937715300986,0.4574913673023155,2,0
2022-04-25,0.07148641045057857,-0.02659013073746964,0.0,0.3566753445110735,0.21516290052727402,0.4281617549616521,2,0
2022-04-26,0.26334640888793986,0.04918852864298563,0.0,0.2635406782993794,0.2095722345133012,0.5268870871873192,2,1
2022-04-27,0.28627930224412473,0.13010776457652382,0.5,0.26359460625132763,0.18653148525321936,0.5498739084954524,2,2
2022-04-28,0.2317565955646821,0.19575783341058853,0.8,0.297811564446407,0.17262027554250384,0.5295681600110891,2,0
2022-04-29,0.27710680217018985,0.22599510386350302,0.8,0.2789826635262625,0.16492787077728494,0.5560894656964523,2,0
2022-05-02,0.27156623588616796,0.2660110689506209,0.8,0.27736521666248276,0.17370333078886604,0.5489314525486507,2,0
2022-05-03,0.21204019414978603,0.2557498260029901,0.8,0.3022035002483131,0.18355280535358706,0.5142436943980991,2,0
2022-05-04,0.002279876902607725,0.19894994093468674,0.8,0.4207820627361795,0.15615599762503318,0.42306193963878724,2,0
2022-05-05,0.26730294336555477,0.20605921049486126,0.8,0.2829415117386587,0.16681403315712762,0.5502444551042135,2,0
2022-05-06,0.26870498730182496,0.2043788475211883,0.8,0.27662505301944246,0.17804490665928985,0.5453300403212674,2,0
2022-05-09,0.31560078188526036,0.21318575672100676,0.8,0.25930469695122055,0.16578982421229818,0.5749054788364809,2,1
2022-05-10,0.3221928958383052,0.2352162970587106,0.8,0.26085730944514723,0.15609248527140007,0.5830502052834524,2,2
2022-05-11,0.37543941678991166,0.3098482050361714,0.8,0.2246894789276863,0.17518162535471563,0.600128895717598,2,1
2022-05-12,0.4066522025331424,0.3377180568696889,1.0049241025180857,0.2242397969607692,0.14486820354531899,0.6308919994939116,2,1
2022-05-13,0.28993118696695025,0.3419632968027139,1.0188590284348444,0.27515738115278526,0.15975405072747909,0.5650885681197355,2,0
2022-05-16,0.20510281040324946,0.31986370250631174,1.020981648401357,0.31931719811454334,0.15626279336766338,0.5244200085177928,2,0
2022-05-17,0.0860660459785888,0.27263833253436853,1.0099318512531559,0.37344239235895393,0.16704916930350286,0.45950843833754274,2,0
2022-05-18,0.28921756845099733,0.25539396286658567,0.8,0.27009761630170215,0.17058719894559835,0.5593151847526995,2,1
2022-05-19,0.20238204537589782,0.21453993143513675,0.8,0.3208174347738935,0.1559830850763149,0.5231994801497913,2,2
2022-05-20,0.21181376016095677,0.19891644607393805,0.8,0.3219216821389017,0.14434287556124004,0.5337354422998585,2,2
2022-05-23,0.13810082724601108,0.1855160494424904,0.8,0.3592082281235114,0.14348271650696592,0.49730905536952247,2,2
2022-05-24,0.23254851246313546,0.2148125427393997,0.8,0.31163997307564617,0.1441715413855725,0.5441884855387816,2,2
2022-05-25,0.18141809605858328,0.19325264826091687,0.8,0.33077086077347617,0.1570401823944644,0.5121889568320594,2,2
2022-05-26,0.10571426149414281,0.17391909148456589,0.8,0.3610786671924755,0.17212840412090608,0.4667929286866183,2,2
2022-05-27,-0.0450787313795355,0.12254059317646741,0.8,0.4294470788558964,0.18618457366774274,0.3843683474763609,0,1
2022-05-31,0.1712170119235999,0.1291638301119852,0.8,0.32177758791634076,0.1852278122437184,0.49299459983994065,2,1
2022-06-01,-0.17959357776682539,0.04673541206599302,0.8,0.5067182169092906,0.16615714394824452,0.32712463914246526,0,1
2022-06-02,-0.2343786936464466,-0.03642394587501295,0.5,0.5407758319788353,0.15282702968877623,0.3063971383323887,0,0
2022-06-03,-0.1956386740524813,-0.09669453298433778,0.0,0.5266975725342691,0.1422435289839433,0.33105889848178777,0,0
2022-06-06,-0.21962306877474086,-0.13160340046337887,0.0,0.5366338822810207,0.1463553042126997,0.31701081350627985,0,0
2022-06-07,-0.17646892959148275,-0.20114058876639537,0.0,0.502458404101385,0.1715521213887129,0.32598947450990223,0,0
2022-06-08,-0.15297850823492648,-0.19581757486001558,0.0,0.4949578654596518,0.16306277731562277,0.34197935722472533,0,0
2022-06-09,-0.1636844233386639,-0.18167872079845906,0.0,0.5066402434857665,0.15040393636713123,0.34295582014710263,0,0
2022-06-10,-0.07394528431789577,-0.15734004285154196,0.0,0.4618942424277721,0.15015679946235158,0.38794895810987634,0,0
2022-06-13,0.21010528037213672,-0.07139437302216642,0.0,0.3173711980806849,0.15515232346649374,0.5274764784528216,2,2
2022-06-14,0.16696273929492456,-0.0027080392448849745,0.0,0.33167554616204137,0.169686168380993,0.4986382854569659,2,2
2022-06-15,0.09954779531048757,0.047797221464197834,0.0,0.37247297103827004,0.15550626261297248,0.4720207663487576,2,2
2022-06-16,0.16877447508998572,0.11428900114992775,0.5,0.3298949886680712,0.17143554757387225,0.49866946375805693,2,2
2022-06-17,0.15487661216005955,0.1600533804455188,0.8,0.3372008596430991,0.17072166855374252,0.49207747180315864,2,2
2022-06-21,0.08020541679666016,0.13407340773042348,0.8,0.37981812927110464,0.1601583246611308,0.4600235460677648,2,2
2022-06-22,0.022394590147133464,0.10515977790086531,0.8,0.4141177736475922,0.1493698625576824,0.4365123637947257,2,2
2022-06-23,0.041999564002852596,0.0936501316393383,0.8,0.4019251768502056,0.15415008229673635,0.4439247408530582,2,0
2022-06-24,-0.031835671669719234,0.05352810228739731,0.5,0.427191396347625,0.17745287897446957,0.39535572467790575,0,0
2022-06-27,-0.04240891032292121,0.014070997790801154,0.5,0.4370631104743729,0.1682826893741757,0.3946542001514517,0,0
2022-06-28,0.02157107105487016,0.002344128642443155,0.5,0.41004684030445704,0.1583352483362159,0.4316179113593272,2,2
2022-06-29,0.0531315671809417,0.008491524049204802,0.5,0.38612064256674905,0.17462714768556029,0.43925220974769075,2,2
2022-06-30,0.28131797811942844,0.05635520687251997,0.5,0.27972257723334587,0.15923686741388007,0.5610405553527743,2,2
2022-07-01,0.47660269418838075,0.15804288004413997,0.5,0.1687723441720936,0.18585261746743195,0.6453750383604744,2,2
2022-07-05,0.4674250154352506,0.26000966519577434,0.8,0.16584100819760292,0.20089296816954355,0.6332660236328536,2,1
2022-07-06,0.46952910655575686,0.34960127229595167,0.8,0.16663215805981935,0.19720657732460473,0.6361612646155762,2,0
2022-07-07,0.38375886998904507,0.41572673285757233,1.0248006361479758,0.20589943979001632,0.20444225043092182,0.5896583097790614,2,0
2022-07-08,0.3343801229150104,0.4263391618166887,1.0578633664287862,0.21172716849132403,0.24216554010234143,0.5461072914063344,2,0
2022-07-11,0.40073194031812776,0.4111650110426381,1.0631695809083443,0.19648529171932996,0.20629747624321235,0.5972172320374577,2,1
2022-07-12,0.44985326502590506,0.40765066096076896,1.055582505521319,0.18172829672940713,0.18669014151528082,0.6315815617553122,2,2
2022-07-13,0.4627152314312676,0.4062878859358712,1.0538253304803844,0.172999069371491,0.19128662982575068,0.6357143008027586,2,2
2022-07-14,0.45740516523117947,0.42101714498429804,1.0531439429679357,0.17586893376000465,0.19085696724881132,0.6332740989911841,2,2
2022-07-15,0.4291475217514692,0.43997062475158977,1.060508572492149,0.17573654274093234,0.21937939276666646,0.6048840644924015,2,2
2022-07-18,0.42729120377991014,0.4452824774439462,1.069985312375795,0.17937852601572216,0.21395174418864568,0.6066697297956323,2,2
2022-07-19,0.31753449218701313,0.4188187228761679,1.072641238721973,0.2026720759024725,0.27712135600804205,0.5202065680894856,2,0
2022-07-20,0.2914790680653241,0.3845714902029792,1.059409361438084,0.20734411767879948,0.29383269657707706,0.49882318574412354,2,2
2022-07-21,0.20438858229173476,0.33396817361509024,1.0422857451014895,0.24616970416374515,0.30327200938077487,0.4505582864554799,2,2
2022-07-22,0.30455699841285966,0.30905006894736836,1.016984086807545,0.21251815365197155,0.2704066942831974,0.5170751520648312,2,2
2022-07-25,0.33621255352393253,0.29083433889617283,1.0045250344736842,0.207361032506446,0.24906538146317486,0.5435735860303785,2,2
2022-07-26,0.4087401977710694,0.3090754800129841,0.8,0.1877871656411889,0.21568547094655272,0.5965273634122583,2,2
2022-07-27,0.33897897936706,0.3185754622733313,1.004537740006492,0.19844548665335424,0.26413004732623147,0.5374244660204143,2,2
2022-07-28,0.23533037273637053,0.3247638203622584,1.0092877311366657,0.2470050979129314,0.2706594314377669,0.48233547064930193,2,2
2022-07-29,0.07888564718263752,0.279629550116214,1.012381910181129,0.28017368619920907,0.3607669804189443,0.3590593333818466,1,2
2022-08-01,-0.08135077581449879,0.19611688424852772,0.8,0.41873023909598023,0.243890297622538,0.33737946328148144,0,2
2022-08-02,-0.03261692923191872,0.1078454588479301,0.8,0.40183743130551397,0.22894206662089092,0.36922050207359525,0,2
2022-08-03,-0.15505362133060996,0.009038938708396116,0.8,0.4359414996885521,0.28317062195350523,0.28088787835794216,0,2
2022-08-04,-0.1436193103118083,-0.06675099790123964,0.5,0.42173881905720473,0.3001416721973986,0.2781195087453964,0,1
2022-08-05,-0.11374466340427786,-0.10527706001862272,0.0,0.40004379272703083,0.31365707795021625,0.286299129322753,0,2
2022-08-08,-0.11638563031850474,-0.11228403091942392,0.0,0.4006988105960494,0.3149880091264064,0.28431318027754465,0,2
2022-08-09,-0.07115797966740223,-0.11999224100652062,0.0,0.40497347397895916,0.2612110317094838,0.33381549431155694,0,2
2022-08-10,-0.009452054193495818,-0.09087192757909779,0.0,0.33511061346987286,0.33923082725374964,0.32565855927637705,1,1
2022-08-11,-0.009961189753047994,-0.06414030346734573,0.0,0.34218296849664287,0.32559525275976237,0.3322217787435949,0,2
2022-08-12,-0.06182843037260033,-0.05375705686101022,0.0,0.35941060984111894,0.34300721069036233,0.2975821794685186,0,0
2022-08-15,-0.07915011908390468,-0.04630995461409021,0.0,0.3742560516298799,0.3306380158241447,0.2951059325459752,0,0
2022-08-16,-0.100826008747745,-0.052243560430158764,0.0,0.3898400130776935,0.3211459825923581,0.2890140043299485,0,0
2022-08-17,-0.03610562059916922,-0.05757427371129344,0.0,0.36509378290178945,0.3059180547955901,0.32898816230262024,0,0
2022-08-18,-0.049728646662604514,-0.06552776509320475,0.0,0.37258635031838094,0.3045559460258423,0.32285770365577643,0,0
2022-08-19,-0.016862652972006786,-0.05653460961308604,0.0,0.37257109180915704,0.2717204693536927,0.35570843883715025,0,0
2022-08-22,0.06961060494176541,-0.026782464807952024,0.0,0.36002021547886603,0.21034896410050305,0.42963082042063144,2,0
2022-08-23,0.08173439446926362,0.009729615835449701,0.0,0.3485178682862827,0.22122986895817157,0.4302522627555463,2,0
2022-08-24,0.020563641719257064,0.021063468299134958,0.5,0.37011320444283186,0.23920994939507956,0.3906768461620889,2,0
2022-08-25,-0.049771191056382114,0.021054959420379438,0.5,0.3960332715281472,0.257704648000088,0.3462620804717651,0,0
2022-08-26,0.01557017273431699,0.027541524561644194,0.5,0.39708227312617705,0.19026528101332948,0.41265244586049404,2,0
2022-08-29,0.19549025730425224,0.05271745503414156,0.5,0.3016472045282266,0.20121533363929503,0.4971374618324788,2,0
2022-08-30,0.20026222652153575,0.07642302144459598,0.5,0.29415793125424666,0.21142191096997143,0.4944201577757824,2,1
2022-08-31,0.21356921178787092,0.11502413545831876,0.5,0.29353481187483754,0.19936116446245428,0.5071040236627085,2,1
2022-09-01,-0.0140172927402763,0.12217491512153991,0.8,0.4079166894733562,0.1981839137935639,0.3938993967330799,0,2
2022-09-02,-0.02753949158207497,0.11355298225826153,0.8,0.4108021828590704,0.20593512586393417,0.3832626912769954,0,2
2022-09-06,0.06350913037081574,0.08715675687157423,0.8,0.36038543275444973,0.21572000412028464,0.42389456312526547,2,1
2022-09-07,-0.02847083135948525,0.04141014529537003,0.5,0.4062852512517143,0.21590032885605687,0.377814419892229,0,1
2022-09-08,-0.09218004270446167,-0.019739705603096493,0.5,0.4420216089267062,0.20813682485104948,0.34984156622224455,0,0
2022-09-09,-0.21273710620699549,-0.05948366829644033,0.0,0.501970520106902,0.2087960659931916,0.28923341389990653,0,0
2022-09-12,-0.20896850622324487,-0.0957694712246743,0.0,0.5108614798693708,0.18724554648450334,0.30189297364612594,0,0
2022-09-13,-0.13347162737102897,-0.13516562277304325,0.0,0.46490670037265414,0.2036582266257206,0.33143507300162517,0,0
2022-09-14,-0.13723604135316497,-0.15691866477177918,0.0,0.47415838744028654,0.18891926647259139,0.33692234608712157,0,0
2022-09-15,-0.14078381738303047,-0.16663941970749296,0.0,0.47992253218227554,0.180938753018479,0.33913871479924507,0,0
2022-09-16,-0.15242368129244782,-0.1545767347245834,0.0,0.49141052523013484,0.16960263083217775,0.338986843937687,0,0
2022-09-19,-0.11393134423333995,-0.13556930232660241,0.0,0.4753784937941135,0.1631743566451126,0.36144714956077356,0,0
2022-09-20,-0.27604267336789884,-0.1640835115259764,0.0,0.5564360721262648,0.163170529115369,0.28039339875836594,0,0
2022-09-21,-0.1137956750960013,-0.15939543827454367,0.0,0.4724452480641462,0.16890517896770876,0.35864957296814487,0,0
2022-09-22,-0.0982067241188469,-0.15088001962170697,0.0,0.46646951763066047,0.1652676888575257,0.36826279351181357,0,0
2022-09-23,-0.02912461222833207,-0.12622020580888382,0.0,0.43173573652682457,0.16565313917468313,0.4026111242984925,0,0
2022-09-26,0.07810838716861968,-0.08781225952849189,0.0,0.3581341043528558,0.20562340412566832,0.4362424915214755,2,1
2022-09-27,0.12588944951292408,-0.007425834952327304,0.0,0.3219532730027634,0.23020400448154885,0.44784272251568746,2,2
2022-09-28,-0.04417930739103626,0.006497438588665705,0.0,0.4238940643429998,0.1963911787050371,0.37971475695196355,0,2
2022-09-29,0.11679246546338717,0.04949727650511252,0.5,0.31684450738516545,0.24951851976628145,0.4336369728485526,2,2
2022-09-30,0.34343149939234263,0.12400849882924744,0.5,0.2318313078493305,0.1929058849089963,0.5752628072416731,2,1
2022-10-03,0.3979208332587019,0.18797098804726392,0.8,0.21353307034718733,0.17501302604692326,0.6114539036058892,2,0
2022-10-04,0.32768230409472926,0.22832955896362495,0.8,0.23675094885386866,0.19881579819753312,0.5644332529485979,2,0
2022-10-05,0.4165898138678604,0.32048338321540426,0.8,0.20263193765398446,0.17814631082417062,0.6192217515218449,2,0
2022-10-06,0.4366024191357743,0.3844453739498817,1.0102416916077022,0.19270043110405072,0.17799671865612393,0.629302850239825,2,0
2022-10-07,0.4765266854191409,0.41106441115524134,1.042222686974941,0.1769999432872096,0.16947342800644002,0.6535266287063505,2,0
2022-10-10,0.49433051525357374,0.43034634755421575,1.0555322055776206,0.17685597820672502,0.1519575283329763,0.6711864934602988,2,2
2022-10-11,0.509723925474691,0.4667546718302081,1.065173173777108,0.16851057416416287,0.15325492619698303,0.6782344996388538,2,2
2022-10-12,0.5456323862575274,0.49256318630814144,1.083377335915104,0.15541292245971122,0.14354176882305025,0.7010453087172386,2,2
2022-10-13,0.45606169060809987,0.4964550406026066,1.0962815931540708,0.19017887328768168,0.16358056281653707,0.6462405638957816,2,1
2022-10-14,0.5371131522330604,0.5085723339653905,1.0982275203013032,0.1570069629692017,0.14887292182853631,0.6941201152022621,2,2
2022-10-17,0.403276512307702,0.49036153337621613,1.1042861669826953,0.21020330442424381,0.17631687884381037,0.6134798167319458,2,2
2022-10-18,0.3610545183540106,0.4606276519520801,1.0951807666881082,0.23129610268962417,0.17635327626674063,0.5923506210436348,2,2
2022-10-19,0.3710987812854098,0.42572093095765656,1.08031382597604,0.22801005693085624,0.17288110485287767,0.599108838216266,2,2
2022-10-20,0.3776390353347793,0.41003639990299245,1.0628604654788283,0.2301257291414151,0.16210950638239058,0.6077647644761944,2,2
2022-10-21,0.3005243421396001,0.36271863788430037,1.0550181999514963,0.23782637079138766,0.2238229162776242,0.5383507129309878,2,2
2022-10-24,0.35139144903857344,0.35234162523047463,1.0313593189421502,0.2140995977271194,0.22040935550718752,0.5654910467656928,2,1
2022-10-25,0.2753626234621314,0.3352032462520988,1.0261708126152373,0.24882325355357754,0.22699086943071323,0.524185877015709,2,0
2022-10-26,0.3013572138491994,0.3212549327648567,1.0176016231260494,0.252874617100809,0.1928935519491826,0.5542318309500084,2,0
2022-10-27,0.3552420894356575,0.31677554358503235,1.0106274663824284,0.21815318472088877,0.20845154112256523,0.5733952741565462,2,0
2022-10-28,0.2937934865214266,0.3154293724613977,1.0083877717925163,0.2271833973709078,0.2518397187367576,0.5209768838923344,2,0
2022-10-31,0.13610870723227847,0.2723728241001387,1.007714686230699,0.3245468883896122,0.21479751598849714,0.4606555956218907,2,0
2022-11-01,0.33465482030984084,0.2842312634696806,0.8,0.22761211701101483,0.21012094566812908,0.5622669373208556,2,0
2022-11-02,0.3251134170820945,0.2889825041162596,0.8,0.23976686547177617,0.19535285197435295,0.5648802825538707,2,0
2022-11-03,0.34413679278902864,0.28676144478693383,0.8,0.2289292641985534,0.19800467881386433,0.5730660569875821,2,2
2022-11-04,0.24204410425124123,0.2764115683328967,0.8,0.2655287046596143,0.22689848642952956,0.5075728089108555,2,2
2022-11-07,0.26460413468513083,0.3021106538234672,0.8,0.2572064797850368,0.22098290574479548,0.5218106144701676,2,2
2022-11-08,0.381646344591294,0.31150895867975786,1.0010553269117337,0.20095303662239294,0.21644758216392015,0.5825993812136869,2,2
2022-11-09,0.4108689684593451,0.32866006895520794,1.005754479339879,0.19767089724323844,0.1937892370541781,0.6085398657025836,2,2
2022-11-10,0.17839684714598064,0.29551207982659833,1.014330034477604,0.2463164190356542,0.32897031478271094,0.42471326618163485,2,1
2022-11-11,0.19216570091237303,0.2855363991588248,0.8,0.23300619399516867,0.3418219110972899,0.4251718949075417,2,0
2022-11-14,0.2962407443238574,0.29186372108657005,0.8,0.198672590238696,0.3064140751987505,0.4949133345625534,2,0
2022-11-15,0.3509266295849178,0.2857197780852948,0.8,0.16529255541785692,0.3184882595793684,0.5162191850027747,2,0
2022-11-16,0.3438251735244821,0.2723110190983222,0.8,0.178083400394156,0.30000802568720575,0.5219085739186381,2,2
2022-11-17,0.42519575247034114,0.3216708001631943,0.8,0.15291205442060007,0.2689801386884585,0.5781078068909412,2,1
2022-11-18,0.4036589801814914,0.36396945601701797,1.0108354000815971,0.15979240386131002,0.27675621209588824,0.5634513840428014,2,0
2022-11-21,0.3281978137288754,0.3703608698980216,1.031984728008509,0.1923738865392874,0.28705441319254943,0.5205717002681628,2,1
2022-11-22,0.2844352405465291,0.3570625920903438,1.0351804349490108,0.19891030072977717,0.3177441579939165,0.48334554127630625,2,2
2022-11-23,0.26906229804326126,0.34211001699409965,1.028531296045172,0.19610878574695428,0.33872013046283,0.46517108379021554,2,2
2022-11-25,0.3101777185949227,0.3191064102190159,1.0210550084970498,0.1846746342669327,0.3204730128712114,0.4948523528618554,2,2
2022-11-28,0.3792740373220035,0.31422942164711837,1.009553205109508,0.17376036600667835,0.27320523066463936,0.5530344033286818,2,2
2022-11-29,0.36592699737757395,0.3217752583768581,1.0071147108235592,0.17523645217048633,0.283600098281453,0.5411634495480603,2,1
2022-11-30,0.11065740856354483,0.2870196919802613,1.010887629188429,0.2592175115566119,0.37090756832323124,0.3698749201201567,1,0
2022-12-01,0.0017774426955320943,0.23356272091071545,0.8,0.3322015144706461,0.3338195283631762,0.3339789571661782,2,0
2022-12-02,-0.01498758892663632,0.1685296594064036,0.8,0.3371980782588138,0.34059143240900924,0.3222104893321775,1,0
2022-12-05,-0.003950860871084871,0.09188467976778594,0.8,0.342446089704943,0.3190586814611994,0.33849522883385813,0,0
2022-12-06,0.004911285826216583,0.019681537457514463,0.5,0.34575323669625624,0.3035822407812714,0.3506645225224728,2,2
2022-12-07,0.021272345513344282,0.0018045248474743536,0.5,0.3397802098537855,0.29916723477908497,0.36105255536712977,2,2
2022-12-08,0.005515321436447451,0.002552100595657425,0.5,0.32116646268327326,0.3521517531970066,0.3266817841197207,1,0
2022-12-09,-0.012699155266029272,0.0030097873277788343,0.5,0.354777601179373,0.30314395290728385,0.34207844591334374,0,0
2022-12-12,0.012567122935709885,0.006313384089137786,0.5,0.36851080950265663,0.2504112580589766,0.3810779324383665,2,0
2022-12-13,-0.05070569236539679,-0.00481001154918489,0.5,0.3546503105297558,0.34140507130588604,0.303944618164359,0,0
2022-12-14,-0.06940437361723412,-0.02294535537530057,0.0,0.36654156418072864,0.3363212452557773,0.2971371905634945,0,0
2022-12-15,-0.01744317028513742,-0.027537053719617545,0.0,0.3486566807881578,0.32012980870882246,0.3312135105030204,0,0
2022-12-16,-0.046575781121811044,-0.0343123788907739,0.0,0.3681837059778957,0.31020836916602,0.32160792485608464,0,0
2022-12-19,-0.009066204924650545,-0.03863904446284598,0.0,0.3566139012256869,0.29583840247327675,0.3475476963010364,0,0
2022-12-20,0.03661800030495088,-0.02117430592877645,0.0,0.32029655041157046,0.3227888988719087,0.35691455071652134,2,0
2022-12-21,-0.01570495785025139,-0.010434422775379903,0.0,0.3487455930199634,0.31821377181032495,0.333040635169712,0,0
2022-12-22,0.03378939188543384,-0.00018791034126565133,0.0,0.3432931251066688,0.2796243579012286,0.37708251699210266,2,1
2022-12-23,0.005911587067416513,0.01030956329657986,0.0,0.35235612018933804,0.28937617255390746,0.35826770725675455,2,0
2022-12-27,0.02419818340817348,0.016962440963144663,0.5,0.34942862706386174,0.2769445624641032,0.3736268104720352,2,2
2022-12-28,0.05712042516098226,0.02106292593435094,0.5,0.3412919858560244,0.26029560312696925,0.39841241101700664,2,2
2022-12-29,0.0780783106431368,0.03981957963302858,0.5,0.3254125899020494,0.2710965095527648,0.4034909005451862,2,2
2022-12-30,0.2925602438601087,0.09157375002796356,0.5,0.21718184839679197,0.273076059346308,0.5097420922569007,2,2
2023-01-03,0.4955455902906549,0.18950055067261123,0.5,0.12375758618757934,0.25693923733418605,0.6193031764782343,2,2
2023-01-04,0.46355671464232706,0.27737225691944195,0.8,0.1292627670587939,0.2779177512400848,0.592819481701121,2,2
2023-01-05,0.45240165086012724,0.35642850205927096,0.8,0.13602719806723834,0.2755439530053954,0.5884288489273656,2,2
2023-01-06,0.4122668087375669,0.42326620167815693,1.0282142510296355,0.1499402113102663,0.2878527686419002,0.5622070200478332,2,2
2023-01-09,0.4224465800457974,0.44924346891529465,1.0616331008390785,0.14155841009700246,0.2944365997601978,0.5640049901427998,2,2
2023-01-10,0.3904950155712078,0.4282333539714053,1.0746217344576474,0.15037774236657317,0.30874949969564564,0.540872757937781,2,2
2023-01-11,0.3423720531468096,0.40399642167230176,1.0641166769857027,0.1617252586113616,0.3341774296304672,0.5040973117581712,2,1
2023-01-12,0.3261861947002276,0.3787533304403219,1.051998210836151,0.16919247253147274,0.33542886023682694,0.4953786672317003,2,2
2023-01-13,0.31259909805947195,0.35881978830470285,1.039376665220161,0.1728136774690945,0.341773547002339,0.4854127755285665,2,2
2023-01-17,0.33760989430990995,0.3418524511575254,1.0294098941523515,0.16234567810556766,0.3376987494789545,0.4999555724154776,2,2
2023-01-18,0.39825163127610497,0.3434037742985048,1.0209262255787628,0.154907115836135,0.29193413705162496,0.55315874711224,2,2
2023-01-19,0.46968275317763386,0.36886591430466964,1.0217018871492525,0.1331348570193335,0.26404753278369913,0.6028176101969673,2,2
2023-01-20,0.38649574092793587,0.38092782355021126,1.0344329571523347,0.15117126680599652,0.31116172546007126,0.5376670077339324,2,2
2023-01-23,0.3624668506180996,0.39090137406193687,1.0404639117751056,0.15822188083511987,0.3210893877116607,0.5206887314532195,2,1
2023-01-24,0.38746770483132026,0.4008729361662189,1.0454506870309683,0.15266812513700218,0.3071960448946751,0.5401358299683224,2,2
2023-01-25,0.3743594616086774,0.3960945022327334,1.0504364680831095,0.15682837253849627,0.31198379331433007,0.5311878341471736,2,2
2023-01-26,0.28230646164790707,0.358619243926788,1.0480472511163668,0.18636764387740393,0.344958250597285,0.468674105525311,2,2
2023-01-27,0.27372002761435754,0.3360641012640724,1.029309621963394,0.18683496241917646,0.3526100475472894,0.460554990033534,2,2
2023-01-30,0.3889347339253343,0.3413576779255193,1.0180320506320362,0.15105973296195066,0.30894580015076467,0.5399944668872849,2,2
2023-01-31,0.3268398635092037,0.329232109661096,1.0206788389627597,0.1651947352054184,0.3427706660799599,0.4920345987146221,2,2
2023-02-01,0.14235044441532732,0.282830306222426,1.014616054830548,0.2395960394514323,0.37845747668180835,0.3819464838667596,2,1
2023-02-02,0.12304851148740437,0.25097871619032547,0.8,0.2590041347321304,0.358943219048335,0.3820526462195348,2,0
2023-02-03,0.2075008774962133,0.23773488616669658,0.8,0.22958087381697087,0.33333737486984505,0.43708175131318416,2,0
2023-02-06,0.2187036629846308,0.20368867197855592,0.8,0.23000482519784038,0.32128668661968846,0.44870848818247117,2,1
2023-02-07,0.1826303867834577,0.1748467766334067,0.8,0.24355353316940917,0.33026254687772433,0.42618391995286686,2,0
2023-02-08,0.27009104732062555,0.20039489721446638,0.8,0.21151225590850653,0.3068844408623613,0.4816033032291321,2,2
2023-02-09,0.292287923758072,0.23424277966859988,0.8,0.20825035366934774,0.29121136890323246,0.5005382774274197,2,1
2023-02-10,0.2663135392769654,0.2460053120247503,0.8,0.22163120086179672,0.29042405899944135,0.4879447401387621,2,1
2023-02-13,0.23971856595173383,0.2502082926181709,0.8,0.23141210415638738,0.2974572257354914,0.4711306701081212,2,0
2023-02-14,0.23650930643827142,0.26098407654913364,0.8,0.23586535524725435,0.2917599830672201,0.4723746616855258,2,0
2023-02-15,0.19591333775504088,0.24614853463601669,0.8,0.25079106992386174,0.302504522397236,0.4467044076789026,2,0
2023-02-16,0.19949007816793307,0.22758896551798893,0.8,0.25367465716165377,0.2931606075087597,0.45316473532958684,2,0
2023-02-17,0.1415896846774255,0.20264419459808095,0.8,0.277100244897856,0.30420982552686293,0.4186899295752815,2,0
2023-02-21,0.22693071075156007,0.2000866235580462,0.8,0.2535211334484713,0.26602702235149744,0.4804518442000314,2,1
2023-02-22,0.20899280629198952,0.1945833235287898,0.8,0.26006586059441167,0.2708754725191875,0.4690586668864012,2,0
2023-02-23,0.15941982868463278,0.18728462171470822,0.8,0.2731714029169282,0.29423736548151136,0.432591231601561,2,0
2023-02-24,0.1756796593031691,0.18252253794175538,0.8,0.26768070238074054,0.2889589359353501,0.44336036168390963,2,2
2023-02-27,0.13807896818335758,0.1818203946429418,0.8,0.28331256514668995,0.29529590152326307,0.42139153333004753,2,2
2023-02-28,0.1323916693800487,0.16291258636863953,0.8,0.29159724737995896,0.2844138358600338,0.42398891676000766,2,1
2023-03-01,0.3171223979551861,0.18453850470127886,0.8,0.2057399199225371,0.2713977621997401,0.5228623178777232,2,2
2023-03-02,0.2503358477685222,0.20272170851805674,0.8,0.23282897101407207,0.284006210203334,0.48316481878259426,2,0
2023-03-03,0.2052277304676162,0.20863132275094615,0.8,0.24040028905732055,0.3139716914177429,0.44562801952493675,2,0
2023-03-06,0.27225063045777587,0.2354656552058298,0.8,0.2105170825581508,0.306715204425923,0.48276771301592664,2,0
2023-03-07,0.22288797683075787,0.25356491669597164,0.8,0.217793712820094,0.34152459752905434,0.44068168965085186,2,0
2023-03-08,0.18546544006456245,0.22723352511784692,0.8,0.2300578608008343,0.35441883833376925,0.41552330086539674,2,0
2023-03-09,0.3430661401793875,0.24577958360001997,0.8,0.17940454421674482,0.29812477138712296,0.5224706843961323,2,2
2023-03-10,0.463588250916491,0.2974516876897949,0.8,0.15542292909504135,0.22556589089342602,0.6190111800115323,2,2
2023-03-13,0.4722675810014949,0.3374550777985387,0.8,0.15216675555111905,0.22339890789626696,0.6244343365526139,2,2
2023-03-14,0.3988870950880278,0.37265490144999275,1.0187275388992694,0.17724179284162736,0.24662931922871797,0.5761288879296551,2,2
2023-03-15,0.4538905574308383,0.4263399249232479,1.0363274507249964,0.1602816990550903,0.2255460444589812,0.6141722564859285,2,2
2023-03-16,0.3182931745584724,0.42138533179906484,1.063169962461624,0.18748698453953547,0.30673285636245673,0.5057801590980079,2,1
2023-03-17,0.35832081647436587,0.40033184491063983,1.0606926658995324,0.19100340937216254,0.2596723647813098,0.5493242258465284,2,2
2023-03-20,0.31732514631201064,0.369343357972743,1.05016592245532,0.19891667156402942,0.2848415105599311,0.5162418178760401,2,1
2023-03-21,0.28686050992793666,0.3469380409407248,1.0346716789863715,0.174742533620757,0.36365442283054955,0.4616030435486937,2,0
2023-03-22,0.3383395219336962,0.3238278338412964,1.0234690204703625,0.1671316543857813,0.32739716929474155,0.5054711763194775,2,2
2023-03-23,0.34000158629748256,0.3281695161890984,1.0119139169206481,0.16560275165941626,0.3287929103836853,0.5056043379568989,2,2
2023-03-24,0.3143090116168594,0.31936715521759707,1.0140847580945491,0.16869377670145383,0.34830343498023325,0.4830027883183133,2,2
2023-03-27,0.28753747852614653,0.31340962166042424,1.0096835776087985,0.17576774677190984,0.36092702793003373,0.4633052252980564,2,2
2023-03-28,0.3116507984113075,0.3183676793570984,1.0067048108302121,0.16831300033737248,0.351723200913948,0.47996379874867995,2,2
2023-03-29,0.17440198705224316,0.28558017238080785,1.0091838396785493,0.22211773287133066,0.3813625472050954,0.3965197199235738,2,1
2023-03-30,0.15626811412034525,0.24883347794538038,0.8,0.23218096381510317,0.3793699582494482,0.3884490779354484,2,1
2023-03-31,0.12813332596875476,0.21159834081575943,0.8,0.24341538923085104,0.3850358955695434,0.3715487151996058,1,0
2023-04-03,0.15106851285556655,0.18430454768164345,0.8,0.23129329873591847,0.3863448896725967,0.382361811591485,1,0
2023-04-04,0.1715572983492909,0.1562858476692401,0.8,0.2162512455250568,0.3959402106005959,0.3878085438743477,1,0
2023-04-05,0.2366525043004893,0.16873595111888934,0.8,0.19305566018551065,0.3772361753284897,0.42970816448599997,2,2
2023-04-06,0.23811633333141485,0.18510559496110326,0.8,0.1918935256337425,0.37809661540110046,0.43000985896515737,2,1
2023-04-10,0.25807857501267606,0.21109464476988754,0.8,0.19400432647037089,0.3539127720465825,0.4520829014830469,2,1
2023-04-11,0.24596024546162415,0.2300729912910991,0.8,0.20020157160707897,0.3536366113242182,0.4461618170687031,2,2
2023-04-12,0.24757420320990686,0.24527637226322224,0.8,0.19423328905686932,0.3639592186763546,0.4418074922667762,2,2
2023-04-13,0.24446844241971927,0.24683955988706824,0.8,0.18185100092951179,0.391829555721257,0.42631944334923105,2,0
2023-04-14,0.251766595986997,0.24956961241818468,0.8,0.1893762615956239,0.36948088082175534,0.44114285758262095,2,1
2023-04-17,0.2603724056853643,0.2500283785527223,0.8,0.17839101216880587,0.38284556997702396,0.43876341785417017,2,0
2023-04-18,0.2618790650202571,0.25321214246444895,0.8,0.18017777101178256,0.37776539295617767,0.44205683603203966,2,0
2023-04-19,0.2287432559069713,0.24944595300386183,0.8,0.20401324291822304,0.3632302582565827,0.43275649882519435,2,0
2023-04-20,0.2596084783608592,0.2524739601920898,0.8,0.19322178977552984,0.353947942088081,0.45283026813638905,2,1
2023-04-21,0.27096459088567837,0.2563135591718261,0.8,0.18248356992511242,0.36406826926409686,0.45344816081079076,2,2
2023-04-24,0.26715625184182734,0.25767032840311865,0.8,0.18876270145511656,0.3553183452479396,0.4559189532969439,2,2
2023-04-25,0.26767171994179795,0.25882885938742684,0.8,0.18734523725760224,0.3576378055429977,0.45501695719940016,2,2
2023-04-26,0.26059727414637157,0.2651996630353069,0.8,0.19165983111967147,0.3560830636142856,0.45225710526604307,2,2
2023-04-27,0.2539771280270691,0.26407339296854887,0.8,0.1943093176044406,0.3574042367640497,0.4482864456315097,2,0
2023-04-28,0.2575977903436777,0.26140003286014873,0.8,0.18483467370593956,0.37273286224444324,0.4424324640496172,2,1
2023-05-01,0.3862261588682311,0.28521401426542947,0.8,0.14608205534966476,0.3216097304324401,0.5323082142178959,2,1
2023-05-02,0.3730453662201737,0.30628874352110463,0.8,0.15024383188505896,0.32646697000970903,0.5232891981052327,2,2
2023-05-03,0.3452735493484579,0.32322399856152184,1.0031443717605524,0.15983153504838088,0.33506338055478085,0.5051050843968388,2,2
2023-05-04,0.38222124063527485,0.34887282108316303,1.0116119992807608,0.1432197440431089,0.3313392712785079,0.5254409846783837,2,2
2023-05-05,0.344041473128018,0.3661615576400311,1.0244364105415815,0.15405490173543576,0.34784872340111084,0.4980963748634538,2,1
2023-05-08,0.35567972205119247,0.36005227027662334,1.0330807788200156,0.1497782189325462,0.34476384008371547,0.5054579409837386,2,2
2023-05-09,0.3578009785178684,0.35700339273616233,1.0300261351383118,0.1485210528494124,0.345156915783307,0.5063220313672808,2,2
2023-05-10,0.3445318237056209,0.3568550476075949,1.028501696368081,0.1521014604677518,0.3512652553588755,0.4966332841733727,2,2
2023-05-11,0.3284113718928622,0.3460930738591124,1.0284275238037974,0.16313458900197644,0.34531945010318515,0.4915459608948386,2,2
2023-05-12,0.3775404395474654,0.35279286714300184,1.0230465369295563,0.1469595948491875,0.3285403707541599,0.5245000343966529,2,2
2023-05-15,0.3452468961986868,0.3507063019725007,1.026396433571501,0.15820674617871416,0.33833961144388497,0.503453642377401,2,2
2023-05-16,0.3203808418418819,0.3432222746373035,1.0253531509862504,0.16667669250577427,0.34626577314656987,0.4870575343476562,2,2
2023-05-17,0.3544891464087163,0.34521373917792253,1.0216111373186518,0.1559580505337653,0.3335947525237534,0.5104471969424816,2,1
2023-05-18,0.3361760687371997,0.34676667854679,1.0226068695889612,0.1606698399274265,0.34248425140794786,0.4968459086646262,2,1
2023-05-19,0.32529613941655544,0.33631781852060805,1.023383339273395,0.16878217767475628,0.33713950523393266,0.4940783170913117,2,2
2023-05-22,0.2580918051047642,0.31888680030182354,1.018158909260304,0.19928620477852987,0.3433357853381765,0.4573780098832941,2,2
2023-05-23,0.31914638272639934,0.318639908478727,1.0094434001509118,0.1774900308831271,0.3258735555073468,0.49663641360952643,2,2
2023-05-24,0.3301552725484689,0.3137731337066775,1.0093199542393636,0.18266693341371185,0.3045108606241075,0.5128222059621808,2,2
2023-05-25,0.30010461988342463,0.30655884393592253,1.0068865668533387,0.19496337817509687,0.3099686237663817,0.4950679980585215,2,2
2023-05-26,0.2408875542485471,0.28967712690232084,1.0032794219679613,0.2264452866915682,0.3062218723683163,0.4673328409401153,2,2
2023-05-30,0.10659675477593783,0.25937811683655554,0.8,0.2973610355990703,0.2986811740259217,0.4039577903750081,2,2
2023-05-31,0.10813672935226126,0.21717618616172793,0.8,0.3054157553302945,0.28103175998715,0.4135524846825558,2,2
2023-06-01,0.05509885359556549,0.16216490237114728,0.8,0.2935511930539516,0.3577987602965316,0.3486500466495171,1,2
2023-06-02,0.016943888604736,0.10553275611540953,0.8,0.30732704887504175,0.3684020136451811,0.32427093747977775,1,1
2023-06-05,0.04464648104033181,0.06628454147376647,0.8,0.3107054213112851,0.33394267633709795,0.3553519023516169,2,2
2023-06-06,0.009854184359158968,0.04693602739041071,0.5,0.314506034733472,0.3611337461738971,0.32436021909263096,1,2
2023-06-07,0.026767561908265736,0.030662193901611602,0.5,0.3235635999551577,0.3261052381814186,0.35033116186342345,2,2
2023-06-08,-0.024599376249345162,0.014722547932629471,0.5,0.3389482524021552,0.34670287144503464,0.31434887615281004,1,2
2023-06-09,-0.011893639179630766,0.008955042375756117,0.5,0.33812710073878594,0.3356394377020588,0.32623346155915517,0,2
2023-06-12,0.10207473962483488,0.020440694092656732,0.5,0.2799671482130344,0.3379909639490966,0.3820418878378693,2,2
2023-06-13,0.0415684618944116,0.026783549599707256,0.5,0.28923637287170917,0.3799587923621701,0.33080483476612077,1,1
2023-06-14,0.011997936427938338,0.023829624503641778,0.5,0.30260843982462377,0.3827851839228142,0.3146063762525621,1,1
2023-06-15,0.0347446052659266,0.03569842080669613,0.5,0.2977059610733364,0.36984347258740063,0.332450566339263,1,0
2023-06-16,-0.0018122087448634305,0.0377147068936496,0.5,0.32978305418013,0.34224610038460357,0.32797084543526656,1,0
2023-06-20,0.013072523449895401,0.019914263658661703,0.5,0.3283964711996561,0.33013453415079247,0.3414689946495515,2,0
2023-06-21,0.01344731234653973,0.014290033749087327,0.5,0.33511786500426605,0.3163169576449279,0.3485651773508058,2,1
2023-06-22,-0.0025596165184961217,0.011378523159800435,0.5,0.33832808235914835,0.32590345180019936,0.33576846584065223,0,1
2023-06-23,0.026533411179257282,0.009736284342466572,0.5,0.3365436321971949,0.3003793244263529,0.3630770433764522,2,2
2023-06-26,0.0878644707960966,0.027671620250658578,0.5,0.29648567256800923,0.3191641840678849,0.38435014336410583,2,2
2023-06-27,0.042488079043519145,0.03355473136938333,0.5,0.30808857956704494,0.34133476182239114,0.3505766586105641,2,2
2023-06-28,-0.00457537768906352,0.029950193362262678,0.5,0.3243811981304561,0.3558129814281512,0.3198058204413926,1,1
2023-06-29,0.027266483219765603,0.035915413309915024,0.5,0.3230681780287695,0.32659716072269535,0.35033466124853513,2,1
2023-06-30,0.04466957615964384,0.039542646305992336,0.5,0.2925574591151975,0.37021550560996125,0.3372270352748413,1,1
2023-07-03,0.018870051595429926,0.025743762465859,0.5,0.3212715039318849,0.33858694054080013,0.34014155552731484,2,1
2023-07-05,0.09793126031805494,0.03683239872076616,0.5,0.28801218044567956,0.3260443787905861,0.3859434407637345,2,2
2023-07-06,0.1962359411848922,0.07699466249555731,0.5,0.2346285383392359,0.3345069821366362,0.4308644795241281,2,2
2023-07-07,0.16709302598539622,0.10495997104868342,0.5,0.2512255957480801,0.3304557825184438,0.41831862173347634,2,2
2023-07-10,0.15005479875986644,0.12603701556872796,0.8,0.26293573425688366,0.3240737327263665,0.4129905330167501,2,2
2023-07-11,0.1477096318754264,0.15180493162472725,0.8,0.26381799795168476,0.3246543722212045,0.41152762982711116,2,2
2023-07-12,-0.005350420310061332,0.131148595499104,0.8,0.33331769805653405,0.3387150241969933,0.3279672777464727,1,2
2023-07-13,-0.0015260311850083808,0.09159620102512386,0.8,0.3348945525631555,0.33173692605869737,0.3333685213781471,0,1
2023-07-14,-0.021021348281682395,0.05397332617170816,0.5,0.3553985186356043,0.3102243110104739,0.3343771703539219,0,1
2023-07-17,-0.018489324167396903,0.02026450158625548,0.5,0.3479917716687409,0.32250578082991505,0.329502447501344,0,0
2023-07-18,-0.03068079251251704,-0.01541358329133321,0.5,0.35920007321310266,0.3122806460863117,0.3285192807005856,0,0
2023-07-19,-0.014984122549787038,-0.01734032373927835,0.0,0.3606892484689826,0.2936056256118219,0.34570512591919556,0,0
2023-07-20,0.0978112705162002,0.0025271366009633643,0.0,0.3082421345744295,0.2857044603349412,0.4060534050906297,2,1
2023-07-21,0.07615606997725377,0.021962620252750597,0.5,0.31445725549792497,0.29492941902689623,0.39061332547517874,2,2
2023-07-24,0.09277532297112823,0.04421554968045562,0.5,0.30742559874611936,0.2923734795366332,0.4002009217172476,2,2
2023-07-25,0.0795523007058434,0.06626216832412771,0.5,0.30464520467325895,0.31115728994763886,0.38419750537910236,2,2
2023-07-26,0.00752790527078101,0.07076457388824132,0.5,0.3401019396396138,0.31226821544999095,0.34762984491039484,2,0
2023-07-27,0.07289874127006896,0.06578206803901507,0.5,0.3118983163791065,0.3033046259717183,0.38479705764917543,2,1
2023-07-28,0.005511632226810392,0.0516531804889264,0.5,0.3450012486316936,0.3044858705098021,0.350512880858504,2,0
2023-07-31,0.011157567334055152,0.03532962936151178,0.5,0.34217725829128814,0.3044879160833683,0.3533348256253433,2,0
2023-08-01,-0.05264697298554538,0.008889774623234026,0.5,0.3699375115110306,0.31277194996348406,0.3172905385254852,0,0
2023-08-02,0.0652045040258738,0.020425094374252585,0.5,0.33503952242656226,0.26471645112100184,0.40024402645243606,2,0
2023-08-03,0.03900846038496952,0.013647038197232697,0.5,0.3477426983901406,0.2655061428347496,0.3867511587751101,2,0
2023-08-04,0.00043375496745867714,0.012631462745362355,0.5,0.371050996014797,0.2574642530029475,0.3714847509822557,2,0
2023-08-07,0.01594390807291457,0.013588730893134237,0.5,0.3613883345602126,0.26127942280666067,0.37733224263312715,2,0
2023-08-08,-0.001137165170847998,0.023890692456073715,0.5,0.3691145756336745,0.262908013903499,0.3679774104628265,0,0
2023-08-09,0.029915920692567766,0.016832975789412508,0.5,0.35329496328575216,0.2634941527359285,0.3832108839783199,2,0
2023-08-10,0.05626694355536904,0.02028467242349241,0.5,0.32999862636387867,0.2837358037168739,0.3862655699192477,2,0
2023-08-11,0.07191228078140927,0.03458037758628253,0.5,0.3319162159387236,0.26425528734114356,0.4038284967201329,2,0
2023-08-14,0.07871936396948992,0.0471354687655976,0.5,0.3267652621156226,0.2677501117992647,0.40548462608511254,2,0
2023-08-15,0.10532444963353099,0.0684277917264734,0.5,0.3183344042577488,0.2580067418509713,0.4236588538912798,2,0
2023-08-16,0.12190815249656878,0.0868262380872736,0.5,0.31313411824864246,0.2518236110061464,0.43504227074521123,2,2
2023-08-17,0.14444458010138567,0.10446176539647692,0.5,0.2996702170501438,0.2562149857983271,0.44411479715152946,2,2
2023-08-18,0.06845098563495544,0.10376950636718615,0.8,0.33787976776285444,0.2557894788393359,0.4063307533978099,2,2
2023-08-21,0.018509811488010508,0.09172759587089027,0.8,0.3548579645139053,0.2717742594841793,0.3733677760019158,2,2
2023-08-22,-0.015541990581107445,0.0675543078279626,0.5,0.3826632435117391,0.2502155035576293,0.36712125293063164,0,2
2023-08-23,-0.021531638506549988,0.038866349627338835,0.5,0.37238760470778776,0.2767564290909745,0.35085596620123777,0,2
2023-08-24,0.003838184874855266,0.010745070582032756,0.5,0.3745865657955846,0.2469886835339757,0.37842475067043985,2,2
2023-08-25,0.05214931436184128,0.007484736327409924,0.5,0.3496398278647477,0.24857102990866345,0.40178914222658896,2,2
2023-08-28,0.0826787412688838,0.020318522283584585,0.5,0.3262099543530604,0.2649013500249955,0.4088886956219442,2,2
2023-08-29,0.18023496987725546,0.05947391437525716,0.5,0.2602827138112073,0.2991996025003294,0.4405176836884628,2,1
2023-08-30,0.16584803419907845,0.09694984891638285,0.5,0.24839927920840166,0.337353407384118,0.4142473134074801,2,0
2023-08-31,0.10782183575770576,0.11774657909295297,0.5,0.2661963885802221,0.3597853870818499,0.37401822433792786,2,0
2023-09-01,-0.010740891316826873,0.10516853795721932,0.8,0.3345843589037403,0.3415721735093463,0.3238434675869134,1,0
2023-09-05,-0.03606526073273597,0.08141973755689537,0.8,0.36037285856698154,0.31531954359877273,0.32430759783424556,0,0
2023-09-06,0.021197667675334764,0.04961227711651123,0.5,0.345408504869666,0.28798532258533305,0.3666061725450008,2,1
2023-09-07,0.05558692859346365,0.027560055995388265,0.5,0.3303986002614677,0.28361587088360096,0.38598552885493137,2,2
2023-09-08,0.04713593677947869,0.015422876199742853,0.5,0.3270156525250839,0.2988327581703534,0.3741515893045626,2,1
2023-09-11,0.01773463420000726,0.021117981303109677,0.5,0.3345927354915631,0.3130798948168666,0.35232736969157036,2,0
2023-09-12,0.03647946633740318,0.035626926717137505,0.5,0.3550075381065557,0.25350545744948566,0.3914870044439589,2,1
2023-09-13,0.008232582455130644,0.03303390967309668,0.5,0.3425742150417651,0.30661898746133903,0.35080679749689575,2,0
2023-09-14,-0.06130335405473514,0.009655853143456928,0.5,0.34794071990943504,0.3654219142358655,0.2866373658546999,1,0
2023-09-15,0.02040088808389029,0.004308843404339247,0.5,0.3269747411291088,0.3256496296578922,0.3473756292129991,2,0
2023-09-18,0.057588697773461484,0.012279656119030091,0.5,0.3195922766184317,0.3032267489896751,0.3771809743918932,2,0
2023-09-19,0.042637817138080625,0.01351132627916558,0.5,0.31380354518402725,0.3297550924938652,0.3564413623221079,2,0
2023-09-20,0.12446009034172695,0.03675682785648484,0.5,0.2976442582690978,0.28025139312007746,0.42210434861082474,2,0
2023-09-21,0.14671923451736768,0.0783613455709054,0.5,0.30292721405567313,0.24742633737128594,0.4496464485730408,2,1
2023-09-22,0.12804217636210236,0.09988960322654782,0.5,0.3078867006227802,0.2561844223923373,0.43592887698488253,2,1
2023-09-25,0.1427847280619321,0.11692880928424194,0.5,0.30166549658096053,0.25388427877614705,0.44445022464289263,2,1
2023-09-26,0.12952272365108253,0.13430579058684233,0.8,0.32427861078322817,0.2219200547824609,0.4538013344343107,2,1
2023-09-27,0.17272512140408386,0.14395879679931373,0.8,0.31056812474259043,0.2061386291107351,0.4832932461466743,2,2
2023-09-28,0.09966720883322983,0.13454839166248614,0.8,0.3349994002212084,0.23033399072435357,0.4346666090544382,2,1
2023-09-29,0.10375873609665665,0.129691703609397,0.8,0.3242324489348847,0.24777636603357403,0.4279911850315413,2,2
2023-10-02,0.09307075900023831,0.11974890979705824,0.8,0.3364447224425515,0.2340397961146587,0.42951548144278984,2,2
2023-10-03,0.02886220853565119,0.09961680677397197,0.8,0.38169608478490785,0.20774562189453324,0.41055829332055904,2,2
2023-10-04,0.04698992930119106,0.0744697683533934,0.5,0.3636477324600557,0.22571460577869762,0.4106376617612468,2,2
2023-10-05,0.07396911748707341,0.06933015008416213,0.5,0.35411056069169816,0.21780976112953013,0.42807967817877157,2,2
2023-10-06,0.0765619712256203,0.06389079710995485,0.5,0.3348694992846543,0.25369903020507134,0.4114314705102746,2,1
2023-10-09,0.10128891988855515,0.06553442928761823,0.5,0.32923626455571475,0.24023855100001584,0.4305251844442699,2,1
2023-10-10,0.05234824201465882,0.07023163598341975,0.5,0.3427974741521006,0.26205680968114015,0.3951457161667594,2,1
2023-10-11,0.03168232391025255,0.06717011490523205,0.5,0.34341959761537044,0.28147848085900695,0.375101921525623,2,0
2023-10-12,0.035696997279481946,0.059515690863713756,0.5,0.3469983902874933,0.27030622214553174,0.38269538756697524,2,0
2023-10-13,0.02905386783926117,0.050014070186441925,0.5,0.38167542671069127,0.20759527873935615,0.41072929454995244,2,0
2023-10-16,0.029506798082625185,0.035657645825255935,0.5,0.35143778946210874,0.2676176229931577,0.3809445875447339,2,0
2023-10-17,0.06573305809296182,0.03833460904091653,0.5,0.3435105131740213,0.2472459155589956,0.40924357126698313,2,0
2023-10-18,0.030771296206675125,0.03815240350020105,0.5,0.3836000277908661,0.20202864821159244,0.41437132399754123,2,0
2023-10-19,0.019419091008879508,0.03489682224608056,0.5,0.39054295592710575,0.1994949971369091,0.40996204693598526,2,0
2023-10-20,0.031907424733508494,0.03546753362493003,0.5,0.3876871041754657,0.19271836691556019,0.4195945289089742,2,0
2023-10-23,0.09255569943067704,0.0480773138945404,0.5,0.35569617537312354,0.1960519498230759,0.4482518748038006,2,0
2023-10-24,0.023675811514566214,0.039665864578861273,0.5,0.38111086964064583,0.21410244920414212,0.40478668115521205,2,0
2023-10-25,-0.048221220460697434,0.023867361245386763,0.5,0.42651684600499573,0.19518752845070583,0.3782956255442983,0,2
2023-10-26,-0.1286858474141841,-0.005753626439225956,0.5,0.47692757022426335,0.17483070696565728,0.34824172281007926,0,2
2023-10-27,-0.1333783664338219,-0.038810784672692035,0.0,0.47180945103386956,0.18975946436608268,0.33843108460004767,0,2
2023-10-30,0.12600000948983053,-0.032121922660861335,0.0,0.3405611317148832,0.1928777270804031,0.46656114120471376,2,2
2023-10-31,0.07657707432602046,-0.021541670098570487,0.0,0.3545388682950989,0.2143451890837816,0.43111594262111935,2,2
2023-11-01,0.17536530108296522,0.023175634210162045,0.0,0.2862333896123177,0.2521679196923993,0.4615986906952829,2,2
2023-11-02,0.1860043877403199,0.08611368124106285,0.5,0.2551897172689594,0.30361617772176114,0.4411941050092793,2,2
2023-11-03,0.2570346216111366,0.16419627885005453,0.5,0.19944342430326373,0.344078529782336,0.45647804591440033,2,2
2023-11-06,0.2539504683934223,0.1897863706307729,0.8,0.20415918239293115,0.33773116682071536,0.4581096507863534,2,2
2023-11-07,0.18867123499609012,0.2122052027647868,0.8,0.22702522671774555,0.3572783115684185,0.4156964617138357,2,2
2023-11-08,0.17240542464155442,0.21161322747650466,0.8,0.23843475346438117,0.35072506842968304,0.4108401781059356,2,2
2023-11-09,0.173036820801389,0.2090197140887185,0.8,0.2560614963041304,0.3148401865903499,0.4290983171055194,2,2
2023-11-10,0.07887186997597118,0.17338716376168542,0.8,0.27061061149306753,0.37990690703789376,0.3494824814690387,1,2
2023-11-13,0.10332721081941565,0.14326251224688408,0.8,0.2834392813643182,0.32979422645194784,0.3867664921837338,2,2
2023-11-14,0.12350666253944553,0.13022959775555515,0.8,0.24631889564241316,0.38385554617572837,0.3698255581818587,1,1
2023-11-15,0.15793665433569254,0.12733584369438278,0.8,0.22381058195220221,0.39444218175990325,0.38174723628789475,1,2
2023-11-16,0.15565571613106124,0.12385962276031721,0.8,0.22521454576282648,0.39391519234328626,0.38087026189388773,1,2
2023-11-17,0.17285515583092967,0.14265627993130892,0.8,0.20648470149371048,0.41417544118164995,0.37933985732464015,1,2
2023-11-20,0.17113674973570672,0.15621818771456714,0.8,0.20380820877864345,0.4212468327070068,0.37494495851435017,1,1
2023-11-21,0.23654350835146,0.17882555687697005,0.8,0.18926280037475798,0.3849308908990241,0.425806308726218,2,1
2023-11-22,0.18113396060669998,0.18346501813117153,0.8,0.19536981841410275,0.4281264025650949,0.37650377902080273,1,1
2023-11-24,0.24792692136728536,0.20191925917841638,0.8,0.16784471729430253,0.4163836440441095,0.4157716386615879,1,1
2023-11-27,0.2642976349919005,0.22020775501061052,0.8,0.17179779859083485,0.39210676782642995,0.43609543358273534,2,1
2023-11-28,0.28762587799108763,0.24350558066168668,0.8,0.16631770510760252,0.3797387117937074,0.45394358309869015,2,1
2023-11-29,0.25631786320313343,0.24746045163202135,0.8,0.18845413852781262,0.3667738597412414,0.44477200173094605,2,1
2023-11-30,0.061007872570347677,0.2234352340247509,0.8,0.28609849449736213,0.3667951384349282,0.3471063670677098,1,1
2023-12-01,0.16858547776033164,0.20756694530336017,0.8,0.2298487091433317,0.3717171039530046,0.39843418690366333,2,1
2023-12-04,0.17705119183316062,0.1901176566716122,0.8,0.23621218148494658,0.35052444519694625,0.4132633733181072,2,2
2023-12-05,0.09951453042042113,0.1524953871574789,0.8,0.25766357710624355,0.38515831536709133,0.3571781075266647,1,2
2023-12-06,0.10732617929853983,0.12269705037656017,0.8,0.27139100430854757,0.3498918120843649,0.3787171836070874,2,2
2023-12-07,0.11035446664389353,0.13256636919126935,0.8,0.2752791632579358,0.3390872068402348,0.3856336299018293,2,2
2023-12-08,0.06614274727872943,0.11207782309494892,0.8,0.27953509155257167,0.37478706961612707,0.3456778388313011,1,2
2023-12-11,0.06940965124647053,0.09054951497761089,0.8,0.2811036145047515,0.3683831197440261,0.35051326575122205,1,2
2023-12-12,0.10727999592959336,0.09210260807944534,0.5,0.2648427918501964,0.36303442037001327,0.37212278777978974,2,2
2023-12-13,0.08884861679194239,0.08840709557812584,0.5,0.2721628374587706,0.36682570829051575,0.361011454250713,1,1
2023-12-14,0.12902181567029536,0.09214056538340622,0.5,0.25427538728499804,0.3624274097597087,0.3832972029552934,2,2
2023-12-15,0.12411959309815584,0.1037359345472915,0.5,0.25663061896809375,0.3626191689656569,0.3807502120662496,2,2
2023-12-18,0.10957453599723405,0.1117689114974442,0.8,0.2655070681550116,0.3594113276927428,0.3750816041522457,2,2
2023-12-19,0.07143592587553321,0.10460009748663217,0.8,0.28490480131336127,0.3587544714977442,0.3563407271888945,1,1
2023-12-20,0.11223129512256813,0.1092766331527573,0.8,0.28008724830716325,0.32759420826310526,0.3923185434297314,2,2
2023-12-21,0.08685246233702204,0.10084276248610266,0.8,0.28466819006906796,0.3438111575248417,0.37152065240609,2,1
2023-12-22,0.047388127157598714,0.08549646929799123,0.8,0.30510689413815756,0.34239808456608584,0.3524950212957563,2,0
2023-12-26,0.018808595788338822,0.06734328125621218,0.5,0.3154748976349437,0.3502416089417737,0.3342834934232825,1,0
2023-12-27,0.011458428072049165,0.05534778169551537,0.5,0.3077466215789262,0.37304832877009875,0.31920504965097535,1,0
2023-12-28,-0.014404098344599714,0.030020703002081806,0.5,0.33053642682147755,0.35333124470164473,0.31613232847687783,1,0
2023-12-29,0.03438333547561806,0.019526877629801008,0.5,0.30832315487129547,0.3489703547817909,0.34270649034691353,1,0
2024-01-02,-0.07332651175618471,-0.004616050152955675,0.5,0.38448307387109665,0.3043603640139911,0.31115656211491194,0,1
2024-01-03,0.022617785529979006,-0.0038542122046276383,0.0,0.3450283832518149,0.287325447966391,0.3676461687817939,2,2
2024-01-04,0.04974733407573273,0.003803568996109075,0.0,0.31991459810366835,0.3104234697169303,0.3696619321794011,2,2
2024-01-05,-0.02982076259820443,0.0007202361453881312,0.5,0.3517767641706742,0.32626723425685594,0.3219560015724698,0,2
2024-01-08,-0.04175227418822969,-0.014506885787381418,0.5,0.3580632328351606,0.3256258085179084,0.31631095864693093,0,1
2024-01-09,-0.05259892965373697,-0.01036136936689187,0.0,0.3516636171907134,0.3492716952723099,0.2990646875369764,0,1
2024-01-10,-0.007888804673702787,-0.01646268740762823,0.0,0.32666718889671226,0.354554426880278,0.31877838422300947,1,1
2024-01-11,-0.013191230810733312,-0.02905040038492144,0.0,0.3337195733154769,0.34575208417977926,0.3205283425047436,1,2
2024-01-12,-0.0464305375096003,-0.03237235536720061,0.0,0.35364395051309483,0.33914263648341053,0.30721341300349453,0,2
2024-01-16,-0.03416182264081569,-0.030854265057717812,0.0,0.3550869351156301,0.3239879524095553,0.3209251124748144,0,2
2024-01-17,0.05599919520323765,-0.009134640086322888,0.0,0.3207465301799441,0.3025077444368738,0.37674572538318174,2,2
2024-01-18,0.0032360093107769994,-0.00690967728942693,0.0,0.3522911749638757,0.2921816407614715,0.3555271842746527,2,2
2024-01-19,-0.011614303332281972,-0.006594291793736662,0.0,0.34453687674415956,0.32254054984396263,0.3329225734118776,0,2
2024-01-22,-0.02937913115180857,-0.0031840105221783155,0.0,0.35762837190945745,0.3141223873328937,0.3282492407576489,0,2
2024-01-23,-0.036214413709003246,-0.003594528735815827,0.0,0.33270216949752174,0.3708100747139593,0.2964877557885185,1,1
2024-01-24,-0.06274870235355756,-0.02734410824717487,0.0,0.3544781860957937,0.3537923301619701,0.2917294837422361,0,0
2024-01-25,-0.138601767273291,-0.05571166356398847,0.0,0.398916902838846,0.34076796159559886,0.260315135565555,0,0
2024-01-26,-0.1333189359048655,-0.08005259007850517,0.0,0.3976985669879177,0.3379218019290302,0.26437963108305224,0,2
2024-01-29,-0.16275156190743023,-0.10672707622962951,0.0,0.41842220696945776,0.3259071479685145,0.2556706450620275,0,1
2024-01-30,-0.18146043970417047,-0.13577628142866294,0.0,0.4411624706767684,0.2991354983506337,0.2597020309725979,0,1
2024-01-31,0.06754186535941487,-0.10971816788606845,0.0,0.32434879469455846,0.2837605452514689,0.3918906600539733,2,2
2024-02-01,0.09170477054343523,-0.06365686032272322,0.0,0.2959178402853798,0.3164595488858053,0.38762261082881505,2,2
2024-02-02,-0.029952723892014144,-0.04298361792015295,0.0,0.3499805668962664,0.3299915900994811,0.32002784300425224,0,2
2024-02-05,-0.10404292449521885,-0.031241890437710675,0.0,0.38490435209047935,0.33423422031425976,0.2808614275952605,0,2
2024-02-06,-0.10819073082688252,-0.016587948662253084,0.0,0.38530829649486514,0.3375741378371517,0.2771175656679826,0,1
2024-02-07,-0.0732355713195344,-0.04474343599804294,0.0,0.3655143713359161,0.342206828647702,0.2922788000163817,0,1
2024-02-08,-0.10537176676991511,-0.084158743460713,0.0,0.3836670604727028,0.3380376458245092,0.2782952937027877,0,1
2024-02-09,-0.11833690700970828,-0.10183558008425182,0.0,0.3924161125704889,0.3335046818687309,0.27407920556078064,0,0
2024-02-12,-0.058655671050613645,-0.09275812939533079,0.0,0.3810938573088266,0.29646795643296053,0.32243818625821297,0,0
2024-02-13,0.11834844375537645,-0.047450294478878996,0.0,0.3383862468109384,0.20487906262274727,0.4567346905663148,2,1
2024-02-14,0.015886082090878495,-0.02962596379679642,0.0,0.3399299511888691,0.30425401553138365,0.3558160332797476,2,2
2024-02-15,-0.04994815391911267,-0.01854124122663593,0.0,0.3776188722847194,0.29471040934967385,0.32767071836560674,0,1
2024-02-16,0.024488529373356882,0.010023846049977104,0.0,0.3578604166294091,0.25979063736782537,0.382348946002766,2,2
2024-02-20,0.1475095252272015,0.05125688530554014,0.5,0.31291256401591777,0.22666534674096328,0.4604220892431193,2,2
2024-02-21,0.1192549612433374,0.05143818880313232,0.5,0.3230683882311373,0.23460826229438855,0.4423233494744747,2,2
2024-02-22,0.010901985407851367,0.0504413694665269,0.5,0.35339417474309753,0.2823096651059539,0.3642961601509489,2,1
2024-02-23,-0.03715729062222295,0.05299954212590484,0.5,0.3715367308200434,0.2940838289821365,0.33437944019782045,0,2
2024-02-26,-0.030427850468564777,0.04201626615752051,0.5,0.3674257595996837,0.29557633126919763,0.33699790913111893,0,2
2024-02-27,-0.033764953955410015,0.005761370320998205,0.5,0.3634959171443567,0.30677311966669674,0.3297309631889467,0,1
2024-02-28,-0.056086378738929576,-0.02930689767545519,0.5,0.37643902122489253,0.3032083362891448,0.32035264248596296,0,1
2024-02-29,-0.09565420515900364,-0.05061813578882619,0.0,0.3927001608930624,0.3102538833728783,0.2970459557340588,0,2
2024-03-01,-0.0872660335004562,-0.06063988436447284,0.0,0.3849734969383372,0.31731903962378183,0.297707463437881,0,0
2024-03-04,-0.060153872573354195,-0.06658508878543072,0.0,0.38040315728762875,0.2993475579980966,0.32024928471427455,0,0
2024-03-05,0.036803413363873494,-0.052471415321574025,0.0,0.34802049918855105,0.26715558825902463,0.38482391255242454,2,2
2024-03-06,0.08226135055754041,-0.024801869462280024,0.0,0.3251692491861893,0.267400151070081,0.4074305997437297,2,2
2024-03-07,0.09712350325304697,0.013753672220130098,0.0,0.3129389918950649,0.2769985129568231,0.4100624951481119,2,0
2024-03-08,0.15747464178352,0.06270180727692534,0.5,0.2910360634753852,0.26045323126571,0.4485107052589052,2,1
2024-03-11,0.16234775331068085,0.10720213245373236,0.5,0.3070039235979344,0.22364439949345052,0.46935167690861523,2,1
2024-03-12,0.03665285567880722,0.1071720209167191,0.8,0.32825960537058,0.30682793358003274,0.36491246104938724,2,1
2024-03-13,0.06800259901626643,0.1043202706084643,0.8,0.3139174211370276,0.30416255870967845,0.381920020153294,2,2
2024-03-14,0.09073513749123646,0.10304259745610218,0.8,0.31698344582174487,0.27529797086527397,0.40771858331298133,2,2
2024-03-15,0.11539802405387761,0.09462727391017371,0.8,0.3026753397755299,0.2792512963950627,0.4180733638294075,2,2
2024-03-18,0.07302977464462745,0.07676367817696303,0.5,0.3188296747520322,0.2893108758513082,0.3918594493966597,2,2
2024-03-19,-0.002159215426190686,0.06900126395596345,0.5,0.34544861757244094,0.3112619802813091,0.34328940214625026,0,2
2024-03-20,-0.023511092030636338,0.0506985257465829,0.5,0.34729252139756767,0.328926049235501,0.32378142936693133,0,1
2024-03-21,-0.03928306348035393,0.024694885552264824,0.5,0.3479438903405768,0.3433952827992006,0.3086608268602229,0,1
2024-03-22,-0.08033467300085517,-0.014451653858681735,0.5,0.3620742468056507,0.3561861793895539,0.28173957380479553,0,1
2024-03-25,-0.1073804515454666,-0.050533699096700545,0.0,0.382642077171763,0.34209629720194085,0.2752616256262964,0,0
2024-03-26,-0.11390096510876596,-0.0728820490332156,0.0,0.3788661065064235,0.3561687520959192,0.26496514139765753,0,1
2024-03-27,-0.10841995015208206,-0.08986382065750474,0.0,0.3683784725813483,0.3716630049893857,0.25995852242926626,1,0
2024-03-28,-0.11472938717698294,-0.10495308539683054,0.0,0.3760692117836443,0.36259096360969467,0.26133982460666133,0,1
2024-04-01,-0.16348203139907097,-0.1215825570764737,0.0,0.4223209592488953,0.3188401129012806,0.2588389278498243,0,0
2024-04-02,-0.041560738085648474,-0.10841861438451009,0.0,0.39933810955218674,0.24288451898127433,0.35777737146653826,0,1
2024-04-03,-0.05117965063477864,-0.09587435148971261,0.0,0.3816255710855377,0.2879285084637032,0.33044592045075905,0,1
2024-04-04,0.07505509799570914,-0.059179341860154375,0.0,0.35812628263218144,0.2086923367399279,0.4331813806278906,2,2
2024-04-05,0.05443948173066304,-0.02534556807862518,0.0,0.36794881412956937,0.20966289001019775,0.4223882958602324,2,1
2024-04-08,0.04854362370168036,0.017059562941525087,0.0,0.3727685344026942,0.2059193074929312,0.42131215810437456,2,0
2024-04-09,0.03981671944644366,0.03333505444794351,0.5,0.3680071561376845,0.22416896827818733,0.40782387558412814,2,0
2024-04-10,0.008351397783642134,0.04524126413162767,0.5,0.3933992614867718,0.20485007924281387,0.4017506592704139,2,0
2024-04-11,-0.0365406219371911,0.02292212014504762,0.5,0.40825740966337504,0.22002580261044122,0.37171678772618394,0,0
2024-04-12,0.0008722794656064181,0.012208679692036295,0.5,0.39526586498429067,0.2085959905658118,0.3961381444498971,2,0
2024-04-15,0.0607144960281239,0.014642854157325002,0.5,0.3477434210117188,0.24379866194843797,0.4084579170398427,2,0
2024-04-16,0.048289163922186795,0.01633734305247363,0.5,0.3547547418091142,0.24220135245958427,0.403043905731301,2,0
2024-04-17,0.005223448844869638,0.01571175326471913,0.5,0.3819543505111858,0.23086785013275835,0.38717779935605545,2,1
2024-04-18,-0.011928916013441426,0.020634094449469065,0.5,0.3878090567011725,0.23631080261109613,0.37588014068773107,0,1
2024-04-19,-0.010679017118571721,0.018323835132633436,0.5,0.3785124589927478,0.25365409913307535,0.3678334418741761,0,2
2024-04-22,-0.07682901752545507,-0.009184867578082356,0.5,0.44256370006244466,0.1917016174005655,0.3657346825369896,0,2
2024-04-23,-0.06949776554786069,-0.03274225347209185,0.0,0.4351658440656992,0.199166077416462,0.3656680785178385,0,1
2024-04-24,-0.05585479657061171,-0.044957902555188126,0.0,0.4324817696142633,0.19089125734208462,0.3766269730436516,0,1
2024-04-25,-0.014686459878486269,-0.045509411328197094,0.0,0.4120199083906912,0.19064664309710339,0.3973334485122049,0,2
2024-04-26,-0.08568870313524674,-0.060511348531532096,0.0,0.4396812464359195,0.2063262102634077,0.35399254330067276,0,2
2024-04-29,0.03455258614563789,-0.038235027797313505,0.0,0.35720670410686894,0.2510340056406242,0.39175929025250683,2,2
2024-04-30,0.13903920722174473,0.003472366756607581,0.0,0.3314899869528834,0.19798081887248836,0.47052919417462813,2,2
2024-05-01,0.4275938476677351,0.10016209560427694,0.5,0.18622623670411087,0.19995367892404248,0.613820084371846,2,2
2024-05-02,0.3112462729665749,0.16534864217328918,0.8,0.22109525779398728,0.24656321144545026,0.5323415307605622,2,2
2024-05-03,0.17002437565162748,0.216491257930664,0.8,0.22744175758631568,0.37509210917574126,0.39746613323794316,2,2
2024-05-06,0.15458558741313058,0.24049785818416253,0.8,0.2297807285711619,0.38585295544454556,0.3843663159842925,1,1
2024-05-07,0.13720824280953084,0.2401316653017198,0.8,0.22851037096984864,0.40577101525077164,0.3657186137793795,1,2
2024-05-08,0.10723592861496375,0.1760600814911655,0.8,0.23515011782534104,0.4224638357343541,0.3423860464403048,1,2
2024-05-09,0.04049705247243596,0.12191023739233771,0.8,0.2651990385502085,0.4291048704271471,0.30569609102264445,1,2
2024-05-10,0.06644410584580929,0.10119418343117408,0.8,0.2623816800157427,0.4087925341227052,0.328825785861552,1,2
2024-05-13,0.11505518853062657,0.09328810365467329,0.8,0.23757538666541156,0.40979403813855025,0.35263057519603813,1,2
2024-05-14,0.12095524208950165,0.09003750351066744,0.5,0.22747147562867326,0.42410180665315206,0.3484267177181749,1,2
2024-05-15,0.16544082017474318,0.10167848182262333,0.5,0.20264065310679255,0.42927787361167213,0.36808147328153573,1,1
2024-05-16,0.19947544559860433,0.133474160447857,0.8,0.1989407623557918,0.4026430296898123,0.39841620795439614,1,1
2024-05-17,0.15376795377475552,0.15093893003364625,0.8,0.21622150780819957,0.4137890306088459,0.3699894615829551,1,2
2024-05-20,0.11852068810954458,0.15163202994942987,0.8,0.21695684033592566,0.44756563121860493,0.33547752844547024,1,2
2024-05-21,0.12343957247918713,0.15212889602736696,0.8,0.20697176999515648,0.46261688753050073,0.3304113424743436,1,1
2024-05-22,0.12127334504518233,0.14329540100145477,0.8,0.2021454908561906,0.4744356732424368,0.32341883590137294,1,1
2024-05-23,0.08272830037705853,0.11994597195714563,0.8,0.22432959996276164,0.46861249969741875,0.30705790033982017,1,1
2024-05-24,0.09952062533124212,0.10909650626844294,0.8,0.2061969077864806,0.48808555909579715,0.3057175331177227,1,1
2024-05-28,0.15125002504119617,0.11564237365477326,0.8,0.19024818904620022,0.4682535968664036,0.3414982140873964,1,0
2024-05-29,0.16716301731978533,0.1243870626228929,0.8,0.2541747681476209,0.3244874463849723,0.42133778546740625,2,2
2024-05-30,0.1661158087103623,0.13335555535592886,0.8,0.2621891599580585,0.30950587137352054,0.4283049686684208,2,2
2024-05-31,0.07658534529113104,0.1321269643387434,0.8,0.23668727184493532,0.4500401110189981,0.31327261713606636,1,2
2024-06-03,0.23381704753638133,0.15898624877977122,0.8,0.1821989861043845,0.40178498025485004,0.41601603364076584,2,2
2024-06-04,0.1339612975836224,0.15552850328825646,0.8,0.25085269028060664,0.3643333218551644,0.38481398786422905,2,2
2024-06-05,0.11137646662803344,0.1443711931499061,0.8,0.24137725013734349,0.40586903309727956,0.3527537167653769,1,2
2024-06-06,0.13026981496625772,0.13720199440108521,0.8,0.2441291970554585,0.3814717909228252,0.3743990120217162,1,2
2024-06-07,0.05992551372382876,0.13387002808762472,0.8,0.25914107108902584,0.4217923440981197,0.3190665848128546,1,2
2024-06-10,0.03262047332497586,0.09363071324534364,0.8,0.2754717223236023,0.41643608202781984,0.30809219564857815,1,2
2024-06-11,-0.016779105877125167,0.06348263255319413,0.5,0.29700690370901167,0.422765298459102,0.2802277978318865,1,2
2024-06-12,0.08067525400072595,0.05734239002773263,0.5,0.2564050782070368,0.40651458958520026,0.33708033220776273,1,1
2024-06-13,0.013824899798549894,0.03405340699419106,0.5,0.2863102382429461,0.41355462371555796,0.300135138041496,1,1
2024-06-14,-0.040932671254454656,0.013881769998534377,0.5,0.308662825082425,0.4236070210896045,0.26773015382797033,1,0
2024-06-17,-0.05846856606727163,-0.004336037879915123,0.5,0.32592934971571286,0.40660986663584575,0.2674607836484412,1,1
2024-06-18,-0.03400917039256812,-0.0077820507830037135,0.0,0.32193306503847985,0.39014304031560804,0.2879238946459117,1,1
2024-06-20,-0.06680082209804061,-0.03727726600275703,0.0,0.3469948213157004,0.37281117946663955,0.2801939992176598,1,1
2024-06-21,-0.08278798104645779,-0.05659984217175856,0.0,0.3590360576806708,0.36471586568511594,0.276248076634213,1,1
2024-06-24,0.02914671647417827,-0.04258396462603198,0.0,0.3232220567301836,0.3244091700654545,0.3523687732043619,2,2
2024-06-25,-0.03121177756209148,-0.037132606924995946,0.0,0.3431884245047617,0.3448349285525677,0.31197664694267024,1,2
2024-06-26,-0.08418627537925094,-0.04716802792233251,0.0,0.3683184178646549,0.34754943964994106,0.28413214248540397,0,2
2024-06-27,-0.056005674479684686,-0.04500899839866133,0.0,0.35008430773660804,0.35583705900646806,0.29407863325692335,1,2
2024-06-28,-0.04297515193826901,-0.03704643257702357,0.0,0.3462909277126405,0.3503932965129877,0.30331577577437147,1,2
2024-07-01,-0.09326159478642249,-0.06152809482914372,0.0,0.3577733327325522,0.37771492932131806,0.2645117379461297,1,2
2024-07-02,-0.11252874420662903,-0.07779148815805123,0.0,0.345818193895751,0.4208923564151272,0.233289449689122,1,2
2024-07-03,-0.055467882287462356,-0.07204780953969352,0.0,0.31419680018643803,0.42707428191458585,0.2587289178989757,1,1
2024-07-05,-0.051620382796621844,-0.07117075120308095,0.0,0.32124723167290925,0.4091259194508029,0.2696268488762874,1,1
2024-07-08,-0.0680389384345606,-0.07618350850233926,0.0,0.32867494252167195,0.41068905339121603,0.26063600408711135,1,1
2024-07-09,-0.07203724244290877,-0.07193863803363651,0.0,0.33424275719878366,0.403551728045341,0.2622055147558749,1,1
2024-07-10,-0.08753226612986942,-0.0669393424182846,0.0,0.3493574840454886,0.38881729803889187,0.2618252179156192,1,0
2024-07-11,-0.07222277898722279,-0.07029032175823668,0.0,0.3683932836536129,0.33543621167999677,0.2961705046663901,0,0
2024-07-12,-0.06392965972241832,-0.07275217714339598,0.0,0.3572089442915361,0.34951177113934556,0.2932792845691178,0,0
2024-07-15,-0.06742788659858906,-0.07262996677620168,0.0,0.3763987586419199,0.31463036931474897,0.30897087204333085,0,0
2024-07-16,-0.06763738395361146,-0.0717499950783422,0.0,0.3766853066227265,0.3142667707081584,0.309047922669115,0,0
2024-07-17,0.05384137852632642,-0.043475266147103044,0.0,0.36672827737612845,0.21270206672141687,0.4205696559024549,2,0
2024-07-18,0.05140515699536058,-0.01874967895058637,0.0,0.3745429146620673,0.1995090136805054,0.4259480716574279,2,0
2024-07-19,0.0512500545679449,0.0042862639074862765,0.0,0.3729560934143885,0.2028377586032787,0.4242061479823334,2,0
2024-07-22,0.05150209346206108,0.028072259919616305,0.5,0.37104199878043276,0.20641390897707376,0.42254409224249384,2,0
2024-07-23,0.021909657757245238,0.045981668261787643,0.5,0.3876162520526147,0.20285783813752528,0.4095259098098599,2,0
2024-07-24,0.1387879549895843,0.06297098355443922,0.5,0.3273312383776361,0.2065495682551442,0.4661191933672204,2,2
2024-07-25,0.1568265053807365,0.0840552532315144,0.5,0.3215616335967326,0.20005022742579864,0.4783881389774691,2,1
2024-07-26,0.08027613793843791,0.089860469905613,0.5,0.3616191856039496,0.19648549085366318,0.44189532354238753,2,0
2024-07-29,0.05009350594631018,0.08957875240246282,0.5,0.3794775573748336,0.1909513793040227,0.42957106332114375,2,0
2024-07-30,0.30768033068963163,0.1467328869889401,0.5,0.23839137270528885,0.2155369238997907,0.5460717033949205,2,0
2024-07-31,0.1973241158117799,0.15844011915337922,0.8,0.29666053293979894,0.20935481830862263,0.4939846487515788,2,0
2024-08-01,0.3809600532167443,0.20326682872058077,0.8,0.20339451227510652,0.21225092223304248,0.5843545654918508,2,0
2024-08-02,0.3086722469841441,0.24894605052972202,0.8,0.2368244819958468,0.2176787890241622,0.5454967289799909,2,1
2024-08-05,0.33005030444767663,0.3049374102299953,0.8,0.22624324266706536,0.21746321021819293,0.556293547114742,2,2
2024-08-06,0.31327753298808214,0.3060568506896854,1.0024687051149976,0.231873966607169,0.2229745337975795,0.5451514995952511,2,2
2024-08-07,0.3692551066628943,0.3404430488599083,1.0030284253448427,0.21344169135915292,0.2038615106187998,0.5826967980220472,2,2
2024-08-08,0.34236113449831646,0.33272326511622274,1.0202215244299542,0.2342953188094578,0.18904822788276748,0.5766564533077743,2,2
2024-08-09,0.41267870261927997,0.3535245562432499,1.0163616325581113,0.19107437847950492,0.20517254042171007,0.6037530810987849,2,2
2024-08-12,0.43482898839882417,0.3744802930334794,1.026762278121625,0.1763549017772847,0.21246120804660615,0.6111838901761089,2,2
2024-08-13,0.30464419941781806,0.3727536263194266,1.0372401465167398,0.2223938873555921,0.25056802587099786,0.5270380867734101,2,2
2024-08-14,0.2640343700842311,0.3517094790036939,1.0363768131597133,0.234762099639642,0.26644143063648523,0.4987964697238731,2,2
2024-08-15,0.27169146078710205,0.3375755442614511,1.025854739501847,0.23220990830687746,0.26388872259914353,0.5039013690939795,2,1
2024-08-16,0.27632659509256147,0.3103051227561074,1.0187877721307255,0.22917556209920703,0.26532228070902525,0.5055021571917685,2,2
2024-08-19,0.2138329914608671,0.26610592336851596,1.0051525613780536,0.24496480072423593,0.2962374070906619,0.458797792185103,2,0
2024-08-20,0.15246850851377758,0.23567078518770784,0.8,0.2922851515305872,0.2629611884250481,0.4447536600443648,2,1
2024-08-21,0.11456447586177021,0.20577680634321566,0.8,0.30840631227021276,0.26862289959780417,0.42297078813198297,2,0
2024-08-22,0.1356734116653323,0.17857319651886172,0.8,0.313553495876793,0.2372195965810817,0.4492269075421253,2,1
2024-08-23,0.05713785696668189,0.13473544889368583,0.8,0.34124842264751437,0.2603652977382895,0.39838627961419626,2,0
2024-08-26,0.08875295396678856,0.10971944139487011,0.8,0.33263477240949596,0.24597750121421955,0.4213877263762845,2,0
2024-08-27,0.07749920622232165,0.09472558093657893,0.8,0.32841328566602745,0.2656742224456235,0.4059124918883491,2,0
2024-08-28,0.11183805213092496,0.09418029619040988,0.5,0.32472059701077033,0.23872075384753424,0.4365586491416953,2,0
2024-08-29,0.020123410656811003,0.07107029598870561,0.5,0.36871063620411915,0.24245531693495054,0.38883404686093015,2,0
2024-08-30,0.08501692430197638,0.07664610945576451,0.5,0.33347060843630794,0.24804185882540788,0.4184875327382843,2,0
2024-09-03,0.2755611286354329,0.11400774438949339,0.5,0.24628012167531899,0.2318786280139293,0.5218412503107519,2,1
2024-09-04,0.25326794094721994,0.14916149133447304,0.8,0.25933555518804563,0.22806094867668908,0.5126034961352656,2,2
2024-09-05,0.2802449591661397,0.18284287274151598,0.8,0.24038332103688473,0.23898839876009137,0.5206282802030244,2,2
2024-09-06,0.3590742839629838,0.25063304740275055,0.8,0.20332855636393965,0.23426860330913649,0.5624028403269234,2,2
2024-09-09,0.3287206627069636,0.29937379508374795,0.8,0.22154863785169393,0.2281820615896489,0.5502693005586575,2,2
2024-09-10,0.3103775997865714,0.3063370893139757,0.8,0.2222244252268756,0.24517354975967742,0.532602025013447,2,2
2024-09-11,0.2838476800757912,0.31245303713968997,1.0031685446569878,0.22076130285319298,0.2746297142178232,0.5046089829289842,2,2
2024-09-12,0.2765680304790784,0.3117176514022777,1.006226518569845,0.2271021200842838,0.2692277293523545,0.5036701505633622,2,2
2024-09-13,0.2674978843163769,0.29340237147295634,1.005858825701139,0.21723059326421007,0.2980409291552034,0.48472847758058696,2,2
2024-09-16,0.28834050089708413,0.28532633911098043,0.8,0.2187404620176721,0.2741785750675717,0.5070809629147562,2,2
2024-09-17,0.31030656428505576,0.2853121320106773,0.8,0.20643176583011213,0.27682990405472024,0.5167383301151679,2,2
2024-09-18,0.3384517065121517,0.2962329372979494,0.8,0.2016594227487663,0.2582294479903162,0.540111129260918,2,2
2024-09-19,0.24332252852658975,0.2895838369074516,0.8,0.2444113229189429,0.2678548256355249,0.48773385144553266,2,2
2024-09-20,0.2997421854178296,0.2960326971277422,0.8,0.2224187856615637,0.2554202432590433,0.5221609710793933,2,2
2024-09-23,0.2200665677519098,0.2823779104987073,0.8,0.2492656946420791,0.281402042963932,0.4693322623939889,2,2
2024-09-24,0.2244586433211875,0.26520832630593366,0.8,0.24144202090914943,0.29265731486051344,0.46590066423033694,2,0
2024-09-25,0.21376976445837315,0.24027193789517795,0.8,0.24392545270224947,0.2983793301371277,0.4576952171606226,2,0
2024-09-26,0.23045683780068407,0.2376987997499968,0.8,0.23670870159436533,0.29612575901058524,0.4671655393950494,2,0
2024-09-27,0.1962097036158702,0.21699230338960493,0.8,0.26184519189756994,0.2800999125889898,0.45805489551344014,2,1
2024-09-30,0.1737623973182038,0.20773146930286374,0.8,0.26245480422867307,0.30132799422444967,0.4362172015468769,2,0
2024-10-01,0.06266296797299314,0.17537233423322487,0.8,0.3476686072053757,0.24199981761625558,0.4103315751783688,2,2
2024-10-02,0.008088371391087423,0.13423605561976776,0.8,0.37247191766310295,0.24696779328270663,0.38056028905419037,2,2
2024-10-03,0.08273003114559557,0.10469069428875004,0.8,0.3362009793776587,0.2448680100990873,0.41893101052325427,2,2
2024-10-04,0.023697490475971916,0.07018825166077038,0.8,0.36689730550418387,0.24250789851566004,0.3905947959801558,2,2
2024-10-07,0.10604661124422765,0.05664509444597514,0.5,0.3346411259232063,0.22467113690935978,0.4406877371674339,2,2
2024-10-08,0.1160175842967559,0.06731601771072769,0.5,0.31750775054493546,0.24896691461337303,0.43352533484169137,2,1
2024-10-09,0.16733932236681653,0.09916620790587352,0.5,0.2973243774609046,0.23801192271137445,0.46466369982772115,2,1
2024-10-10,0.11014999359301791,0.104650200395358,0.5,0.324151049539422,0.24154790732813808,0.4343010431324399,2,1
2024-10-11,0.07074577097347279,0.11405985649485814,0.8,0.34338478789427895,0.24248465323796928,0.41413055886775174,2,1
2024-10-14,0.07475448876128532,0.10780143199826968,0.8,0.33225713170109766,0.2607312478365192,0.407011620462383,2,1
2024-10-15,0.10186795196336751,0.10497150553159203,0.8,0.3262482274979026,0.24563559304082722,0.4281161794612701,2,2
2024-10-16,0.16082378467410696,0.1036683979930501,0.8,0.29965818261656013,0.23985985009277294,0.4604819672906671,2,1
2024-10-17,0.19511616150290567,0.12066163157502766,0.8,0.28375728074763396,0.23736927700182636,0.4788734422505396,2,1
2024-10-18,0.186134774636608,0.14373943230765468,0.8,0.2866469263509906,0.24057137266141104,0.4727817009875986,2,1
2024-10-21,0.1628170419736637,0.16135194295013036,0.8,0.29889072525113797,0.2394015075240607,0.46170776722480167,2,1
2024-10-22,0.17668453463667733,0.17631525948479232,0.8,0.28587288408397116,0.2515696971953808,0.4625574187206485,2,1
2024-10-23,0.206222088908317,0.18539492033163435,0.8,0.27616073953551884,0.24145643202064523,0.48238282844383584,2,2
2024-10-24,0.22115429495099848,0.1906025470212529,0.8,0.26687320315553054,0.2450992987379403,0.488027498106529,2,0
2024-10-25,0.21103728219383494,0.19558304853269828,0.8,0.2644227342715177,0.26011724926312985,0.47546001646535263,2,0
2024-10-28,0.18711201633990854,0.20044204340594723,0.8,0.28110279578976577,0.25068239208056,0.4682148121296743,2,0
2024-10-29,0.23711856764907036,0.21252885000842586,0.8,0.2557964112894873,0.2512886097719553,0.4929149789385577,2,0
2024-10-30,0.2450972320603483,0.22030387863883213,0.8,0.24758583881771987,0.25973109030421265,0.4926830708780682,2,2
2024-10-31,0.29081610459628915,0.23423624056789025,0.8,0.22438629076827152,0.2604113138671679,0.5152023953645607,2,2
2024-11-01,0.3475592924440835,0.26154064261793997,0.8,0.19862180310205518,0.2551971013518065,0.5461810955461387,2,2
2024-11-04,0.35996663818200564,0.2961115669863593,0.8,0.19410946117555777,0.2518144394668798,0.5540760993575634,2,2
2024-11-05,0.3491678257517552,0.3185214186068964,0.8,0.2007596996566858,0.24931277493487428,0.549927525408441,2,2
2024-11-06,0.24831726086437458,0.3191654243677016,1.0092607093034482,0.23550454282188468,0.28067365349185613,0.48382180368625927,2,2
2024-11-07,0.20516968774093822,0.30203614099663145,1.0095827121838508,0.24595413611507624,0.3029220400289098,0.45112382385601446,2,0
2024-11-08,0.10021087853441712,0.25256645821469814,1.0010180704983158,0.29156528088758465,0.3166585596904139,0.3917761594220018,2,0
2024-11-11,0.09349592075782498,0.199272314729862,0.8,0.28848797899293366,0.3295281212563078,0.38198389975075864,2,0
2024-11-12,-0.061495834314779285,0.11713958271655511,0.8,0.37531292045745696,0.3108699933998646,0.31381708614267767,0,0
2024-11-13,-0.13906957113840035,0.03966221631600014,0.8,0.40602853480871237,0.3270125015209754,0.266958963670312,0,0
2024-11-14,-0.0959319063801557,-0.020558102508218646,0.5,0.39907911973446825,0.2977736669112186,0.30314721335431255,0,1
2024-11-15,0.32999444558998403,0.025398610902894737,0.0,0.205912206464817,0.2581811414803822,0.535906652054801,2,2
2024-11-18,0.29004920961940006,0.06470926867520975,0.5,0.21691704598617614,0.2761166984082475,0.5069662556055762,2,2
2024-11-19,0.3085435341866764,0.13871714237550087,0.5,0.21334776958691987,0.2647609266394839,0.5218913037735963,2,2
2024-11-20,0.2537541340488912,0.2172818834129592,0.8,0.245998153152801,0.254249559645507,0.4997522872016922,2,1
2024-11-21,0.27330254382861474,0.29112877345471333,0.8,0.2388628718639759,0.24897171244343383,0.5121654156925907,2,2
2024-11-22,0.1282091849216077,0.25077172132103803,0.8,0.29087254953971226,0.290045715998968,0.41908173446131997,2,2
2024-11-25,-0.1012229936633936,0.1725172806644793,0.8,0.3957567407229671,0.3097095122174592,0.2945337470595735,0,2
2024-11-26,-0.12800067922279618,0.08520843798258476,0.8,0.3900878543502093,0.34782497052237754,0.26208717512741314,0,2
2024-11-27,-0.06260839241520083,0.021935932689766367,0.5,0.37258968623081534,0.31742901995356965,0.3099812938156145,0,2
2024-11-29,-0.0922233920384129,-0.05116925448363916,0.5,0.3629680070838537,0.36628737787070514,0.2707446150454408,1,2
2024-12-02,-0.06420219682812278,-0.08965153083358526,0.0,0.33590940103793576,0.39238339475225104,0.271707204209813,1,2
2024-12-03,-0.07024251023886502,-0.08345543414867954,0.0,0.33866831015935767,0.3929058899201498,0.26842579992049265,1,2
2024-12-04,-0.07695002707324167,-0.07324530371876864,0.0,0.34624172309937656,0.3844665808744885,0.2692916960261349,1,2
2024-12-05,-0.07924351237592447,-0.07657232771091337,0.0,0.33916880561673035,0.4009059011424638,0.2599252932408059,1,2
2024-12-06,-0.10337403097876963,-0.07880245549898471,0.0,0.3254190929400932,0.452535845098583,0.22204506196132356,1,1
2024-12-09,-0.14557957789545245,-0.09507793171245064,0.0,0.3873457175269928,0.37088814284146626,0.24176613963154037,0,2
2024-12-10,-0.20190807629138977,-0.1214110449229556,0.0,0.42908769430542326,0.34373268768054277,0.2271796180140335,0,2
2024-12-11,-0.21357351124383742,-0.14873574175707474,0.0,0.42359354994459175,0.3663864113546536,0.21002003870075434,0,0
2024-12-12,-0.20358751313090395,-0.17360454190807065,0.0,0.4352991631081181,0.33298918691466783,0.23171164997721416,0,0
2024-12-13,-0.21099517506921397,-0.1951287707261595,0.0,0.4341251862855655,0.3427448024980829,0.22313001121635154,0,0
2024-12-16,-0.23918467563471765,-0.21384979027401255,0.0,0.4792341474540708,0.2807163807265758,0.24004947181935313,0,0
2024-12-17,-0.026826675077311846,-0.17883351003119696,0.0,0.3922065537090574,0.24241356765919703,0.36537987863174554,0,1
2024-12-18,0.10952439622691296,-0.11421392853704689,0.0,0.31593105573683183,0.2586134922994234,0.4254554519637448,2,2
2024-12-19,0.12780754697257812,-0.04793491651635048,0.0,0.31108473770472134,0.2500229776179792,0.43889228467729946,2,2
2024-12-20,0.10851842464395284,0.015967803426282883,0.0,0.3338383971434916,0.22380478106906432,0.44235682178744445,2,1
2024-12-23,0.09584022987119067,0.08297278452746455,0.5,0.34039093496168993,0.22337790020542977,0.4362311648328806,2,0
