date,dxy
2000-01-03,95.4006
2000-01-04,95.2533
2000-01-05,95.2923
2000-01-06,95.6976
2000-01-07,95.7226
2000-01-10,96.013
2000-01-11,95.8906
2000-01-12,95.9215
2000-01-13,95.8763
2000-01-14,96.374
2000-01-17,96.374
2000-01-18,96.3177
2000-01-19,96.3409
2000-01-20,96.1362
2000-01-21,96.0506
2000-01-24,96.4043
2000-01-27,96.7043
2000-01-28,98.1014
2000-01-31,98.1875
2000-02-01,98.2741
2000-02-02,98.262
2000-02-03,97.7055
2000-02-04,98.26
2000-02-07,98.4026
2000-02-08,98.2117
2000-02-09,97.8679
2000-02-10,98.1175
2000-02-11,98.357
2000-02-14,98.6074
2000-02-15,98.4896
2000-02-16,98.4008
2000-02-17,98.5082
2000-02-18,98.6996
2000-02-21,98.6996
2000-02-22,98.0872
2000-02-23,98.4584
2000-02-24,98.6428
2000-02-25,99.0934
2000-02-28,99.1071
2000-02-29,99.3725
2000-03-01,98.5024
2000-03-02,99.0617
2000-03-03,99.0601
2000-03-06,99.256
2000-03-07,98.9928
2000-03-08,99.1557
2000-03-09,98.6245
2000-03-10,98.7034
2000-03-13,98.6182
2000-03-14,98.6067
2000-03-15,98.683
2000-03-16,98.7312
2000-03-17,98.9251
2000-03-20,98.9133
2000-03-21,98.9062
2000-03-22,99.356
2000-03-23,99.1293
2000-03-24,98.727
2000-03-27,98.9124
2000-03-28,98.5929
2000-03-29,98.9005
2000-03-30,98.6095
2000-03-31,98.0581
2000-04-03,98.5386
2000-04-04,98.5379
2000-04-05,98.3072
2000-04-06,98.4958
2000-04-07,98.6818
2000-04-10,98.9967
2000-04-11,99.1377
2000-04-12,99.0281
2000-04-13,99.183
2000-04-14,99.1207
2000-04-17,99.1763
2000-04-18,99.534
2000-04-19,99.8308
2000-04-20,99.8418
2000-04-21,99.9819
2000-04-24,99.8809
2000-04-25,100.2533
2000-04-26,100.7377
2000-04-27,101.3315
2000-04-28,101.8348
2000-05-01,101.8361
2000-05-02,102.0844
2000-05-03,102.9869
2000-05-04,102.9492
2000-05-05,102.9486
2000-05-08,102.9615
2000-05-09,102.8565
2000-05-10,102.6612
2000-05-11,102.7821
2000-05-12,102.4121
2000-05-15,102.4962
2000-05-16,102.8356
2000-05-17,103.6872
2000-05-18,103.4612
2000-05-19,102.9651
2000-05-22,102.6719
2000-05-23,102.8612
2000-05-24,102.8991
2000-05-25,102.9404
2000-05-26,101.8204
2000-05-29,101.8204
2000-05-30,101.5656
2000-05-31,101.685
2000-06-01,101.8572
2000-06-02,100.8609
2000-06-05,100.5135
2000-06-06,99.667
2000-06-07,99.5296
2000-06-08,99.9508
2000-06-09,100.1414
2000-06-12,99.9855
2000-06-13,99.5741
2000-06-14,99.73
2000-06-15,99.9513
2000-06-16,99.3094
2000-06-19,99.2255
2000-06-20,99.5112
2000-06-21,100.0243
2000-06-22,99.9153
2000-06-23,100.3291
2000-06-26,100.573
2000-06-27,100.2847
2000-06-28,100.2369
2000-06-29,99.8039
2000-06-30,99.941
2000-07-03,99.8665
2000-07-04,99.8665
2000-07-05,100.3372
2000-07-06,100.3965
2000-07-07,100.5526
2000-07-10,100.2494
2000-07-11,100.2801
2000-07-12,101.0331
2000-07-13,101.2981
2000-07-14,101.1533
2000-07-17,101.3702
2000-07-18,101.3566
2000-07-19,101.651
2000-07-20,101.2245
2000-07-21,101.161
2000-07-24,101.0916
2000-07-25,100.8814
2000-07-26,100.8289
2000-07-27,101.2566
2000-07-28,101.8777
2000-07-31,102.0877
2000-08-01,102.2057
2000-08-02,102.2691
2000-08-03,102.603
2000-08-04,102.547
2000-08-07,102.4448
2000-08-08,102.7639
2000-08-09,102.694
2000-08-10,102.4677
2000-08-11,102.5872
2000-08-14,102.7976
2000-08-15,102.3592
2000-08-16,102.071
2000-08-17,101.977
2000-08-18,102.3424
2000-08-21,102.559
2000-08-22,102.8477
2000-08-23,102.8119
2000-08-24,102.5189
2000-08-25,102.5466
2000-08-28,102.543
2000-08-29,102.7634
2000-08-30,102.9007
2000-08-31,102.9534
2000-09-01,102.2838
2000-09-04,102.2838
2000-09-05,102.8908
2000-09-06,103.9045
2000-09-07,103.4581
2000-09-08,104.1357
2000-09-11,104.3483
2000-09-12,104.8045
2000-09-13,104.6238
2000-09-14,104.8996
2000-09-15,105.1092
2000-09-18,105.3444
2000-09-19,105.2996
2000-09-20,105.3593
2000-09-21,104.8384
2000-09-22,104.0067
2000-09-25,104.1647
2000-09-26,103.7887
2000-09-27,103.9635
2000-09-28,104.052
2000-09-29,104.0693
2000-10-02,104.5479
2000-10-03,104.7778
2000-10-04,104.8524
2000-10-05,104.9973
2000-10-06,105.0839
2000-10-09,105.0839
2000-10-10,104.8693
2000-10-11,104.6038
2000-10-12,104.9014
2000-10-13,105.451
2000-10-16,106.1941
2000-10-17,106.1032
2000-10-18,106.5157
2000-10-19,106.4528
2000-10-20,106.5662
2000-10-23,106.4344
2000-10-24,106.4892
2000-10-25,107.1413
2000-10-26,107.2995
2000-10-27,106.8033
2000-10-30,106.806
2000-10-31,106.5658
2000-11-01,105.9844
2000-11-02,106.0984
2000-11-03,105.8063
2000-11-06,105.9105
2000-11-07,105.9344
2000-11-08,106.3962
2000-11-09,106.3512
2000-11-10,106.2049
2000-11-13,106.2308
2000-11-14,106.497
2000-11-15,106.8182
2000-11-16,107.1154
2000-11-17,107.2945
2000-11-20,107.6548
2000-11-21,107.8702
2000-11-22,107.8467
2000-11-23,107.8467
2000-11-24,108.1873
2000-11-27,107.2672
2000-11-28,106.9844
2000-11-29,107.1346
2000-11-30,106.4385
2000-12-01,106.0817
2000-12-04,105.5935
2000-12-05,105.9078
2000-12-06,105.2538
2000-12-07,105.0339
2000-12-08,105.3091
2000-12-11,105.4365
2000-12-12,105.6687
2000-12-13,105.8613
2000-12-14,105.2311
2000-12-15,104.691
2000-12-18,105.0436
2000-12-19,105.2465
2000-12-20,104.5059
2000-12-21,104.1664
2000-12-22,103.7337
2000-12-25,103.7337
2000-12-26,103.5028
2000-12-27,103.558
2000-12-28,103.7572
2000-12-29,102.9824
2001-01-01,102.9824
2001-01-02,102.6554
2001-01-03,102.5145
2001-01-04,102.9134
2001-01-05,102.6745
2001-01-08,102.7489
2001-01-09,103.3505
2001-01-10,103.3661
2001-01-11,103.0002
2001-01-12,103.3015
2001-01-15,103.3015
2001-01-16,103.9013
2001-01-17,104.5379
2001-01-18,103.8759
2001-01-19,104.142
2001-01-22,103.8717
2001-01-23,103.8366
2001-01-24,104.8109
2001-01-25,104.6527
2001-01-26,104.7016
2001-01-29,104.6291
2001-01-30,104.0109
2001-01-31,103.9749
2001-02-01,103.2447
2001-02-02,103.457
2001-02-05,103.3897
2001-02-06,103.929
2001-02-07,104.0981
2001-02-08,104.9232
2001-02-09,104.7196
2001-02-12,104.8747
2001-02-13,105.216
2001-02-14,105.2549
2001-02-15,105.7099
2001-02-16,105.3787
2001-02-19,105.3787
2001-02-20,105.8325
2001-02-21,106.0628
2001-02-22,106.0827
2001-02-23,105.8993
2001-02-26,105.8843
2001-02-27,105.5642
2001-02-28,105.5054
2001-03-01,105.3731
2001-03-02,105.3944
2001-03-05,105.6446
2001-03-06,105.3646
2001-03-07,105.996
2001-03-08,105.8773
2001-03-09,105.7422
2001-03-12,106.0326
2001-03-13,106.7045
2001-03-14,107.0414
2001-03-15,107.8551
2001-03-16,108.7744
2001-03-19,108.5332
2001-03-20,108.0346
2001-03-21,108.8323
2001-03-22,109.3949
2001-03-23,108.7129
2001-03-26,108.3163
2001-03-27,108.8999
2001-03-28,108.8895
2001-03-29,109.5366
2001-03-30,110.1972
2001-04-02,110.232
2001-04-03,109.4892
2001-04-04,108.8729
2001-04-05,109.0829
2001-04-06,108.4323
2001-04-09,108.5087
2001-04-10,108.9253
2001-04-11,109.2331
2001-04-12,108.5774
2001-04-13,108.9352
2001-04-16,109.1221
2001-04-17,109.1582
2001-04-18,109.2129
2001-04-19,108.0985
2001-04-20,107.4964
2001-04-23,107.845
2001-04-24,108.0699
2001-04-25,107.9156
2001-04-26,107.8824
2001-04-27,108.2881
2001-04-30,108.4128
2001-05-01,107.7283
2001-05-02,107.676
2001-05-03,107.8002
2001-05-04,107.5973
2001-05-07,107.8113
2001-05-08,108.3222
2001-05-09,108.4249
2001-05-10,108.71
2001-05-11,109.0624
2001-05-14,109.327
2001-05-15,109.0071
2001-05-16,108.5885
2001-05-17,108.3561
2001-05-18,108.7009
2001-05-21,108.5517
2001-05-22,109.312
2001-05-23,109.2799
2001-05-24,109.5237
2001-05-25,109.48
2001-05-28,109.48
2001-05-29,109.3613
2001-05-30,109.4176
2001-05-31,109.8213
2001-06-01,109.6113
2001-06-04,109.7926
2001-06-05,109.6113
2001-06-06,109.8652
2001-06-07,109.4481
2001-06-08,109.6323
2001-06-11,110.2412
2001-06-12,110.0726
2001-06-13,109.5516
2001-06-14,109.1481
2001-06-15,109.2628
2001-06-18,109.6478
2001-06-19,109.8983
2001-06-20,110.2086
2001-06-21,109.9707
2001-06-22,109.8997
2001-06-25,109.463
2001-06-26,109.2446
2001-06-27,109.3848
2001-06-28,110.4177
2001-06-29,110.2966
2001-07-02,110.1849
2001-07-03,110.1212
2001-07-04,110.1212
2001-07-05,110.8766
2001-07-06,110.5894
2001-07-09,110.5011
2001-07-10,110.1143
2001-07-11,109.6594
2001-07-12,110.1586
2001-07-13,110.5779
2001-07-16,110.5805
2001-07-17,110.4724
2001-07-18,109.3983
2001-07-19,109.4515
2001-07-20,109.2267
2001-07-23,109.7249
2001-07-24,109.1692
2001-07-25,108.8576
2001-07-26,108.9504
2001-07-27,108.9609
2001-07-30,109.205
2001-07-31,109.1777
2001-08-01,108.9577
2001-08-02,108.7832
2001-08-03,108.4798
2001-08-06,108.6446
2001-08-07,108.9122
2001-08-08,108.7682
2001-08-09,108.3479
2001-08-10,107.8987
2001-08-13,107.8001
2001-08-14,107.4434
2001-08-15,106.3965
2001-08-16,106.3354
2001-08-17,106.4573
2001-08-20,106.8139
2001-08-21,106.7641
2001-08-22,106.2394
2001-08-23,106.371
2001-08-24,106.6427
2001-08-27,106.758
2001-08-28,106.7091
2001-08-29,106.731
2001-08-30,106.3565
2001-08-31,106.6244
2001-09-03,106.6244
2001-09-04,107.9511
2001-09-05,108.1073
2001-09-06,107.886
2001-09-07,107.4443
2001-09-10,107.894
2001-09-11,107.894
2001-09-12,107.0679
2001-09-13,106.9668
2001-09-14,106.1551
2001-09-17,106.3405
2001-09-18,106.2435
2001-09-19,105.8613
2001-09-20,105.8905
2001-09-21,106.8038
2001-09-24,106.7045
2001-09-25,106.3403
2001-09-26,106.3906
2001-09-27,107.0698
2001-09-28,107.3094
2001-10-01,107.1928
2001-10-02,107.2483
2001-10-03,106.9582
2001-10-04,107.0906
2001-10-05,106.7608
2001-10-08,106.7608
2001-10-09,106.9697
2001-10-10,107.3269
2001-10-11,108.0664
2001-10-12,107.495
2001-10-15,107.3167
2001-10-16,107.3826
2001-10-17,107.5737
2001-10-18,107.9979
2001-10-19,108.2085
2001-10-22,108.98
2001-10-23,108.9984
2001-10-24,108.8697
2001-10-25,108.7007
2001-10-26,108.8678
2001-10-29,108.0397
2001-10-30,108.0111
2001-10-31,108.6554
2001-11-01,108.2302
2001-11-02,108.2576
2001-11-05,108.683
2001-11-06,108.4369
2001-11-07,108.2331
2001-11-08,108.6007
2001-11-09,108.6088
2001-11-12,108.6088
2001-11-13,109.3973
2001-11-14,109.2354
2001-11-15,109.419
2001-11-16,109.3236
2001-11-19,109.8295
2001-11-20,109.5959
2001-11-21,110.139
2001-11-22,110.139
2001-11-23,110.3919
2001-11-26,110.1775
2001-11-27,110.0258
2001-11-28,109.3735
2001-11-29,109.3867
2001-11-30,108.677
2001-12-03,109.2124
2001-12-04,109.2073
2001-12-05,109.4114
2001-12-06,109.2415
2001-12-07,109.3089
2001-12-10,109.6369
2001-12-11,109.5072
2001-12-12,109.0296
2001-12-13,108.889
2001-12-14,108.6173
2001-12-17,108.6785
2001-12-18,109.0442
2001-12-19,109.2648
2001-12-20,109.5936
2001-12-21,110.4333
2001-12-24,111.1714
2001-12-25,111.1714
2001-12-26,111.3262
2001-12-27,111.0117
2001-12-28,111.0767
2001-12-31,110.5327
2002-01-01,110.5327
2002-01-02,110.2433
2002-01-03,110.4058
2002-01-04,110.4276
2002-01-07,110.5443
2002-01-08,110.7379
2002-01-09,111.0162
2002-01-10,110.8711
2002-01-11,110.7993
2002-01-14,110.609
2002-01-15,110.4548
2002-01-16,111.0937
2002-01-17,111.6905
2002-01-18,111.578
2002-01-21,111.578
2002-01-22,111.7813
2002-01-23,111.7581
2002-01-24,112.0735
2002-01-25,112.9221
2002-01-28,113.0952
2002-01-29,112.4205
2002-01-30,112.3181
2002-01-31,112.8265
2002-02-01,112.6457
2002-02-04,112.0962
2002-02-05,112.5178
2002-02-06,112.5217
2002-02-07,112.5188
2002-02-08,112.3568
2002-02-11,111.7093
2002-02-12,111.6293
2002-02-13,111.8845
2002-02-14,111.7789
2002-02-15,111.7309
2002-02-18,111.7309
2002-02-19,111.6425
2002-02-20,112.0511
2002-02-21,112.1225
2002-02-22,111.8767
2002-02-25,112.2458
2002-02-26,112.7076
2002-02-27,112.9321
2002-02-28,112.6823
2002-03-01,112.3696
2002-03-04,111.749
2002-03-05,111.814
2002-03-06,111.0387
2002-03-07,110.2226
2002-03-08,110.7234
2002-03-11,110.6102
2002-03-12,110.8476
2002-03-13,111.0853
2002-03-14,110.7405
2002-03-15,110.5263
2002-03-18,110.9002
2002-03-19,111.1237
2002-03-20,110.6796
2002-03-21,110.7234
2002-03-22,111.0404
2002-03-25,111.4539
2002-03-26,111.4861
2002-03-27,111.7231
2002-03-28,111.7746
2002-03-29,111.7899
2002-04-01,111.4028
2002-04-02,111.4459
2002-04-03,111.1524
2002-04-04,111.3011
2002-04-05,111.011
2002-04-08,111.3426
2002-04-09,111.1185
2002-04-10,110.9774
2002-04-11,110.796
2002-04-12,111.0744
2002-04-15,111.0546
2002-04-16,110.5897
2002-04-17,110.0761
2002-04-18,109.8393
2002-04-19,109.9217
2002-04-22,109.9121
2002-04-23,109.8562
2002-04-24,109.5978
2002-04-25,108.9228
2002-04-26,108.8684
2002-04-29,108.6933
2002-04-30,108.9262
2002-05-01,108.206
2002-05-02,108.5292
2002-05-03,107.9714
2002-05-06,107.8944
2002-05-07,108.127
2002-05-08,108.8577
2002-05-09,108.4889
2002-05-10,108.0338
2002-05-13,108.0745
2002-05-14,108.6983
2002-05-15,108.2014
2002-05-16,108.0717
2002-05-17,106.9372
2002-05-20,106.8326
2002-05-21,106.5491
2002-05-22,106.1932
2002-05-23,106.4324
2002-05-24,106.4924
2002-05-27,106.4924
2002-05-28,106.014
2002-05-29,105.9838
2002-05-30,105.4357
2002-05-31,105.6437
2002-06-03,105.3466
2002-06-04,105.2602
2002-06-05,105.6487
2002-06-06,105.292
2002-06-07,105.3542
2002-06-10,105.5197
2002-06-11,105.6309
2002-06-12,105.4712
2002-06-13,105.594
2002-06-14,105.6347
2002-06-17,105.5846
2002-06-18,105.3094
2002-06-19,104.8847
2002-06-20,104.0354
2002-06-21,103.2381
2002-06-24,102.7476
2002-06-25,103.3942
2002-06-26,102.3906
2002-06-27,101.8206
2002-06-28,102.202
2002-07-01,102.0569
2002-07-02,102.4171
2002-07-03,102.5394
2002-07-04,102.5394
2002-07-05,102.9318
2002-07-08,101.9301
2002-07-09,101.3198
2002-07-10,101.6471
2002-07-11,101.2979
2002-07-12,101.5739
2002-07-15,100.8439
2002-07-16,100.6849
2002-07-17,100.9407
2002-07-18,101.1931
2002-07-19,100.4576
2002-07-22,101.1278
2002-07-23,102.5004
2002-07-24,102.2067
2002-07-25,101.9917
2002-07-26,103.1594
2002-07-29,103.4799
2002-07-30,102.9904
2002-07-31,103.5833
2002-08-01,103.3824
2002-08-02,103.178
2002-08-05,103.5869
2002-08-06,104.8817
2002-08-07,104.0711
2002-08-08,104.6263
2002-08-09,104.0439
2002-08-12,103.5216
2002-08-13,103.3651
2002-08-14,102.509
2002-08-15,102.7225
2002-08-16,102.7336
2002-08-19,103.4395
2002-08-20,103.4605
2002-08-21,103.0646
2002-08-22,103.7613
2002-08-23,103.5451
2002-08-26,103.5187
2002-08-27,102.7723
2002-08-28,102.8783
2002-08-29,102.7699
2002-08-30,102.9413
2002-09-02,102.9413
2002-09-03,101.9061
2002-09-04,102.4149
2002-09-05,102.5269
2002-09-06,102.7607
2002-09-09,102.9781
2002-09-10,103.5752
2002-09-11,103.9364
2002-09-12,103.9047
2002-09-13,104.1174
2002-09-16,104.345
2002-09-17,104.5844
2002-09-18,103.9124
2002-09-19,103.5513
2002-09-20,103.7595
2002-09-23,104.1896
2002-09-24,104.1571
2002-09-25,103.9958
2002-09-26,104.1119
2002-09-27,104.1048
2002-09-30,103.5577
2002-10-01,103.7896
2002-10-02,103.9488
2002-10-03,103.8566
2002-10-04,104.1508
2002-10-07,104.3878
2002-10-08,104.5419
2002-10-09,104.101
2002-10-10,104.0922
2002-10-11,104.134
2002-10-14,104.134
2002-10-15,104.3998
2002-10-16,104.2402
2002-10-17,104.5518
2002-10-18,104.7514
2002-10-21,104.444
2002-10-22,104.2816
2002-10-23,104.1568
2002-10-24,104.2271
2002-10-25,104.1136
2002-10-28,103.5151
2002-10-29,103.3724
2002-10-30,103.6006
2002-10-31,103.2141
2002-11-01,102.6738
2002-11-04,102.8164
2002-11-05,102.5031
2002-11-06,102.7066
2002-11-07,101.8315
2002-11-08,101.5327
2002-11-11,101.5327
2002-11-12,101.8569
2002-11-13,102.2314
2002-11-14,102.3585
2002-11-15,102.2847
2002-11-18,102.5784
2002-11-19,102.4489
2002-11-20,102.9657
2002-11-21,103.0523
2002-11-22,103.1346
2002-11-25,103.129
2002-11-26,103.2381
2002-11-27,103.4683
2002-11-28,103.4683
2002-11-29,103.1296
2002-12-02,103.3411
2002-12-03,103.0244
2002-12-04,102.991
2002-12-05,103.0942
2002-12-06,102.6079
2002-12-09,102.3949
2002-12-10,102.5688
2002-12-11,102.367
2002-12-12,101.7716
2002-12-13,101.3383
2002-12-16,101.5186
2002-12-17,101.0354
2002-12-18,101.0841
2002-12-19,101.0687
2002-12-20,100.9067
2002-12-23,101.1895
2002-12-24,100.66
2002-12-25,100.66
2002-12-26,100.5241
2002-12-27,100.5736
2002-12-30,100.3176
2002-12-31,100.2577
2003-01-01,100.2577
2003-01-02,100.8803
2003-01-03,100.4474
2003-01-06,99.9413
2003-01-07,100.3036
2003-01-08,100.1151
2003-01-09,99.9572
2003-01-10,99.568
2003-01-13,99.3796
2003-01-14,99.0044
2003-01-15,98.9119
2003-01-16,98.945
2003-01-17,98.4977
2003-01-20,98.4977
2003-01-21,98.5642
2003-01-22,98.278
2003-01-23,97.8735
2003-01-24,97.5672
2003-01-27,97.708
2003-01-28,97.9246
2003-01-29,97.451
2003-01-30,98.0636
2003-01-31,98.3091
2003-02-03,98.1752
2003-02-04,97.4809
2003-02-05,97.7171
2003-02-06,97.8563
2003-02-07,98.0715
2003-02-10,98.6263
2003-02-11,98.6085
2003-02-12,98.7293
2003-02-13,97.9473
2003-02-14,98.1211
2003-02-17,98.1211
2003-02-19,98.0159
2003-02-20,97.4805
2003-02-21,97.7541
2003-02-24,97.3644
2003-02-25,97.2984
2003-02-26,97.2223
2003-02-27,97.4562
2003-02-28,97.3887
2003-03-03,97.0657
2003-03-04,96.7014
2003-03-05,96.1092
2003-03-06,95.9587
2003-03-07,95.7182
2003-03-10,95.5578
2003-03-11,95.9284
2003-03-12,95.9404
2003-03-13,96.9268
2003-03-14,97.5359
2003-03-17,98.0625
2003-03-19,98.3534
2003-03-20,98.1994
2003-03-21,98.9228
2003-03-24,98.1906
2003-03-25,97.9336
2003-03-26,97.7963
2003-03-27,97.59
2003-03-28,97.4626
2003-03-31,96.5982
2003-04-01,96.6968
2003-04-02,97.4878
2003-04-03,97.5977
2003-04-04,97.759
2003-04-07,98.4513
2003-04-08,97.7898
2003-04-09,97.7112
2003-04-10,96.9759
2003-04-11,97.2011
2003-04-14,97.1292
2003-04-15,96.9927
2003-04-16,96.7662
2003-04-17,96.3748
2003-04-18,96.5556
2003-04-21,96.9557
2003-04-22,96.1587
2003-04-23,96.3803
2003-04-24,96.0179
2003-04-25,96.05
2003-04-28,96.1467
2003-04-29,95.9825
2003-04-30,94.9386
2003-05-01,94.2914
2003-05-02,94.6144
2003-05-05,94.1005
2003-05-06,93.5668
2003-05-07,93.3505
2003-05-08,92.8261
2003-05-09,92.7226
2003-05-12,92.3844
2003-05-13,92.5423
2003-05-14,92.2147
2003-05-15,92.2015
2003-05-16,91.7668
2003-05-19,91.204
2003-05-20,90.8918
2003-05-21,90.9818
2003-05-22,91.4048
2003-05-23,91.3055
2003-05-26,91.3055
2003-05-27,91.0644
2003-05-28,91.9188
2003-05-29,91.338
2003-05-30,91.6261
2003-06-02,91.4954
2003-06-03,91.9363
2003-06-04,91.3874
2003-06-05,90.2645
2003-06-06,91.2756
2003-06-09,91.1963
2003-06-10,91.4002
2003-06-11,90.7955
2003-06-12,90.7213
2003-06-13,90.2388
2003-06-16,90.2429
2003-06-17,90.3609
2003-06-18,90.6314
2003-06-19,91.1443
2003-06-20,91.5004
2003-06-23,91.5079
2003-06-24,91.884
2003-06-25,91.042
2003-06-26,92.1515
2003-06-27,92.2109
2003-06-30,92.1028
2003-07-01,91.6012
2003-07-02,91.3678
2003-07-03,91.3234
2003-07-04,91.3234
2003-07-07,92.1765
2003-07-08,93.0933
2003-07-09,92.9376
2003-07-10,92.7919
2003-07-11,92.9619
2003-07-14,92.9367
2003-07-15,93.6523
2003-07-16,93.7679
2003-07-17,94.2665
2003-07-18,94.2707
2003-07-21,93.6971
2003-07-22,94.0553
2003-07-23,93.125
2003-07-24,93.2558
2003-07-25,92.6115
2003-07-28,92.7383
2003-07-29,92.9729
2003-07-30,93.7732
2003-07-31,94.3994
2003-08-01,94.0377
2003-08-04,94.03
2003-08-05,93.8768
2003-08-06,93.9313
2003-08-07,93.2979
2003-08-08,93.5839
2003-08-11,93.2133
2003-08-12,93.4321
2003-08-13,93.4115
2003-08-14,93.8864
2003-08-15,93.7767
2003-08-18,94.3316
2003-08-19,94.5826
2003-08-20,94.4516
2003-08-21,94.9125
2003-08-22,95.4054
2003-08-25,95.0868
2003-08-26,95.0009
2003-08-27,95.1835
2003-08-28,95.0598
2003-08-29,94.3449
2003-09-01,94.3449
2003-09-02,94.7353
2003-09-03,94.6733
2003-09-04,94.4216
2003-09-05,93.7534
2003-09-08,93.4998
2003-09-09,93.1364
2003-09-10,93.2427
2003-09-11,93.3212
2003-09-12,92.7429
2003-09-15,92.85
2003-09-16,93.2641
2003-09-17,92.823
2003-09-22,90.7989
2003-09-23,90.8065
2003-09-24,90.8146
2003-09-25,90.6419
2003-09-26,90.799
2003-09-29,90.3649
2003-09-30,90.1281
2003-10-01,89.7452
2003-10-02,89.4692
2003-10-03,90.0308
2003-10-06,89.5941
2003-10-07,89.0153
2003-10-08,89.0033
2003-10-09,89.4398
2003-10-10,88.5624
2003-10-13,88.5624
2003-10-14,88.9369
2003-10-15,89.2281
2003-10-16,88.9649
2003-10-17,89.0912
2003-10-20,89.1818
2003-10-21,88.9783
2003-10-22,88.1244
2003-10-23,88.3636
2003-10-24,88.1533
2003-10-27,88.3043
2003-10-28,88.5101
2003-10-29,88.4867
2003-10-30,88.3541
2003-10-31,89.1992
2003-11-03,90.22
2003-11-04,89.8146
2003-11-05,89.9104
2003-11-06,90.271
2003-11-07,89.592
2003-11-10,89.0617
2003-11-11,89.0617
2003-11-12,88.5231
2003-11-13,88.2282
2003-11-14,88.2331
2003-11-17,88.5246
2003-11-18,87.6253
2003-11-19,87.7613
2003-11-20,87.7456
2003-11-21,87.6924
2003-11-24,88.5971
2003-11-25,88.4273
2003-11-26,87.7053
2003-11-27,87.7053
2003-11-28,87.3502
2003-12-01,87.5711
2003-12-02,86.9634
2003-12-03,86.8662
2003-12-04,87.1935
2003-12-05,86.6901
2003-12-08,86.2323
2003-12-09,86.4174
2003-12-10,86.5951
2003-12-11,87.1185
2003-12-12,86.4347
2003-12-15,86.3646
2003-12-16,86.3555
2003-12-17,86.2688
2003-12-18,86.4428
2003-12-19,86.6507
2003-12-22,86.3383
2003-12-23,86.2104
2003-12-24,85.6972
2003-12-25,85.6972
2003-12-29,85.5996
2003-12-30,85.333
2003-12-31,84.8883
2004-01-01,84.8883
2004-01-02,84.7871
2004-01-05,84.1425
2004-01-06,83.899
2004-01-07,84.3205
2004-01-08,83.7742
2004-01-09,83.3615
2004-01-12,83.5554
2004-01-13,83.7147
2004-01-14,84.0025
2004-01-15,84.7224
2004-01-16,85.4289
2004-01-19,85.4289
2004-01-20,84.6501
2004-01-21,84.7595
2004-01-22,84.2166
2004-01-23,84.9292
2004-01-26,85.1042
2004-01-27,84.5574
2004-01-28,84.9159
2004-01-29,86.0203
2004-01-30,85.626
2004-02-02,85.9172
2004-02-03,85.3925
2004-02-04,85.3828
2004-02-05,85.1908
2004-02-06,84.8669
2004-02-09,84.8889
2004-02-10,84.6374
2004-02-11,84.1023
2004-02-12,84.1213
2004-02-13,84.249
2004-02-16,84.249
2004-02-17,83.8523
2004-02-18,84.1955
2004-02-19,84.8701
2004-02-20,85.9198
2004-02-23,85.6484
2004-02-24,85.0432
2004-02-25,85.9316
2004-02-26,86.3716
2004-02-27,86.2937
2004-03-01,86.2083
2004-03-02,87.2586
2004-03-03,87.8057
2004-03-04,87.1273
2004-03-05,86.3746
2004-03-08,86.6421
2004-03-09,86.2621
2004-03-10,87.1762
2004-03-11,86.9671
2004-03-12,87.5376
2004-03-15,87.1789
2004-03-16,86.8398
2004-03-17,87.0819
2004-03-18,85.9098
2004-03-19,86.3887
2004-03-22,85.9159
2004-03-23,86.1185
2004-03-24,86.5359
2004-03-25,86.5977
2004-03-26,86.5736
2004-03-29,86.146
2004-03-30,85.8906
2004-03-31,85.3923
2004-04-01,85.0528
2004-04-02,86.0861
2004-04-05,86.5926
2004-04-06,86.2108
2004-04-07,85.8933
2004-04-08,86.5716
2004-04-09,86.6505
2004-04-12,86.7384
2004-04-13,87.468
2004-04-14,87.9989
2004-04-15,88.2067
2004-04-16,87.554
2004-04-19,87.7178
2004-04-20,88.2411
2004-04-21,88.7868
2004-04-22,88.8297
2004-04-23,88.9846
2004-04-26,88.4988
2004-04-27,88.2927
2004-04-28,89.0698
2004-04-29,88.796
2004-04-30,88.815
2004-05-03,88.9882
2004-05-04,88.3493
2004-05-05,87.8848
2004-05-06,88.3965
2004-05-07,89.6466
2004-05-10,90.3073
2004-05-11,90.2365
2004-05-12,89.8063
2004-05-13,90.5785
2004-05-14,90.2985
2004-05-17,89.6571
2004-05-18,89.8724
2004-05-19,89.1643
2004-05-20,89.4181
2004-05-21,88.9735
2004-05-24,89.074
2004-05-25,88.6535
2004-05-26,88.4707
2004-05-27,87.4507
2004-05-28,87.7243
2004-05-31,87.7243
2004-06-01,87.825
2004-06-02,87.5738
2004-06-03,87.8446
2004-06-04,87.4951
2004-06-07,86.9202
2004-06-08,87.1165
2004-06-09,87.804
2004-06-10,87.7029
2004-06-14,88.4554
2004-06-15,87.9823
2004-06-16,88.6297
2004-06-17,88.3745
2004-06-18,87.7525
2004-06-21,87.7788
2004-06-22,87.8643
2004-06-23,87.8766
2004-06-24,86.9899
2004-06-25,87.2985
2004-06-28,87.0423
2004-06-29,87.4535
2004-06-30,87.3441
2004-07-01,87.0154
2004-07-02,86.4289
2004-07-05,86.4289
2004-07-06,86.5258
2004-07-07,85.9264
2004-07-08,85.9061
2004-07-09,85.9238
2004-07-12,85.7864
2004-07-13,86.4557
2004-07-14,86.1101
2004-07-15,86.2389
2004-07-16,85.5677
2004-07-19,85.4764
2004-07-20,85.7608
2004-07-21,86.8585
2004-07-22,86.386
2004-07-23,87.1176
2004-07-26,87.2574
2004-07-27,87.8044
2004-07-28,87.8559
2004-07-29,87.7245
2004-07-30,87.8202
2004-08-02,87.7569
2004-08-03,87.3878
2004-08-04,87.4002
2004-08-05,87.5147
2004-08-06,86.3842
2004-08-09,86.6443
2004-08-10,86.5186
2004-08-11,87.0051
2004-08-12,87.25
2004-08-13,86.2455
2004-08-16,86.2834
2004-08-17,86.274
2004-08-18,86.3164
2004-08-19,85.7811
2004-08-20,85.9761
2004-08-23,86.5692
2004-08-24,86.9442
2004-08-25,87.0674
2004-08-26,87.1629
2004-08-27,87.2582
2004-08-30,87.3898
2004-08-31,86.8051
2004-09-01,86.758
2004-09-02,86.6618
2004-09-03,87.2184
2004-09-06,87.2184
2004-09-07,86.6846
2004-09-08,86.4396
2004-09-09,86.4288
2004-09-10,86.0454
2004-09-13,86.5083
2004-09-14,86.1528
2004-09-15,86.9028
2004-09-16,86.5644
2004-09-17,86.7196
2004-09-20,86.5971
2004-09-21,86.1941
2004-09-22,86.1282
2004-09-23,85.8927
2004-09-24,86.0108
2004-09-27,85.864
2004-09-28,85.9368
2004-09-29,85.8584
2004-09-30,85.2055
2004-10-01,85.295
2004-10-04,86.0238
2004-10-05,85.6994
2004-10-06,85.7123
2004-10-07,85.6641
2004-10-08,84.8527
2004-10-11,84.8527
2004-10-12,85.3328
2004-10-13,85.6075
2004-10-14,84.9649
2004-10-15,84.6143
2004-10-18,84.6059
2004-10-19,84.4583
2004-10-20,83.8193
2004-10-21,83.6631
2004-10-22,83.5306
2004-10-25,82.6529
2004-10-26,82.7586
2004-10-27,82.882
2004-10-28,82.577
2004-10-29,82.6304
2004-11-01,82.7567
2004-11-02,82.8917
2004-11-03,82.3158
2004-11-04,81.8989
2004-11-05,81.5016
2004-11-08,81.3845
2004-11-09,81.4358
2004-11-10,81.7393
2004-11-11,81.7393
2004-11-12,81.2237
2004-11-15,81.5543
2004-11-16,81.2026
2004-11-17,80.8475
2004-11-18,81.312
2004-11-19,80.5588
2004-11-22,80.4924
2004-11-23,80.406
2004-11-24,80.0042
2004-11-25,80.0042
2004-11-26,79.5074
2004-11-29,79.6807
2004-11-30,79.9112
2004-12-01,79.5853
2004-12-02,79.8535
2004-12-03,79.5722
2004-12-06,79.563
2004-12-07,79.6997
2004-12-08,80.8883
2004-12-09,80.9127
2004-12-10,81.1834
2004-12-13,80.8201
2004-12-14,81.2194
2004-12-15,80.2327
2004-12-16,80.944
2004-12-17,80.685
2004-12-20,80.44
2004-12-21,80.5701
2004-12-22,80.8079
2004-12-23,80.4283
2004-12-24,80.1578
2004-12-27,79.5166
2004-12-28,79.6092
2004-12-29,79.9202
2004-12-30,79.4022
2004-12-31,79.4917
2005-01-03,79.8474
2005-01-04,80.8997
2005-01-05,80.8111
2005-01-06,81.5378
2005-01-07,81.794
2005-01-10,81.2691
2005-01-11,80.8799
2005-01-12,80.0344
2005-01-13,80.3377
2005-01-14,81.0332
2005-01-17,81.0332
2005-01-18,81.218
2005-01-19,81.3368
2005-01-20,81.7878
2005-01-21,81.2199
2005-01-24,81.3044
2005-01-25,82.0588
2005-01-26,81.3126
2005-01-27,81.5777
2005-01-28,81.7495
2005-01-31,81.6728
2005-02-01,81.8581
2005-02-02,81.868
2005-02-03,82.1353
2005-02-04,82.2165
2005-02-07,82.9837
2005-02-08,82.9414
2005-02-09,82.9932
2005-02-10,82.4572
2005-02-11,82.4663
2005-02-14,81.8697
2005-02-15,81.7852
2005-02-16,82.1618
2005-02-17,81.6033
2005-02-18,81.6316
2005-02-21,81.6316
2005-02-22,80.9711
2005-02-23,81.3791
2005-02-24,81.5104
2005-02-25,81.4306
2005-02-28,80.8079
2005-03-01,81.3331
2005-03-02,81.5137
2005-03-03,81.7015
2005-03-04,80.9843
2005-03-07,81.1738
2005-03-08,80.3943
2005-03-09,80.037
2005-03-10,79.9934
2005-03-11,79.7956
2005-03-14,80.3988
2005-03-15,80.3425
2005-03-16,79.9089
2005-03-17,80.0817
2005-03-18,80.2693
2005-03-21,80.9449
2005-03-22,80.6059
2005-03-23,81.605
2005-03-24,81.8349
2005-03-25,81.9267
2005-03-28,82.373
2005-03-29,82.0713
2005-03-30,82.0031
2005-03-31,81.7542
2005-04-01,82.1452
2005-04-04,82.5411
2005-04-05,82.5226
2005-04-06,82.5263
2005-04-07,82.3739
2005-04-08,82.4016
2005-04-11,82.314
2005-04-12,82.821
2005-04-13,82.4378
2005-04-14,82.9988
2005-04-15,82.609
2005-04-18,82.3924
2005-04-19,82.1386
2005-04-20,81.9267
2005-04-21,81.9229
2005-04-22,81.7214
2005-04-25,81.9737
2005-04-26,82.2947
2005-04-27,82.361
2005-04-28,82.477
2005-04-29,82.3876
2005-05-02,82.6479
2005-05-03,82.5926
2005-05-04,82.2908
2005-05-05,82.1059
2005-05-06,82.4562
2005-05-09,82.4581
2005-05-10,82.3558
2005-05-11,82.8233
2005-05-12,83.291
2005-05-13,83.8571
2005-05-16,84.1203
2005-05-17,83.9982
2005-05-18,83.8442
2005-05-19,84.0159
2005-05-20,84.3726
2005-05-23,84.12
2005-05-24,84.1099
2005-05-25,84.1642
2005-05-26,84.5528
2005-05-27,84.1958
2005-05-30,84.1958
2005-05-31,84.6087
2005-06-01,84.9582
2005-06-02,84.8329
2005-06-03,84.9011
2005-06-06,84.5063
2005-06-07,84.4422
2005-06-08,84.297
2005-06-09,84.9702
2005-06-10,85.2809
2005-06-13,85.9512
2005-06-14,85.8225
2005-06-15,85.2189
2005-06-16,85.1776
2005-06-17,84.6356
2005-06-20,84.9396
2005-06-21,84.7975
2005-06-22,84.9702
2005-06-23,85.119
2005-06-24,85.125
2005-06-27,84.9173
2005-06-28,85.2506
2005-06-29,85.1883
2005-06-30,85.3391
2005-07-01,86.3208
2005-07-04,86.3208
2005-07-05,86.5441
2005-07-06,86.4387
2005-07-07,86.3062
2005-07-08,86.1602
2005-07-11,85.4313
2005-07-12,84.6939
2005-07-13,85.3098
2005-07-14,85.2966
2005-07-15,85.7985
2005-07-18,85.4631
2005-07-19,86.0215
2005-07-20,86.0524
2005-07-21,85.2643
2005-07-22,85.4554
2005-07-25,85.6216
2005-07-26,86.1034
2005-07-27,86.1035
2005-07-28,85.8527
2005-07-29,85.6004
2005-08-01,85.0772
2005-08-02,84.8613
2005-08-03,84.4516
2005-08-04,84.318
2005-08-05,84.7832
2005-08-08,84.5001
2005-08-09,84.6035
2005-08-10,84.3082
2005-08-11,83.6758
2005-08-12,83.4383
2005-08-15,83.6693
2005-08-16,83.7445
2005-08-17,84.1415
2005-08-18,84.8801
2005-08-19,84.9532
2005-08-22,84.2913
2005-08-23,84.2366
2005-08-24,84.1933
2005-08-25,83.7324
2005-08-26,83.8239
2005-08-29,84.2013
2005-08-30,84.4337
2005-08-31,83.8601
2005-09-01,83.2383
2005-09-02,82.9177
2005-09-05,82.9177
2005-09-06,83.0299
2005-09-07,83.1781
2005-09-08,83.2629
2005-09-09,82.8932
2005-09-12,83.6023
2005-09-13,83.71
2005-09-14,83.6035
2005-09-15,83.9874
2005-09-16,84.0558
2005-09-19,83.8931
2005-09-20,83.8878
2005-09-21,83.6995
2005-09-22,83.9532
2005-09-23,84.4116
2005-09-26,84.7066
2005-09-27,84.9566
2005-09-28,84.9532
2005-09-29,84.7873
2005-09-30,84.3793
2005-10-03,85.0643
2005-10-04,85.2087
2005-10-05,85.0954
2005-10-06,84.6841
2005-10-07,84.6745
2005-10-10,84.6745
2005-10-11,85.0695
2005-10-12,84.8909
2005-10-13,85.6143
2005-10-14,85.0608
2005-10-17,85.2145
2005-10-18,85.6449
2005-10-19,85.3512
2005-10-20,85.2901
2005-10-21,85.6299
2005-10-24,85.502
2005-10-25,84.8186
2005-10-26,84.9022
2005-10-27,84.5787
2005-10-28,84.999
2005-10-31,85.4842
2005-11-01,85.4855
2005-11-02,85.3626
2005-11-03,85.7306
2005-11-04,86.3705
2005-11-07,86.599
2005-11-08,86.556
2005-11-09,86.6319
2005-11-10,86.7609
2005-11-11,86.7609
2005-11-14,87.3333
2005-11-15,87.2089
2005-11-16,87.349
2005-11-17,87.0552
2005-11-18,87.1329
2005-11-21,86.8938
2005-11-22,86.8088
2005-11-23,86.4063
2005-11-24,86.4063
2005-11-25,86.6913
2005-11-28,86.2918
2005-11-29,86.4249
2005-11-30,86.3872
2005-12-01,86.7929
2005-12-02,86.6507
2005-12-05,86.2089
2005-12-06,86.1865
2005-12-07,86.4692
2005-12-08,85.9747
2005-12-09,86.0268
2005-12-12,85.2824
2005-12-13,85.4877
2005-12-14,84.7276
2005-12-15,85.0884
2005-12-16,84.7997
2005-12-19,85.0724
2005-12-20,85.9264
2005-12-21,86.032
2005-12-22,85.6853
2005-12-23,85.75
2005-12-26,85.75
2005-12-27,86.0486
2005-12-28,85.8525
2005-12-29,85.9587
2005-12-30,86.0274
2006-01-02,86.0274
2006-01-03,85.0983
2006-01-04,84.5642
2006-01-05,84.7247
2006-01-06,84.3844
2006-01-09,84.7624
2006-01-10,84.6375
2006-01-11,84.2183
2006-01-12,84.6642
2006-01-13,84.4212
2006-01-16,84.4212
2006-01-17,84.8025
2006-01-18,84.9122
2006-01-19,84.6719
2006-01-20,84.42
2006-01-23,83.694
2006-01-24,83.7148
2006-01-25,83.8183
2006-01-26,84.0222
2006-01-27,84.3792
2006-01-30,84.5066
2006-01-31,84.1424
2006-02-01,84.3938
2006-02-02,84.4933
2006-02-03,84.9823
2006-02-06,85.1821
2006-02-07,85.1312
2006-02-08,85.4587
2006-02-09,85.1891
2006-02-10,85.3636
2006-02-13,85.4324
2006-02-14,85.4713
2006-02-15,85.5264
2006-02-16,85.6554
2006-02-17,85.5073
2006-02-20,85.5073
2006-02-21,85.389
2006-02-22,85.4252
2006-02-23,85.1939
2006-02-24,85.3479
2006-02-27,85.0832
2006-02-28,84.718
2006-03-01,84.843
2006-03-02,84.4197
2006-03-03,84.4586
2006-03-06,84.798
2006-03-07,85.3908
2006-03-08,85.584
2006-03-09,85.606
2006-03-10,85.9371
2006-03-13,85.7696
2006-03-14,85.0693
2006-03-15,85.0234
2006-03-16,84.6519
2006-03-17,84.4745
2006-03-20,84.7113
2006-03-21,85.208
2006-03-22,85.0809
2006-03-23,85.5892
2006-03-24,85.4613
2006-03-27,85.4083
2006-03-28,85.3209
2006-03-29,85.6767
2006-03-30,85.0614
2006-03-31,85.1759
2006-04-03,85.3664
2006-04-04,84.7345
2006-04-05,84.6213
2006-04-06,84.5696
2006-04-07,84.8394
2006-04-10,84.9446
2006-04-11,84.7728
2006-04-12,84.8394
2006-04-13,84.9064
2006-04-14,84.9454
2006-04-17,84.1171
2006-04-18,84.015
2006-04-19,83.6029
2006-04-20,83.7568
2006-04-21,83.5916
2006-04-24,83.234
2006-04-25,82.9752
2006-04-26,82.6966
2006-04-27,82.3057
2006-04-28,81.8354
2006-05-01,81.5765
2006-05-02,81.3318
2006-05-03,81.3284
2006-05-04,81.1847
2006-05-05,80.9057
2006-05-08,80.9246
2006-05-09,80.581
2006-05-10,80.3025
2006-05-11,80.0138
2006-05-12,80.156
2006-05-15,80.4569
2006-05-16,80.3988
2006-05-17,80.7214
2006-05-18,80.7496
2006-05-19,81.098
2006-05-22,80.713
2006-05-23,80.6597
2006-05-24,81.2711
2006-05-25,80.7012
2006-05-26,80.9503
2006-05-29,80.9503
2006-05-30,80.2826
2006-05-31,80.5146
2006-06-01,80.5368
2006-06-02,80.146
2006-06-05,80.0721
2006-06-06,81.0009
2006-06-07,81.0217
2006-06-08,81.8406
2006-06-09,81.433
2006-06-12,81.4109
2006-06-13,81.796
2006-06-14,81.6858
2006-06-15,81.8865
2006-06-16,81.988
2006-06-19,82.1923
2006-06-20,82.0121
2006-06-21,81.4323
2006-06-22,82.1755
2006-06-23,82.5697
2006-06-26,82.5128
2006-06-27,82.3148
2006-06-28,82.594
2006-06-29,82.3801
2006-06-30,81.3415
2006-07-03,81.3038
2006-07-04,81.3038
2006-07-05,81.6073
2006-07-06,81.44
2006-07-07,81.0838
2006-07-10,81.5642
2006-07-11,81.771
2006-07-12,82.1253
2006-07-13,82.1074
2006-07-14,82.2185
2006-07-17,82.8002
2006-07-18,82.9425
2006-07-19,82.7328
2006-07-20,82.4223
2006-07-21,82.2691
2006-07-24,82.5854
2006-07-25,82.8476
2006-07-26,82.5236
2006-07-27,81.941
2006-07-28,81.6722
2006-07-31,81.5974
2006-08-01,81.6394
2006-08-02,81.3794
2006-08-03,81.5235
2006-08-04,81.0012
2006-08-07,80.9549
2006-08-08,81.1105
2006-08-09,80.9747
2006-08-10,81.5694
2006-08-11,81.5179
2006-08-14,81.7352
2006-08-15,81.4674
2006-08-16,81.0572
2006-08-17,81.0471
2006-08-18,81.4789
2006-08-21,81.0337
2006-08-22,81.3736
2006-08-23,81.2362
2006-08-24,81.3517
2006-08-25,81.4085
2006-08-28,81.4049
2006-08-29,81.4006
2006-08-30,81.1951
2006-08-31,81.2524
2006-09-01,81.1068
2006-09-04,81.1068
2006-09-05,81.1739
2006-09-06,81.2472
2006-09-07,81.4104
2006-09-08,81.9573
2006-09-11,82.0463
2006-09-12,81.9757
2006-09-13,81.8973
2006-09-14,81.7055
2006-09-15,82.0823
2006-09-18,82.0024
2006-09-19,82.0298
2006-09-20,82.0207
2006-09-21,81.6984
2006-09-22,81.4049
2006-09-25,81.5149
2006-09-26,81.7674
2006-09-27,81.8035
2006-09-28,81.802
2006-09-29,81.9707
2006-10-02,81.7348
2006-10-03,81.9344
2006-10-04,82.2505
2006-10-05,82.1848
2006-10-06,82.5683
2006-10-09,82.5683
2006-10-10,83.0203
2006-10-11,83.0601
2006-10-12,83.0779
2006-10-13,83.2364
2006-10-16,83.1238
2006-10-17,82.8568
2006-10-18,83.0615
2006-10-19,82.5988
2006-10-20,82.3955
2006-10-23,82.7687
2006-10-24,82.6658
2006-10-25,82.5248
2006-10-26,82.2262
2006-10-27,81.7421
2006-10-30,81.8177
2006-10-31,81.5503
2006-11-01,81.7678
2006-11-02,81.873
2006-11-03,82.0636
2006-11-06,82.0998
2006-11-07,81.6481
2006-11-08,81.7893
2006-11-09,81.6881
2006-11-10,81.582
2006-11-13,82.0027
2006-11-14,81.9995
2006-11-15,82.0789
2006-11-16,82.0912
2006-11-17,82.118
2006-11-20,82.2259
2006-11-21,82.167
2006-11-22,81.5039
2006-11-23,81.5039
2006-11-24,80.812
2006-11-27,80.6869
2006-11-28,80.5034
2006-11-29,80.661
2006-11-30,80.318
2006-12-01,80.185
2006-12-04,80.195
2006-12-05,80.08
2006-12-06,80.2748
2006-12-07,80.3504
2006-12-08,80.7632
2006-12-11,80.804
2006-12-12,80.9055
2006-12-13,80.9802
2006-12-14,81.1661
2006-12-15,81.4498
2006-12-18,81.5764
2006-12-19,81.1316
2006-12-20,81.06
2006-12-21,81.1851
2006-12-22,81.4817
2006-12-25,81.4817
2006-12-26,81.5362
2006-12-27,81.5719
2006-12-28,81.4595
2006-12-29,81.5007
2007-01-01,81.5007
2007-01-03,81.7731
2007-01-04,82.1102
2007-01-05,82.3059
2007-01-08,82.2529
2007-01-09,82.4612
2007-01-10,82.6158
2007-01-11,82.7547
2007-01-12,82.5075
2007-01-15,82.5075
2007-01-16,82.6344
2007-01-17,82.4758
2007-01-18,82.6262
2007-01-19,82.4646
2007-01-22,82.6076
2007-01-23,82.5039
2007-01-24,82.6806
2007-01-25,82.5703
2007-01-26,82.917
2007-01-29,82.8871
2007-01-30,82.8447
2007-01-31,82.6003
2007-02-01,82.3866
2007-02-02,82.7722
2007-02-05,82.7378
2007-02-06,82.613
2007-02-07,82.5832
2007-02-08,82.6587
2007-02-09,82.5713
2007-02-12,82.7563
2007-02-13,82.4105
2007-02-14,81.9565
2007-02-15,81.7695
2007-02-16,81.7402
2007-02-19,81.7402
2007-02-20,81.9745
2007-02-21,81.9177
2007-02-22,81.934
2007-02-23,81.7322
2007-02-26,81.7322
2007-02-27,81.3183
2007-02-28,81.4734
2007-03-01,81.5636
2007-03-02,81.5823
2007-03-05,81.9327
2007-03-06,81.8326
2007-03-07,81.7538
2007-03-08,81.9789
2007-03-09,81.9026
2007-03-12,81.5989
2007-03-13,81.4692
2007-03-14,81.4568
2007-03-15,81.5024
2007-03-16,81.2208
2007-03-19,81.3511
2007-03-20,81.0524
2007-03-21,80.9523
2007-03-22,80.7663
2007-03-23,80.9855
2007-03-26,80.9338
2007-03-27,80.8011
2007-03-28,80.7641
2007-03-29,80.8508
2007-03-30,80.6091
2007-04-02,80.6379
2007-04-03,80.8555
2007-04-04,80.8487
2007-04-05,80.5412
2007-04-06,80.767
2007-04-09,80.8407
2007-04-10,80.4894
2007-04-11,80.4395
2007-04-12,80.093
2007-04-13,80.0581
2007-04-16,79.8574
2007-04-17,79.6067
2007-04-18,79.5062
2007-04-19,79.4445
2007-04-20,79.3758
2007-04-23,79.3943
2007-04-24,79.3136
2007-04-25,79.0702
2007-04-26,79.4963
2007-04-27,79.2762
2007-04-30,78.9872
2007-05-01,79.2251
2007-05-02,79.2943
2007-05-03,79.3744
2007-05-04,79.298
2007-05-07,79.0917
2007-05-08,79.3501
2007-05-09,79.3135
2007-05-10,79.5264
2007-05-11,79.6329
2007-05-14,79.4512
2007-05-15,79.0619
2007-05-16,79.4889
2007-05-17,79.5287
2007-05-18,79.2469
2007-05-21,79.398
2007-05-22,79.3349
2007-05-23,79.1661
2007-05-24,79.3548
2007-05-25,79.2328
2007-05-28,79.2328
2007-05-29,79.0142
2007-05-30,79.2284
2007-05-31,79.0364
2007-06-01,78.8761
2007-06-04,78.6179
2007-06-05,78.5439
2007-06-06,78.5307
2007-06-07,78.737
2007-06-08,79.086
2007-06-11,79.0831
2007-06-12,79.2006
2007-06-13,79.4295
2007-06-14,79.5268
2007-06-15,79.4155
2007-06-18,79.4202
2007-06-19,79.1323
2007-06-20,79.1042
2007-06-21,79.3643
2007-06-22,79.1696
2007-06-25,79.2003
2007-06-26,79.0649
2007-06-27,79.1189
2007-06-28,78.8526
2007-06-29,78.7698
2007-07-02,78.1519
2007-07-03,78.2873
2007-07-04,78.2873
2007-07-05,78.335
2007-07-06,78.1078
2007-07-09,78.102
2007-07-10,77.8197
2007-07-11,77.7758
2007-07-12,77.5728
2007-07-13,77.4782
2007-07-16,77.353
2007-07-17,77.3991
2007-07-18,77.245
2007-07-19,77.2559
2007-07-20,77.1154
2007-07-23,77.186
2007-07-24,76.8972
2007-07-25,77.2835
2007-07-26,77.3004
2007-07-27,77.7109
2007-07-30,77.8606
2007-07-31,77.7477
2007-08-01,77.593
2007-08-02,77.5385
2007-08-03,77.1901
2007-08-06,77.1395
2007-08-07,77.4233
2007-08-08,77.242
2007-08-09,77.556
2007-08-10,77.4845
2007-08-13,77.6656
2007-08-14,78.0747
2007-08-15,78.5086
2007-08-16,78.4405
2007-08-17,77.9094
2007-08-20,77.8992
2007-08-21,77.9129
2007-08-22,77.8646
2007-08-23,77.7302
2007-08-24,77.4357
2007-08-27,77.386
2007-08-28,77.5333
2007-08-29,77.4322
2007-08-30,77.4855
2007-08-31,77.5001
2007-09-03,77.5001
2007-09-04,77.4724
2007-09-05,77.1949
2007-09-06,77.1908
2007-09-07,76.8179
2007-09-10,76.7229
2007-09-11,76.4395
2007-09-12,76.17
2007-09-13,76.2484
2007-09-14,76.3203
2007-09-17,76.3458
2007-09-18,76.2342
2007-09-19,75.8636
2007-09-20,74.927
2007-09-21,75.0938
2007-09-24,74.9922
2007-09-25,74.85
2007-09-26,75.0826
2007-09-27,75.0106
2007-09-28,74.5149
2007-10-01,74.4997
2007-10-02,74.8311
2007-10-03,74.9072
2007-10-04,74.9359
2007-10-05,74.4861
2007-10-08,74.4861
2007-10-09,74.7501
2007-10-10,74.5207
2007-10-11,74.2921
2007-10-12,74.3795
2007-10-15,74.2883
2007-10-16,74.4268
2007-10-17,74.2076
2007-10-18,73.8843
2007-10-19,73.6572
2007-10-22,74.2984
2007-10-23,73.7147
2007-10-24,73.7371
2007-10-25,73.523
2007-10-26,73.1722
2007-10-29,73.0201
2007-10-30,72.9336
2007-10-31,72.7723
2007-11-01,72.8052
2007-11-02,72.3739
2007-11-05,72.3215
2007-11-06,71.8853
2007-11-07,71.2651
2007-11-08,71.4629
2007-11-09,71.5816
2007-11-12,71.5816
2007-11-13,72.3335
2007-11-14,72.2589
2007-11-15,72.7485
2007-11-16,72.5773
2007-11-19,72.7205
2007-11-20,72.431
2007-11-21,72.3311
2007-11-22,72.3311
2007-11-23,72.2685
2007-11-26,72.1279
2007-11-27,72.5029
2007-11-28,72.6966
2007-11-29,72.6778
2007-11-30,73.1659
2007-12-03,73.1197
2007-12-04,73.1006
2007-12-05,73.5669
2007-12-06,73.639
2007-12-07,73.4888
2007-12-10,73.4397
2007-12-11,73.5161
2007-12-12,73.56
2007-12-13,74.0734
2007-12-14,74.4235
2007-12-17,74.4133
2007-12-18,74.4545
2007-12-19,74.5436
2007-12-20,74.3332
2007-12-21,74.3217
2007-12-24,74.1318
2007-12-25,74.1318
2007-12-26,73.7873
2007-12-27,73.4792
2007-12-28,73.0506
2007-12-31,73.3779
2008-01-01,73.3779
2008-01-02,72.9482
2008-01-03,72.9097
2008-01-04,72.8511
2008-01-07,73.3169
2008-01-08,73.0954
2008-01-09,73.49
2008-01-10,73.4164
2008-01-11,73.4005
2008-01-14,73.1189
2008-01-15,72.9594
2008-01-16,73.5725
2008-01-17,73.5153
2008-01-18,73.7317
2008-01-21,73.7317
2008-01-22,73.6468
2008-01-23,73.6399
2008-01-24,72.904
2008-01-25,73.0399
2008-01-28,72.6921
2008-01-29,72.6414
2008-01-30,72.5271
2008-01-31,72.5045
2008-02-01,72.3029
2008-02-04,72.3301
2008-02-05,73.0759
2008-02-06,72.9928
2008-02-07,73.5848
2008-02-08,73.3367
2008-02-11,73.2833
2008-02-12,73.0267
2008-02-13,73.2545
2008-02-14,72.9812
2008-02-15,72.9759
2008-02-18,72.9759
2008-02-19,73.1506
2008-02-20,73.4828
2008-02-21,72.8273
2008-02-22,72.8616
2008-02-25,72.5897
2008-02-26,72.14
2008-02-27,71.2307
2008-02-28,70.9322
2008-02-29,70.9133
2008-03-03,70.9734
2008-03-04,71.0489
2008-03-05,70.9081
2008-03-06,70.5112
2008-03-07,70.6389
2008-03-10,70.5933
2008-03-11,70.7865
2008-03-12,70.2339
2008-03-13,69.6868
2008-03-14,69.6671
2008-03-17,69.3004
2008-03-18,69.2783
2008-03-19,69.9739
2008-03-20,70.8882
2008-03-21,70.8359
2008-03-24,71.0384
2008-03-25,70.4466
2008-03-26,70.0078
2008-03-27,69.9334
2008-03-28,70.1241
2008-03-31,70.2663
2008-04-01,70.8901
2008-04-02,70.7808
2008-04-03,70.3723
2008-04-04,70.2081
2008-04-07,70.4246
2008-04-08,70.5685
2008-04-09,70.362
2008-04-10,70.4174
2008-04-11,70.3466
2008-04-14,70.2173
2008-04-15,70.3266
2008-04-16,69.6208
2008-04-17,69.96
2008-04-18,70.5427
2008-04-21,70.1166
2008-04-22,69.6597
2008-04-23,70.3697
2008-04-24,70.7894
2008-04-25,70.8926
2008-04-28,70.8392
2008-04-29,70.806
2008-04-30,70.8951
2008-05-01,71.295
2008-05-02,71.4946
2008-05-05,71.2426
2008-05-06,70.8452
2008-05-07,71.3105
2008-05-08,71.3245
2008-05-09,70.9725
2008-05-12,70.8123
2008-05-13,70.9058
2008-05-14,71.155
2008-05-15,70.9705
2008-05-16,70.5699
2008-05-19,70.7217
2008-05-20,70.2661
2008-05-21,69.851
2008-05-22,70.0815
2008-05-23,69.8545
2008-05-26,69.8545
2008-05-27,70.1708
2008-05-28,70.3962
2008-05-29,70.6218
2008-05-30,70.6806
2008-06-02,70.7681
2008-06-03,71.1365
2008-06-04,71.3167
2008-06-05,71.3467
2008-06-06,70.871
2008-06-09,71.0533
2008-06-10,71.7719
2008-06-11,71.3609
2008-06-12,71.9911
2008-06-13,72.1769
2008-06-16,71.8068
2008-06-17,71.7104
2008-06-18,71.7006
2008-06-19,71.5214
2008-06-20,71.2992
2008-06-23,71.6379
2008-06-24,71.3319
2008-06-25,71.4514
2008-06-26,70.9167
2008-06-27,70.741
2008-06-30,70.894
2008-07-01,70.8535
2008-07-02,70.4973
2008-07-03,71.0945
2008-07-04,71.0945
2008-07-07,71.2912
2008-07-08,71.329
2008-07-09,70.8879
2008-07-10,70.8214
2008-07-11,70.414
2008-07-14,70.3026
2008-07-15,69.9714
2008-07-16,70.131
2008-07-17,70.2285
2008-07-18,70.4381
2008-07-21,70.3261
2008-07-22,70.6533
2008-07-23,70.9156
2008-07-24,71.126
2008-07-25,71.204
2008-07-28,71.1306
2008-07-29,71.657
2008-07-30,71.6771
2008-07-31,71.6669
2008-08-01,71.6681
2008-08-04,72.0036
2008-08-05,72.3898
2008-08-06,72.7669
2008-08-07,72.9912
2008-08-08,74.1199
2008-08-11,74.3123
2008-08-12,74.3938
2008-08-13,74.442
2008-08-14,74.5535
2008-08-15,74.9655
2008-08-18,74.8193
2008-08-19,74.7579
2008-08-20,74.9578
2008-08-21,73.959
2008-08-22,74.4
2008-08-25,74.3001
2008-08-26,74.8249
2008-08-27,74.7915
2008-08-28,74.8687
2008-08-29,75.0663
2008-09-01,75.0663
2008-09-02,75.699
2008-09-03,75.5216
2008-09-04,75.8544
2008-09-05,75.9795
2008-09-08,76.6086
2008-09-09,76.3395
2008-09-10,76.9584
2008-09-11,77.1618
2008-09-12,76.1543
2008-09-15,76.0694
2008-09-16,76.2549
2008-09-17,76.1971
2008-09-18,75.4731
2008-09-19,75.172
2008-09-22,74.1111
2008-09-23,73.9013
2008-09-24,74.1247
2008-09-25,74.203
2008-09-26,74.3001
2008-09-29,74.8903
2008-09-30,76.2423
2008-10-01,76.3126
2008-10-02,77.1249
2008-10-03,77.3295
2008-10-06,78.2255
2008-10-07,77.9797
2008-10-08,78.2135
2008-10-09,78.8468
2008-10-10,80.1307
2008-10-13,80.1307
2008-10-14,79.1695
2008-10-15,79.8189
2008-10-16,80.4455
2008-10-17,80.1062
2008-10-20,80.9028
2008-10-21,81.8928
2008-10-22,83.2077
2008-10-23,83.0921
2008-10-24,83.6611
2008-10-27,84.794
2008-10-28,84.98
2008-10-29,82.4696
2008-10-30,82.354
2008-10-31,82.875
2008-11-03,82.3274
2008-11-04,80.8731
2008-11-05,80.8036
2008-11-06,82.0736
2008-11-07,82.1033
2008-11-10,82.4161
2008-11-11,82.4161
2008-11-12,83.7005
2008-11-13,84.0303
2008-11-14,83.3267
2008-11-17,83.312
2008-11-18,83.5062
2008-11-19,83.9684
2008-11-20,85.1464
2008-11-21,85.2076
2008-11-24,82.9179
2008-11-25,82.221
2008-11-26,83.0882
2008-11-27,83.0882
2008-11-28,83.3983
2008-12-01,83.5846
2008-12-02,83.3833
2008-12-03,83.851
2008-12-04,83.2464
2008-12-05,84.7245
2008-12-08,82.9907
2008-12-09,83.084
2008-12-10,82.7934
2008-12-11,81.1322
2008-12-12,81.5502
2008-12-15,80.2883
2008-12-16,79.5865
2008-12-17,77.4722
2008-12-18,77.8293
2008-12-19,79.5249
2008-12-22,79.269
2008-12-23,79.2895
2008-12-24,79.2712
2008-12-25,79.2712
2008-12-26,79.1897
2008-12-29,78.5752
2008-12-30,79.1538
2008-12-31,79.5258
2009-01-02,79.257
2009-01-05,80.0914
2009-01-06,80.264
2009-01-07,79.1754
2009-01-08,79.1296
2009-01-09,79.5873
2009-01-12,80.3396
2009-01-13,81.3795
2009-01-14,81.5907
2009-01-15,82.338
2009-01-16,81.784
2009-01-21,83.3893
2009-01-22,82.9956
2009-01-23,83.125
2009-01-26,81.7198
2009-01-27,81.6818
2009-01-28,80.9638
2009-01-29,82.0018
2009-01-30,82.8557
2009-02-02,83.0619
2009-02-03,82.0899
2009-02-04,82.3971
2009-02-05,82.6587
2009-02-06,82.7215
2009-02-09,81.6281
2009-02-10,82.295
2009-02-11,82.8238
2009-02-12,83.1904
2009-02-13,83.0067
2009-02-17,84.4598
2009-02-18,84.7367
2009-02-19,84.3609
2009-02-20,84.1959
2009-02-23,83.9463
2009-02-24,84.2855
2009-02-25,84.639
2009-02-26,84.4652
2009-02-27,85.2042
2009-03-02,85.9246
2009-03-03,86.1968
2009-03-04,85.7558
2009-03-05,85.9973
2009-03-06,85.5713
2009-03-09,86.3021
2009-03-10,85.3847
2009-03-11,85.2807
2009-03-12,85.4949
2009-03-13,84.8427
2009-03-16,84.4139
2009-03-17,84.6177
2009-03-18,84.1266
2009-03-19,80.7418
2009-03-20,81.6374
2009-03-23,81.6181
2009-03-24,81.567
2009-03-25,81.5348
2009-03-26,81.7836
2009-03-27,82.616
2009-03-30,83.4897
2009-03-31,83.3126
2009-04-01,83.3921
2009-04-02,82.1257
2009-04-03,82.0851
2009-04-06,82.6241
2009-04-07,82.6562
2009-04-08,82.6261
2009-04-09,82.9318
2009-04-10,82.906
2009-04-13,82.0535
2009-04-14,81.8391
2009-04-15,82.0229
2009-04-16,82.073
2009-04-17,82.7691
2009-04-20,83.5625
2009-04-21,83.3397
2009-04-22,83.2401
2009-04-23,82.8899
2009-04-24,81.681
2009-04-27,82.0296
2009-04-28,82.5535
2009-04-29,81.2927
2009-04-30,81.5908
2009-05-01,81.4301
2009-05-04,80.8879
2009-05-05,80.7115
2009-05-06,80.7823
2009-05-07,80.5477
2009-05-08,80.0147
2009-05-11,79.4912
2009-05-12,79.4486
2009-05-13,79.492
2009-05-14,79.5409
2009-05-15,79.6772
2009-05-18,79.6574
2009-05-19,79.0921
2009-05-20,78.232
2009-05-21,78.0441
2009-05-22,77.0482
2009-05-26,77.0522
2009-05-27,77.0248
2009-05-28,77.2629
2009-05-29,76.2305
2009-06-01,75.854
2009-06-02,75.4634
2009-06-03,76.0173
2009-06-04,76.2863
2009-06-05,77.3449
2009-06-08,77.8825
2009-06-09,76.9016
2009-06-10,77.0972
2009-06-11,76.4251
2009-06-12,76.9937
2009-06-15,78.1102
2009-06-16,77.5218
2009-06-17,77.7125
2009-06-18,77.2439
2009-06-19,77.0952
2009-06-22,78.0866
2009-06-23,77.5676
2009-06-24,77.3608
2009-06-25,77.9436
2009-06-26,77.3562
2009-06-29,77.5071
2009-06-30,77.7917
2009-07-01,76.9843
2009-07-02,77.7282
2009-07-06,77.9016
2009-07-07,77.9237
2009-07-08,78.0525
2009-07-09,77.4159
2009-07-10,77.7299
2009-07-13,77.4521
2009-07-14,77.151
2009-07-15,76.4358
2009-07-16,76.3584
2009-07-17,76.4494
2009-07-20,75.9866
2009-07-21,75.8988
2009-07-22,75.681
2009-07-23,75.402
2009-07-24,75.5523
2009-07-27,75.5601
2009-07-28,75.3779
2009-07-29,76.107
2009-07-30,75.8894
2009-07-31,75.0601
2009-08-03,74.4285
2009-08-04,74.5828
2009-08-05,74.6184
2009-08-06,74.918
2009-08-07,75.7896
2009-08-10,75.9286
2009-08-11,76.0673
2009-08-12,75.6556
2009-08-13,75.3852
2009-08-14,75.6458
2009-08-17,76.2152
2009-08-18,76.3025
2009-08-19,75.4148
2009-08-20,75.3968
2009-08-21,75.0616
2009-08-24,74.9183
2009-08-25,74.7929
2009-08-26,75.7141
2009-08-27,75.4703
2009-08-28,75.0157
2009-08-31,75.1246
2009-09-01,75.6614
2009-09-02,75.556
2009-09-03,75.3915
2009-09-04,75.1119
2009-09-08,74.1898
2009-09-09,73.9958
2009-09-10,74.0401
2009-09-11,73.6224
2009-09-14,73.9208
2009-09-15,73.7944
2009-09-16,73.3684
2009-09-17,73.2006
2009-09-18,73.607
2009-09-21,73.8468
2009-09-22,73.2415
2009-09-23,73.454
2009-09-24,73.9606
2009-09-25,73.9733
2009-09-28,73.8696
2009-09-29,74.2424
2009-09-30,73.6187
2009-10-01,74.0155
2009-10-02,74.0516
2009-10-05,73.7094
2009-10-06,72.9916
2009-10-07,73.2703
2009-10-08,72.7122
2009-10-09,72.8897
2009-10-13,72.3651
2009-10-14,72.1327
2009-10-15,72.0655
2009-10-16,72.3752
2009-10-19,72.037
2009-10-20,72.5298
2009-10-21,72.0528
2009-10-22,72.2594
2009-10-23,72.4086
2009-10-26,72.8346
2009-10-27,73.183
2009-10-28,73.4268
2009-10-29,73.1332
2009-10-30,73.343
2009-11-02,73.1551
2009-11-03,73.4573
2009-11-04,72.9452
2009-11-05,72.8447
2009-11-06,72.9171
2009-11-09,72.1823
2009-11-10,72.1706
2009-11-12,72.5036
2009-11-13,72.2546
2009-11-16,71.8777
2009-11-17,72.506
2009-11-18,71.9745
2009-11-19,72.4431
2009-11-20,72.6985
2009-11-23,72.1814
2009-11-24,72.3221
2009-11-25,71.6128
2009-11-27,72.1116
2009-11-30,71.8795
2009-12-01,71.3403
2009-12-02,71.5406
2009-12-03,71.8006
2009-12-04,72.4428
2009-12-07,72.5636
2009-12-08,72.8405
2009-12-09,72.7282
2009-12-10,72.7032
2009-12-11,73.2361
2009-12-14,73.0436
2009-12-15,73.6071
2009-12-16,73.286
2009-12-17,74.3598
2009-12-18,74.3857
2009-12-22,74.4619
2009-12-23,74.0435
2009-12-24,74.0336
2009-12-28,73.8004
2009-12-29,73.8859
2009-12-30,74.2457
2009-12-31,74.0746
2010-01-04,73.6127
2010-01-05,73.5325
2010-01-06,73.5662
2010-01-07,73.9495
2010-01-08,73.7168
2010-01-11,73.0845
2010-01-12,73.1007
2010-01-13,73.0774
2010-01-14,72.8997
2010-01-15,73.1811
2010-01-19,73.4878
2010-01-20,74.2681
2010-01-21,74.1526
2010-01-22,74.2269
2010-01-25,74.2583
2010-01-26,74.6258
2010-01-27,74.548
2010-01-28,74.5941
2010-01-29,75.1727
2010-02-01,75.1816
2010-02-02,74.9083
2010-02-03,75.1476
2010-02-04,75.5637
2010-02-05,75.986
2010-02-12,75.5219
2010-02-16,75.037
2010-02-17,75.4201
2010-02-18,75.6894
2010-02-19,75.8191
2010-02-22,75.5659
2010-02-23,75.7501
2010-02-24,75.7377
2010-02-25,76.1839
2010-02-26,75.3583
2010-03-01,75.6532
2010-03-02,75.2912
2010-03-03,74.6649
2010-03-04,75.2165
2010-03-05,75.2128
2010-03-08,75.219
2010-03-09,75.1562
2010-03-10,75.0795
2010-03-11,75.0592
2010-03-12,74.6303
2010-03-15,74.9837
2010-03-16,74.518
2010-03-17,74.415
2010-03-18,74.8153
2010-03-19,75.1009
2010-03-22,75.0962
2010-03-23,75.0649
2010-03-24,76.0269
2010-03-25,75.9695
2010-03-26,76.0539
2010-03-29,75.6881
2010-03-30,75.7677
2010-03-31,75.4392
2010-04-01,75.1782
2010-04-02,75.5882
2010-04-05,75.3228
2010-04-06,75.4705
2010-04-07,75.5191
2010-04-08,75.4408
2010-04-09,75.2469
2010-04-12,74.8912
2010-04-13,74.828
2010-04-14,74.4871
2010-04-15,74.9066
2010-04-16,75.2225
2010-04-19,75.4966
2010-04-20,75.1241
2010-04-21,75.2616
2010-04-22,75.5231
2010-04-23,75.5681
2010-04-26,75.5124
2010-04-27,76.0807
2010-04-28,76.4163
2010-04-29,75.9155
2010-04-30,75.909
2010-05-03,76.3437
2010-05-04,76.9496
2010-05-05,77.4017
2010-05-06,78.1067
2010-05-07,78.0003
2010-05-10,77.3672
2010-05-11,77.5262
2010-05-12,77.7774
2010-05-13,77.8864
2010-05-14,78.7662
2010-05-17,79.2769
2010-05-18,78.9986
2010-05-19,79.5155
2010-05-20,79.5883
2010-05-21,78.8273
2010-05-24,79.3433
2010-05-25,80.089
2010-05-26,79.9328
2010-05-27,79.1361
2010-05-28,79.1945
2010-06-01,79.3958
2010-06-02,79.5691
2010-06-03,79.622
2010-06-04,80.3981
2010-06-07,80.6012
2010-06-08,80.356
2010-06-09,79.8612
2010-06-10,79.3936
2010-06-11,79.6463
2010-06-14,78.8079
2010-06-15,78.6414
2010-06-16,78.5386
2010-06-17,78.4496
2010-06-18,78.3196
2010-06-21,78.1651
2010-06-22,78.2785
2010-06-23,78.5463
2010-06-24,78.6281
2010-06-25,78.3432
2010-06-28,78.206
2010-06-29,78.8751
2010-06-30,78.861
2010-07-01,78.2478
2010-07-02,78.0191
2010-07-06,77.4616
2010-07-07,77.5724
2010-07-08,77.2437
2010-07-09,77.209
2010-07-12,77.529
2010-07-13,76.8124
2010-07-14,76.7827
2010-07-15,76.4503
2010-07-16,76.6215
2010-07-19,76.6584
2010-07-20,76.7409
2010-07-21,76.7411
2010-07-22,76.3039
2010-07-23,76.3971
2010-07-26,75.9415
2010-07-27,76.1588
2010-07-28,76.0658
2010-07-29,75.7797
2010-07-30,75.4647
2010-08-02,74.981
2010-08-03,74.7265
2010-08-04,74.9396
2010-08-05,74.8183
2010-08-06,74.6328
2010-08-09,74.8387
2010-08-10,75.4543
2010-08-11,76.1119
2010-08-12,76.2424
2010-08-13,76.4662
2010-08-16,76.1407
2010-08-17,75.8213
2010-08-18,75.7769
2010-08-19,76.0883
2010-08-20,76.7706
2010-08-23,76.7598
2010-08-24,76.7138
2010-08-25,77.0044
2010-08-26,76.5824
2010-08-27,76.5441
2010-08-30,76.7155
2010-08-31,76.7785
2010-09-01,76.1819
2010-09-02,76.1733
2010-09-03,75.8293
2010-09-07,76.1617
2010-09-08,75.9245
2010-09-09,75.907
2010-09-10,75.9987
2010-09-13,75.287
2010-09-14,74.7131
2010-09-15,75.2652
2010-09-16,75.1611
2010-09-17,75.3334
2010-09-20,75.1379
2010-09-21,75.0214
2010-09-22,74.2598
2010-09-23,74.2675
2010-09-24,73.8244
2010-09-27,73.7991
2010-09-28,73.5948
2010-09-29,73.4217
2010-09-30,73.5408
2010-10-01,72.9636
2010-10-04,73.145
2010-10-05,72.6356
2010-10-06,72.175
2010-10-07,72.3025
2010-10-08,72.1319
2010-10-12,72.2637
2010-10-13,71.8293
2010-10-14,71.5085
2010-10-15,71.7903
2010-10-18,71.92
2010-10-19,72.7539
2010-10-20,72.2355
2010-10-21,72.2108
2010-10-22,72.5335
2010-10-25,72.0139
2010-10-26,72.4073
2010-10-27,72.9226
2010-10-28,72.1961
2010-10-29,72.1409
2010-11-01,72.0594
2010-11-02,71.6863
2010-11-03,71.7685
2010-11-04,70.935
2010-11-05,71.4082
2010-11-08,71.6532
2010-11-09,71.7948
2010-11-10,72.3227
2010-11-12,72.5084
2010-11-15,72.7784
2010-11-16,73.5456
2010-11-17,73.3241
2010-11-18,73.176
2010-11-19,73.1836
2010-11-22,73.2149
2010-11-23,73.7812
2010-11-24,73.6477
2010-11-26,74.2716
2010-11-29,74.7434
2010-11-30,74.8061
2010-12-01,74.3786
2010-12-02,73.8312
2010-12-03,73.3383
2010-12-06,73.5584
2010-12-07,73.5386
2010-12-08,73.938
2010-12-09,73.9667
2010-12-10,73.8277
2010-12-13,73.2953
2010-12-14,73.257
2010-12-15,73.5938
2010-12-16,73.9025
2010-12-17,74.2145
2010-12-20,74.2705
2010-12-21,74.2508
2010-12-22,74.2477
2010-12-23,74.0457
2010-12-27,73.9341
2010-12-28,73.6666
2010-12-29,73.4277
2010-12-30,73.212
2011-01-03,72.6792
2011-01-04,73.0966
2011-01-05,73.5765
2011-01-06,73.9152
2011-01-07,74.0203
2011-01-10,73.963
2011-01-11,73.9376
2011-01-12,73.587
2011-01-13,72.7699
2011-01-14,72.9959
2011-01-18,72.7416
2011-01-19,72.4775
2011-01-20,72.9733
2011-01-21,72.4317
2011-01-24,72.1797
2011-01-25,72.3624
2011-01-26,72.1463
2011-01-27,72.2312
2011-01-28,72.3801
2011-01-31,72.1074
2011-02-01,71.5996
2011-02-02,71.6109
2011-02-03,71.845
2011-02-04,72.1176
2011-02-07,72.1936
2011-02-08,71.8917
2011-02-09,72.0926
2011-02-10,72.3148
2011-02-11,72.5923
2011-02-14,72.5912
2011-02-15,72.5792
2011-02-16,72.3904
2011-02-17,72.0592
2011-02-18,71.8652
2011-02-22,71.9777
2011-02-23,71.7754
2011-02-24,71.4339
2011-02-25,71.4589
2011-02-28,71.1884
2011-03-01,71.1177
2011-03-02,70.9387
2011-03-03,70.9749
2011-03-04,70.8336
2011-03-07,70.8779
2011-03-08,71.0691
2011-03-09,71.0054
2011-03-10,71.3738
2011-03-11,71.1028
2011-03-14,70.8722
2011-03-15,70.9965
2011-03-16,71.1991
2011-03-17,70.6429
2011-03-18,70.6199
2011-03-21,70.3329
2011-03-22,70.2024
2011-03-23,70.5315
2011-03-24,70.2192
2011-03-25,70.4768
2011-03-28,70.6159
2011-03-29,70.7703
2011-03-30,70.7205
2011-03-31,70.4954
2011-04-01,70.4113
2011-04-04,70.4995
2011-04-05,70.439
2011-04-06,70.175
2011-04-07,70.239
2011-04-08,69.8312
2011-04-11,69.6877
2011-04-12,69.7839
2011-04-13,69.7093
2011-04-14,69.6227
2011-04-15,69.6226
2011-04-18,70.1965
2011-04-19,69.6976
2011-04-20,69.1536
2011-04-21,68.8031
2011-04-22,68.9655
2011-04-25,68.9106
2011-04-26,68.7563
2011-04-27,68.8489
2011-04-28,68.3206
2011-04-29,68.1169
2011-05-02,68.0137
2011-05-03,68.0271
2011-05-04,68.2357
2011-05-05,68.9392
2011-05-06,69.0411
2011-05-09,69.5511
2011-05-10,69.357
2011-05-11,69.4653
2011-05-12,69.7589
2011-05-13,70.1238
2011-05-16,69.902
2011-05-17,70.2964
2011-05-18,69.9489
2011-05-19,69.9965
2011-05-20,70.163
2011-05-23,70.7051
2011-05-24,70.4757
2011-05-25,70.3902
2011-05-26,70.3848
2011-05-27,69.6972
2011-05-31,69.4582
2011-06-01,69.3119
2011-06-02,69.5758
2011-06-03,69.0276
2011-06-06,69.0197
2011-06-07,68.8218
2011-06-08,69.0409
2011-06-09,69.0886
2011-06-10,69.5822
2011-06-13,69.5534
2011-06-14,69.1769
2011-06-15,69.9844
2011-06-16,70.2942
2011-06-17,69.7296
2011-06-20,69.7236
2011-06-21,69.4189
2011-06-22,69.4083
2011-06-23,70.1794
2011-06-24,70.1976
2011-06-27,70.1433
2011-06-28,69.8412
2011-06-29,69.4317
2011-06-30,69.1089
2011-07-01,69.0975
2011-07-05,69.2076
2011-07-06,69.5603
2011-07-07,69.432
2011-07-08,69.5929
2011-07-11,70.1071
2011-07-12,70.0332
2011-07-13,69.3477
2011-07-14,69.3318
2011-07-15,69.286
2011-07-18,69.7542
2011-07-19,69.194
2011-07-20,69.0526
2011-07-21,68.4971
2011-07-22,68.6043
2011-07-25,68.4697
2011-07-26,68.1042
2011-07-27,68.3765
2011-07-28,68.5187
2011-07-29,68.2882
2011-08-01,68.7573
2011-08-02,68.6872
2011-08-03,68.5715
2011-08-04,69.5648
2011-08-05,69.6388
2011-08-08,69.4223
2011-08-09,69.3931
2011-08-10,69.4111
2011-08-11,69.3901
2011-08-12,69.3817
2011-08-15,68.8504
2011-08-16,68.8894
2011-08-17,68.7339
2011-08-18,69.2084
2011-08-19,68.8763
2011-08-22,69.1135
2011-08-23,68.9123
2011-08-24,69.067
2011-08-25,69.1583
2011-08-26,68.9106
2011-08-29,68.7267
2011-08-30,68.8929
2011-08-31,68.8417
2011-09-01,69.048
2011-09-02,69.3116
2011-09-06,70.3457
2011-09-07,70.1357
2011-09-08,70.3064
2011-09-09,71.2197
2011-09-12,71.3114
2011-09-13,71.0575
2011-09-14,71.0307
2011-09-15,70.575
2011-09-16,70.6435
2011-09-19,71.1672
2011-09-20,71.0671
2011-09-21,71.2037
2011-09-22,72.7422
2011-09-23,72.4312
2011-09-26,72.5318
2011-09-27,71.9466
2011-09-28,71.993
2011-09-29,72.2309
2011-09-30,72.8553
2011-10-03,73.3657
2011-10-04,73.8121
2011-10-05,73.363
2011-10-06,73.1146
2011-10-07,72.5477
2011-10-11,72.1006
2011-10-12,71.5012
2011-10-13,71.7823
2011-10-14,71.3184
2011-10-17,71.465
2011-10-18,71.6457
2011-10-19,71.4115
2011-10-20,71.8489
2011-10-21,70.8981
2011-10-24,70.6213
2011-10-25,70.8354
2011-10-26,70.9842
2011-10-27,69.7439
2011-10-28,69.7627
2011-10-31,70.5159
2011-11-01,71.8689
2011-11-02,71.3679
2011-11-03,71.4939
2011-11-04,71.5894
2011-11-07,71.633
2011-11-08,71.407
2011-11-09,71.9759
2011-11-10,71.9898
2011-11-14,71.839
2011-11-15,72.2326
2011-11-16,72.2429
2011-11-17,72.2464
2011-11-18,72.3249
2011-11-21,72.6766
2011-11-22,72.7195
2011-11-23,73.4275
2011-11-25,73.745
2011-11-28,73.1839
2011-11-29,72.9994
2011-11-30,72.3977
2011-12-01,72.2922
2011-12-02,72.5923
2011-12-05,72.2911
2011-12-06,72.4587
2011-12-07,72.3976
2011-12-08,72.7542
2011-12-09,72.6503
2011-12-12,73.3231
2011-12-13,73.5895
2011-12-14,74.2568
2011-12-15,73.9338
2011-12-16,73.9433
2011-12-19,73.9567
2011-12-20,73.5171
2011-12-21,73.6616
2011-12-22,73.4976
2011-12-23,73.5225
2011-12-27,73.3467
2011-12-28,73.88
2011-12-29,73.7492
2011-12-30,73.4051
2012-01-03,72.9043
2012-01-04,73.3275
2012-01-05,73.9855
2012-01-06,74.1985
2012-01-09,74.1954
2012-01-10,73.8146
2012-01-11,74.1995
2012-01-12,73.8577
2012-01-13,74.3374
2012-01-17,73.878
2012-01-18,73.6611
2012-01-19,73.3178
2012-01-20,73.3198
2012-01-23,72.9411
2012-01-24,73.2027
2012-01-25,73.3835
2012-01-26,72.4948
2012-01-27,72.3313
2012-01-30,72.4758
2012-01-31,72.6719
2012-02-01,72.1416
2012-02-02,72.18
2012-02-03,72.3079
2012-02-06,72.2536
2012-02-07,72.0025
2012-02-08,72.0569
2012-02-09,71.9692
2012-02-10,72.4666
2012-02-13,72.3267
2012-02-14,72.6388
2012-02-15,72.6908
2012-02-16,72.6894
2012-02-17,72.7083
2012-02-21,72.4948
2012-02-22,72.7384
2012-02-23,72.5349
2012-02-24,72.2163
2012-02-27,72.2549
2012-02-28,72.0905
2012-02-29,72.19
2012-03-01,72.2499
2012-03-02,72.7203
2012-03-05,72.7618
2012-03-06,73.1889
2012-03-07,73.0853
2012-03-08,72.6994
2012-03-09,73.2267
2012-03-12,73.2251
2012-03-13,73.2414
2012-03-14,73.6985
2012-03-15,73.5137
2012-03-16,73.1649
2012-03-19,72.8946
2012-03-20,73.1502
2012-03-21,73.2232
2012-03-22,73.2382
2012-03-23,72.971
2012-03-26,72.7183
2012-03-27,72.7526
2012-03-28,72.957
2012-03-29,72.9882
2012-03-30,72.7835
2012-04-02,72.5836
2012-04-03,72.5734
2012-04-04,73.3108
2012-04-05,73.3532
2012-04-06,73.2468
2012-04-09,73.2227
2012-04-10,73.3565
2012-04-11,73.2585
2012-04-12,72.8594
2012-04-13,73.1952
2012-04-16,73.2495
2012-04-17,72.8066
2012-04-18,72.9205
2012-04-19,72.9837
2012-04-20,72.7334
2012-04-23,72.9441
2012-04-24,72.6425
2012-04-25,72.57
2012-04-26,72.3905
2012-04-27,72.2054
2012-04-30,72.3277
2012-05-01,72.3067
2012-05-02,72.6049
2012-05-03,72.617
2012-05-04,72.8858
2012-05-07,72.9293
2012-05-08,73.1613
2012-05-09,73.3426
2012-05-10,73.3638
2012-05-11,73.3485
2012-05-14,73.6832
2012-05-15,73.989
2012-05-16,74.3161
2012-05-17,74.3814
2012-05-18,74.4719
2012-05-21,74.3887
2012-05-22,74.5092
2012-05-23,75.0716
2012-05-24,75.0391
2012-05-25,75.2663
2012-05-29,75.2448
2012-05-30,75.5109
2012-05-31,75.6958
2012-06-01,75.6133
2012-06-04,75.5012
2012-06-05,75.702
2012-06-06,75.2045
2012-06-07,75.0539
2012-06-08,75.4847
2012-06-11,75.2733
2012-06-12,75.2871
2012-06-13,74.956
2012-06-14,74.874
2012-06-15,74.6365
2012-06-18,74.8581
2012-06-19,74.3267
2012-06-20,74.4255
2012-06-21,75.0098
2012-06-22,75.2135
2012-06-25,75.3442
2012-06-26,75.2422
2012-06-27,75.343
2012-06-28,75.5078
2012-06-29,74.5564
2012-07-02,74.7085
2012-07-03,74.5083
2012-07-05,75.2103
2012-07-06,75.6126
2012-07-09,75.5945
2012-07-10,75.6385
2012-07-11,75.6798
2012-07-12,75.8478
2012-07-13,75.5444
2012-07-16,75.3648
2012-07-17,75.446
2012-07-18,75.24
2012-07-19,75.0921
2012-07-20,75.4024
2012-07-23,75.7182
2012-07-24,75.9313
2012-07-25,75.7076
2012-07-26,75.0385
2012-07-27,74.7399
2012-07-30,74.9219
2012-07-31,74.6945
2012-08-01,74.786
2012-08-02,75.3306
2012-08-03,74.5179
2012-08-06,74.3743
2012-08-07,74.4028
2012-08-08,74.4601
2012-08-09,74.677
2012-08-10,74.5184
2012-08-13,74.4837
2012-08-14,74.5443
2012-08-15,74.6081
2012-08-16,74.4575
2012-08-17,74.6374
2012-08-20,74.5529
2012-08-21,74.1381
2012-08-22,74.2456
2012-08-23,73.8065
2012-08-24,73.9778
2012-08-27,73.9805
2012-08-28,73.7641
2012-08-29,73.8923
2012-08-30,74.1145
2012-08-31,73.6939
2012-09-04,73.7638
2012-09-05,73.7657
2012-09-06,73.6231
2012-09-07,72.9164
2012-09-10,72.9035
2012-09-11,72.5586
2012-09-12,72.5405
2012-09-13,72.4362
2012-09-14,71.868
2012-09-17,72.023
2012-09-18,72.2219
2012-09-19,72.1567
2012-09-20,72.4957
2012-09-21,72.3195
2012-09-24,72.5839
2012-09-25,72.4148
2012-09-26,72.8283
2012-09-27,72.6268
2012-09-28,72.8154
2012-10-01,72.7076
2012-10-02,72.5966
2012-10-03,72.95
2012-10-04,72.5651
2012-10-05,72.3307
2012-10-09,72.836
2012-10-10,72.791
2012-10-11,72.7091
2012-10-12,72.6618
2012-10-15,72.6846
2012-10-16,72.6368
2012-10-17,72.2128
2012-10-18,72.3801
2012-10-19,72.8973
2012-10-22,72.9086
2012-10-23,73.1677
2012-10-24,73.2131
2012-10-25,73.174
2012-10-26,73.2628
2012-10-31,73.2459
2012-11-01,73.2682
2012-11-02,73.5695
2012-11-05,73.6771
2012-11-06,73.5507
2012-11-07,73.7054
2012-11-08,73.7565
2012-11-09,73.859
2012-11-13,73.8723
2012-11-14,73.9629
2012-11-15,74.0324
2012-11-16,74.2345
2012-11-19,73.8121
2012-11-20,73.8947
2012-11-21,74.0085
2012-11-23,73.4759
2012-11-26,73.472
2012-11-27,73.5317
2012-11-28,73.496
2012-11-29,73.4648
2012-11-30,73.4087
2012-12-03,73.2017
2012-12-04,73.1014
2012-12-05,73.1609
2012-12-06,73.4024
2012-12-07,73.449
2012-12-10,73.4234
2012-12-11,73.2641
2012-12-12,73.2156
2012-12-13,73.1705
2012-12-14,73.057
2012-12-17,72.9368
2012-12-18,72.854
2012-12-19,72.8467
2012-12-20,72.9576
2012-12-21,73.2351
2012-12-24,73.2845
2012-12-26,73.3523
2012-12-27,73.4302
2012-12-28,73.4337
2012-12-31,73.5633
2013-01-02,73.3738
2013-01-03,73.5749
2013-01-04,73.9555
2013-01-07,73.7475
2013-01-08,73.82
2013-01-09,73.8665
2013-01-10,73.4917
2013-01-11,73.2962
2013-01-14,73.3055
2013-01-15,73.3087
2013-01-16,73.4525
2013-01-17,73.4673
2013-01-18,73.8888
2013-01-22,73.6783
2013-01-23,73.7734
2013-01-24,73.9448
2013-01-25,74.0123
2013-01-28,73.9942
2013-01-29,73.7794
2013-01-30,73.6266
2013-01-31,73.4909
2013-02-01,73.4267
2013-02-04,73.7754
2013-02-05,73.8148
2013-02-06,73.9221
2013-02-07,74.2894
2013-02-08,74.2812
2013-02-11,74.4146
2013-02-12,74.2146
2013-02-13,74.2555
2013-02-14,74.474
2013-02-15,74.6156
2013-02-19,74.6724
2013-02-20,74.9189
2013-02-21,75.2774
2013-02-22,75.4853
2013-02-25,75.6246
2013-02-26,75.6869
2013-02-27,75.564
2013-02-28,75.7396
2013-03-01,76.1824
2013-03-04,76.162
2013-03-05,76.0746
2013-03-07,76.1442
2013-03-08,76.5413
2013-03-11,76.4852
2013-03-12,76.4075
2013-03-13,76.6204
2013-03-14,76.5022
2013-03-15,75.9397
2013-03-18,76.232
2013-03-19,76.5076
2013-03-20,76.4233
2013-03-21,76.3321
2013-03-22,76.0305
2013-03-25,76.3102
2013-03-26,76.2416
2013-03-27,76.4889
2013-03-28,76.222
2013-03-29,76.3538
2013-04-01,76.1008
2013-04-02,76.1659
2013-04-03,76.0281
2013-04-04,76.4323
2013-04-05,76.1242
2013-04-08,76.4708
2013-04-09,76.1556
2013-04-10,76.2642
2013-04-11,75.9461
2013-04-12,76.0456
2013-04-15,76.1658
2013-04-16,76.0466
2013-04-17,76.3942
2013-04-18,76.3846
2013-04-19,76.5611
2013-04-22,76.6092
2013-04-23,76.7481
2013-04-24,76.8284
2013-04-25,76.5537
2013-04-26,76.2324
2013-04-29,76.003
2013-04-30,75.5569
2013-05-01,75.4898
2013-05-02,75.9186
2013-05-03,75.9042
2013-05-06,76.0783
2013-05-07,75.9909
2013-05-08,75.6481
2013-05-09,75.9053
2013-05-10,76.9488
2013-05-13,76.8815
2013-05-14,77.083
2013-05-15,77.4867
2013-05-16,77.2805
2013-05-17,77.9178
2013-05-20,77.7056
2013-05-21,77.6053
2013-05-22,78.0983
2013-05-23,77.5548
2013-05-24,77.5448
2013-05-28,77.9816
2013-05-29,77.5929
2013-05-30,77.1792
2013-05-31,77.3766
2013-06-03,76.6554
2013-06-04,77.0209
2013-06-05,76.8386
2013-06-06,75.9329
2013-06-07,75.8662
2013-06-10,76.056
2013-06-11,75.6874
2013-06-12,75.2524
2013-06-13,75.1393
2013-06-14,75.1127
2013-06-17,75.1746
2013-06-18,75.1593
2013-06-19,75.0907
2013-06-20,76.519
2013-06-21,76.9177
2013-06-24,77.1212
2013-06-25,77.1244
2013-06-26,77.1798
2013-06-27,77.3588
2013-06-28,77.5759
2013-07-01,77.4363
2013-07-02,77.7689
2013-07-03,77.6792
2013-07-05,78.5419
2013-07-08,78.4897
2013-07-09,78.6603
2013-07-10,78.2665
2013-07-11,77.2223
2013-07-12,77.3177
2013-07-15,77.4743
2013-07-16,77.0024
2013-07-17,77.2159
2013-07-18,77.3286
2013-07-19,77.0027
2013-07-22,76.6676
2013-07-23,76.5783
2013-07-24,76.5971
2013-07-25,76.482
2013-07-26,76.2126
2013-07-29,76.1226
2013-07-30,76.3
2013-07-31,76.3379
2013-08-01,76.7694
2013-08-02,76.6438
2013-08-05,76.6089
2013-08-06,76.3636
2013-08-07,76.1403
2013-08-08,75.7145
2013-08-09,75.7771
2013-08-12,75.8759
2013-08-13,76.3892
2013-08-14,76.2797
2013-08-15,76.2561
2013-08-16,76.0466
2013-08-19,75.9942
2013-08-20,75.785
2013-08-21,76.1675
2013-08-22,76.4708
2013-08-23,76.3939
2013-08-26,76.4721
2013-08-27,76.2634
2013-08-28,76.4364
2013-08-29,76.8947
2013-08-30,77.0156
2013-09-03,77.1378
2013-09-04,76.8683
2013-09-05,77.244
2013-09-06,76.7215
2013-09-09,76.4425
2013-09-10,76.4956
2013-09-11,76.2943
2013-09-12,76.1183
2013-09-13,76.2802
2013-09-16,75.9352
2013-09-17,75.8849
2013-09-18,75.9092
2013-09-19,75.2753
2013-09-20,75.4186
2013-09-23,75.3298
2013-09-24,75.4414
2013-09-25,75.2937
2013-09-26,75.5464
2013-09-27,75.2496
2013-09-30,75.1936
2013-10-01,75.2495
2013-10-02,75.0209
2013-10-03,74.8607
2013-10-04,75.0307
2013-10-07,75.0337
2013-10-08,75.0383
2013-10-09,75.4509
2013-10-10,75.463
2013-10-11,75.4592
2013-10-15,75.5979
2013-10-16,75.6153
2013-10-17,74.8022
2013-10-18,74.718
2013-10-21,74.841
2013-10-22,74.5269
2013-10-23,74.6405
2013-10-24,74.6755
2013-10-25,74.7973
2013-10-28,74.8499
2013-10-29,74.994
2013-10-30,75.004
2013-10-31,75.3804
2013-11-01,75.8159
2013-11-04,75.6371
2013-11-05,75.7861
2013-11-06,75.5629
2013-11-07,75.9587
2013-11-08,76.2562
2013-11-12,76.2498
2013-11-13,76.023
2013-11-14,76.1136
2013-11-15,76.0107
2013-11-18,75.8135
2013-11-19,75.8915
2013-11-20,76.0138
2013-11-21,76.2372
2013-11-22,76.131
2013-11-25,76.363
2013-11-26,76.1718
2013-11-27,76.3366
2013-11-29,76.206
2013-12-02,76.4854
2013-12-03,76.3022
2013-12-04,76.5582
2013-12-05,76.0863
2013-12-06,76.1912
2013-12-09,76.0775
2013-12-11,75.7402
2013-12-12,76.0825
2013-12-13,76.0636
2013-12-16,75.8953
2013-12-17,75.9864
2013-12-18,76.0347
2013-12-19,76.4793
2013-12-20,76.4481
2013-12-23,76.2129
2013-12-24,76.3311
2013-12-26,76.4029
2013-12-27,76.324
2013-12-30,76.0452
2013-12-31,76.1421
2014-01-02,76.426
2014-01-03,76.4948
2014-01-06,76.5215
2014-01-07,76.7806
2014-01-08,77.0161
2014-01-09,77.0904
2014-01-10,76.9301
2014-01-13,76.8046
2014-01-14,76.8901
2014-01-15,77.2014
2014-01-16,77.2249
2014-01-17,77.378
2014-01-21,77.3517
2014-01-22,77.5699
2014-01-23,77.2629
2014-01-24,77.0342
2014-01-27,77.0484
2014-01-28,77.2545
2014-01-29,77.1837
2014-01-30,77.6308
2014-01-31,77.5941
2014-02-03,77.3548
2014-02-04,77.3861
2014-02-05,77.4233
2014-02-06,77.1615
2014-02-07,77.071
2014-02-10,77.0372
2014-02-11,76.9699
2014-02-12,77.0049
2014-02-14,76.6076
2014-02-18,76.4516
2014-02-19,76.6246
2014-02-20,76.9714
2014-02-24,76.7365
2014-02-25,76.7323
2014-02-26,77.0503
2014-02-27,76.9048
2014-02-28,76.5391
2014-03-04,76.8497
2014-03-05,76.6941
2014-03-06,76.2899
2014-03-07,76.537
2014-03-10,76.5703
2014-03-11,76.5542
2014-03-12,76.5197
2014-03-13,76.2038
2014-03-14,76.2135
2014-03-18,76.2344
2014-03-19,76.4289
2014-03-20,77.0467
2014-03-21,76.9266
2014-03-24,76.9537
2014-03-25,76.894
2014-03-26,76.768
2014-03-27,76.6186
2014-03-28,76.7372
2014-03-31,76.6267
2014-04-01,76.5809
2014-04-02,76.7442
2014-04-03,76.937
2014-04-04,76.7472
2014-04-07,76.5827
2014-04-08,76.1626
2014-04-09,76.0568
2014-04-10,75.8249
2014-04-11,75.9416
2014-04-14,76.1601
2014-04-15,76.2336
2014-04-16,76.349
2014-04-17,76.2569
2014-04-18,76.3858
2014-04-21,76.4592
2014-04-22,76.4151
2014-04-23,76.4061
2014-04-24,76.3594
2014-04-25,76.3353
2014-04-28,76.337
2014-04-29,76.2961
2014-04-30,76.0492
2014-05-01,76.0854
2014-05-02,76.1282
2014-05-05,76.0115
2014-05-06,75.6645
2014-05-07,75.7175
2014-05-08,75.7546
2014-05-09,76.1464
2014-05-12,76.1646
2014-05-13,76.3088
2014-05-14,76.2502
2014-05-15,76.2404
2014-05-16,76.2315
2014-05-19,76.1559
2014-05-20,76.2763
2014-05-21,76.4822
2014-05-22,76.4536
2014-05-23,76.4879
2014-05-27,76.5466
2014-05-28,76.5922
2014-05-29,76.458
2014-05-30,76.4505
2014-06-02,76.6675
2014-06-03,76.6785
2014-06-04,76.7542
2014-06-05,76.6955
2014-06-06,76.6459
2014-06-09,76.7179
2014-06-10,76.8393
2014-06-11,76.697
2014-06-12,76.5622
2014-06-13,76.6742
2014-06-16,76.4505
2014-06-17,76.6061
2014-06-18,76.592
2014-06-19,76.2929
2014-06-20,76.3054
2014-06-23,76.1756
2014-06-24,76.2585
2014-06-25,76.0454
2014-06-26,76.0602
2014-06-27,75.9147
2014-06-30,75.7123
2014-07-01,75.6811
2014-07-02,75.806
2014-07-03,75.9433
2014-07-07,75.987
2014-07-08,75.9451
2014-07-09,75.867
2014-07-10,75.9094
2014-07-11,76.0593
2014-07-14,76.046
2014-07-15,76.2454
2014-07-16,76.3329
2014-07-17,76.3008
2014-07-18,76.3269
2014-07-21,76.3024
2014-07-22,76.4769
2014-07-23,76.4726
2014-07-24,76.5247
2014-07-25,76.7712
2014-07-28,76.7133
2014-07-29,76.9616
2014-07-30,77.284
2014-07-31,77.2063
2014-08-01,77.1301
2014-08-04,77.1807
2014-08-05,77.4409
2014-08-06,77.3369
2014-08-07,77.2807
2014-08-08,77.2866
2014-08-11,77.2732
2014-08-12,77.3689
2014-08-13,77.3755
2014-08-14,77.2942
2014-08-15,77.2219
2014-08-18,77.2932
2014-08-19,77.5529
2014-08-20,77.7343
2014-08-21,77.8051
2014-08-22,77.9544
2014-08-25,78.0904
2014-08-26,78.0966
2014-08-27,77.9372
2014-08-28,77.8764
2014-08-29,77.9776
2014-09-02,78.3587
2014-09-03,78.1998
2014-09-04,78.8074
2014-09-05,78.7697
2014-09-08,79.0468
2014-09-09,79.437
2014-09-10,79.3746
2014-09-11,79.4497
2014-09-12,79.5433
2014-09-15,79.4974
2014-09-16,79.2236
2014-09-17,79.2843
2014-09-18,79.4921
2014-09-19,79.8223
2014-09-22,79.9205
2014-09-23,79.9367
2014-09-24,80.2143
2014-09-25,80.3703
2014-09-26,80.7703
2014-09-29,80.6812
2014-09-30,81.0756
2014-10-01,80.9928
2014-10-02,80.6819
2014-10-03,81.6336
2014-10-06,81.1335
2014-10-07,80.9357
2014-10-08,80.8064
2014-10-09,80.6583
2014-10-10,80.8601
2014-10-14,80.8926
2014-10-15,80.5238
2014-10-16,80.3286
2014-10-17,80.5278
2014-10-20,80.4982
2014-10-21,80.5279
2014-10-22,80.8094
2014-10-23,80.9594
2014-10-24,80.8109
2014-10-27,80.7399
2014-10-28,80.5117
2014-10-29,80.3787
2014-10-30,81.0528
2014-10-31,81.8583
2014-11-03,82.3088
2014-11-04,82.2142
2014-11-05,82.5232
2014-11-06,82.9246
2014-11-07,82.7461
2014-11-10,82.7006
2014-11-12,82.5341
2014-11-13,82.6806
2014-11-14,82.6243
2014-11-17,82.7956
2014-11-18,82.5553
2014-11-19,82.7301
2014-11-20,82.7627
2014-11-21,82.9417
2014-11-24,83.0047
2014-11-25,82.8118
2014-11-26,82.5859
2014-11-28,83.3705
2014-12-01,82.9377
2014-12-02,83.5228
2014-12-03,83.7594
2014-12-04,83.3877
2014-12-05,84.1257
2014-12-08,84.219
2014-12-09,83.4866
2014-12-10,83.5567
2014-12-11,83.8522
2014-12-12,83.4711
2014-12-15,83.7107
2014-12-16,83.5181
2014-12-17,83.91
2014-12-18,84.315
2014-12-19,84.6676
2014-12-22,84.6852
2014-12-23,85.0083
2014-12-24,84.9349
2014-12-29,85.0006
2014-12-30,84.7628
2014-12-31,85.0652
2015-01-02,85.7577
2015-01-05,86.2016
2015-01-06,86.0471
2015-01-07,86.7411
2015-01-08,86.6519
2015-01-09,86.5625
2015-01-12,86.6687
2015-01-13,86.8629
2015-01-14,86.6097
2015-01-15,86.705
2015-01-16,86.9265
2015-01-20,87.2325
2015-01-21,87.6474
2015-01-22,88.232
2015-01-23,88.8135
2015-01-26,88.933
2015-01-27,88.5382
2015-01-28,88.7602
2015-01-29,89.5227
2015-01-30,89.6269
2015-02-02,89.1999
2015-02-03,88.5294
2015-02-04,88.8298
2015-02-05,88.4552
2015-02-06,89.2113
2015-02-09,89.0743
2015-02-10,89.2924
2015-02-11,89.7245
2015-02-12,88.7701
2015-02-13,88.7433
2015-02-18,89.059
2015-02-19,88.9089
2015-02-20,88.991
2015-02-23,89.2486
2015-02-24,89.4719
2015-02-25,88.8158
2015-02-26,89.5837
2015-02-27,89.6803
2015-03-02,89.857
2015-03-03,89.5246
2015-03-04,90.096
2015-03-06,91.5446
2015-03-09,91.5574
2015-03-10,92.199
2015-03-11,93.091
2015-03-12,92.7449
2015-03-13,93.4008
2015-03-16,93.1269
2015-03-17,93.0676
2015-03-18,92.8928
2015-03-19,92.8746
2015-03-20,91.6875
2015-03-23,90.9113
2015-03-24,90.98
2015-03-25,90.6375
2015-03-26,90.8036
2015-03-27,91.1357
2015-03-30,91.8314
2015-03-31,92.0599
2015-04-01,91.7881
2015-04-02,91.3544
2015-04-03,90.5271
2015-04-06,90.4251
2015-04-07,91.3037
2015-04-08,91.347
2015-04-09,92.2056
2015-04-10,92.5812
2015-04-13,92.6684
2015-04-14,91.8438
2015-04-15,91.9237
2015-04-16,90.8353
2015-04-17,90.7097
2015-04-20,90.7896
2015-04-21,90.9402
2015-04-22,91.0597
2015-04-23,90.5004
2015-04-24,90.1308
2015-04-27,89.9196
2015-04-28,89.319
2015-04-29,88.3547
2015-04-30,89.0096
2015-05-01,89.1848
2015-05-04,89.1789
2015-05-05,88.7973
2015-05-06,88.0236
2015-05-07,88.5882
2015-05-08,88.5252
2015-05-11,88.8918
2015-05-12,88.2035
2015-05-13,87.5127
2015-05-14,87.6232
2015-05-15,87.5059
2015-05-18,88.1553
2015-05-19,89.1839
2015-05-20,89.5066
2015-05-21,89.2143
2015-05-22,89.8915
2015-05-26,90.9928
2015-05-27,91.1925
2015-05-28,91.1521
2015-05-29,90.8242
2015-06-01,91.4334
2015-06-02,90.2311
2015-06-03,89.6853
2015-06-04,89.8962
2015-06-05,90.6846
2015-06-08,90.0514
2015-06-09,89.4579
2015-06-10,89.0339
2015-06-11,89.5025
2015-06-12,89.2021
2015-06-15,89.3301
2015-06-16,89.3969
2015-06-17,89.3945
2015-06-18,88.3599
2015-06-19,88.7238
2015-06-22,88.6982
2015-06-23,89.5408
2015-06-24,89.8757
2015-06-25,89.5816
2015-06-26,89.7886
2015-06-29,89.5423
2015-06-30,89.8171
2015-07-01,90.4411
2015-07-02,90.4697
2015-07-06,90.594
2015-07-07,91.3568
2015-07-08,90.7657
2015-07-09,91.0129
2015-07-10,90.6362
2015-07-13,91.2646
2015-07-14,91.1964
2015-07-15,91.8313
2015-07-16,92.0911
2015-07-17,92.4188
2015-07-20,92.4286
2015-07-21,92.0637
2015-07-22,92.362
2015-07-23,92.0648
2015-07-24,92.1666
2015-07-27,91.4854
2015-07-28,91.568
2015-07-29,91.6246
2015-07-30,92.3826
2015-07-31,91.9203
2015-08-03,92.3936
2015-08-04,92.362
2015-08-05,92.9313
2015-08-06,92.7097
2015-08-07,92.5141
2015-08-10,92.2482
2015-08-11,92.3403
2015-08-12,91.212
2015-08-13,91.6863
2015-08-14,91.7807
2015-08-17,91.9286
2015-08-18,92.0601
2015-08-19,92.0872
2015-08-20,91.311
2015-08-21,90.7105
2015-08-24,89.6952
2015-08-25,90.6506
2015-08-26,90.7639
2015-08-27,91.324
2015-08-28,91.7719
2015-08-31,91.6432
2015-09-01,91.1948
2015-09-02,91.5646
2015-09-03,91.8858
2015-09-04,91.9256
2015-09-08,91.5025
2015-09-09,91.7519
2015-09-10,91.3142
2015-09-11,91.1705
2015-09-14,91.1326
2015-09-15,91.4077
2015-09-16,90.9984
2015-09-17,91.0359
2015-09-18,90.5877
2015-09-21,91.4764
2015-09-22,91.8303
2015-09-23,91.9342
2015-09-24,91.6035
2015-09-25,91.9362
2015-09-28,91.747
2015-09-29,91.8065
2015-09-30,92.1031
2015-10-01,91.6013
2015-10-02,91.23
2015-10-05,91.3642
2015-10-06,90.978
2015-10-07,90.9149
2015-10-08,90.7481
2015-10-09,90.3207
2015-10-13,90.3162
2015-10-14,89.9491
2015-10-15,89.7123
2015-10-16,90.1586
2015-10-19,90.4193
2015-10-20,90.2639
2015-10-21,90.6328
2015-10-22,91.4164
2015-10-23,92.1375
2015-10-26,91.9033
2015-10-27,92.0949
2015-10-28,91.9116
2015-10-29,92.4444
2015-10-30,91.8307
2015-11-02,91.9118
2015-11-03,92.3006
2015-11-04,92.7765
2015-11-05,92.8565
2015-11-06,93.9096
2015-11-09,93.6996
2015-11-10,94.0156
2015-11-12,93.6685
2015-11-13,93.9256
2015-11-16,94.041
2015-11-17,94.3209
2015-11-18,94.3881
2015-11-19,93.6043
2015-11-20,94.139
2015-11-23,94.4826
2015-11-24,94.1376
2015-11-25,94.2719
2015-11-27,94.5733
2015-11-30,94.6528
2015-12-01,94.4438
2015-12-02,94.7289
2015-12-03,93.359
2015-12-04,93.3429
2015-12-07,93.8651
2015-12-08,93.8934
2015-12-09,93.2645
2015-12-10,93.3286
2015-12-11,93.2573
2015-12-14,93.2336
2015-12-15,93.8606
2015-12-16,93.9207
2015-12-17,94.9732
2015-12-18,94.391
2015-12-21,94.3218
2015-12-22,93.9978
2015-12-23,94.2356
2015-12-24,93.7658
2015-12-28,93.7863
2015-12-29,94.006
2015-12-30,94.0808
2015-12-31,94.2472
2016-01-04,94.6663
2016-01-05,94.9326
2016-01-06,95.0333
2016-01-07,94.577
2016-01-08,94.6521
2016-01-11,94.727
2016-01-12,95.1846
2016-01-13,95.0987
2016-01-14,95.2875
2016-01-15,95.1338
2016-01-19,95.4751
2016-01-20,95.4884
2016-01-21,95.2326
2016-01-27,94.8541
2016-01-28,94.5195
2016-01-29,95.3746
2016-02-01,94.9287
2016-02-02,94.8171
2016-02-03,93.4924
2016-02-04,92.5279
2016-02-05,93.1859
2016-02-08,92.9784
2016-02-09,92.225
2016-02-10,92.6147
2016-02-11,91.765
2016-02-12,92.1875
2016-02-16,92.8133
2016-02-17,92.5044
2016-02-18,92.6647
2016-02-19,92.5236
2016-02-22,92.8785
2016-02-23,93.0056
2016-02-24,92.8815
2016-02-25,92.6798
2016-02-26,93.1882
2016-02-29,93.2101
2016-03-01,93.1935
2016-03-02,93.2026
2016-03-03,92.5766
2016-03-04,92.2166
2016-03-07,92.118
2016-03-08,92.0882
2016-03-09,91.8408
2016-03-10,91.5824
2016-03-11,91.1559
2016-03-14,91.6314
2016-03-15,91.7412
2016-03-16,92.0399
2016-03-17,89.8565
2016-03-18,89.9368
2016-03-21,90.2985
2016-03-22,90.4955
2016-03-23,91.1568
2016-03-24,91.3394
2016-03-25,91.3881
2016-03-28,91.0156
2016-03-29,90.9598
2016-03-30,89.9472
2016-03-31,89.7172
2016-04-01,89.9376
2016-04-04,89.7927
2016-04-05,90.0674
2016-04-06,89.5687
2016-04-07,89.7562
2016-04-08,89.3861
2016-04-11,89.0725
2016-04-12,88.96
2016-04-13,89.4546
2016-04-14,89.629
2016-04-15,89.4733
2016-04-18,89.2632
2016-04-19,88.7208
2016-04-20,88.8875
2016-04-21,89.206
2016-04-22,89.5893
2016-04-25,89.371
2016-04-26,89.0395
2016-04-27,89.1456
2016-04-28,88.5885
2016-04-29,87.9695
2016-05-02,87.6219
2016-05-03,88.0097
2016-05-04,88.6156
2016-05-05,88.8924
2016-05-06,88.9463
2016-05-09,89.3943
2016-05-10,89.4658
2016-05-11,88.9053
2016-05-12,89.2289
2016-05-13,89.8038
2016-05-16,89.5386
2016-05-17,89.4604
2016-05-18,89.8005
2016-05-19,90.4492
2016-05-20,90.6609
2016-05-23,90.6591
2016-05-24,90.7168
2016-05-25,90.611
2016-05-26,90.2362
2016-05-27,90.47
2016-05-31,90.8375
2016-06-01,90.6212
2016-06-02,90.5316
2016-06-03,89.3204
2016-06-06,89.1212
2016-06-07,88.8895
2016-06-08,88.4402
2016-06-09,88.7943
2016-06-10,89.1121
2016-06-13,89.1662
2016-06-14,89.5384
2016-06-15,89.5294
2016-06-16,89.9058
2016-06-17,89.1302
2016-06-20,88.5785
2016-06-21,88.8066
2016-06-22,88.7177
2016-06-23,88.3633
2016-06-24,89.8117
2016-06-27,90.6334
2016-06-28,90.6604
2016-06-29,90.0971
2016-06-30,90.584
2016-07-01,89.892
2016-07-05,90.2657
2016-07-06,90.3602
2016-07-07,90.3247
2016-07-08,90.5724
2016-07-11,90.8928
2016-07-12,90.6943
2016-07-13,90.3969
2016-07-14,90.387
2016-07-15,90.8164
2016-07-18,90.7627
2016-07-19,91.2104
2016-07-20,91.2994
2016-07-21,91.1923
2016-07-22,91.7229
2016-07-25,91.7101
2016-07-26,91.5145
2016-07-27,91.6858
2016-07-28,91.0166
2016-07-29,90.0326
2016-08-01,90.144
2016-08-02,89.6752
2016-08-03,89.9403
2016-08-04,90.0254
2016-08-05,90.6646
2016-08-08,90.7712
2016-08-09,90.5007
2016-08-10,90.056
2016-08-11,89.9869
2016-08-12,89.8341
2016-08-15,89.7295
2016-08-16,89.1298
2016-08-17,89.2555
2016-08-18,88.6645
2016-08-19,88.9845
2016-08-22,89.1167
2016-08-23,89.0277
2016-08-24,89.3029
2016-08-25,89.2849
2016-08-26,89.5294
2016-08-29,90.0603
2016-08-30,90.4284
2016-08-31,90.5736
2016-09-01,90.2592
2016-09-02,90.2863
2016-09-06,89.3205
2016-09-07,89.3795
2016-09-08,89.4611
2016-09-09,89.9972
2016-09-12,89.8663
2016-09-13,90.1175
2016-09-14,90.0495
2016-09-15,90.0282
2016-09-16,90.5795
2016-09-19,90.3828
2016-09-20,90.5188
2016-09-21,90.2977
2016-09-22,89.7054
2016-09-23,90.0937
2016-09-26,89.8734
2016-09-27,90.1881
2016-09-28,90.2273
2016-09-29,89.9109
2016-09-30,89.9324
2016-10-03,90.2321
2016-10-04,90.5212
2016-10-05,90.706
2016-10-06,91.0422
2016-10-07,91.299
2016-10-11,91.6609
2016-10-12,92.0748
2016-10-13,91.7452
2016-10-14,91.9004
2016-10-17,91.7494
2016-10-18,91.5885
2016-10-19,91.642
2016-10-20,92.0592
2016-10-21,92.6081
2016-10-24,92.669
2016-10-25,92.5881
2016-10-26,92.5207
2016-10-27,92.7912
2016-10-28,92.7324
2016-10-31,92.5634
2016-11-01,92.1047
2016-11-02,91.5727
2016-11-03,91.58
2016-11-04,91.4468
2016-11-07,91.9947
2016-11-08,91.9786
2016-11-09,92.3532
2016-11-10,92.9838
2016-11-14,94.077
2016-11-15,93.9808
2016-11-16,94.0024
2016-11-17,94.2742
2016-11-18,94.8995
2016-11-21,94.7331
2016-11-22,94.6755
2016-11-23,95.1429
2016-11-25,95.15
2016-11-28,94.924
2016-11-29,94.7906
2016-11-30,95.2186
2016-12-01,94.7229
2016-12-02,94.3916
2016-12-05,94.1473
2016-12-06,94.1672
2016-12-07,93.9442
2016-12-08,94.5114
2016-12-09,94.8394
2016-12-12,94.4962
2016-12-13,94.3169
2016-12-14,94.1979
2016-12-15,96.5689
2016-12-16,95.9966
2016-12-19,96.0422
2016-12-20,96.4316
2016-12-21,96.3222
2016-12-22,96.3475
2016-12-23,96.5085
2016-12-27,96.5532
2016-12-28,96.8665
2016-12-29,96.1354
2016-12-30,95.7228
2017-01-03,96.4677
2017-01-04,95.8582
2017-01-05,94.8563
2017-01-06,95.2662
2017-01-09,95.1949
2017-01-10,95.1519
2017-01-11,95.5418
2017-01-12,94.286
2017-01-13,94.616
2017-01-17,93.791
2017-01-18,94.1644
2017-01-19,94.9218
2017-01-23,93.9656
2017-01-24,93.7379
2017-01-25,93.5492
2017-01-26,94.0485
2017-01-27,94.0567
2017-01-30,93.917
2017-01-31,93.1297
2017-02-01,93.4308
2017-02-02,93.0435
2017-02-03,93.0757
2017-02-06,93.5664
2017-02-07,93.7855
2017-02-08,93.5912
2017-02-09,93.9951
2017-02-10,93.8859
2017-02-13,94.1476
2017-02-14,94.3874
2017-02-15,94.2478
2017-02-16,93.8243
2017-02-17,94.1042
2017-02-21,94.4839
2017-02-22,94.561
2017-02-23,94.1067
2017-02-24,94.1098
2017-02-27,93.9239
2017-02-28,94.2571
2017-03-01,94.9469
2017-03-02,95.3927
2017-03-03,95.3553
2017-03-06,95.1199
2017-03-07,95.1694
2017-03-08,95.5706
2017-03-09,95.4857
2017-03-10,95.1503
2017-03-13,94.965
2017-03-14,95.1233
2017-03-15,95.1207
2017-03-16,94.068
2017-03-17,94.111
2017-03-20,94.028
2017-03-21,93.5905
2017-03-22,93.5687
2017-03-23,93.5848
2017-03-24,93.6096
2017-03-27,93.1641
2017-03-28,93.3219
2017-03-29,93.8584
2017-03-30,93.7755
2017-03-31,93.9602
2017-04-03,94.2513
2017-04-04,94.2803
2017-04-05,94.3187
2017-04-06,94.3417
2017-04-07,94.4898
2017-04-10,94.4544
2017-04-11,94.1967
2017-04-12,94.1018
2017-04-13,93.8762
2017-04-14,93.9068
2017-04-17,93.6275
2017-04-18,93.5421
2017-04-19,93.7998
2017-04-20,93.6269
2017-04-21,93.9117
2017-04-24,93.4586
2017-04-25,93.402
2017-04-26,93.7173
2017-04-27,93.8124
2017-04-28,93.7181
2017-05-01,93.6654
2017-05-02,93.8566
2017-05-03,93.8125
2017-05-04,93.7814
2017-05-05,93.5496
2017-05-08,93.9024
2017-05-09,94.3259
2017-05-10,94.1926
2017-05-11,94.2705
2017-05-12,94.0251
2017-05-15,93.6873
2017-05-16,93.1841
2017-05-17,92.7037
2017-05-18,92.5967
2017-05-19,92.3337
2017-05-22,92.0623
2017-05-23,92.2403
2017-05-24,92.3422
2017-05-25,92.1251
2017-05-26,92.3492
2017-05-30,92.1991
2017-05-31,92.0418
2017-06-01,92.1922
2017-06-02,91.8898
2017-06-05,91.9058
2017-06-06,91.6332
2017-06-07,91.8562
2017-06-08,91.967
2017-06-09,92.1431
2017-06-12,92.053
2017-06-13,91.6638
2017-06-14,91.136
2017-06-15,91.9876
2017-06-16,91.7442
2017-06-19,91.889
2017-06-20,92.2444
2017-06-21,92.2739
2017-06-22,92.0618
2017-06-23,91.8673
2017-06-26,91.8277
2017-06-27,91.4237
2017-06-28,90.8115
2017-06-29,90.5163
2017-06-30,90.4944
2017-07-03,90.8407
2017-07-05,90.9656
2017-07-06,90.5818
2017-07-07,90.6493
2017-07-10,90.6763
2017-07-11,90.676
2017-07-12,90.2647
2017-07-13,90.2874
2017-07-14,89.688
2017-07-17,89.6741
2017-07-18,89.1491
2017-07-19,89.1699
2017-07-20,88.7977
2017-07-21,88.6051
2017-07-24,88.5352
2017-07-25,88.5346
2017-07-26,88.7099
2017-07-27,88.6385
2017-07-28,88.0258
2017-07-31,87.7956
2017-08-01,87.9734
2017-08-02,87.801
2017-08-03,87.8085
2017-08-04,88.4988
2017-08-07,88.5006
2017-08-08,88.6933
2017-08-09,88.5767
2017-08-10,88.4728
2017-08-11,88.2082
2017-08-14,88.4014
2017-08-15,88.8301
2017-08-16,88.9058
2017-08-17,88.5046
2017-08-18,88.2971
2017-08-21,88.0065
2017-08-22,88.2393
2017-08-23,88.114
2017-08-24,88.0586
2017-08-25,87.6737
2017-08-28,87.3242
2017-08-29,87.1448
2017-08-30,87.8242
2017-08-31,87.7545
2017-09-01,87.4804
2017-09-05,87.1538
2017-09-06,86.7
2017-09-07,86.2076
2017-09-08,86.0101
2017-09-11,86.4788
2017-09-12,86.5773
2017-09-13,87.0028
2017-09-14,86.9873
2017-09-15,86.6068
2017-09-18,86.916
2017-09-19,86.823
2017-09-20,86.7341
2017-09-21,87.1658
2017-09-22,87.0324
2017-09-25,87.4735
2017-09-26,87.8973
2017-09-27,88.1217
2017-09-28,88.1359
2017-09-29,88.1008
2017-10-02,88.3967
2017-10-03,88.3622
2017-10-04,88.3143
2017-10-05,88.7147
2017-10-06,88.6593
2017-10-10,88.1728
2017-10-11,88.0957
2017-10-12,88.0685
2017-10-13,87.975
2017-10-16,88.1145
2017-10-17,88.5293
2017-10-18,88.3596
2017-10-19,88.0974
2017-10-20,88.7482
2017-10-23,88.8414
2017-10-24,88.9578
2017-10-25,89.0475
2017-10-26,89.4866
2017-10-27,90.0419
2017-10-30,89.696
2017-10-31,89.7401
2017-11-01,89.9123
2017-11-02,89.6387
2017-11-03,89.8262
2017-11-06,89.7156
2017-11-07,89.8949
2017-11-08,89.7042
2017-11-09,89.4057
2017-11-13,89.5331
2017-11-14,89.1425
2017-11-15,89.1045
2017-11-16,89.0314
2017-11-17,88.9155
2017-11-20,89.1893
2017-11-21,89.1177
2017-11-22,88.7161
2017-11-24,88.1531
2017-11-27,88.255
2017-11-28,88.5525
2017-11-29,88.6792
2017-11-30,88.6542
2017-12-01,88.1787
2017-12-04,88.538
2017-12-05,88.6075
2017-12-06,88.9141
2017-12-07,89.036
2017-12-08,89.3369
2017-12-11,89.13
2017-12-12,89.4931
2017-12-13,89.2519
2017-12-14,89.0225
2017-12-15,89.1218
2017-12-18,88.9388
2017-12-19,89.0689
2017-12-20,88.7856
2017-12-21,88.6088
2017-12-22,88.743
2017-12-26,88.5227
2017-12-27,88.2974
2017-12-28,87.9068
2017-12-29,87.4741
2018-01-02,87.2663
2018-01-03,87.4423
2018-01-04,87.3561
2018-01-05,87.2176
2018-01-08,87.4709
2018-01-09,87.6932
2018-01-10,87.4798
2018-01-11,87.2656
2018-01-12,86.8613
2018-01-16,86.1829
2018-01-17,86.2379
2018-01-18,86.1659
2018-01-19,86.1844
2018-01-22,86.2499
2018-01-23,86.002
2018-01-24,85.1295
2018-01-25,84.6338
2018-01-26,84.8181
2018-01-29,85.229
2018-01-30,85.0494
2018-01-31,84.855
2018-02-01,84.6717
2018-02-02,85.1997
2018-02-05,85.4873
2018-02-06,85.6391
2018-02-07,86.0656
2018-02-08,86.2199
2018-02-09,86.2365
2018-02-12,86.1544
2018-02-13,85.65
2018-02-14,85.3733
2018-02-15,84.8615
2018-02-16,84.9754
2018-02-20,85.6314
2018-02-21,85.9437
2018-02-22,85.871
2018-02-23,85.8219
2018-02-26,85.9499
2018-02-27,86.3273
2018-02-28,86.4919
2018-03-01,86.6211
2018-03-05,86.3656
2018-03-06,85.9254
2018-03-07,86.1817
2018-03-08,86.3974
2018-03-09,86.187
2018-03-12,86.1847
2018-03-13,86.0611
2018-03-14,86.1744
2018-03-15,86.503
2018-03-16,86.7572
2018-03-19,86.509
2018-03-20,86.7713
2018-03-22,86.1841
2018-03-23,85.8266
2018-03-26,85.5564
2018-03-27,85.7394
2018-03-28,86.1384
2018-03-29,86.3748
2018-03-30,86.2665
2018-04-02,86.4032
2018-04-03,86.3098
2018-04-04,86.2295
2018-04-05,86.54
2018-04-06,86.2667
2018-04-09,85.976
2018-04-10,85.7493
2018-04-11,85.4936
2018-04-12,85.7508
2018-04-13,85.8087
2018-04-16,85.532
2018-04-17,85.5765
2018-04-18,85.6951
2018-04-19,85.8885
2018-04-20,86.3755
2018-04-23,86.9622
2018-04-24,86.9504
2018-04-25,87.2601
2018-04-26,87.4816
2018-04-27,87.542
2018-04-30,87.6277
2018-05-01,88.1188
2018-05-02,88.2047
2018-05-03,88.1655
2018-05-04,88.2094
2018-05-07,88.2622
2018-05-08,88.7212
2018-05-09,88.5658
2018-05-10,88.3096
2018-05-11,88.0314
2018-05-14,87.9166
2018-05-15,88.6274
2018-05-16,88.7875
2018-05-17,88.7983
2018-05-18,89.0051
2018-05-21,88.9733
2018-05-22,88.7433
2018-05-23,89.2158
2018-05-24,89.0095
2018-05-25,89.3643
2018-05-29,89.8201
2018-05-30,89.0934
2018-05-31,89.2677
2018-06-01,89.2653
2018-06-04,89.1813
2018-06-05,89.3939
2018-06-06,88.8521
2018-06-07,88.8819
2018-06-08,88.9338
2018-06-11,88.9424
2018-06-12,88.9954
2018-06-13,89.0226
2018-06-14,89.793
2018-06-15,90.1206
2018-06-18,90.2859
2018-06-19,90.4529
2018-06-20,90.4464
2018-06-21,90.4353
2018-06-22,90.297
2018-06-25,90.0305
2018-06-26,90.1171
2018-06-27,90.5605
2018-06-28,90.5467
2018-06-29,89.9735
2018-07-02,90.4184
2018-07-03,90.0426
2018-07-05,89.8189
2018-07-06,89.5756
2018-07-09,89.6613
2018-07-10,89.7541
2018-07-11,89.8616
2018-07-12,90.162
2018-07-13,90.2872
2018-07-16,90.0232
2018-07-17,90.4107
2018-07-18,90.5535
2018-07-19,90.9072
2018-07-20,90.0729
2018-07-23,90.0392
2018-07-24,90.0878
2018-07-25,89.9515
2018-07-26,90.0238
2018-07-27,89.9284
2018-07-30,89.6217
2018-07-31,89.7843
2018-08-01,89.8964
2018-08-02,90.106
2018-08-03,90.0491
2018-08-06,90.2984
2018-08-07,90.1775
2018-08-08,90.2848
2018-08-09,90.3483
2018-08-10,91.1345
2018-08-13,91.1721
2018-08-14,91.3092
2018-08-15,91.4788
2018-08-16,91.2794
2018-08-17,91.025
2018-08-20,90.8981
2018-08-21,90.4279
2018-08-22,90.125
2018-08-23,90.457
2018-08-24,90.1696
2018-08-27,89.8533
2018-08-28,89.6156
2018-08-29,89.749
2018-08-30,89.9322
2018-08-31,90.2569
2018-09-04,90.7166
2018-09-05,90.4994
2018-09-06,90.4163
2018-09-07,90.5598
2018-09-10,90.3999
2018-09-11,90.451
2018-09-12,90.036
2018-09-13,89.8946
2018-09-14,90.0256
2018-09-17,89.8156
2018-09-18,89.7408
2018-09-19,89.6809
2018-09-20,89.4289
2018-09-21,89.5186
2018-09-24,89.4406
2018-09-25,89.4965
2018-09-26,89.5782
2018-09-27,90.1452
2018-09-28,90.1109
2018-10-01,90.1677
2018-10-02,90.2279
2018-10-03,90.4667
2018-10-04,90.6463
2018-10-05,90.6888
2018-10-09,90.6916
2018-10-10,90.4526
2018-10-11,90.4188
2018-10-12,90.3927
2018-10-15,90.1081
2018-10-16,90.0732
2018-10-17,90.4094
2018-10-18,90.7481
2018-10-19,90.831
2018-10-22,91.0695
2018-10-23,90.9384
2018-10-24,91.1552
2018-10-25,91.3893
2018-10-26,91.2889
2018-10-29,91.4699
2018-10-30,91.6495
2018-10-31,91.7392
2018-11-01,91.3253
2018-11-02,91.4119
2018-11-05,91.3334
2018-11-06,91.3144
2018-11-07,91.0213
2018-11-08,91.2655
2018-11-09,91.8931
2018-11-13,92.0123
2018-11-14,91.9276
2018-11-15,91.9047
2018-11-16,91.437
2018-11-19,91.2574
2018-11-20,91.6112
2018-11-21,91.7197
2018-11-23,91.8146
2018-11-26,91.914
2018-11-27,92.3354
2018-11-28,92.3269
2018-11-29,91.795
2018-11-30,92.0345
2018-12-03,91.7365
2018-12-04,91.7339
2018-12-06,91.9781
2018-12-07,91.7441
2018-12-10,92.1381
2018-12-11,92.4448
2018-12-12,92.045
2018-12-13,92.1438
2018-12-14,92.4416
2018-12-17,92.2268
2018-12-18,92.2204
2018-12-19,91.9023
2018-12-20,91.9457
2018-12-21,92.1151
2018-12-24,92.1151
2018-12-26,92.0291
2018-12-27,92.2298
2018-12-28,91.9394
2018-12-31,91.7941
2019-01-02,92.1131
2019-01-03,91.6091
2019-01-04,91.3243
2019-01-07,90.9382
2019-01-08,91.0535
2019-01-09,90.535
2019-01-10,90.5982
2019-01-11,90.7375
2019-01-15,91.173
2019-01-16,91.0332
2019-01-17,91.211
2019-01-18,91.3493
2019-01-22,91.4256
2019-01-23,91.3098
2019-01-24,91.5839
2019-01-25,91.0087
2019-01-28,90.8824
2019-01-29,90.9716
2019-01-30,90.9283
2019-01-31,90.5297
2019-02-01,90.5006
2019-02-04,90.7797
2019-02-05,90.9757
2019-02-06,91.1844
2019-02-07,91.4657
2019-02-08,91.5568
2019-02-11,91.9064
2019-02-12,91.6756
2019-02-13,91.7753
2019-02-14,91.9835
2019-02-15,91.8995
2019-02-19,91.5491
2019-02-21,91.4241
2019-02-22,91.3718
2019-02-25,91.392
2019-02-26,91.1249
2019-02-27,91.0738
2019-02-28,91.1604
2019-03-01,91.4904
2019-03-04,91.7529
2019-03-05,91.9745
2019-03-06,92.0498
2019-03-07,92.4164
2019-03-08,92.3079
2019-03-11,92.3216
2019-03-12,92.0726
2019-03-13,91.7253
2019-03-14,91.7808
2019-03-15,91.7045
2019-03-18,91.6756
2019-03-19,91.5218
2019-03-20,91.5996
2019-03-21,91.6184
2019-03-22,91.7523
2019-03-25,91.6615
2019-03-26,91.7957
2019-03-27,92.0099
2019-03-28,92.1201
2019-03-29,92.0715
2019-04-01,92.1165
2019-04-02,92.3151
2019-04-03,91.9455
2019-04-04,92.2035
2019-04-05,92.3203
2019-04-08,91.9681
2019-04-09,91.8744
2019-04-10,91.8693
2019-04-11,92.0946
2019-04-12,91.9007
2019-04-15,91.9739
2019-04-16,92.0063
2019-04-17,92.015
2019-04-18,92.3006
2019-04-19,92.3041
2019-04-22,92.2251
2019-04-23,92.5672
2019-04-24,92.7265
2019-04-25,92.9863
2019-04-26,92.8366
2019-04-29,92.8104
2019-04-30,92.5432
2019-05-01,92.284
2019-05-02,92.6881
2019-05-03,92.5139
2019-05-06,92.5022
2019-05-07,92.5916
2019-05-08,92.4504
2019-05-09,92.3633
2019-05-10,92.1684
2019-05-13,92.2651
2019-05-14,92.4445
2019-05-15,92.3925
2019-05-16,92.5915
2019-05-17,92.7843
2019-05-20,92.6728
2019-05-21,92.7869
2019-05-22,92.77
2019-05-23,92.705
2019-05-24,92.5183
2019-05-28,92.6803
2019-05-29,92.9174
2019-05-30,92.9178
2019-05-31,92.7575
2019-06-03,92.4025
2019-06-04,92.119
2019-06-05,92.0448
2019-06-06,91.7718
2019-06-07,91.4864
2019-06-10,91.5865
2019-06-11,91.6213
2019-06-12,91.6749
2019-06-13,91.878
2019-06-14,92.2459
2019-06-17,92.251
2019-06-18,92.3749
2019-06-19,92.1848
2019-06-20,91.4142
2019-06-21,91.271
2019-06-24,90.9225
2019-06-25,90.8253
2019-06-26,90.824
2019-06-27,90.9211
2019-06-28,90.8599
2019-07-01,91.32
2019-07-02,91.2829
2019-07-03,91.2641
2019-07-05,91.7259
2019-07-08,91.747
2019-07-09,91.8509
2019-07-10,91.5333
2019-07-11,91.4185
2019-07-12,91.3169
2019-07-15,91.2781
2019-07-16,91.6052
2019-07-17,91.4723
2019-07-18,91.4877
2019-07-19,91.4838
2019-07-22,91.6017
2019-07-23,91.9096
2019-07-24,91.9281
2019-07-25,92.0118
2019-07-26,92.3149
2019-07-29,92.2823
2019-07-30,92.3487
2019-07-31,92.2976
2019-08-01,92.682
2019-08-02,92.3013
2019-08-05,91.8377
2019-08-06,92.0435
2019-08-07,91.9241
2019-08-08,91.8988
2019-08-09,91.7475
2019-08-12,91.8241
2019-08-13,92.0677
2019-08-14,92.3037
2019-08-15,92.4469
2019-08-16,92.4426
2019-08-19,92.5134
2019-08-20,92.5417
2019-08-21,92.437
2019-08-22,92.4518
2019-08-23,92.1048
2019-08-26,92.2742
2019-08-27,92.28
2019-08-28,92.403
2019-08-29,92.6363
2019-08-30,92.8788
2019-09-03,93.0042
2019-09-04,92.5853
2019-09-05,92.5242
2019-09-06,92.3596
2019-09-09,92.2755
2019-09-10,92.3653
2019-09-11,92.6964
2019-09-12,92.4527
2019-09-13,92.5151
2019-09-16,92.7149
2019-09-17,92.5281
2019-09-18,92.6362
2019-09-19,92.6219
2019-09-20,92.7852
2019-09-23,92.7908
2019-09-24,92.658
2019-09-25,93.0487
2019-09-26,93.0767
2019-09-27,93.0903
2019-09-30,93.2535
2019-10-01,93.1357
2019-10-02,93.1333
2019-10-03,92.8842
2019-10-04,93.019
2019-10-07,92.955
2019-10-08,93.2076
2019-10-09,93.1479
2019-10-10,92.8388
2019-10-11,92.4769
2019-10-15,92.5453
2019-10-16,92.3027
2019-10-17,91.9157
2019-10-18,91.7673
2019-10-21,91.6958
2019-10-22,91.7243
2019-10-23,91.8606
2019-10-24,91.9644
2019-10-25,92.0086
2019-10-28,91.9877
2019-10-29,91.8727
2019-10-30,92.0533
2019-10-31,91.7069
2019-11-01,91.6398
2019-11-04,91.8178
2019-11-05,92.2565
2019-11-06,92.2125
2019-11-07,92.4073
2019-11-08,92.5943
2019-11-12,92.556
2019-11-13,92.5892
2019-11-14,92.4909
2019-11-15,92.3875
2019-11-18,92.1612
2019-11-19,92.2565
2019-11-20,92.4858
2019-11-21,92.3809
2019-11-22,92.6312
2019-11-25,92.7442
2019-11-26,92.7168
2019-11-27,92.7726
2019-11-29,92.7133
2019-12-02,92.4298
2019-12-03,92.2354
2019-12-04,92.1132
2019-12-05,91.8797
2019-12-06,92.238
2019-12-09,92.103
2019-12-10,92.0271
2019-12-11,91.9339
2019-12-12,91.8983
2019-12-13,91.7647
2019-12-16,91.7024
2019-12-17,91.7773
2019-12-18,91.8571
2019-12-19,91.7675
2019-12-20,92.0735
2019-12-23,92.0764
2019-12-24,92.0516
2019-12-26,91.9234
2019-12-27,91.4593
2019-12-30,91.1403
2019-12-31,90.8221
2020-01-02,91.40323836051041
2020-01-03,91.32866009584164
2020-01-06,91.24018733966331
2020-01-07,91.58997697832864
2020-01-08,91.74465782356758
2020-01-09,91.98396114420511
2020-01-10,91.86527205408129
2020-01-13,91.87531626481109
2020-01-14,91.88460715973615
2020-01-15,91.70397877011189
2020-01-16,91.81446508813971
2020-01-17,92.06582146165299
2020-01-21,92.01710703961345
2020-01-22,92.12943479627506
2020-01-23,92.26779379907808
2020-01-24,92.35208146745232
2020-01-27,92.42657603036503
2020-01-28,92.55438861190176
2020-01-29,92.61390056047581
2020-01-30,92.41435557397709
2020-01-31,92.13864198944405
2020-02-03,92.50257722488719
2020-02-04,92.58309831423776
2020-02-05,92.8332828631659
2020-02-06,93.00587588420632
2020-02-07,93.18123106319744
2020-02-10,93.32561659243834
2020-02-11,93.23053139752956
2020-02-12,93.19755290563337
2020-02-13,93.32871355741335
2020-02-14,93.38496113750026
2020-02-18,93.51043006986669
2020-02-19,93.76923589967124
2020-02-20,93.93990378032179
2020-02-21,93.53210882469185
2020-02-24,93.56190664985692
2020-02-25,93.43417777007627
2020-02-26,93.52156240342555
2020-02-27,93.24317036269788
2020-02-28,93.12908486915856
2020-03-02,92.32286955457982
2020-03-03,92.1635851127564
2020-03-04,92.45227246948211
2020-03-05,91.96839261757391
2020-03-06,91.32832528881731
2020-03-09,90.78342685672558
2020-03-10,91.8259322287229
2020-03-11,92.15102984934414
2020-03-12,93.62033047560193
2020-03-13,94.20013253997972
2020-03-16,93.82230281302702
2020-03-17,95.38250354638953
2020-03-18,96.96128606960214
2020-03-19,97.67216508400385
2020-03-20,97.63316006566978
2020-03-23,97.89188219371826
2020-03-24,97.31944588387566
2020-03-25,96.89139510327395
2020-03-26,95.02342301279911
2020-03-27,94.55921307357012
2020-03-30,94.8694954833649
2020-03-31,94.69003891832578
2020-04-01,95.2076505779349
2020-04-02,95.4264469683324
2020-04-03,95.95385173340306
2020-04-06,95.85466515244627
2020-04-07,95.15985687521226
2020-04-08,95.23795061363646
2020-04-09,94.77499620074869
2020-04-10,94.6337913382389
2020-04-13,94.66777425120806
2020-04-14,94.15618911803683
2020-04-15,94.91561515096592
2020-04-16,95.36927866892862
2020-04-17,94.88372478189879
2020-04-20,95.03179318840728
2020-04-21,95.56539188342799
2020-04-22,95.49056251349097
2020-04-23,95.28741835148074
2020-04-24,95.49809567153832
2020-04-27,95.16337234896768
2020-04-28,94.95110469554456
2020-04-29,94.76804895499392
2020-04-30,94.27579892747755
2020-05-01,94.44554608881121
2020-05-04,94.83467555283494
2020-05-05,94.93520136188903
2020-05-06,95.34793472112779
2020-05-07,95.00124204743747
2020-05-08,94.64467256652952
2020-05-11,95.24573487695206
2020-05-12,94.983329871636
2020-05-13,95.27729043899485
2020-05-14,95.48428488178484
2020-05-15,95.51274347885261
2020-05-18,94.83484295634709
2020-05-19,94.58557912673585
2020-05-20,94.37364628033704
2020-05-21,94.63546537336055
2020-05-22,95.0276081006032
2020-05-26,94.20540575061287
2020-05-27,94.28450391011006
2020-05-28,93.73157010943449
2020-05-29,93.68268828388278
2020-06-01,93.05534362205059
2020-06-02,92.78582396746759
2020-06-03,92.40389285446689
2020-06-04,92.16542655139018
2020-06-05,92.09963697110999
2020-06-08,91.88284942285844
2020-06-09,91.64145355831887
2020-06-10,91.44559144908774
2020-06-11,91.70799645440381
2020-06-12,92.43235145153466
2020-06-15,92.41075639846558
2020-06-16,92.30194411555941
2020-06-17,92.49027306674317
2020-06-18,92.58786931433443
2020-06-19,92.76247117752081
2020-06-22,92.29683830843842
2020-06-23,91.87088007173875
2020-06-24,92.3737602222775
2020-06-25,92.72028549245564
2020-06-26,92.85730526716134
2020-06-29,92.88300170627842
2020-06-30,92.64821828046931
2020-07-01,92.38514366110459
2020-07-02,92.49119378606008
2020-07-06,92.11261074330264
2020-07-07,92.13964641051703
2020-07-08,91.9036074583667
2020-07-09,92.06172007560498
2020-07-10,91.93256826597096
2020-07-13,91.81463249165186
2020-07-14,91.77797112248808
2020-07-15,91.58754962740228
2020-07-16,91.50920478370982
2020-07-17,91.58051867989141
2020-07-20,91.4193090976781
2020-07-21,90.91668005240761
2020-07-22,90.54956415023338
2020-07-23,90.28866577652678
2020-07-24,90.21676596805263
2020-07-27,89.62491085079905
2020-07-28,89.54129279647347
2020-07-29,89.40343600420694
2020-07-30,89.41423353074147
2020-07-31,89.21652998287655
2020-08-03,89.64215341255189
2020-08-04,89.4466261103451
2020-08-05,88.64526549761909
2020-08-06,88.86422929152876
2020-08-07,89.46721674234118
2020-08-10,89.42628658361724
2020-08-11,89.39004372323387
2020-08-12,89.21460484248666
2020-08-13,89.05665962876054
2020-08-14,89.0116280839886
2020-08-17,88.72879985018861
2020-08-18,88.3400051931892
2020-08-19,88.52950596895812
2020-08-20,88.65907628737257
2020-08-21,89.08771298026686
2020-08-24,89.02962396154616
2020-08-25,88.92658709980961
2020-08-26,88.77751427222815
2020-08-27,88.66125253303069
2020-08-28,88.16640775107581
2020-08-31,87.89270300868873
2020-09-01,87.94995500984858
2020-09-02,88.4401124934629
2020-09-03,88.63974118171771
2020-09-04,88.68728377917209
2020-09-08,89.08277457665803
2020-09-09,88.96542471463151
2020-09-10,88.82028586958589
2020-09-11,89.06436019032006
2020-09-14,88.77843499154504
2020-09-15,88.9129437135683
2020-09-16,88.72963686774942
2020-09-17,88.86690774772337
2020-09-18,88.67380779644294
2020-09-21,89.4826178654602
2020-09-22,89.73958225663097
2020-09-23,89.99822068292335
2020-09-24,90.09556582524635
2020-09-25,90.38919158558087
2020-09-28,90.02006684126067
2020-09-29,89.8924216632361
2020-09-30,89.61436442953277
2020-10-01,89.45256893502689
2020-10-02,89.64516667577084
2020-10-05,89.26859247515937
2020-10-06,89.32400303768543
2020-10-07,89.44126919795586
2020-10-08,89.34852765221737
2020-10-09,88.81166458870948
2020-10-13,89.15718543781465
2020-10-14,89.0175709086704
2020-10-15,89.50789579579688
2020-10-16,89.36535170518978
2020-10-19,88.98509462731072
2020-10-20,88.8504185017753
2020-10-21,88.45132852877785
2020-10-22,88.69331030560997
2020-10-23,88.66778127000507
2020-10-26,88.90248099405808
2020-10-27,88.65053870825224
2020-10-28,89.29839030032444
2020-10-29,89.8591083643156
2020-10-30,89.77339776608797
2020-11-02,89.74142369526476
2020-11-03,89.01095846993995
2020-11-04,88.93571059122252
2020-11-05,88.37256517630497
2020-11-06,87.98251499296435
2020-11-09,88.45743875697181
2020-11-10,88.41207240517554
2020-11-12,88.6415826203515
2020-11-13,88.64342405898529
2020-11-16,88.35942400060016
2020-11-17,88.29840542041661
2020-11-18,88.06571453850955
2020-11-19,88.30886813992682
2020-11-20,88.18298069877999
2020-11-23,88.3990149312268
2020-11-24,88.07517283694678
2020-11-25,87.84357007786878
2020-11-30,87.71709672442935
2020-12-01,87.32846947094211
2020-12-02,87.12649713351702
2020-12-03,86.61750675478434
2020-12-04,86.55765999918594
2020-12-07,86.61750675478434
2020-12-08,86.744231213492
2020-12-09,86.79570779348222
2020-12-10,86.5962465087396
2020-12-11,86.72196654637428
2020-12-14,86.5678716134279
2020-12-15,86.2992726781618
2020-12-16,86.23716597514918
2020-12-17,85.77253752713979
2020-12-18,86.04741409411203
2020-12-21,86.29014918674889
2020-12-22,86.66622117682388
2020-12-23,86.32237436284034
2020-12-28,86.41193524184773
2020-12-29,86.01853698826383
2020-12-30,85.78534389582028
2020-12-31,85.85757851131876
2021-01-04,85.91139874047929
2021-01-05,85.50192974972772
2021-01-06,85.56361794395991
2021-01-07,85.81254696654683
2021-01-08,85.78885936957572
2021-01-11,86.28311823923804
2021-01-12,86.15639378053037
2021-01-13,86.09579370912724
2021-01-14,85.87867135385136
2021-01-15,86.29843566060097
2021-01-19,86.23021872939441
2021-01-21,85.89867607355488
2021-01-22,85.97559798739394
2021-01-25,86.20201123759487
2021-01-26,86.05076216435529
2021-01-27,86.40908938214095
2021-01-28,86.39829185560642
2021-01-29,86.34288129308035
2021-02-01,86.74833259953999
2021-02-02,86.92804026984737
2021-02-03,86.80165061816403
2021-02-04,87.13930350219752
2021-02-05,86.78959756528826
2021-02-08,86.65358221165555
2021-02-09,86.259514344023
2021-02-10,86.05796051537831
2021-02-11,86.12416860443892
2021-02-12,86.13178546424236
2021-02-16,86.24821460695196
2021-02-17,86.55431192894267
2021-02-18,86.34430422293373
2021-02-19,85.86167989736677
2021-02-22,85.74081456158483
2021-02-23,85.83857821268822
2021-02-24,85.7779781412851
2021-02-25,85.50737036387302
2021-02-26,86.47814333090834
2021-03-01,86.5281132792891
2021-03-02,86.35392992488313
2021-03-03,86.40540650487335
2021-03-04,86.53422350748306
2021-03-05,87.33441229562392
2021-03-08,87.64687095107683
2021-03-09,87.36847891034917
2021-03-10,87.2956583825581
2021-03-11,86.77737710890034
2021-03-12,86.78574728450852
2021-03-15,87.00295334154048
2021-03-16,86.9470405684779
2021-03-17,87.00554809597901
2021-03-18,86.78834203894705
2021-03-19,87.04765007928809
2021-03-22,86.95834030554893
2021-03-23,87.29264511933916
2021-03-24,87.52299235207593
2021-03-25,87.88374692078798
2021-03-26,87.72647132111051
2021-03-29,87.82080320021456
2021-03-30,88.1810555583901
2021-03-31,88.0033567302287
2021-04-01,87.88893642966504
2021-04-02,87.92308674614637
2021-04-05,87.51646361510157
2021-04-06,87.42849306945972
2021-04-07,87.47528235110939
2021-04-08,87.30787883894602
2021-04-09,87.29825313699664
2021-04-12,87.27088266275793
2021-04-13,87.10615760678918
2021-04-14,86.86978384761451
2021-04-15,86.93264386643186
2021-04-16,86.76097156470833
2021-04-19,86.49680882251455
2021-04-20,86.53598124436078
2021-04-21,86.42005431218766
2021-04-22,86.57364703459754
2021-04-23,86.373265030538
2021-04-26,86.11178074453883
2021-04-27,86.14676807858098
2021-04-28,86.02213616377536
2021-04-29,85.8501290550275
2021-04-30,86.21950490461595
2021-05-03,86.01343118114285
2021-05-04,86.31961220488964
2021-05-05,86.18694492150017
2021-05-06,85.89541170506769
2021-05-07,85.22847611260887
2021-05-10,85.01830100308779
2021-05-11,85.0520328107887
2021-05-12,85.56336683869168
2021-05-13,85.68138631476684
2021-05-14,85.30481211415537
2021-05-17,85.14745281272181
2021-05-18,84.9122508781323
2021-05-19,84.93911914183451
2021-05-20,84.80854440234708
2021-05-21,85.03211179284125
2021-05-24,84.94422494895548
2021-05-25,84.87425028087121
2021-05-26,85.05228391605694
2021-05-27,85.04977286337449
2021-05-28,85.08660163605043
2021-06-01,84.77380817357319
2021-06-02,84.91317159744919
2021-06-03,85.49598692504593
2021-06-04,85.10158425038904
2021-06-07,84.93627328212773
2021-06-08,85.11179586463102
2021-06-09,85.12719698775004
2021-06-10,85.09806877663361
2021-06-11,85.53959553996448
2021-06-14,85.4179768883778
2021-06-15,85.62279508550967
2021-06-16,85.50268306553245
2021-06-17,86.81345256577156
2021-06-18,87.20048948589324
2021-06-21,86.86241809307933
2021-06-22,86.89740542712147
2021-06-23,86.5619287887461
2021-06-24,86.79227602148289
2021-06-25,86.6483090010224
2021-06-28,86.70890907242553
2021-06-29,86.97290441110715
2021-06-30,87.30779513718994
2021-07-01,87.3536636995227
2021-07-02,87.20216352101487
2021-07-06,87.49637519364197
2021-07-07,87.62226263478881
2021-07-08,87.45435691208897
2021-07-09,87.25138015359089
2021-07-12,87.20693452111152
2021-07-13,87.49311082515479
2021-07-14,87.43309666604421
2021-07-15,87.63850077546866
2021-07-16,87.70788953126036
2021-07-19,88.05608883656016
2021-07-20,88.21127189233559
2021-07-21,87.7223699350625
2021-07-22,87.8457463235269
2021-07-23,87.93003399190114
2021-07-26,87.5866893884541
2021-07-27,87.49311082515479
2021-07-28,87.57338080923711
2021-07-29,86.93456900682175
2021-07-30,87.11938248425008
2021-08-02,87.12222834395686
2021-08-03,87.2284458724245
2021-08-04,87.32277775152856
2021-08-05,87.22275415301095
2021-08-06,87.74722935661876
2021-08-09,87.85545572723237
2021-08-10,87.91530248283077
2021-08-11,87.79401863826841
2021-08-12,87.83511620050452
2021-08-13,87.51286443959006
2021-08-16,87.63431568766458
2021-08-17,88.0741684158738
2021-08-18,88.19101606736382
2021-08-19,88.56968281187733
2021-08-20,88.74964158745294
2021-08-23,88.14263645234861
2021-08-24,87.97121525589334
2021-08-25,87.98067355433056
2021-08-26,88.07299659128864
2021-08-27,87.77409762032099
2021-08-30,87.80473246304688
2021-08-31,87.8443233936735
2021-09-01,87.60476896776774
2021-09-02,87.44556822770039
2021-09-03,87.21262624052508
2021-09-07,87.64369028434572
2021-09-08,87.92308674614637
2021-09-09,87.68646188170345
2021-09-10,87.71249312784487
2021-09-13,87.78422553280686
2021-09-14,87.74404868988766
2021-09-15,87.75225146198366
2021-09-16,88.05366148563378
2021-09-17,88.34695243894399
2021-09-20,88.52808303910474
2021-09-21,88.44354426546224
2021-09-22,88.29196038519832
2021-09-23,88.17243427751369
2021-09-24,88.36093063220963
2021-09-27,88.35138863201632
2021-09-28,88.6903807441471
2021-09-29,89.18120784181009
2021-09-30,89.07725026075664
2021-10-01,88.82497316792646
2021-10-04,88.52239131969118
2021-10-05,88.57294718036452
2021-10-06,88.9335343455644
2021-10-07,88.70812551643644
2021-10-08,88.59395632114102
2021-10-12,88.77391509671664
2021-10-13,88.62885995342708
2021-10-14,88.32920766665467
2021-10-15,88.39181658020377
2021-10-18,88.30618968373221
2021-10-19,88.14548231205538
2021-10-20,88.0165816076896
2021-10-21,87.99163848437726
2021-10-22,88.1444778909824
2021-10-25,88.1961218744848
2021-10-26,88.33766154401893
2021-10-27,88.16423150541769
2021-10-28,87.79761781377992
2021-10-29,88.48146116096726
2021-11-01,88.24031640169594
2021-11-02,88.47150065199352
2021-11-03,88.43182601961081
2021-11-04,88.72436365711629
2021-11-05,88.64208483088798
2021-11-08,88.45250035336298
2021-11-09,88.47945231882129
2021-11-10,88.87151134430788
2021-11-12,89.41532165357054
2021-11-15,89.37840917913852
2021-11-16,89.90196366342943
2021-11-17,89.93879243610536
2021-11-18,89.8695710838258
2021-11-19,89.98365657736514
2021-11-22,90.43480904264538
2021-11-23,90.5439561325759
2021-11-24,90.76760722482615
2021-11-26,90.3999891121154
2021-11-29,90.66264522269972
2021-11-30,90.58078490525185
2021-12-01,90.2945248994525
2021-12-02,90.46192841161584
2021-12-03,90.54738790457525
2021-12-06,90.59409348446881
2021-12-07,90.46720162224901
2021-12-08,90.16495458103806
2021-12-09,90.44334662176571
2021-12-10,90.25727761799614
2021-12-13,90.52981053579809
2021-12-14,90.80744926072103
2021-12-15,90.97083508859247
2021-12-16,90.38450428724029
2021-12-17,90.65670239801793
2021-12-20,90.82527773476642
2021-12-21,90.9427950003051
2021-12-22,90.50110083346208
2021-12-23,90.40266756831004
2021-12-27,90.36466697104895
2021-12-28,90.43187948118253
2021-12-29,90.32591305798313
2021-12-30,90.31645475954589
2022-01-03,90.45632039395838
2022-01-04,90.29946330306132
2022-01-05,90.1354915628973
2022-01-06,90.35001916373466
2022-01-07,89.96063859444267
2022-01-10,90.14905124738253
2022-01-11,89.83424894275934
2022-01-12,89.2162788776083
2022-01-13,88.96743355677748
2022-01-14,89.33655830109768
2022-01-18,89.72267450190246
2022-01-19,89.54422235793632
2022-01-20,89.46478939141481
2022-01-21,89.62005614894633
2022-01-24,90.17700763391382
2022-01-25,90.150557878992
2022-01-26,90.10845589568292
2022-01-27,91.09755954730012
2022-01-28,91.08684572252167
2022-01-31,90.7504483648294
2022-02-01,90.49833867551139
2022-02-02,90.19374798513016
2022-02-03,89.77540660823392
2022-02-04,89.95251952410275
2022-02-07,89.85375145192639
2022-02-08,89.98516320897461
2022-02-09,89.818513012616
2022-02-10,89.55535469149518
2022-02-11,89.95946676985754
2022-02-14,90.46385355200573
2022-02-15,90.24823782833933
2022-02-16,89.99746736711862
2022-02-17,90.00407980584907
2022-02-18,90.27619421487061
2022-02-22,90.15348744045487
2022-02-23,90.22798200336756
2022-02-24,91.28505148092309
2022-02-25,90.67176871411263
2022-02-28,90.51767378116625
2022-03-01,91.09479738934942
2022-03-02,91.03662466887266
2022-03-03,91.26253570853711
2022-03-04,91.88569528256522
2022-03-07,92.3093098700946
2022-03-08,92.54426069941587
2022-03-09,91.6358455406614
2022-03-10,91.82467670238167
2022-03-11,92.1337872875913
2022-03-14,92.21414097342972
2022-03-15,92.34831488842866
2022-03-16,92.10993228710804
2022-03-17,91.36799992120004
2022-03-18,91.62797757558972
2022-03-21,91.45940223884122
2022-03-22,91.68723841889556
2022-03-23,91.70155141918552
2022-03-24,91.72975891098504
2022-03-25,91.75118656054195
2022-03-28,92.06933693540842
2022-03-29,91.42634004518897
2022-03-30,91.07186310818305
2022-03-31,91.23625335712747
2022-04-01,91.60947948749568
2022-04-04,91.74557854288449
2022-04-05,91.99241502156936
2022-04-06,92.1927970256289
2022-04-07,92.47780150508702
2022-04-08,92.60117789355141
2022-04-11,92.79226900268588
2022-04-12,92.7998858624893
2022-04-13,92.72522389606446
2022-04-14,93.18608576505018
2022-04-15,93.12849895686598
2022-04-18,93.33557710141206
2022-04-19,93.48230627982325
2022-04-20,92.83227844209293
2022-04-21,93.11954286896524
2022-04-22,93.91730430617973
2022-04-25,94.43407894822802
2022-04-26,94.69062483061836
2022-04-27,95.37974138843882
2022-04-28,95.88061269683159
2022-04-29,95.48621002217472
2022-05-02,95.8298894326461
2022-05-03,95.68475058760046
2022-05-04,95.63678948136567
2022-05-05,96.03713498070434
2022-05-06,95.84922453830096
2022-05-09,96.15431743921869
2022-05-10,96.43957302394504
2022-05-11,96.17599619404383
2022-05-12,97.07143758060563
2022-05-13,96.70967859082063
2022-05-16,96.54838530685123
2022-05-17,95.78996369499512
2022-05-18,95.89450718834115
2022-05-19,95.23995945578241
2022-05-20,95.43188758247771
2022-05-23,94.76277574436077
2022-05-24,94.47944530002428
2022-05-25,94.89552672950632
2022-05-26,94.48003121231686
2022-05-27,94.36427168365589
2022-05-31,94.1572772408659
2022-06-01,94.8352614651275
2022-06-02,94.18272257471473
2022-06-03,94.37063301711811
2022-06-06,94.49903151094739
2022-06-07,94.52874563435638
2022-06-08,94.47249805426951
2022-06-09,95.14219580467902
2022-06-10,96.17365254487355
2022-06-13,96.86913043615623
2022-06-14,97.36205007772124
2022-06-15,97.4645010271652
2022-06-16,96.121841157859
2022-06-17,97.05687347504742
2022-06-21,96.4676131122324
2022-06-22,96.31477370562726
2022-06-23,96.6645633442926
2022-06-24,96.36666879439791
2022-06-27,95.99335896227362
2022-06-28,96.44819430482146
2022-06-29,96.6887531518002
2022-06-30,96.67201280058387
2022-07-01,97.14074263464127
2022-07-05,98.26803788554933
2022-07-06,98.59991534841318
2022-07-07,98.46699695975548
2022-07-08,98.29867272827522
2022-07-11,98.98100944385307
2022-07-12,99.05994019983808
2022-07-13,98.92534777605874
2022-07-14,99.69799868644873
2022-07-15,99.20775750107833
2022-07-18,98.48909422336105
2022-07-19,97.9693900198499
2022-07-20,98.09896033826433
2022-07-21,98.1831643048825
2022-07-22,97.76365110340113
2022-07-25,97.83454649080231
2022-07-26,98.31516197422332
2022-07-27,98.40698280064491
2022-07-28,97.70221401443717
2022-07-29,97.28814142710111
2022-08-01,96.84577764620944
2022-08-02,97.36497963918409
2022-08-03,97.86861310552754
2022-08-04,97.39176420113023
2022-08-05,98.08648877660816
2022-08-08,97.57950724002143
2022-08-09,97.57850281894845
2022-08-10,96.47389074393854
2022-08-11,96.40860337419483
2022-08-12,97.00204882481393
2022-08-15,97.55238787105097
2022-08-16,97.71928917267783
2022-08-17,98.07451942548849
2022-08-18,98.34922858894855
2022-08-19,99.08823139339368
2022-08-22,99.75114930156059
2022-08-23,99.16247485103814
2022-08-24,99.36243834631728
2022-08-25,99.30393081881618
2022-08-26,99.32410294203187
2022-08-29,99.53260401643132
2022-08-30,99.75533438936468
2022-08-31,99.56583361359576
2022-09-01,100.48521370239692
2022-09-02,99.91579065577326
2022-09-06,100.79390577882614
2022-09-07,100.93008853597104
2022-09-08,100.67011088158135
2022-09-09,99.76772224926476
2022-09-12,99.14297234187111
2022-09-13,100.3984986830963
2022-09-14,100.35924255949399
2022-09-15,100.61696026646948
2022-09-16,100.71003661923231
2022-09-19,100.83776549901296
2022-09-20,100.98315544932683
2022-09-21,101.73973562254912
2022-09-22,102.13991371837564
2022-09-23,103.30897614556845
2022-09-26,104.5020609767567
2022-09-27,104.48172145002884
2022-09-28,103.74799185621686
2022-09-29,103.3005222682042
2022-09-30,103.35794167287622
2022-10-03,102.90955136554668
2022-10-04,101.71864278001654
2022-10-05,102.65233586910767
2022-10-06,103.28143826781758
2022-10-07,103.34973890078022
2022-10-11,103.60151378307391
2022-10-12,104.24250183114742
2022-10-13,103.52601479908823
2022-10-14,104.27782397221388
2022-10-17,103.20736221368529
2022-10-18,103.51496616728545
2022-10-19,103.94536059705744
2022-10-20,103.51488246552937
2022-10-21,102.99475975323783
2022-10-24,103.19773651173588
2022-10-25,102.33636173989933
2022-10-26,101.39321035237099
2022-10-27,101.73923341201264
2022-10-28,102.3543576174569
2022-10-31,102.75353129221043
2022-11-01,102.8148846794183
2022-11-02,102.67995744861462
2022-11-03,103.8975668943348
2022-11-04,102.56629046385571
2022-11-07,101.76350692127632
2022-11-08,100.85224590281508
2022-11-09,101.4853659858169
2022-11-10,99.95554898991206
2022-11-14,98.80640758066669
2022-11-15,98.39250239684277
2022-11-16,98.47411160902242
2022-11-17,98.92526407430266
2022-11-18,98.83813054622163
2022-11-21,99.82932674174089
2022-11-22,99.31824381910616
2022-11-23,98.63582340177221
2022-11-25,98.29356692115424
2022-11-28,98.52550448725657
2022-11-29,99.09626676197753
2022-11-30,99.1202054642169
2022-12-01,97.54962571310028
2022-12-02,97.41670732444256
2022-12-05,98.07058544295265
2022-12-06,98.1982306209772
2022-12-07,98.12683302303954
2022-12-08,97.72205133062853
2022-12-09,97.67827531219781
2022-12-12,97.95373779146263
2022-12-13,97.01209303554373
2022-12-14,96.93148824443708
2022-12-15,97.6591913118112
2022-12-16,97.80617159549062
2022-12-19,97.64169764479013
2022-12-20,97.12467189747359
2022-12-21,97.43127143000078
2022-12-22,97.60210671416348
2022-12-23,97.37092246386588
2022-12-27,97.09705031796663
2022-12-28,97.43964160560894
2022-12-29,97.03427400090538
2022-12-30,96.76517285510278
2023-01-03,97.69317422478035
2023-01-04,97.01426928120186
2023-01-05,97.9497201071707
2023-01-06,96.97333912247791
2023-01-09,95.99704183954121
2023-01-10,96.35428093449782
2023-01-11,96.41437879536446
2023-01-12,95.72768958847035
2023-01-13,95.66934946448143
2023-01-17,95.5853966031315
2023-01-18,95.44753981086498
2023-01-19,95.687345342039
2023-01-20,95.57099990108547
2023-01-23,95.41146435399378
2023-01-24,95.33152917693577
2023-01-25,95.2094920165687
2023-01-26,95.28289845665233
2023-01-27,95.21058013939775
2023-01-30,95.3049120185018
2023-01-31,95.32466563293708
2023-02-01,95.02158157416532
2023-02-02,94.9266637827687
2023-02-03,95.92639755740828
2023-02-06,96.65091995805129
2023-02-07,96.5498919384607
2023-02-08,96.31293226699347
2023-02-09,96.08919747298714
2023-02-10,96.49063109515487
2023-02-13,96.26003275714984
2023-02-14,96.30146512641028
2023-02-15,96.75169687237363
2023-02-16,96.84242957596616
2023-02-17,96.98723361398747
2023-02-21,97.07579007192189
2023-02-22,97.33074562094667
2023-02-23,97.62663132869542
2023-02-24,98.11067858411577
2023-02-27,97.7166944182393
2023-02-28,97.71861955862919
2023-03-01,97.42876037731833
2023-03-02,97.97457952872696
2023-03-03,97.73510880457728
2023-03-06,97.33409369118995
2023-03-07,98.44305825751611
2023-03-08,98.65867398118252
2023-03-09,98.38036564221093
2023-03-10,97.8148765781231
2023-03-13,96.96212308716296
2023-03-14,97.09529258108891
2023-03-15,98.13696093552541
2023-03-16,97.67534575073496
2023-03-17,97.43763276346299
2023-03-20,96.85749589206087
2023-03-21,96.87632878717925
2023-03-22,96.75604936368987
2023-03-23,95.9856584007141
2023-03-24,96.79103669773203
2023-03-27,96.54905492089988
2023-03-28,96.10225494693589
2023-03-29,96.26564077480732
2023-03-30,95.8298894326461
2023-03-31,95.90019890775471
2023-04-03,95.569493269476
2023-04-04,95.22480943793164
2023-04-05,95.33412393137431
2023-04-06,95.4113806522377
2023-04-07,95.61059083171209
2023-04-10,96.1688815447769
2023-04-11,95.70601083364521
2023-04-12,95.1989455953024
2023-04-13,94.53586028362334
2023-04-14,95.1528259277014
2023-04-17,95.57325984849966
2023-04-18,95.28859017606588
2023-04-19,95.46737712705635
2023-04-20,95.31537473801201
2023-04-21,95.50094153124509
2023-04-24,95.2775415442631
2023-04-25,95.71739427247232
2023-04-26,95.26406556153394
2023-04-27,95.47984868871251
2023-04-28,95.30424240445315
2023-05-01,95.7389893255414
2023-05-02,95.72107714973991
2023-05-03,95.31144075547617
2023-05-04,95.23343071880805
2023-05-05,94.89828888745701
2023-05-08,94.77784206045547
2023-05-09,95.17592761237994
2023-05-10,95.0326302059681
2023-05-11,95.58531290137543
2023-05-12,96.0614921917241
2023-05-15,95.82821539752446
2023-05-16,95.90488620609528
2023-05-17,96.19884677345414
2023-05-18,96.61208234322939
2023-05-19,96.30924938972586
2023-05-22,96.47548107730408
2023-05-23,96.60161962371917
2023-05-24,96.99920296510716
2023-05-25,97.3289041823129
2023-05-26,97.38799762210655
2023-05-30,97.18979186370514
2023-05-31,97.51036958949797
2023-06-01,96.57525357055344
2023-06-02,96.78300132914818
2023-06-05,96.7631640129568
2023-06-06,96.84669836552632
2023-06-07,96.74893471442293
2023-06-08,96.24722638846934
2023-06-09,96.30322286328798
2023-06-12,96.51950820100305
2023-06-13,96.06643059533292
2023-06-14,95.59426898927617
2023-06-15,95.21468152544576
2023-06-16,95.23050115734519
2023-06-20,95.552083304211
2023-06-21,95.2286597187114
2023-06-22,95.26029898251028
2023-06-23,95.70601083364521
2023-06-26,95.4643638638374
2023-06-27,95.34324742278721
2023-06-28,95.86236571400578
2023-06-29,95.99687443602905
2023-06-30,95.69270225442823
2023-07-03,95.73513904476162
2023-07-05,95.99946919046758
2023-07-06,96.11782347356707
2023-07-07,95.33437503664256
2023-07-10,95.17726684047724
2023-07-11,94.93695909876674
2023-07-12,93.93898306100488
2023-07-13,93.39550755876654
2023-07-14,93.45393138451155
2023-07-17,93.43861396314861
2023-07-18,93.49243419230913
2023-07-19,93.77074253128072
2023-07-20,94.15828166193887
2023-07-21,94.38569933321281
2023-07-24,94.37506921019043
2023-07-25,94.45358145739505
2023-07-26,94.36159322746128
2023-07-27,94.73908814738965
2023-07-28,94.6657654090621
2023-07-31,94.69372179559339
2023-08-01,95.39731875721597
2023-08-02,95.6758782014558
2023-08-03,95.57359465552399
2023-08-04,95.09122143522528
2023-08-07,95.38133172180437
2023-08-08,95.84713199439892
2023-08-09,95.7755669929491
2023-08-10,95.55325512879614
2023-08-11,95.96958766354642
2023-08-14,96.15465224624302
2023-08-15,96.14351991268416
2023-08-16,96.37788482971285
2023-08-17,96.5393455171944
2023-08-18,96.56822262304259
2023-08-21,96.60839946596178
2023-08-22,96.6878324324833
2023-08-23,96.51942449924697
2023-08-24,96.88829813829892
2023-08-25,97.29634419919711
2023-08-28,97.09855694957609
2023-08-29,96.84150885664927
2023-08-30,96.281711511975
2023-08-31,96.74801399510604
2023-09-01,97.15346530156569
2023-09-05,97.59281581923842
2023-09-06,97.83253764865634
2023-09-07,97.89330512357164
2023-09-08,97.80474866563723
2023-09-11,97.42675153517236
2023-09-12,97.53958150237048
2023-09-13,97.4804880625768
2023-09-14,97.79144008642025
2023-09-15,97.79110527939592
2023-09-18,97.6427020658631
2023-09-19,97.60545478440676
2023-09-20,97.42825816678183
2023-09-21,97.88937114103581
2023-09-22,97.96202426531471
2023-09-25,98.35048411528977
2023-09-26,98.56409099681022
2023-09-27,98.93865635527574
2023-09-28,98.42891266073832
2023-09-29,98.53345615408433
2023-10-02,99.2910407483796
2023-10-03,99.67297186138032
2023-10-04,99.28476311667347
2023-10-05,99.18632985152144
2023-10-06,98.66403089357175
2023-10-10,98.3129020268091
2023-10-11,98.41133529196117
2023-10-12,98.9278588287412
2023-10-13,99.17293757054836
2023-10-16,98.83620540583176
2023-10-17,98.63925517377157
2023-10-18,99.11133307807224
2023-10-19,98.98937961946123
2023-10-20,98.82264572134653
2023-10-23,98.50164948677329
2023-10-24,98.91136958279311
2023-10-25,99.06245125252053
2023-10-26,99.48213185751408
2023-10-27,99.21629508019866
2023-10-30,98.97657325078073
2023-10-31,99.54080678852733
2023-11-01,99.62676849202322
2023-11-02,98.99615946170384
2023-11-03,97.9679670899965
2023-11-06,97.90092198337508
2023-11-07,98.53077769788972
2023-11-08,98.47478122307108
2023-11-09,98.4755345388758
2023-11-13,98.6126380153376
2023-11-14,97.49036486979445
2023-11-15,97.45236427253336
2023-11-16,97.68538996146476
2023-11-17,97.42859297380616
2023-11-20,96.91801226170791
2023-11-21,96.87632878717925
2023-11-22,97.37016914806115
2023-11-24,96.72909739823157
2023-11-27,96.70005288887124
2023-11-28,96.05077836694565
2023-11-29,96.29125351216831
2023-11-30,96.56512565806756
2023-12-01,96.36558067156884
2023-12-04,96.73914160896138
2023-12-05,97.05226987846294
2023-12-06,97.01502259700659
2023-12-07,96.80961848758216
2023-12-08,97.13940340654396
2023-12-11,97.17639958273206
2023-12-12,97.00238363183826
2023-12-13,96.90110450697942
2023-12-14,95.21819699920118
2023-12-15,95.59242755064237
2023-12-18,95.7219978690568
2023-12-19,95.28114071977461
2023-12-20,95.40217345906872
2023-12-21,95.06828715405891
2023-12-22,94.90138585243203
2023-12-26,94.6932195850569
2023-12-27,94.19075794329858
2023-12-28,94.30434122630142
2023-12-29,94.35364156063352
2024-01-02,95.18957099862125
2024-01-03,95.62758228819668
2024-01-04,95.45448705661977
2024-01-05,95.35345903702918
2024-01-08,95.25979677197378
2024-01-09,95.57108360284154
2024-01-10,95.55091147962587
2024-01-11,95.81674825694128
2024-01-12,95.53325040909263
2024-01-16,96.28907726651019
2024-01-17,96.63602104546874
2024-01-18,96.54964083319246
2024-01-19,96.40065170736706
2024-01-22,96.27601979256144
2024-01-23,96.7180487664288
2024-01-24,96.18855145745609
2024-01-25,96.56018725445874
2024-01-26,96.35754530298499
2024-01-29,96.56830632479867
2024-01-30,96.3552853555708
2024-01-31,96.09246184147432
2024-02-01,96.06065517416329
2024-02-02,96.8482049971358
2024-02-05,97.3315826385075
2024-02-06,97.07779891406784
2024-02-07,96.93199045497356
2024-02-08,97.00882866705655
2024-02-09,97.0058154038376
2024-02-12,96.94688936755611
2024-02-13,97.6252921005981
2024-02-14,97.53874448480965
2024-02-15,97.25097784740085
2024-02-16,97.19514877609437
2024-02-20,96.98062117525703
2024-02-21,96.98991207018209
2024-02-22,96.99535268432739
2024-02-23,96.8966683139071
2024-02-26,96.84711687430674
2024-02-27,96.81614722455653
2024-02-28,97.01477149173834
2024-02-29,97.15873851219882
2024-03-01,97.03025631661346
2024-03-04,96.91558491078155
2024-03-05,96.92571282326745
2024-03-06,96.43815009409165
2024-03-07,96.10459859610616
2024-03-08,95.98549099720194
2024-03-11,96.10284085922845
2024-03-12,96.23492223032534
2024-03-13,96.07203861299038
2024-03-14,96.50285155154279
2024-03-15,96.61258455376588
2024-03-18,96.66950174790142
2024-03-19,96.99920296510716
2024-03-20,97.065662159436
2024-03-21,97.06465773836302
2024-03-22,97.40490537683505
2024-03-25,97.26194277744754
2024-03-26,97.32798346299599
2024-03-27,97.40398465751815
2024-03-28,97.3503318318698
2024-03-29,97.40189211361611
2024-04-01,97.86894791255187
2024-04-02,97.66036313639633
2024-04-03,97.25566514574142
2024-04-04,97.00472728100854
2024-04-05,97.2739958303233
2024-04-08,97.24336098759741
2024-04-09,97.19096368829027
2024-04-10,98.16223886586208
2024-04-11,98.26318318369658
2024-04-12,98.75685614106632
2024-04-15,98.8433200550987
2024-04-16,99.11593667465674
2024-04-17,99.01097467253031
2024-04-18,98.81871173881069
2024-04-19,98.85788416065691
2024-04-22,98.89211817889432
2024-04-23,98.54366776832629
2024-04-24,98.6985160170774
2024-04-25,98.47478122307108
2024-04-26,98.74430087765407
2024-04-29,98.4016258882557
2024-04-30,98.88651016123684
2024-05-01,98.96326467156375
2024-05-02,98.38555515108801
2024-05-03,97.92611621195567
2024-05-06,97.88568826376822
2024-05-07,98.14424298830453
2024-05-08,98.30612218456649
2024-05-09,98.19153448049067
2024-05-10,98.11444516313944
2024-05-13,98.04589342490856
2024-05-14,97.90418635186226
2024-05-15,97.46291069379966
2024-05-16,97.3877465168383
2024-05-17,97.45521013224014
2024-05-20,97.52292485291022
2024-05-21,97.61633601269736
2024-05-22,97.7720212790093
2024-05-23,97.92075929956644
2024-05-24,97.72472978682315
2024-05-28,97.46985793955443
2024-05-29,98.02496798588813
2024-05-30,97.69317422478035
2024-05-31,97.64872859230098
2024-06-03,97.23532561901357
2024-06-04,97.30906686612153
2024-06-05,97.51698202822843
2024-06-06,97.35744648113673
2024-06-07,97.92770654532121
2024-06-10,98.16876760283645
2024-06-11,98.30779621968813
2024-06-12,97.44039492141367
2024-06-13,98.05920200412552
2024-06-14,98.35835208036146
2024-06-17,98.33742664134104
2024-06-18,98.1338639705504
2024-06-20,98.35199074689925
2024-06-21,98.49327931116513
2024-06-24,98.26234616613577
2024-06-25,98.36580153665273
2024-06-26,98.6605991215724
2024-06-27,98.5395663822783
2024-06-28,98.52692741710996
2024-07-01,98.64712313884326
2024-07-02,98.49311190765296
2024-07-03,97.98487484472501
2024-07-05,97.77436492817958
2024-07-08,97.74858478730643
2024-07-09,97.9127239309826
2024-07-10,97.80232131471085
2024-07-11,97.32304505938717
2024-07-12,97.12023570440127
2024-07-15,97.16183547717385
2024-07-16,97.40498907859113
2024-07-17,96.96647557847922
2024-07-18,97.13044731864322
2024-07-19,97.38816502561872
2024-07-22,97.50903036140066
2024-07-23,97.56603125729228
2024-07-24,97.3849843588876
2024-07-25,97.4754659572119
2024-07-26,97.54912350256379
2024-07-29,97.7889290337378
2024-07-30,97.81395585880622
2024-07-31,97.40231062239653
2024-08-01,97.60696141601622
2024-08-02,96.78584718885494
2024-08-05,96.35587126786336
2024-08-06,96.54369800851066
2024-08-07,96.6344307121032
2024-08-08,96.656779080977
2024-08-09,96.51088692012662
2024-08-12,96.610659413376
2024-08-13,96.37604339107905
2024-08-14,96.02206866460963
2024-08-15,96.35428093449782
2024-08-16,96.20805396662313
2024-08-19,95.58732174352139
2024-08-20,95.26347964924138
2024-08-21,94.91728918608754
2024-08-22,95.12913833073029
2024-08-23,94.5310055817706
2024-08-26,94.5031328969954
2024-08-27,94.37239075399582
2024-08-28,94.53334923094089
2024-08-29,94.74996937568027
2024-08-30,95.05439266254933
2024-09-03,95.25092438582912
2024-09-04,94.91419222111253
2024-09-05,94.75063898972893
2024-09-06,94.80881171020569
2024-09-09,95.11474162868423
2024-09-10,95.22472573617556
2024-09-11,95.27285424592253
2024-09-12,95.14905934867771
2024-09-13,94.75323374416746
2024-09-16,94.57946889854189
2024-09-17,94.69840909393396
2024-09-18,94.69807428690963
2024-09-19,94.49225166870478
2024-09-20,94.52790861679559
2024-09-23,94.43073087798474
2024-09-24,94.26642433079641
2024-09-25,94.40143526335616
2024-09-26,94.14807004769692
2024-09-27,94.1591186794997
2024-09-30,94.27278566425862
2024-10-01,94.68125023393722
2024-10-02,94.92356681779367
2024-10-03,95.37187342336715
2024-10-04,95.84746680142325
2024-10-07,95.8184222920629
2024-10-08,95.95895754052404
2024-10-09,96.16452905346064
2024-10-10,96.35076546074238
2024-10-11,96.327831179576
2024-10-15,96.60396327288947
2024-10-16,96.79220852231715
2024-10-17,96.9792819471597
2024-10-18,96.89558019107804
2024-10-21,97.21716233794383
2024-10-22,97.28311932173621
2024-10-23,97.5664497660727
2024-10-24,97.42131092102706
2024-10-25,97.44340818463262
2024-10-28,97.54837018675904
2024-10-29,97.67099325941871
2024-10-30,97.37016914806115
2024-10-31,97.53472680051773
2024-11-01,97.5202463967156
2024-11-04,97.23323307511153
2024-11-05,96.92788906892557
2024-11-06,98.1922877962954
2024-11-07,97.59264841572625
2024-11-08,98.11745842635838
2024-11-12,98.99080254931462
2024-11-13,99.26283325658008
2024-11-14,99.4268049967441
2024-11-15,99.53921645516179
2024-11-18,99.25898297580032
2024-11-19,99.14247013133462
2024-11-20,99.53678910423542
2024-11-21,99.66209063308969
2024-11-22,100.13910694099918
2024-11-25,99.73265121346654
2024-11-26,99.7886476882852
2024-11-27,98.98008872453616
2024-11-29,99.03332304140412
2024-12-02,99.42119697908662
2024-12-03,99.21403513278446
2024-12-04,99.2307754840008
2024-12-05,98.92359003918104
2024-12-06,99.15427207894214
2024-12-09,99.111081972804
2024-12-10,99.57453859622825
2024-12-11,99.54633110442873
2024-12-12,99.66928898411271
2024-12-13,100.08110162403457
2024-12-16,99.97203823586015
2024-12-17,100.08629113291164
2024-12-18,100.36443206837106
2024-12-19,101.3496854392085
2024-12-20,100.80997651599382
2024-12-23,101.1335675050056
2024-12-24,101.25300991093417
2024-12-26,101.18638331309315
2024-12-27,101.1924935412871
2024-12-30,101.28155220975802
2024-12-31,101.50528700376435
2025-01-02,102.10567970013823
2025-01-03,101.94463752143707
2025-01-06,101.19098690967763
2025-01-07,101.35085726379364
2025-01-08,101.83875479999375
2025-01-09,101.99326824172053
2025-01-10,102.44701546143932
2025-01-13,102.57851092024363
2025-01-14,102.0911992963361
2025-01-15,101.93794138095053
2025-01-16,101.79246772888058
2025-01-17,102.09078078755569
2025-01-21,101.06225360882401
2025-01-22,101.21752036635553
2025-01-23,101.14746199651516
2025-01-24,100.50329328171055
2025-01-27,100.62030833671275
2025-01-28,101.08602490755122
2025-01-29,101.1989385765054
2025-01-30,101.07790583721129
2025-01-31,101.28916906956145
2025-02-03,102.17531956119818
2025-02-04,101.02299748522171
2025-02-05,100.54824112472643
2025-02-06,100.91234376368173
2025-02-07,101.09263734628166
2025-02-10,101.2099035065521
2025-02-11,101.06660610014026
2025-02-12,100.98014218610788
2025-02-13,100.48404187781178
2025-02-14,99.87092651451347
2025-02-18,100.06737453603718
2025-02-19,100.42017743792145
2025-02-20,99.78555072331017
2025-02-21,99.85878975988163
2025-02-24,99.81986844330366
2025-02-25,99.81484633793876
2025-02-26,99.80672726759883
2025-02-27,100.53041265068103
2025-02-28,100.74125737425078
2025-03-03,100.08670964169205
2025-03-04,100.00300788561036
2025-03-05,98.62795543670055
2025-03-06,98.11252002274956
2025-03-07,98.02965528422871
2025-03-10,98.2348082883849
2025-03-11,97.92444217683402
2025-03-12,97.87045454416135
2025-03-13,98.14256895318289
2025-03-14,98.1182954439192
2025-03-17,97.67124436468696
2025-03-18,97.72071210253122
2025-03-19,98.03158042461858
2025-03-20,98.08707468890074
2025-03-21,98.39593416884213
2025-03-24,98.43159111693292
2025-03-25,98.2855315525704
2025-03-26,98.406062081328
2025-03-27,98.38563885284408
2025-03-28,98.18718198917442
2025-03-31,98.54885727720335
2025-04-01,98.32671281656259
2025-04-02,98.02505168764421
2025-04-03,96.30933309148195
2025-04-04,96.96446673633326
2025-04-07,97.78298620905599
2025-04-08,97.58980255601948
2025-04-09,96.85473373411017
2025-04-10,95.59133942781331
2025-04-11,94.65212202282079
2025-04-14,94.3464432096105
2025-04-15,94.69296847978865
2025-04-16,94.12789792448123
2025-04-17,94.15166922320843
2025-04-18,94.00276379913912
2025-04-21,93.2641795034744
2025-04-22,93.44388717378175
2025-04-23,94.34409956044021
2025-04-24,94.23562208455834
2025-04-25,94.19502673285875
2025-04-28,94.01607237835611
2025-04-29,93.95003169280766
2025-04-30,94.08721887102554
2025-05-01,94.74745832299782
2025-05-02,94.30040724376558
2025-05-05,94.32961915663807
2025-05-06,93.99531434284785
2025-05-07,94.04637241405769
2025-05-08,94.9142759228686
2025-05-09,94.81416862259492
2025-05-12,95.9719313127167
2025-05-13,95.48085310978549
2025-05-14,95.28013629870162
2025-05-15,95.32667447508304
2025-05-16,95.59661263844646
2025-05-19,94.94323673047288
2025-05-20,94.8503277812222
2025-05-21,94.1042940292662
2025-05-22,94.47350247534249
2025-05-23,93.80706909342015
2025-05-27,94.1284838367738
2025-05-28,94.43525077281315
2025-05-29,93.9773184652903
2025-05-30,93.98041543026532
2025-06-02,93.36939261086906
2025-06-03,93.78882211059435
2025-06-04,93.34553761038579
2025-06-05,93.35533071584733
2025-06-06,93.66963080993403
2025-06-09,93.4659844373873
2025-06-10,93.5766381589273
2025-06-11,93.2203197832876
2025-06-12,92.68990175499799
2025-06-13,92.71978328191915
2025-06-16,92.59314252496756
2025-06-17,92.95824958499584
2025-06-18,93.21153109889902
2025-06-20,93.44706784051286
2025-06-23,93.4437197702696
2025-06-24,92.79302231849063
2025-06-25,92.86508953047694
2025-06-26,92.07327091794426
2025-06-27,92.17254120065712
2025-06-30,91.84903391340144
2025-07-01,91.84903391340144
2025-07-02,91.82199824618706
2025-07-03,91.90034308987951
2025-07-07,92.23540121947447
2025-07-08,92.48140068059853
2025-07-09,92.48047996128163
2025-07-10,92.52375376917585
2025-07-11,92.58719970028577
2025-07-14,92.80197840639136
2025-07-15,93.15879899256755
2025-07-16,93.05358588517288
2025-07-17,93.31841824141532
2025-07-18,93.01022837552257
2025-07-21,92.60770663052578
2025-07-22,92.20342714865127
2025-07-23,92.1685235163652
2025-07-24,92.2374937633765
2025-07-25,92.6308920169604
2025-07-28,93.18524874748937
2025-07-29,93.63933077423248
2025-07-30,94.07231995844299
2025-07-31,94.42746650949756
2025-08-01,93.61196029999377
2025-08-04,93.4843151219692
2025-08-05,93.45083441953653
2025-08-06,93.06522042926824
2025-08-07,93.06748037668244
2025-08-08,93.01081428781515
2025-08-11,93.33917627692357
2025-08-12,92.94427139173021
2025-08-13,92.68998545675407
2025-08-14,93.11678071101456
2025-08-15,92.80465686258597
2025-08-18,93.0530836746364
2025-08-19,93.18976864231777
2025-08-20,93.24752285401414
2025-08-21,93.58132545726787
2025-08-22,92.84315967038354
2025-08-25,93.05216295531949
2025-08-26,93.06840109599933
2025-08-27,93.27732067917921
2025-08-28,92.81394775751103
2025-08-29,92.67056664934312
2025-09-02,93.12623900945178
2025-09-03,92.97599435728517
2025-09-04,93.23337725723634
2025-09-05,92.54534882224493
2025-09-08,92.58653008623712
2025-09-09,92.71509598357858
2025-09-10,92.75267807205924
2025-09-11,92.61364945520758
2025-09-12,92.80599609068327
2025-09-15,92.37108176608287
2025-09-16,91.90017568636735
2025-09-17,91.9236958798263
2025-09-18,92.461395960895
2025-09-19,92.57514664741001
2025-09-22,92.55463971716999
2025-09-23,92.47311420674643
2025-09-24,92.91263212793133
2025-09-25,93.40186889222875
2025-09-26,93.30226380249155
2025-09-29,92.99206509445285
2025-09-30,92.95063272519242
2025-10-01,92.971725567725
2025-10-02,93.16993132612642
2025-10-03,92.85211575828428
2025-10-06,93.17168906300414
2025-10-07,93.41827443642076
2025-10-08,93.84105200638932
2025-10-09,94.23244141782725
2025-10-10,93.91939685008177
2025-10-14,94.01916934333114
2025-10-15,93.76613893469622
2025-10-16,93.63531308994055
2025-10-17,93.55387128127308
2025-10-20,93.590700053949
2025-10-21,93.82163319897838
2025-10-22,93.80037295293363
2025-10-23,93.91236590257091
2025-10-24,93.93111509593321
2025-10-27,93.84523709419341
2025-10-28,93.59731249267948
2025-10-29,93.52700301757086
2025-10-30,94.32417854249277
2025-10-31,94.46680633485595
2025-11-03,94.60223577619611
2025-11-04,94.88146483448459
2025-11-05,94.98751495944008
2025-11-06,94.70769998885902
2025-11-07,94.41240019340286
2025-11-10,94.5086572128968
2025-11-12,94.27462710289242
2025-11-13,93.96384248256115
2025-11-14,94.177867872862
2025-11-17,94.30183017361897
2025-11-18,94.38410899984726
2025-11-19,94.80671916630365
2025-11-20,94.96483178354194
2025-11-21,95.01957273201937
2025-11-24,95.02911473221268
2025-11-25,94.81986034200847
2025-11-26,94.47551131748844
2025-11-28,94.25679862884701
2025-12-01,94.14078799491782
2025-12-02,94.3271918057117
2025-12-03,93.82506497097772
2025-12-04,93.78204226835173
2025-12-05,93.78480442630243
2025-12-08,93.85888048043472
2025-12-09,93.81870363751551
2025-12-10,93.71215130202353
2025-12-11,93.00955876147391
2025-12-12,93.25723225771961
2025-12-15,93.0863969735569
2025-12-16,92.93673823368286
2025-12-17,93.1772970806616
2025-12-18,93.17562304553998
2025-12-19,93.36520752306498
2025-12-22,93.07693867511966
2025-12-23,92.83495689828754
2025-12-24,92.68772550933986
2025-12-26,92.78624247624799
2025-12-29,92.82558230160639
2025-12-30,92.81378035399888
2025-12-31,93.06848479775543
2026-01-02,93.05668285014791
2026-01-05,93.0964411842867
2026-01-06,93.30544446922265
2026-01-07,93.39617717281519
2026-01-08,93.66059102027721
2026-01-09,93.88474432306396
2026-01-12,93.64527359891427
2026-01-13,93.86934319994494
2026-01-14,93.73600630250681
2026-01-15,94.04327544908266
2026-01-16,94.0855448359039
2026-01-20,93.22274713421395
2026-01-21,93.38939733057258
2026-01-22,93.16599734359058
2026-01-23,92.764731124935
2026-01-26,91.89239142305175
2026-01-27,91.21591383039961
2026-01-28,91.35519355251952
2026-01-29,91.1744814611392
2026-01-30,91.60546180320375
2026-02-02,92.28796592229376
2026-02-03,92.10407316418231
2026-02-04,92.31851706326358
2026-02-05,92.4381268727043
2026-02-06,92.3065477121439
2026-02-09,91.68983317333408
2026-02-10,91.50761445034428
2026-02-11,91.53983962643572
2026-02-12,91.68974947157801
2026-02-13,91.6874895241638
2026-02-17,92.03460070663452
2026-02-18,92.20627300835804
2026-02-19,92.54986871707334
2026-02-20,92.41033788968518
2026-02-23,92.2699700447362
2026-02-24,92.41469038100142
2026-02-25,92.33517371272383
2026-02-26,92.41602960909874
2026-02-27,92.20426416621208
2026-03-02,93.02906127064095
2026-03-03,93.36001801418792
2026-03-04,93.1105867810645
2026-03-05,93.47778638499483
2026-03-06,93.14147272905865
2026-03-09,93.1722749752967
2026-03-10,92.81026488024344
2026-03-11,93.33515859263166
2026-03-12,93.63824265140342
2026-03-13,94.3076055947886
2026-03-16,93.96467950012196
2026-03-17,93.7762668471821
2026-03-18,93.88809239330722
2026-03-19,93.85528130492321
2026-03-20,93.86356777877529
2026-03-23,93.59614066809432
2026-03-24,93.75827096962455
2026-03-25,93.87963851594297
2026-03-26,94.14781894242867
2026-03-27,94.39607835096693
2026-03-30,94.7836174816251
2026-03-31,94.6118614781455
2026-04-01,93.88005702472338
2026-04-02,94.35598520980382
2026-04-03,94.55327024888832
2026-04-06,94.37414849087354
2026-04-07,94.29287408571822
2026-04-08,93.41534487495791
2026-04-09,93.27757178444746
2026-04-10,93.26978752113186
2026-04-13,93.30594667975915
2026-04-14,92.7323385453314
2026-04-15,92.6669674738316
2026-04-16,92.69760231655751
2026-04-17,92.45570424148146
2026-04-20,92.51781094449406
2026-04-21,92.70480066758053
2026-04-22,92.9050152681279
2026-04-23,92.99373912957448
2026-04-24,92.9169009174915
2026-04-27,92.72137361528469
2026-04-28,92.95833328675192
2026-04-29,93.11728292155105
2026-04-30,92.53053361141846
2026-05-01,92.31575490531289
